supervision_mode,architecture,seed,epoch,scope,probability_variant,bin,count,mean_prediction,observed_rate
baseline,direct-total-pridge,control,0.0,primary-clean,raw_pred_red_win_probability,0,142,0.047679500645469754,0.11971830985915492
baseline,direct-total-pridge,control,0.0,primary-clean,raw_pred_red_win_probability,1,127,0.1478783356272186,0.2283464566929134
baseline,direct-total-pridge,control,0.0,primary-clean,raw_pred_red_win_probability,2,89,0.24863258029253432,0.3258426966292135
baseline,direct-total-pridge,control,0.0,primary-clean,raw_pred_red_win_probability,3,76,0.3553621717937798,0.3815789473684211
baseline,direct-total-pridge,control,0.0,primary-clean,raw_pred_red_win_probability,4,79,0.449742373585876,0.4430379746835443
baseline,direct-total-pridge,control,0.0,primary-clean,raw_pred_red_win_probability,5,83,0.5429383140335561,0.5060240963855421
baseline,direct-total-pridge,control,0.0,primary-clean,raw_pred_red_win_probability,6,93,0.6522772839085209,0.6021505376344086
baseline,direct-total-pridge,control,0.0,primary-clean,raw_pred_red_win_probability,7,107,0.7482649661881122,0.6915887850467289
baseline,direct-total-pridge,control,0.0,primary-clean,raw_pred_red_win_probability,8,128,0.8555427682959532,0.75
baseline,direct-total-pridge,control,0.0,primary-clean,raw_pred_red_win_probability,9,182,0.9535263336544925,0.9395604395604396
baseline,direct-total-pridge,control,0.0,primary-clean,transferred_platt_red_win_probability,0,142,0.047679500645469754,0.11971830985915492
baseline,direct-total-pridge,control,0.0,primary-clean,transferred_platt_red_win_probability,1,127,0.1478783356272186,0.2283464566929134
baseline,direct-total-pridge,control,0.0,primary-clean,transferred_platt_red_win_probability,2,89,0.24863258029253432,0.3258426966292135
baseline,direct-total-pridge,control,0.0,primary-clean,transferred_platt_red_win_probability,3,76,0.3553621717937798,0.3815789473684211
baseline,direct-total-pridge,control,0.0,primary-clean,transferred_platt_red_win_probability,4,79,0.449742373585876,0.4430379746835443
baseline,direct-total-pridge,control,0.0,primary-clean,transferred_platt_red_win_probability,5,83,0.5429383140335561,0.5060240963855421
baseline,direct-total-pridge,control,0.0,primary-clean,transferred_platt_red_win_probability,6,93,0.6522772839085209,0.6021505376344086
baseline,direct-total-pridge,control,0.0,primary-clean,transferred_platt_red_win_probability,7,107,0.7482649661881122,0.6915887850467289
baseline,direct-total-pridge,control,0.0,primary-clean,transferred_platt_red_win_probability,8,128,0.8555427682959532,0.75
baseline,direct-total-pridge,control,0.0,primary-clean,transferred_platt_red_win_probability,9,182,0.9535263336544925,0.9395604395604396
baseline,direct-total-pridge,control,0.0,primary-clean,transferred_score_red_win_probability,0,142,0.047679500645469754,0.11971830985915492
baseline,direct-total-pridge,control,0.0,primary-clean,transferred_score_red_win_probability,1,127,0.1478783356272186,0.2283464566929134
baseline,direct-total-pridge,control,0.0,primary-clean,transferred_score_red_win_probability,2,89,0.24863258029253432,0.3258426966292135
baseline,direct-total-pridge,control,0.0,primary-clean,transferred_score_red_win_probability,3,76,0.3553621717937798,0.3815789473684211
baseline,direct-total-pridge,control,0.0,primary-clean,transferred_score_red_win_probability,4,79,0.449742373585876,0.4430379746835443
baseline,direct-total-pridge,control,0.0,primary-clean,transferred_score_red_win_probability,5,83,0.5429383140335561,0.5060240963855421
baseline,direct-total-pridge,control,0.0,primary-clean,transferred_score_red_win_probability,6,93,0.6522772839085209,0.6021505376344086
baseline,direct-total-pridge,control,0.0,primary-clean,transferred_score_red_win_probability,7,107,0.7482649661881122,0.6915887850467289
baseline,direct-total-pridge,control,0.0,primary-clean,transferred_score_red_win_probability,8,128,0.8555427682959532,0.75
baseline,direct-total-pridge,control,0.0,primary-clean,transferred_score_red_win_probability,9,182,0.9535263336544925,0.9395604395604396
baseline,direct-total-pridge,control,0.0,all-official,raw_pred_red_win_probability,0,142,0.047679500645469754,0.11971830985915492
baseline,direct-total-pridge,control,0.0,all-official,raw_pred_red_win_probability,1,127,0.1478783356272186,0.2283464566929134
baseline,direct-total-pridge,control,0.0,all-official,raw_pred_red_win_probability,2,89,0.24863258029253432,0.3258426966292135
baseline,direct-total-pridge,control,0.0,all-official,raw_pred_red_win_probability,3,76,0.3553621717937798,0.3815789473684211
baseline,direct-total-pridge,control,0.0,all-official,raw_pred_red_win_probability,4,79,0.449742373585876,0.4430379746835443
baseline,direct-total-pridge,control,0.0,all-official,raw_pred_red_win_probability,5,83,0.5429383140335561,0.5060240963855421
baseline,direct-total-pridge,control,0.0,all-official,raw_pred_red_win_probability,6,93,0.6522772839085209,0.6021505376344086
baseline,direct-total-pridge,control,0.0,all-official,raw_pred_red_win_probability,7,107,0.7482649661881122,0.6915887850467289
baseline,direct-total-pridge,control,0.0,all-official,raw_pred_red_win_probability,8,128,0.8555427682959532,0.75
baseline,direct-total-pridge,control,0.0,all-official,raw_pred_red_win_probability,9,182,0.9535263336544925,0.9395604395604396
baseline,direct-total-pridge,control,0.0,all-official,transferred_platt_red_win_probability,0,142,0.047679500645469754,0.11971830985915492
baseline,direct-total-pridge,control,0.0,all-official,transferred_platt_red_win_probability,1,127,0.1478783356272186,0.2283464566929134
baseline,direct-total-pridge,control,0.0,all-official,transferred_platt_red_win_probability,2,89,0.24863258029253432,0.3258426966292135
baseline,direct-total-pridge,control,0.0,all-official,transferred_platt_red_win_probability,3,76,0.3553621717937798,0.3815789473684211
baseline,direct-total-pridge,control,0.0,all-official,transferred_platt_red_win_probability,4,79,0.449742373585876,0.4430379746835443
baseline,direct-total-pridge,control,0.0,all-official,transferred_platt_red_win_probability,5,83,0.5429383140335561,0.5060240963855421
baseline,direct-total-pridge,control,0.0,all-official,transferred_platt_red_win_probability,6,93,0.6522772839085209,0.6021505376344086
baseline,direct-total-pridge,control,0.0,all-official,transferred_platt_red_win_probability,7,107,0.7482649661881122,0.6915887850467289
baseline,direct-total-pridge,control,0.0,all-official,transferred_platt_red_win_probability,8,128,0.8555427682959532,0.75
baseline,direct-total-pridge,control,0.0,all-official,transferred_platt_red_win_probability,9,182,0.9535263336544925,0.9395604395604396
baseline,direct-total-pridge,control,0.0,all-official,transferred_score_red_win_probability,0,142,0.047679500645469754,0.11971830985915492
baseline,direct-total-pridge,control,0.0,all-official,transferred_score_red_win_probability,1,127,0.1478783356272186,0.2283464566929134
baseline,direct-total-pridge,control,0.0,all-official,transferred_score_red_win_probability,2,89,0.24863258029253432,0.3258426966292135
baseline,direct-total-pridge,control,0.0,all-official,transferred_score_red_win_probability,3,76,0.3553621717937798,0.3815789473684211
baseline,direct-total-pridge,control,0.0,all-official,transferred_score_red_win_probability,4,79,0.449742373585876,0.4430379746835443
baseline,direct-total-pridge,control,0.0,all-official,transferred_score_red_win_probability,5,83,0.5429383140335561,0.5060240963855421
baseline,direct-total-pridge,control,0.0,all-official,transferred_score_red_win_probability,6,93,0.6522772839085209,0.6021505376344086
baseline,direct-total-pridge,control,0.0,all-official,transferred_score_red_win_probability,7,107,0.7482649661881122,0.6915887850467289
baseline,direct-total-pridge,control,0.0,all-official,transferred_score_red_win_probability,8,128,0.8555427682959532,0.75
baseline,direct-total-pridge,control,0.0,all-official,transferred_score_red_win_probability,9,182,0.9535263336544925,0.9395604395604396
baseline,direct-total-pridge,control,0.0,DQ-only,raw_pred_red_win_probability,0,0,,
baseline,direct-total-pridge,control,0.0,DQ-only,raw_pred_red_win_probability,1,0,,
baseline,direct-total-pridge,control,0.0,DQ-only,raw_pred_red_win_probability,2,0,,
baseline,direct-total-pridge,control,0.0,DQ-only,raw_pred_red_win_probability,3,0,,
baseline,direct-total-pridge,control,0.0,DQ-only,raw_pred_red_win_probability,4,0,,
baseline,direct-total-pridge,control,0.0,DQ-only,raw_pred_red_win_probability,5,0,,
baseline,direct-total-pridge,control,0.0,DQ-only,raw_pred_red_win_probability,6,0,,
baseline,direct-total-pridge,control,0.0,DQ-only,raw_pred_red_win_probability,7,0,,
baseline,direct-total-pridge,control,0.0,DQ-only,raw_pred_red_win_probability,8,0,,
baseline,direct-total-pridge,control,0.0,DQ-only,raw_pred_red_win_probability,9,0,,
baseline,direct-total-pridge,control,0.0,DQ-only,transferred_platt_red_win_probability,0,0,,
baseline,direct-total-pridge,control,0.0,DQ-only,transferred_platt_red_win_probability,1,0,,
baseline,direct-total-pridge,control,0.0,DQ-only,transferred_platt_red_win_probability,2,0,,
baseline,direct-total-pridge,control,0.0,DQ-only,transferred_platt_red_win_probability,3,0,,
baseline,direct-total-pridge,control,0.0,DQ-only,transferred_platt_red_win_probability,4,0,,
baseline,direct-total-pridge,control,0.0,DQ-only,transferred_platt_red_win_probability,5,0,,
baseline,direct-total-pridge,control,0.0,DQ-only,transferred_platt_red_win_probability,6,0,,
baseline,direct-total-pridge,control,0.0,DQ-only,transferred_platt_red_win_probability,7,0,,
baseline,direct-total-pridge,control,0.0,DQ-only,transferred_platt_red_win_probability,8,0,,
baseline,direct-total-pridge,control,0.0,DQ-only,transferred_platt_red_win_probability,9,0,,
baseline,direct-total-pridge,control,0.0,DQ-only,transferred_score_red_win_probability,0,0,,
baseline,direct-total-pridge,control,0.0,DQ-only,transferred_score_red_win_probability,1,0,,
baseline,direct-total-pridge,control,0.0,DQ-only,transferred_score_red_win_probability,2,0,,
baseline,direct-total-pridge,control,0.0,DQ-only,transferred_score_red_win_probability,3,0,,
baseline,direct-total-pridge,control,0.0,DQ-only,transferred_score_red_win_probability,4,0,,
baseline,direct-total-pridge,control,0.0,DQ-only,transferred_score_red_win_probability,5,0,,
baseline,direct-total-pridge,control,0.0,DQ-only,transferred_score_red_win_probability,6,0,,
baseline,direct-total-pridge,control,0.0,DQ-only,transferred_score_red_win_probability,7,0,,
baseline,direct-total-pridge,control,0.0,DQ-only,transferred_score_red_win_probability,8,0,,
baseline,direct-total-pridge,control,0.0,DQ-only,transferred_score_red_win_probability,9,0,,
baseline,direct-total-pridge,control,0.0,surrogate-only,raw_pred_red_win_probability,0,1,0.014219887593370588,0.0
baseline,direct-total-pridge,control,0.0,surrogate-only,raw_pred_red_win_probability,1,0,,
baseline,direct-total-pridge,control,0.0,surrogate-only,raw_pred_red_win_probability,2,0,,
baseline,direct-total-pridge,control,0.0,surrogate-only,raw_pred_red_win_probability,3,1,0.32325117329850084,0.0
baseline,direct-total-pridge,control,0.0,surrogate-only,raw_pred_red_win_probability,4,0,,
baseline,direct-total-pridge,control,0.0,surrogate-only,raw_pred_red_win_probability,5,0,,
baseline,direct-total-pridge,control,0.0,surrogate-only,raw_pred_red_win_probability,6,0,,
baseline,direct-total-pridge,control,0.0,surrogate-only,raw_pred_red_win_probability,7,2,0.7826088115973622,1.0
baseline,direct-total-pridge,control,0.0,surrogate-only,raw_pred_red_win_probability,8,2,0.8539572809163275,1.0
baseline,direct-total-pridge,control,0.0,surrogate-only,raw_pred_red_win_probability,9,0,,
baseline,direct-total-pridge,control,0.0,surrogate-only,transferred_platt_red_win_probability,0,1,0.014219887593370588,0.0
baseline,direct-total-pridge,control,0.0,surrogate-only,transferred_platt_red_win_probability,1,0,,
baseline,direct-total-pridge,control,0.0,surrogate-only,transferred_platt_red_win_probability,2,0,,
baseline,direct-total-pridge,control,0.0,surrogate-only,transferred_platt_red_win_probability,3,1,0.32325117329850084,0.0
baseline,direct-total-pridge,control,0.0,surrogate-only,transferred_platt_red_win_probability,4,0,,
baseline,direct-total-pridge,control,0.0,surrogate-only,transferred_platt_red_win_probability,5,0,,
baseline,direct-total-pridge,control,0.0,surrogate-only,transferred_platt_red_win_probability,6,0,,
baseline,direct-total-pridge,control,0.0,surrogate-only,transferred_platt_red_win_probability,7,2,0.7826088115973622,1.0
baseline,direct-total-pridge,control,0.0,surrogate-only,transferred_platt_red_win_probability,8,2,0.8539572809163275,1.0
baseline,direct-total-pridge,control,0.0,surrogate-only,transferred_platt_red_win_probability,9,0,,
baseline,direct-total-pridge,control,0.0,surrogate-only,transferred_score_red_win_probability,0,1,0.014219887593370588,0.0
baseline,direct-total-pridge,control,0.0,surrogate-only,transferred_score_red_win_probability,1,0,,
baseline,direct-total-pridge,control,0.0,surrogate-only,transferred_score_red_win_probability,2,0,,
baseline,direct-total-pridge,control,0.0,surrogate-only,transferred_score_red_win_probability,3,1,0.32325117329850084,0.0
baseline,direct-total-pridge,control,0.0,surrogate-only,transferred_score_red_win_probability,4,0,,
baseline,direct-total-pridge,control,0.0,surrogate-only,transferred_score_red_win_probability,5,0,,
baseline,direct-total-pridge,control,0.0,surrogate-only,transferred_score_red_win_probability,6,0,,
baseline,direct-total-pridge,control,0.0,surrogate-only,transferred_score_red_win_probability,7,2,0.7826088115973622,1.0
baseline,direct-total-pridge,control,0.0,surrogate-only,transferred_score_red_win_probability,8,2,0.8539572809163275,1.0
baseline,direct-total-pridge,control,0.0,surrogate-only,transferred_score_red_win_probability,9,0,,
baseline,direct-total-pridge,control,0.0,division:2026arc,raw_pred_red_win_probability,0,20,0.044834231120999546,0.1
baseline,direct-total-pridge,control,0.0,division:2026arc,raw_pred_red_win_probability,1,11,0.13320065301717773,0.36363636363636365
baseline,direct-total-pridge,control,0.0,division:2026arc,raw_pred_red_win_probability,2,8,0.2457551256759545,0.25
baseline,direct-total-pridge,control,0.0,division:2026arc,raw_pred_red_win_probability,3,12,0.3533271197704699,0.25
baseline,direct-total-pridge,control,0.0,division:2026arc,raw_pred_red_win_probability,4,15,0.4535338585326034,0.3333333333333333
baseline,direct-total-pridge,control,0.0,division:2026arc,raw_pred_red_win_probability,5,6,0.5358404991450344,0.16666666666666666
baseline,direct-total-pridge,control,0.0,division:2026arc,raw_pred_red_win_probability,6,10,0.6449386276990527,0.6
baseline,direct-total-pridge,control,0.0,division:2026arc,raw_pred_red_win_probability,7,12,0.7589817870829885,0.8333333333333334
baseline,direct-total-pridge,control,0.0,division:2026arc,raw_pred_red_win_probability,8,19,0.8768144628120583,0.5789473684210527
baseline,direct-total-pridge,control,0.0,division:2026arc,raw_pred_red_win_probability,9,27,0.9543855256566185,0.9629629629629629
baseline,direct-total-pridge,control,0.0,division:2026arc,transferred_platt_red_win_probability,0,20,0.044834231120999546,0.1
baseline,direct-total-pridge,control,0.0,division:2026arc,transferred_platt_red_win_probability,1,11,0.13320065301717773,0.36363636363636365
baseline,direct-total-pridge,control,0.0,division:2026arc,transferred_platt_red_win_probability,2,8,0.2457551256759545,0.25
baseline,direct-total-pridge,control,0.0,division:2026arc,transferred_platt_red_win_probability,3,12,0.3533271197704699,0.25
baseline,direct-total-pridge,control,0.0,division:2026arc,transferred_platt_red_win_probability,4,15,0.4535338585326034,0.3333333333333333
baseline,direct-total-pridge,control,0.0,division:2026arc,transferred_platt_red_win_probability,5,6,0.5358404991450344,0.16666666666666666
baseline,direct-total-pridge,control,0.0,division:2026arc,transferred_platt_red_win_probability,6,10,0.6449386276990527,0.6
baseline,direct-total-pridge,control,0.0,division:2026arc,transferred_platt_red_win_probability,7,12,0.7589817870829885,0.8333333333333334
baseline,direct-total-pridge,control,0.0,division:2026arc,transferred_platt_red_win_probability,8,19,0.8768144628120583,0.5789473684210527
baseline,direct-total-pridge,control,0.0,division:2026arc,transferred_platt_red_win_probability,9,27,0.9543855256566185,0.9629629629629629
baseline,direct-total-pridge,control,0.0,division:2026arc,transferred_score_red_win_probability,0,20,0.044834231120999546,0.1
baseline,direct-total-pridge,control,0.0,division:2026arc,transferred_score_red_win_probability,1,11,0.13320065301717773,0.36363636363636365
baseline,direct-total-pridge,control,0.0,division:2026arc,transferred_score_red_win_probability,2,8,0.2457551256759545,0.25
baseline,direct-total-pridge,control,0.0,division:2026arc,transferred_score_red_win_probability,3,12,0.3533271197704699,0.25
baseline,direct-total-pridge,control,0.0,division:2026arc,transferred_score_red_win_probability,4,15,0.4535338585326034,0.3333333333333333
baseline,direct-total-pridge,control,0.0,division:2026arc,transferred_score_red_win_probability,5,6,0.5358404991450344,0.16666666666666666
baseline,direct-total-pridge,control,0.0,division:2026arc,transferred_score_red_win_probability,6,10,0.6449386276990527,0.6
baseline,direct-total-pridge,control,0.0,division:2026arc,transferred_score_red_win_probability,7,12,0.7589817870829885,0.8333333333333334
baseline,direct-total-pridge,control,0.0,division:2026arc,transferred_score_red_win_probability,8,19,0.8768144628120583,0.5789473684210527
baseline,direct-total-pridge,control,0.0,division:2026arc,transferred_score_red_win_probability,9,27,0.9543855256566185,0.9629629629629629
baseline,direct-total-pridge,control,0.0,division:2026cur,raw_pred_red_win_probability,0,15,0.037504411322766516,0.13333333333333333
baseline,direct-total-pridge,control,0.0,division:2026cur,raw_pred_red_win_probability,1,15,0.166747073126981,0.26666666666666666
baseline,direct-total-pridge,control,0.0,division:2026cur,raw_pred_red_win_probability,2,11,0.23952079817155267,0.36363636363636365
baseline,direct-total-pridge,control,0.0,division:2026cur,raw_pred_red_win_probability,3,9,0.3393492643508579,0.3333333333333333
baseline,direct-total-pridge,control,0.0,division:2026cur,raw_pred_red_win_probability,4,12,0.44037288632594257,0.4166666666666667
baseline,direct-total-pridge,control,0.0,division:2026cur,raw_pred_red_win_probability,5,12,0.5469889299438596,0.4166666666666667
baseline,direct-total-pridge,control,0.0,division:2026cur,raw_pred_red_win_probability,6,13,0.6583519358000817,0.6923076923076923
baseline,direct-total-pridge,control,0.0,division:2026cur,raw_pred_red_win_probability,7,10,0.7418348604006686,0.9
baseline,direct-total-pridge,control,0.0,division:2026cur,raw_pred_red_win_probability,8,20,0.8501609044594911,0.75
baseline,direct-total-pridge,control,0.0,division:2026cur,raw_pred_red_win_probability,9,19,0.965725297711841,1.0
baseline,direct-total-pridge,control,0.0,division:2026cur,transferred_platt_red_win_probability,0,15,0.037504411322766516,0.13333333333333333
baseline,direct-total-pridge,control,0.0,division:2026cur,transferred_platt_red_win_probability,1,15,0.166747073126981,0.26666666666666666
baseline,direct-total-pridge,control,0.0,division:2026cur,transferred_platt_red_win_probability,2,11,0.23952079817155267,0.36363636363636365
baseline,direct-total-pridge,control,0.0,division:2026cur,transferred_platt_red_win_probability,3,9,0.3393492643508579,0.3333333333333333
baseline,direct-total-pridge,control,0.0,division:2026cur,transferred_platt_red_win_probability,4,12,0.44037288632594257,0.4166666666666667
baseline,direct-total-pridge,control,0.0,division:2026cur,transferred_platt_red_win_probability,5,12,0.5469889299438596,0.4166666666666667
baseline,direct-total-pridge,control,0.0,division:2026cur,transferred_platt_red_win_probability,6,13,0.6583519358000817,0.6923076923076923
baseline,direct-total-pridge,control,0.0,division:2026cur,transferred_platt_red_win_probability,7,10,0.7418348604006686,0.9
baseline,direct-total-pridge,control,0.0,division:2026cur,transferred_platt_red_win_probability,8,20,0.8501609044594911,0.75
baseline,direct-total-pridge,control,0.0,division:2026cur,transferred_platt_red_win_probability,9,19,0.965725297711841,1.0
baseline,direct-total-pridge,control,0.0,division:2026cur,transferred_score_red_win_probability,0,15,0.037504411322766516,0.13333333333333333
baseline,direct-total-pridge,control,0.0,division:2026cur,transferred_score_red_win_probability,1,15,0.166747073126981,0.26666666666666666
baseline,direct-total-pridge,control,0.0,division:2026cur,transferred_score_red_win_probability,2,11,0.23952079817155267,0.36363636363636365
baseline,direct-total-pridge,control,0.0,division:2026cur,transferred_score_red_win_probability,3,9,0.3393492643508579,0.3333333333333333
baseline,direct-total-pridge,control,0.0,division:2026cur,transferred_score_red_win_probability,4,12,0.44037288632594257,0.4166666666666667
baseline,direct-total-pridge,control,0.0,division:2026cur,transferred_score_red_win_probability,5,12,0.5469889299438596,0.4166666666666667
baseline,direct-total-pridge,control,0.0,division:2026cur,transferred_score_red_win_probability,6,13,0.6583519358000817,0.6923076923076923
baseline,direct-total-pridge,control,0.0,division:2026cur,transferred_score_red_win_probability,7,10,0.7418348604006686,0.9
baseline,direct-total-pridge,control,0.0,division:2026cur,transferred_score_red_win_probability,8,20,0.8501609044594911,0.75
baseline,direct-total-pridge,control,0.0,division:2026cur,transferred_score_red_win_probability,9,19,0.965725297711841,1.0
baseline,direct-total-pridge,control,0.0,division:2026dal,raw_pred_red_win_probability,0,14,0.050267629008673785,0.0
baseline,direct-total-pridge,control,0.0,division:2026dal,raw_pred_red_win_probability,1,18,0.1389848369047827,0.16666666666666666
baseline,direct-total-pridge,control,0.0,division:2026dal,raw_pred_red_win_probability,2,15,0.2568057568778866,0.4
baseline,direct-total-pridge,control,0.0,division:2026dal,raw_pred_red_win_probability,3,6,0.35617190080935296,0.3333333333333333
baseline,direct-total-pridge,control,0.0,division:2026dal,raw_pred_red_win_probability,4,11,0.4400015627740837,0.18181818181818182
baseline,direct-total-pridge,control,0.0,division:2026dal,raw_pred_red_win_probability,5,15,0.5448051971206984,0.4666666666666667
baseline,direct-total-pridge,control,0.0,division:2026dal,raw_pred_red_win_probability,6,13,0.6670860987177979,0.5384615384615384
baseline,direct-total-pridge,control,0.0,division:2026dal,raw_pred_red_win_probability,7,11,0.7447304155145154,0.6363636363636364
baseline,direct-total-pridge,control,0.0,division:2026dal,raw_pred_red_win_probability,8,10,0.8500001506085558,0.8
baseline,direct-total-pridge,control,0.0,division:2026dal,raw_pred_red_win_probability,9,25,0.9665627545756574,0.96
baseline,direct-total-pridge,control,0.0,division:2026dal,transferred_platt_red_win_probability,0,14,0.050267629008673785,0.0
baseline,direct-total-pridge,control,0.0,division:2026dal,transferred_platt_red_win_probability,1,18,0.1389848369047827,0.16666666666666666
baseline,direct-total-pridge,control,0.0,division:2026dal,transferred_platt_red_win_probability,2,15,0.2568057568778866,0.4
baseline,direct-total-pridge,control,0.0,division:2026dal,transferred_platt_red_win_probability,3,6,0.35617190080935296,0.3333333333333333
baseline,direct-total-pridge,control,0.0,division:2026dal,transferred_platt_red_win_probability,4,11,0.4400015627740837,0.18181818181818182
baseline,direct-total-pridge,control,0.0,division:2026dal,transferred_platt_red_win_probability,5,15,0.5448051971206984,0.4666666666666667
baseline,direct-total-pridge,control,0.0,division:2026dal,transferred_platt_red_win_probability,6,13,0.6670860987177979,0.5384615384615384
baseline,direct-total-pridge,control,0.0,division:2026dal,transferred_platt_red_win_probability,7,11,0.7447304155145154,0.6363636363636364
baseline,direct-total-pridge,control,0.0,division:2026dal,transferred_platt_red_win_probability,8,10,0.8500001506085558,0.8
baseline,direct-total-pridge,control,0.0,division:2026dal,transferred_platt_red_win_probability,9,25,0.9665627545756574,0.96
baseline,direct-total-pridge,control,0.0,division:2026dal,transferred_score_red_win_probability,0,14,0.050267629008673785,0.0
baseline,direct-total-pridge,control,0.0,division:2026dal,transferred_score_red_win_probability,1,18,0.1389848369047827,0.16666666666666666
baseline,direct-total-pridge,control,0.0,division:2026dal,transferred_score_red_win_probability,2,15,0.2568057568778866,0.4
baseline,direct-total-pridge,control,0.0,division:2026dal,transferred_score_red_win_probability,3,6,0.35617190080935296,0.3333333333333333
baseline,direct-total-pridge,control,0.0,division:2026dal,transferred_score_red_win_probability,4,11,0.4400015627740837,0.18181818181818182
baseline,direct-total-pridge,control,0.0,division:2026dal,transferred_score_red_win_probability,5,15,0.5448051971206984,0.4666666666666667
baseline,direct-total-pridge,control,0.0,division:2026dal,transferred_score_red_win_probability,6,13,0.6670860987177979,0.5384615384615384
baseline,direct-total-pridge,control,0.0,division:2026dal,transferred_score_red_win_probability,7,11,0.7447304155145154,0.6363636363636364
baseline,direct-total-pridge,control,0.0,division:2026dal,transferred_score_red_win_probability,8,10,0.8500001506085558,0.8
baseline,direct-total-pridge,control,0.0,division:2026dal,transferred_score_red_win_probability,9,25,0.9665627545756574,0.96
baseline,direct-total-pridge,control,0.0,division:2026gal,raw_pred_red_win_probability,0,15,0.0531734847820446,0.3333333333333333
baseline,direct-total-pridge,control,0.0,division:2026gal,raw_pred_red_win_probability,1,16,0.1521101377921226,0.3125
baseline,direct-total-pridge,control,0.0,division:2026gal,raw_pred_red_win_probability,2,13,0.24513435963564392,0.38461538461538464
baseline,direct-total-pridge,control,0.0,division:2026gal,raw_pred_red_win_probability,3,12,0.3637067642278969,0.4166666666666667
baseline,direct-total-pridge,control,0.0,division:2026gal,raw_pred_red_win_probability,4,10,0.44543221046018333,0.8
baseline,direct-total-pridge,control,0.0,division:2026gal,raw_pred_red_win_probability,5,9,0.5365866375012026,0.6666666666666666
baseline,direct-total-pridge,control,0.0,division:2026gal,raw_pred_red_win_probability,6,11,0.6494965695895266,0.5454545454545454
baseline,direct-total-pridge,control,0.0,division:2026gal,raw_pred_red_win_probability,7,16,0.7490928302919605,0.6875
baseline,direct-total-pridge,control,0.0,division:2026gal,raw_pred_red_win_probability,8,19,0.8449729170421364,0.7894736842105263
baseline,direct-total-pridge,control,0.0,division:2026gal,raw_pred_red_win_probability,9,17,0.9506667643109789,0.8235294117647058
baseline,direct-total-pridge,control,0.0,division:2026gal,transferred_platt_red_win_probability,0,15,0.0531734847820446,0.3333333333333333
baseline,direct-total-pridge,control,0.0,division:2026gal,transferred_platt_red_win_probability,1,16,0.1521101377921226,0.3125
baseline,direct-total-pridge,control,0.0,division:2026gal,transferred_platt_red_win_probability,2,13,0.24513435963564392,0.38461538461538464
baseline,direct-total-pridge,control,0.0,division:2026gal,transferred_platt_red_win_probability,3,12,0.3637067642278969,0.4166666666666667
baseline,direct-total-pridge,control,0.0,division:2026gal,transferred_platt_red_win_probability,4,10,0.44543221046018333,0.8
baseline,direct-total-pridge,control,0.0,division:2026gal,transferred_platt_red_win_probability,5,9,0.5365866375012026,0.6666666666666666
baseline,direct-total-pridge,control,0.0,division:2026gal,transferred_platt_red_win_probability,6,11,0.6494965695895266,0.5454545454545454
baseline,direct-total-pridge,control,0.0,division:2026gal,transferred_platt_red_win_probability,7,16,0.7490928302919605,0.6875
baseline,direct-total-pridge,control,0.0,division:2026gal,transferred_platt_red_win_probability,8,19,0.8449729170421364,0.7894736842105263
baseline,direct-total-pridge,control,0.0,division:2026gal,transferred_platt_red_win_probability,9,17,0.9506667643109789,0.8235294117647058
baseline,direct-total-pridge,control,0.0,division:2026gal,transferred_score_red_win_probability,0,15,0.0531734847820446,0.3333333333333333
baseline,direct-total-pridge,control,0.0,division:2026gal,transferred_score_red_win_probability,1,16,0.1521101377921226,0.3125
baseline,direct-total-pridge,control,0.0,division:2026gal,transferred_score_red_win_probability,2,13,0.24513435963564392,0.38461538461538464
baseline,direct-total-pridge,control,0.0,division:2026gal,transferred_score_red_win_probability,3,12,0.3637067642278969,0.4166666666666667
baseline,direct-total-pridge,control,0.0,division:2026gal,transferred_score_red_win_probability,4,10,0.44543221046018333,0.8
baseline,direct-total-pridge,control,0.0,division:2026gal,transferred_score_red_win_probability,5,9,0.5365866375012026,0.6666666666666666
baseline,direct-total-pridge,control,0.0,division:2026gal,transferred_score_red_win_probability,6,11,0.6494965695895266,0.5454545454545454
baseline,direct-total-pridge,control,0.0,division:2026gal,transferred_score_red_win_probability,7,16,0.7490928302919605,0.6875
baseline,direct-total-pridge,control,0.0,division:2026gal,transferred_score_red_win_probability,8,19,0.8449729170421364,0.7894736842105263
baseline,direct-total-pridge,control,0.0,division:2026gal,transferred_score_red_win_probability,9,17,0.9506667643109789,0.8235294117647058
baseline,direct-total-pridge,control,0.0,division:2026hop,raw_pred_red_win_probability,0,18,0.04281964283205406,0.1111111111111111
baseline,direct-total-pridge,control,0.0,division:2026hop,raw_pred_red_win_probability,1,18,0.13935949449570068,0.16666666666666666
baseline,direct-total-pridge,control,0.0,division:2026hop,raw_pred_red_win_probability,2,11,0.2389001549461959,0.09090909090909091
baseline,direct-total-pridge,control,0.0,division:2026hop,raw_pred_red_win_probability,3,9,0.3592488170284942,0.4444444444444444
baseline,direct-total-pridge,control,0.0,division:2026hop,raw_pred_red_win_probability,4,5,0.4560191299285233,0.0
baseline,direct-total-pridge,control,0.0,division:2026hop,raw_pred_red_win_probability,5,14,0.5490085178082036,0.7857142857142857
baseline,direct-total-pridge,control,0.0,division:2026hop,raw_pred_red_win_probability,6,6,0.6646219359772281,0.3333333333333333
baseline,direct-total-pridge,control,0.0,division:2026hop,raw_pred_red_win_probability,7,19,0.7469081853584718,0.631578947368421
baseline,direct-total-pridge,control,0.0,division:2026hop,raw_pred_red_win_probability,8,15,0.8579845769336119,0.6666666666666666
baseline,direct-total-pridge,control,0.0,division:2026hop,raw_pred_red_win_probability,9,25,0.9433421461554038,0.96
baseline,direct-total-pridge,control,0.0,division:2026hop,transferred_platt_red_win_probability,0,18,0.04281964283205406,0.1111111111111111
baseline,direct-total-pridge,control,0.0,division:2026hop,transferred_platt_red_win_probability,1,18,0.13935949449570068,0.16666666666666666
baseline,direct-total-pridge,control,0.0,division:2026hop,transferred_platt_red_win_probability,2,11,0.2389001549461959,0.09090909090909091
baseline,direct-total-pridge,control,0.0,division:2026hop,transferred_platt_red_win_probability,3,9,0.3592488170284942,0.4444444444444444
baseline,direct-total-pridge,control,0.0,division:2026hop,transferred_platt_red_win_probability,4,5,0.4560191299285233,0.0
baseline,direct-total-pridge,control,0.0,division:2026hop,transferred_platt_red_win_probability,5,14,0.5490085178082036,0.7857142857142857
baseline,direct-total-pridge,control,0.0,division:2026hop,transferred_platt_red_win_probability,6,6,0.6646219359772281,0.3333333333333333
baseline,direct-total-pridge,control,0.0,division:2026hop,transferred_platt_red_win_probability,7,19,0.7469081853584718,0.631578947368421
baseline,direct-total-pridge,control,0.0,division:2026hop,transferred_platt_red_win_probability,8,15,0.8579845769336119,0.6666666666666666
baseline,direct-total-pridge,control,0.0,division:2026hop,transferred_platt_red_win_probability,9,25,0.9433421461554038,0.96
baseline,direct-total-pridge,control,0.0,division:2026hop,transferred_score_red_win_probability,0,18,0.04281964283205406,0.1111111111111111
baseline,direct-total-pridge,control,0.0,division:2026hop,transferred_score_red_win_probability,1,18,0.13935949449570068,0.16666666666666666
baseline,direct-total-pridge,control,0.0,division:2026hop,transferred_score_red_win_probability,2,11,0.2389001549461959,0.09090909090909091
baseline,direct-total-pridge,control,0.0,division:2026hop,transferred_score_red_win_probability,3,9,0.3592488170284942,0.4444444444444444
baseline,direct-total-pridge,control,0.0,division:2026hop,transferred_score_red_win_probability,4,5,0.4560191299285233,0.0
baseline,direct-total-pridge,control,0.0,division:2026hop,transferred_score_red_win_probability,5,14,0.5490085178082036,0.7857142857142857
baseline,direct-total-pridge,control,0.0,division:2026hop,transferred_score_red_win_probability,6,6,0.6646219359772281,0.3333333333333333
baseline,direct-total-pridge,control,0.0,division:2026hop,transferred_score_red_win_probability,7,19,0.7469081853584718,0.631578947368421
baseline,direct-total-pridge,control,0.0,division:2026hop,transferred_score_red_win_probability,8,15,0.8579845769336119,0.6666666666666666
baseline,direct-total-pridge,control,0.0,division:2026hop,transferred_score_red_win_probability,9,25,0.9433421461554038,0.96
baseline,direct-total-pridge,control,0.0,division:2026joh,raw_pred_red_win_probability,0,23,0.041484523701748426,0.13043478260869565
baseline,direct-total-pridge,control,0.0,division:2026joh,raw_pred_red_win_probability,1,16,0.14104439484755232,0.1875
baseline,direct-total-pridge,control,0.0,division:2026joh,raw_pred_red_win_probability,2,9,0.2546754088236938,0.4444444444444444
baseline,direct-total-pridge,control,0.0,division:2026joh,raw_pred_red_win_probability,3,6,0.36668543325796527,0.0
baseline,direct-total-pridge,control,0.0,division:2026joh,raw_pred_red_win_probability,4,9,0.45951789329199794,0.6666666666666666
baseline,direct-total-pridge,control,0.0,division:2026joh,raw_pred_red_win_probability,5,7,0.5520792419961692,0.8571428571428571
baseline,direct-total-pridge,control,0.0,division:2026joh,raw_pred_red_win_probability,6,13,0.6448586483186204,0.6923076923076923
baseline,direct-total-pridge,control,0.0,division:2026joh,raw_pred_red_win_probability,7,15,0.7527593746478973,0.7333333333333333
baseline,direct-total-pridge,control,0.0,division:2026joh,raw_pred_red_win_probability,8,15,0.850118202379028,0.7333333333333333
baseline,direct-total-pridge,control,0.0,division:2026joh,raw_pred_red_win_probability,9,25,0.9450969544287328,0.92
baseline,direct-total-pridge,control,0.0,division:2026joh,transferred_platt_red_win_probability,0,23,0.041484523701748426,0.13043478260869565
baseline,direct-total-pridge,control,0.0,division:2026joh,transferred_platt_red_win_probability,1,16,0.14104439484755232,0.1875
baseline,direct-total-pridge,control,0.0,division:2026joh,transferred_platt_red_win_probability,2,9,0.2546754088236938,0.4444444444444444
baseline,direct-total-pridge,control,0.0,division:2026joh,transferred_platt_red_win_probability,3,6,0.36668543325796527,0.0
baseline,direct-total-pridge,control,0.0,division:2026joh,transferred_platt_red_win_probability,4,9,0.45951789329199794,0.6666666666666666
baseline,direct-total-pridge,control,0.0,division:2026joh,transferred_platt_red_win_probability,5,7,0.5520792419961692,0.8571428571428571
baseline,direct-total-pridge,control,0.0,division:2026joh,transferred_platt_red_win_probability,6,13,0.6448586483186204,0.6923076923076923
baseline,direct-total-pridge,control,0.0,division:2026joh,transferred_platt_red_win_probability,7,15,0.7527593746478973,0.7333333333333333
baseline,direct-total-pridge,control,0.0,division:2026joh,transferred_platt_red_win_probability,8,15,0.850118202379028,0.7333333333333333
baseline,direct-total-pridge,control,0.0,division:2026joh,transferred_platt_red_win_probability,9,25,0.9450969544287328,0.92
baseline,direct-total-pridge,control,0.0,division:2026joh,transferred_score_red_win_probability,0,23,0.041484523701748426,0.13043478260869565
baseline,direct-total-pridge,control,0.0,division:2026joh,transferred_score_red_win_probability,1,16,0.14104439484755232,0.1875
baseline,direct-total-pridge,control,0.0,division:2026joh,transferred_score_red_win_probability,2,9,0.2546754088236938,0.4444444444444444
baseline,direct-total-pridge,control,0.0,division:2026joh,transferred_score_red_win_probability,3,6,0.36668543325796527,0.0
baseline,direct-total-pridge,control,0.0,division:2026joh,transferred_score_red_win_probability,4,9,0.45951789329199794,0.6666666666666666
baseline,direct-total-pridge,control,0.0,division:2026joh,transferred_score_red_win_probability,5,7,0.5520792419961692,0.8571428571428571
baseline,direct-total-pridge,control,0.0,division:2026joh,transferred_score_red_win_probability,6,13,0.6448586483186204,0.6923076923076923
baseline,direct-total-pridge,control,0.0,division:2026joh,transferred_score_red_win_probability,7,15,0.7527593746478973,0.7333333333333333
baseline,direct-total-pridge,control,0.0,division:2026joh,transferred_score_red_win_probability,8,15,0.850118202379028,0.7333333333333333
baseline,direct-total-pridge,control,0.0,division:2026joh,transferred_score_red_win_probability,9,25,0.9450969544287328,0.92
baseline,direct-total-pridge,control,0.0,division:2026mil,raw_pred_red_win_probability,0,21,0.04904342871051639,0.09523809523809523
baseline,direct-total-pridge,control,0.0,division:2026mil,raw_pred_red_win_probability,1,22,0.15525907174765086,0.2727272727272727
baseline,direct-total-pridge,control,0.0,division:2026mil,raw_pred_red_win_probability,2,8,0.24750370273672384,0.25
baseline,direct-total-pridge,control,0.0,division:2026mil,raw_pred_red_win_probability,3,7,0.3434619696701297,0.42857142857142855
baseline,direct-total-pridge,control,0.0,division:2026mil,raw_pred_red_win_probability,4,9,0.46129191412301856,0.4444444444444444
baseline,direct-total-pridge,control,0.0,division:2026mil,raw_pred_red_win_probability,5,7,0.5317330337054653,0.14285714285714285
baseline,direct-total-pridge,control,0.0,division:2026mil,raw_pred_red_win_probability,6,14,0.6480123020696898,0.6428571428571429
baseline,direct-total-pridge,control,0.0,division:2026mil,raw_pred_red_win_probability,7,9,0.7632482837583864,0.6666666666666666
baseline,direct-total-pridge,control,0.0,division:2026mil,raw_pred_red_win_probability,8,15,0.8652242877658395,0.8666666666666667
baseline,direct-total-pridge,control,0.0,division:2026mil,raw_pred_red_win_probability,9,24,0.9571151188695347,0.9583333333333334
baseline,direct-total-pridge,control,0.0,division:2026mil,transferred_platt_red_win_probability,0,21,0.04904342871051639,0.09523809523809523
baseline,direct-total-pridge,control,0.0,division:2026mil,transferred_platt_red_win_probability,1,22,0.15525907174765086,0.2727272727272727
baseline,direct-total-pridge,control,0.0,division:2026mil,transferred_platt_red_win_probability,2,8,0.24750370273672384,0.25
baseline,direct-total-pridge,control,0.0,division:2026mil,transferred_platt_red_win_probability,3,7,0.3434619696701297,0.42857142857142855
baseline,direct-total-pridge,control,0.0,division:2026mil,transferred_platt_red_win_probability,4,9,0.46129191412301856,0.4444444444444444
baseline,direct-total-pridge,control,0.0,division:2026mil,transferred_platt_red_win_probability,5,7,0.5317330337054653,0.14285714285714285
baseline,direct-total-pridge,control,0.0,division:2026mil,transferred_platt_red_win_probability,6,14,0.6480123020696898,0.6428571428571429
baseline,direct-total-pridge,control,0.0,division:2026mil,transferred_platt_red_win_probability,7,9,0.7632482837583864,0.6666666666666666
baseline,direct-total-pridge,control,0.0,division:2026mil,transferred_platt_red_win_probability,8,15,0.8652242877658395,0.8666666666666667
baseline,direct-total-pridge,control,0.0,division:2026mil,transferred_platt_red_win_probability,9,24,0.9571151188695347,0.9583333333333334
baseline,direct-total-pridge,control,0.0,division:2026mil,transferred_score_red_win_probability,0,21,0.04904342871051639,0.09523809523809523
baseline,direct-total-pridge,control,0.0,division:2026mil,transferred_score_red_win_probability,1,22,0.15525907174765086,0.2727272727272727
baseline,direct-total-pridge,control,0.0,division:2026mil,transferred_score_red_win_probability,2,8,0.24750370273672384,0.25
baseline,direct-total-pridge,control,0.0,division:2026mil,transferred_score_red_win_probability,3,7,0.3434619696701297,0.42857142857142855
baseline,direct-total-pridge,control,0.0,division:2026mil,transferred_score_red_win_probability,4,9,0.46129191412301856,0.4444444444444444
baseline,direct-total-pridge,control,0.0,division:2026mil,transferred_score_red_win_probability,5,7,0.5317330337054653,0.14285714285714285
baseline,direct-total-pridge,control,0.0,division:2026mil,transferred_score_red_win_probability,6,14,0.6480123020696898,0.6428571428571429
baseline,direct-total-pridge,control,0.0,division:2026mil,transferred_score_red_win_probability,7,9,0.7632482837583864,0.6666666666666666
baseline,direct-total-pridge,control,0.0,division:2026mil,transferred_score_red_win_probability,8,15,0.8652242877658395,0.8666666666666667
baseline,direct-total-pridge,control,0.0,division:2026mil,transferred_score_red_win_probability,9,24,0.9571151188695347,0.9583333333333334
baseline,direct-total-pridge,control,0.0,division:2026new,raw_pred_red_win_probability,0,16,0.06594247515656772,0.0625
baseline,direct-total-pridge,control,0.0,division:2026new,raw_pred_red_win_probability,1,11,0.1543422980610256,0.09090909090909091
baseline,direct-total-pridge,control,0.0,division:2026new,raw_pred_red_win_probability,2,14,0.2563347733281415,0.35714285714285715
baseline,direct-total-pridge,control,0.0,division:2026new,raw_pred_red_win_probability,3,15,0.3582905282558585,0.6
baseline,direct-total-pridge,control,0.0,division:2026new,raw_pred_red_win_probability,4,8,0.44755522348616417,0.625
baseline,direct-total-pridge,control,0.0,division:2026new,raw_pred_red_win_probability,5,13,0.5392928490031573,0.38461538461538464
baseline,direct-total-pridge,control,0.0,division:2026new,raw_pred_red_win_probability,6,13,0.6457060107156622,0.6153846153846154
baseline,direct-total-pridge,control,0.0,division:2026new,raw_pred_red_win_probability,7,15,0.733921385495968,0.5333333333333333
baseline,direct-total-pridge,control,0.0,division:2026new,raw_pred_red_win_probability,8,15,0.8461592348799828,0.8666666666666667
baseline,direct-total-pridge,control,0.0,division:2026new,raw_pred_red_win_probability,9,20,0.9458729325356805,0.9
baseline,direct-total-pridge,control,0.0,division:2026new,transferred_platt_red_win_probability,0,16,0.06594247515656772,0.0625
baseline,direct-total-pridge,control,0.0,division:2026new,transferred_platt_red_win_probability,1,11,0.1543422980610256,0.09090909090909091
baseline,direct-total-pridge,control,0.0,division:2026new,transferred_platt_red_win_probability,2,14,0.2563347733281415,0.35714285714285715
baseline,direct-total-pridge,control,0.0,division:2026new,transferred_platt_red_win_probability,3,15,0.3582905282558585,0.6
baseline,direct-total-pridge,control,0.0,division:2026new,transferred_platt_red_win_probability,4,8,0.44755522348616417,0.625
baseline,direct-total-pridge,control,0.0,division:2026new,transferred_platt_red_win_probability,5,13,0.5392928490031573,0.38461538461538464
baseline,direct-total-pridge,control,0.0,division:2026new,transferred_platt_red_win_probability,6,13,0.6457060107156622,0.6153846153846154
baseline,direct-total-pridge,control,0.0,division:2026new,transferred_platt_red_win_probability,7,15,0.733921385495968,0.5333333333333333
baseline,direct-total-pridge,control,0.0,division:2026new,transferred_platt_red_win_probability,8,15,0.8461592348799828,0.8666666666666667
baseline,direct-total-pridge,control,0.0,division:2026new,transferred_platt_red_win_probability,9,20,0.9458729325356805,0.9
baseline,direct-total-pridge,control,0.0,division:2026new,transferred_score_red_win_probability,0,16,0.06594247515656772,0.0625
baseline,direct-total-pridge,control,0.0,division:2026new,transferred_score_red_win_probability,1,11,0.1543422980610256,0.09090909090909091
baseline,direct-total-pridge,control,0.0,division:2026new,transferred_score_red_win_probability,2,14,0.2563347733281415,0.35714285714285715
baseline,direct-total-pridge,control,0.0,division:2026new,transferred_score_red_win_probability,3,15,0.3582905282558585,0.6
baseline,direct-total-pridge,control,0.0,division:2026new,transferred_score_red_win_probability,4,8,0.44755522348616417,0.625
baseline,direct-total-pridge,control,0.0,division:2026new,transferred_score_red_win_probability,5,13,0.5392928490031573,0.38461538461538464
baseline,direct-total-pridge,control,0.0,division:2026new,transferred_score_red_win_probability,6,13,0.6457060107156622,0.6153846153846154
baseline,direct-total-pridge,control,0.0,division:2026new,transferred_score_red_win_probability,7,15,0.733921385495968,0.5333333333333333
baseline,direct-total-pridge,control,0.0,division:2026new,transferred_score_red_win_probability,8,15,0.8461592348799828,0.8666666666666667
baseline,direct-total-pridge,control,0.0,division:2026new,transferred_score_red_win_probability,9,20,0.9458729325356805,0.9
baseline,direct-total-pridge,control,0.0,observation:high,raw_pred_red_win_probability,0,133,0.04769037258417535,0.10526315789473684
baseline,direct-total-pridge,control,0.0,observation:high,raw_pred_red_win_probability,1,123,0.1467496869836486,0.22764227642276422
baseline,direct-total-pridge,control,0.0,observation:high,raw_pred_red_win_probability,2,82,0.24848678847576877,0.32926829268292684
baseline,direct-total-pridge,control,0.0,observation:high,raw_pred_red_win_probability,3,73,0.3538853949950147,0.3835616438356164
baseline,direct-total-pridge,control,0.0,observation:high,raw_pred_red_win_probability,4,78,0.4496195427128664,0.44871794871794873
baseline,direct-total-pridge,control,0.0,observation:high,raw_pred_red_win_probability,5,79,0.5429573446145882,0.4936708860759494
baseline,direct-total-pridge,control,0.0,observation:high,raw_pred_red_win_probability,6,88,0.651357740315211,0.6136363636363636
baseline,direct-total-pridge,control,0.0,observation:high,raw_pred_red_win_probability,7,104,0.7490076780274324,0.6923076923076923
baseline,direct-total-pridge,control,0.0,observation:high,raw_pred_red_win_probability,8,123,0.856509385400323,0.7479674796747967
baseline,direct-total-pridge,control,0.0,observation:high,raw_pred_red_win_probability,9,173,0.9541242767000632,0.9364161849710982
baseline,direct-total-pridge,control,0.0,observation:high,transferred_platt_red_win_probability,0,133,0.04769037258417535,0.10526315789473684
baseline,direct-total-pridge,control,0.0,observation:high,transferred_platt_red_win_probability,1,123,0.1467496869836486,0.22764227642276422
baseline,direct-total-pridge,control,0.0,observation:high,transferred_platt_red_win_probability,2,82,0.24848678847576877,0.32926829268292684
baseline,direct-total-pridge,control,0.0,observation:high,transferred_platt_red_win_probability,3,73,0.3538853949950147,0.3835616438356164
baseline,direct-total-pridge,control,0.0,observation:high,transferred_platt_red_win_probability,4,78,0.4496195427128664,0.44871794871794873
baseline,direct-total-pridge,control,0.0,observation:high,transferred_platt_red_win_probability,5,79,0.5429573446145882,0.4936708860759494
baseline,direct-total-pridge,control,0.0,observation:high,transferred_platt_red_win_probability,6,88,0.651357740315211,0.6136363636363636
baseline,direct-total-pridge,control,0.0,observation:high,transferred_platt_red_win_probability,7,104,0.7490076780274324,0.6923076923076923
baseline,direct-total-pridge,control,0.0,observation:high,transferred_platt_red_win_probability,8,123,0.856509385400323,0.7479674796747967
baseline,direct-total-pridge,control,0.0,observation:high,transferred_platt_red_win_probability,9,173,0.9541242767000632,0.9364161849710982
baseline,direct-total-pridge,control,0.0,observation:high,transferred_score_red_win_probability,0,133,0.04769037258417535,0.10526315789473684
baseline,direct-total-pridge,control,0.0,observation:high,transferred_score_red_win_probability,1,123,0.1467496869836486,0.22764227642276422
baseline,direct-total-pridge,control,0.0,observation:high,transferred_score_red_win_probability,2,82,0.24848678847576877,0.32926829268292684
baseline,direct-total-pridge,control,0.0,observation:high,transferred_score_red_win_probability,3,73,0.3538853949950147,0.3835616438356164
baseline,direct-total-pridge,control,0.0,observation:high,transferred_score_red_win_probability,4,78,0.4496195427128664,0.44871794871794873
baseline,direct-total-pridge,control,0.0,observation:high,transferred_score_red_win_probability,5,79,0.5429573446145882,0.4936708860759494
baseline,direct-total-pridge,control,0.0,observation:high,transferred_score_red_win_probability,6,88,0.651357740315211,0.6136363636363636
baseline,direct-total-pridge,control,0.0,observation:high,transferred_score_red_win_probability,7,104,0.7490076780274324,0.6923076923076923
baseline,direct-total-pridge,control,0.0,observation:high,transferred_score_red_win_probability,8,123,0.856509385400323,0.7479674796747967
baseline,direct-total-pridge,control,0.0,observation:high,transferred_score_red_win_probability,9,173,0.9541242767000632,0.9364161849710982
baseline,direct-total-pridge,control,0.0,observation:low,raw_pred_red_win_probability,0,0,,
baseline,direct-total-pridge,control,0.0,observation:low,raw_pred_red_win_probability,1,0,,
baseline,direct-total-pridge,control,0.0,observation:low,raw_pred_red_win_probability,2,0,,
baseline,direct-total-pridge,control,0.0,observation:low,raw_pred_red_win_probability,3,0,,
baseline,direct-total-pridge,control,0.0,observation:low,raw_pred_red_win_probability,4,0,,
baseline,direct-total-pridge,control,0.0,observation:low,raw_pred_red_win_probability,5,0,,
baseline,direct-total-pridge,control,0.0,observation:low,raw_pred_red_win_probability,6,1,0.6892529731516728,0.0
baseline,direct-total-pridge,control,0.0,observation:low,raw_pred_red_win_probability,7,0,,
baseline,direct-total-pridge,control,0.0,observation:low,raw_pred_red_win_probability,8,0,,
baseline,direct-total-pridge,control,0.0,observation:low,raw_pred_red_win_probability,9,1,0.9332530979905027,1.0
baseline,direct-total-pridge,control,0.0,observation:low,transferred_platt_red_win_probability,0,0,,
baseline,direct-total-pridge,control,0.0,observation:low,transferred_platt_red_win_probability,1,0,,
baseline,direct-total-pridge,control,0.0,observation:low,transferred_platt_red_win_probability,2,0,,
baseline,direct-total-pridge,control,0.0,observation:low,transferred_platt_red_win_probability,3,0,,
baseline,direct-total-pridge,control,0.0,observation:low,transferred_platt_red_win_probability,4,0,,
baseline,direct-total-pridge,control,0.0,observation:low,transferred_platt_red_win_probability,5,0,,
baseline,direct-total-pridge,control,0.0,observation:low,transferred_platt_red_win_probability,6,1,0.6892529731516728,0.0
baseline,direct-total-pridge,control,0.0,observation:low,transferred_platt_red_win_probability,7,0,,
baseline,direct-total-pridge,control,0.0,observation:low,transferred_platt_red_win_probability,8,0,,
baseline,direct-total-pridge,control,0.0,observation:low,transferred_platt_red_win_probability,9,1,0.9332530979905027,1.0
baseline,direct-total-pridge,control,0.0,observation:low,transferred_score_red_win_probability,0,0,,
baseline,direct-total-pridge,control,0.0,observation:low,transferred_score_red_win_probability,1,0,,
baseline,direct-total-pridge,control,0.0,observation:low,transferred_score_red_win_probability,2,0,,
baseline,direct-total-pridge,control,0.0,observation:low,transferred_score_red_win_probability,3,0,,
baseline,direct-total-pridge,control,0.0,observation:low,transferred_score_red_win_probability,4,0,,
baseline,direct-total-pridge,control,0.0,observation:low,transferred_score_red_win_probability,5,0,,
baseline,direct-total-pridge,control,0.0,observation:low,transferred_score_red_win_probability,6,1,0.6892529731516728,0.0
baseline,direct-total-pridge,control,0.0,observation:low,transferred_score_red_win_probability,7,0,,
baseline,direct-total-pridge,control,0.0,observation:low,transferred_score_red_win_probability,8,0,,
baseline,direct-total-pridge,control,0.0,observation:low,transferred_score_red_win_probability,9,1,0.9332530979905027,1.0
baseline,direct-total-pridge,control,0.0,observation:medium,raw_pred_red_win_probability,0,9,0.047518837551264834,0.3333333333333333
baseline,direct-total-pridge,control,0.0,observation:medium,raw_pred_red_win_probability,1,4,0.18258428141699706,0.25
baseline,direct-total-pridge,control,0.0,observation:medium,raw_pred_red_win_probability,2,7,0.25034042728893136,0.2857142857142857
baseline,direct-total-pridge,control,0.0,observation:medium,raw_pred_red_win_probability,3,3,0.3912970738970625,0.3333333333333333
baseline,direct-total-pridge,control,0.0,observation:medium,raw_pred_red_win_probability,4,1,0.45932318168062264,0.0
baseline,direct-total-pridge,control,0.0,observation:medium,raw_pred_red_win_probability,5,4,0.5425624600581742,0.75
baseline,direct-total-pridge,control,0.0,observation:medium,raw_pred_red_win_probability,6,4,0.6632633206505523,0.5
baseline,direct-total-pridge,control,0.0,observation:medium,raw_pred_red_win_probability,7,3,0.7225176224250145,0.6666666666666666
baseline,direct-total-pridge,control,0.0,observation:medium,raw_pred_red_win_probability,8,5,0.8317639875284568,0.8
baseline,direct-total-pridge,control,0.0,observation:medium,raw_pred_red_win_probability,9,8,0.9431299697520235,1.0
baseline,direct-total-pridge,control,0.0,observation:medium,transferred_platt_red_win_probability,0,9,0.047518837551264834,0.3333333333333333
baseline,direct-total-pridge,control,0.0,observation:medium,transferred_platt_red_win_probability,1,4,0.18258428141699706,0.25
baseline,direct-total-pridge,control,0.0,observation:medium,transferred_platt_red_win_probability,2,7,0.25034042728893136,0.2857142857142857
baseline,direct-total-pridge,control,0.0,observation:medium,transferred_platt_red_win_probability,3,3,0.3912970738970625,0.3333333333333333
baseline,direct-total-pridge,control,0.0,observation:medium,transferred_platt_red_win_probability,4,1,0.45932318168062264,0.0
baseline,direct-total-pridge,control,0.0,observation:medium,transferred_platt_red_win_probability,5,4,0.5425624600581742,0.75
baseline,direct-total-pridge,control,0.0,observation:medium,transferred_platt_red_win_probability,6,4,0.6632633206505523,0.5
baseline,direct-total-pridge,control,0.0,observation:medium,transferred_platt_red_win_probability,7,3,0.7225176224250145,0.6666666666666666
baseline,direct-total-pridge,control,0.0,observation:medium,transferred_platt_red_win_probability,8,5,0.8317639875284568,0.8
baseline,direct-total-pridge,control,0.0,observation:medium,transferred_platt_red_win_probability,9,8,0.9431299697520235,1.0
baseline,direct-total-pridge,control,0.0,observation:medium,transferred_score_red_win_probability,0,9,0.047518837551264834,0.3333333333333333
baseline,direct-total-pridge,control,0.0,observation:medium,transferred_score_red_win_probability,1,4,0.18258428141699706,0.25
baseline,direct-total-pridge,control,0.0,observation:medium,transferred_score_red_win_probability,2,7,0.25034042728893136,0.2857142857142857
baseline,direct-total-pridge,control,0.0,observation:medium,transferred_score_red_win_probability,3,3,0.3912970738970625,0.3333333333333333
baseline,direct-total-pridge,control,0.0,observation:medium,transferred_score_red_win_probability,4,1,0.45932318168062264,0.0
baseline,direct-total-pridge,control,0.0,observation:medium,transferred_score_red_win_probability,5,4,0.5425624600581742,0.75
baseline,direct-total-pridge,control,0.0,observation:medium,transferred_score_red_win_probability,6,4,0.6632633206505523,0.5
baseline,direct-total-pridge,control,0.0,observation:medium,transferred_score_red_win_probability,7,3,0.7225176224250145,0.6666666666666666
baseline,direct-total-pridge,control,0.0,observation:medium,transferred_score_red_win_probability,8,5,0.8317639875284568,0.8
baseline,direct-total-pridge,control,0.0,observation:medium,transferred_score_red_win_probability,9,8,0.9431299697520235,1.0
baseline,direct-total-ridge,control,0.0,primary-clean,raw_pred_red_win_probability,0,140,0.04502253525969807,0.12142857142857143
baseline,direct-total-ridge,control,0.0,primary-clean,raw_pred_red_win_probability,1,122,0.14431968199743023,0.23770491803278687
baseline,direct-total-ridge,control,0.0,primary-clean,raw_pred_red_win_probability,2,90,0.25164940394383306,0.35555555555555557
baseline,direct-total-ridge,control,0.0,primary-clean,raw_pred_red_win_probability,3,92,0.35192390292086406,0.3804347826086957
baseline,direct-total-ridge,control,0.0,primary-clean,raw_pred_red_win_probability,4,75,0.45270383248069473,0.48
baseline,direct-total-ridge,control,0.0,primary-clean,raw_pred_red_win_probability,5,74,0.5551671467038192,0.4189189189189189
baseline,direct-total-ridge,control,0.0,primary-clean,raw_pred_red_win_probability,6,104,0.6504862384116268,0.6057692307692307
baseline,direct-total-ridge,control,0.0,primary-clean,raw_pred_red_win_probability,7,100,0.7514886867484356,0.72
baseline,direct-total-ridge,control,0.0,primary-clean,raw_pred_red_win_probability,8,130,0.8516134936431718,0.7538461538461538
baseline,direct-total-ridge,control,0.0,primary-clean,raw_pred_red_win_probability,9,179,0.9573649378896548,0.9217877094972067
baseline,direct-total-ridge,control,0.0,primary-clean,transferred_platt_red_win_probability,0,140,0.04502253525969807,0.12142857142857143
baseline,direct-total-ridge,control,0.0,primary-clean,transferred_platt_red_win_probability,1,122,0.14431968199743023,0.23770491803278687
baseline,direct-total-ridge,control,0.0,primary-clean,transferred_platt_red_win_probability,2,90,0.25164940394383306,0.35555555555555557
baseline,direct-total-ridge,control,0.0,primary-clean,transferred_platt_red_win_probability,3,92,0.35192390292086406,0.3804347826086957
baseline,direct-total-ridge,control,0.0,primary-clean,transferred_platt_red_win_probability,4,75,0.45270383248069473,0.48
baseline,direct-total-ridge,control,0.0,primary-clean,transferred_platt_red_win_probability,5,74,0.5551671467038192,0.4189189189189189
baseline,direct-total-ridge,control,0.0,primary-clean,transferred_platt_red_win_probability,6,104,0.6504862384116268,0.6057692307692307
baseline,direct-total-ridge,control,0.0,primary-clean,transferred_platt_red_win_probability,7,100,0.7514886867484356,0.72
baseline,direct-total-ridge,control,0.0,primary-clean,transferred_platt_red_win_probability,8,130,0.8516134936431718,0.7538461538461538
baseline,direct-total-ridge,control,0.0,primary-clean,transferred_platt_red_win_probability,9,179,0.9573649378896548,0.9217877094972067
baseline,direct-total-ridge,control,0.0,primary-clean,transferred_score_red_win_probability,0,140,0.04502253525969807,0.12142857142857143
baseline,direct-total-ridge,control,0.0,primary-clean,transferred_score_red_win_probability,1,122,0.14431968199743023,0.23770491803278687
baseline,direct-total-ridge,control,0.0,primary-clean,transferred_score_red_win_probability,2,90,0.25164940394383306,0.35555555555555557
baseline,direct-total-ridge,control,0.0,primary-clean,transferred_score_red_win_probability,3,92,0.35192390292086406,0.3804347826086957
baseline,direct-total-ridge,control,0.0,primary-clean,transferred_score_red_win_probability,4,75,0.45270383248069473,0.48
baseline,direct-total-ridge,control,0.0,primary-clean,transferred_score_red_win_probability,5,74,0.5551671467038192,0.4189189189189189
baseline,direct-total-ridge,control,0.0,primary-clean,transferred_score_red_win_probability,6,104,0.6504862384116268,0.6057692307692307
baseline,direct-total-ridge,control,0.0,primary-clean,transferred_score_red_win_probability,7,100,0.7514886867484356,0.72
baseline,direct-total-ridge,control,0.0,primary-clean,transferred_score_red_win_probability,8,130,0.8516134936431718,0.7538461538461538
baseline,direct-total-ridge,control,0.0,primary-clean,transferred_score_red_win_probability,9,179,0.9573649378896548,0.9217877094972067
baseline,direct-total-ridge,control,0.0,all-official,raw_pred_red_win_probability,0,140,0.04502253525969807,0.12142857142857143
baseline,direct-total-ridge,control,0.0,all-official,raw_pred_red_win_probability,1,122,0.14431968199743023,0.23770491803278687
baseline,direct-total-ridge,control,0.0,all-official,raw_pred_red_win_probability,2,90,0.25164940394383306,0.35555555555555557
baseline,direct-total-ridge,control,0.0,all-official,raw_pred_red_win_probability,3,92,0.35192390292086406,0.3804347826086957
baseline,direct-total-ridge,control,0.0,all-official,raw_pred_red_win_probability,4,75,0.45270383248069473,0.48
baseline,direct-total-ridge,control,0.0,all-official,raw_pred_red_win_probability,5,74,0.5551671467038192,0.4189189189189189
baseline,direct-total-ridge,control,0.0,all-official,raw_pred_red_win_probability,6,104,0.6504862384116268,0.6057692307692307
baseline,direct-total-ridge,control,0.0,all-official,raw_pred_red_win_probability,7,100,0.7514886867484356,0.72
baseline,direct-total-ridge,control,0.0,all-official,raw_pred_red_win_probability,8,130,0.8516134936431718,0.7538461538461538
baseline,direct-total-ridge,control,0.0,all-official,raw_pred_red_win_probability,9,179,0.9573649378896548,0.9217877094972067
baseline,direct-total-ridge,control,0.0,all-official,transferred_platt_red_win_probability,0,140,0.04502253525969807,0.12142857142857143
baseline,direct-total-ridge,control,0.0,all-official,transferred_platt_red_win_probability,1,122,0.14431968199743023,0.23770491803278687
baseline,direct-total-ridge,control,0.0,all-official,transferred_platt_red_win_probability,2,90,0.25164940394383306,0.35555555555555557
baseline,direct-total-ridge,control,0.0,all-official,transferred_platt_red_win_probability,3,92,0.35192390292086406,0.3804347826086957
baseline,direct-total-ridge,control,0.0,all-official,transferred_platt_red_win_probability,4,75,0.45270383248069473,0.48
baseline,direct-total-ridge,control,0.0,all-official,transferred_platt_red_win_probability,5,74,0.5551671467038192,0.4189189189189189
baseline,direct-total-ridge,control,0.0,all-official,transferred_platt_red_win_probability,6,104,0.6504862384116268,0.6057692307692307
baseline,direct-total-ridge,control,0.0,all-official,transferred_platt_red_win_probability,7,100,0.7514886867484356,0.72
baseline,direct-total-ridge,control,0.0,all-official,transferred_platt_red_win_probability,8,130,0.8516134936431718,0.7538461538461538
baseline,direct-total-ridge,control,0.0,all-official,transferred_platt_red_win_probability,9,179,0.9573649378896548,0.9217877094972067
baseline,direct-total-ridge,control,0.0,all-official,transferred_score_red_win_probability,0,140,0.04502253525969807,0.12142857142857143
baseline,direct-total-ridge,control,0.0,all-official,transferred_score_red_win_probability,1,122,0.14431968199743023,0.23770491803278687
baseline,direct-total-ridge,control,0.0,all-official,transferred_score_red_win_probability,2,90,0.25164940394383306,0.35555555555555557
baseline,direct-total-ridge,control,0.0,all-official,transferred_score_red_win_probability,3,92,0.35192390292086406,0.3804347826086957
baseline,direct-total-ridge,control,0.0,all-official,transferred_score_red_win_probability,4,75,0.45270383248069473,0.48
baseline,direct-total-ridge,control,0.0,all-official,transferred_score_red_win_probability,5,74,0.5551671467038192,0.4189189189189189
baseline,direct-total-ridge,control,0.0,all-official,transferred_score_red_win_probability,6,104,0.6504862384116268,0.6057692307692307
baseline,direct-total-ridge,control,0.0,all-official,transferred_score_red_win_probability,7,100,0.7514886867484356,0.72
baseline,direct-total-ridge,control,0.0,all-official,transferred_score_red_win_probability,8,130,0.8516134936431718,0.7538461538461538
baseline,direct-total-ridge,control,0.0,all-official,transferred_score_red_win_probability,9,179,0.9573649378896548,0.9217877094972067
baseline,direct-total-ridge,control,0.0,DQ-only,raw_pred_red_win_probability,0,0,,
baseline,direct-total-ridge,control,0.0,DQ-only,raw_pred_red_win_probability,1,0,,
baseline,direct-total-ridge,control,0.0,DQ-only,raw_pred_red_win_probability,2,0,,
baseline,direct-total-ridge,control,0.0,DQ-only,raw_pred_red_win_probability,3,0,,
baseline,direct-total-ridge,control,0.0,DQ-only,raw_pred_red_win_probability,4,0,,
baseline,direct-total-ridge,control,0.0,DQ-only,raw_pred_red_win_probability,5,0,,
baseline,direct-total-ridge,control,0.0,DQ-only,raw_pred_red_win_probability,6,0,,
baseline,direct-total-ridge,control,0.0,DQ-only,raw_pred_red_win_probability,7,0,,
baseline,direct-total-ridge,control,0.0,DQ-only,raw_pred_red_win_probability,8,0,,
baseline,direct-total-ridge,control,0.0,DQ-only,raw_pred_red_win_probability,9,0,,
baseline,direct-total-ridge,control,0.0,DQ-only,transferred_platt_red_win_probability,0,0,,
baseline,direct-total-ridge,control,0.0,DQ-only,transferred_platt_red_win_probability,1,0,,
baseline,direct-total-ridge,control,0.0,DQ-only,transferred_platt_red_win_probability,2,0,,
baseline,direct-total-ridge,control,0.0,DQ-only,transferred_platt_red_win_probability,3,0,,
baseline,direct-total-ridge,control,0.0,DQ-only,transferred_platt_red_win_probability,4,0,,
baseline,direct-total-ridge,control,0.0,DQ-only,transferred_platt_red_win_probability,5,0,,
baseline,direct-total-ridge,control,0.0,DQ-only,transferred_platt_red_win_probability,6,0,,
baseline,direct-total-ridge,control,0.0,DQ-only,transferred_platt_red_win_probability,7,0,,
baseline,direct-total-ridge,control,0.0,DQ-only,transferred_platt_red_win_probability,8,0,,
baseline,direct-total-ridge,control,0.0,DQ-only,transferred_platt_red_win_probability,9,0,,
baseline,direct-total-ridge,control,0.0,DQ-only,transferred_score_red_win_probability,0,0,,
baseline,direct-total-ridge,control,0.0,DQ-only,transferred_score_red_win_probability,1,0,,
baseline,direct-total-ridge,control,0.0,DQ-only,transferred_score_red_win_probability,2,0,,
baseline,direct-total-ridge,control,0.0,DQ-only,transferred_score_red_win_probability,3,0,,
baseline,direct-total-ridge,control,0.0,DQ-only,transferred_score_red_win_probability,4,0,,
baseline,direct-total-ridge,control,0.0,DQ-only,transferred_score_red_win_probability,5,0,,
baseline,direct-total-ridge,control,0.0,DQ-only,transferred_score_red_win_probability,6,0,,
baseline,direct-total-ridge,control,0.0,DQ-only,transferred_score_red_win_probability,7,0,,
baseline,direct-total-ridge,control,0.0,DQ-only,transferred_score_red_win_probability,8,0,,
baseline,direct-total-ridge,control,0.0,DQ-only,transferred_score_red_win_probability,9,0,,
baseline,direct-total-ridge,control,0.0,surrogate-only,raw_pred_red_win_probability,0,1,0.008135433942732348,0.0
baseline,direct-total-ridge,control,0.0,surrogate-only,raw_pred_red_win_probability,1,0,,
baseline,direct-total-ridge,control,0.0,surrogate-only,raw_pred_red_win_probability,2,0,,
baseline,direct-total-ridge,control,0.0,surrogate-only,raw_pred_red_win_probability,3,0,,
baseline,direct-total-ridge,control,0.0,surrogate-only,raw_pred_red_win_probability,4,1,0.4450435113240698,0.0
baseline,direct-total-ridge,control,0.0,surrogate-only,raw_pred_red_win_probability,5,0,,
baseline,direct-total-ridge,control,0.0,surrogate-only,raw_pred_red_win_probability,6,0,,
baseline,direct-total-ridge,control,0.0,surrogate-only,raw_pred_red_win_probability,7,0,,
baseline,direct-total-ridge,control,0.0,surrogate-only,raw_pred_red_win_probability,8,3,0.8678165411226333,1.0
baseline,direct-total-ridge,control,0.0,surrogate-only,raw_pred_red_win_probability,9,1,0.912356297093115,1.0
baseline,direct-total-ridge,control,0.0,surrogate-only,transferred_platt_red_win_probability,0,1,0.008135433942732348,0.0
baseline,direct-total-ridge,control,0.0,surrogate-only,transferred_platt_red_win_probability,1,0,,
baseline,direct-total-ridge,control,0.0,surrogate-only,transferred_platt_red_win_probability,2,0,,
baseline,direct-total-ridge,control,0.0,surrogate-only,transferred_platt_red_win_probability,3,0,,
baseline,direct-total-ridge,control,0.0,surrogate-only,transferred_platt_red_win_probability,4,1,0.4450435113240698,0.0
baseline,direct-total-ridge,control,0.0,surrogate-only,transferred_platt_red_win_probability,5,0,,
baseline,direct-total-ridge,control,0.0,surrogate-only,transferred_platt_red_win_probability,6,0,,
baseline,direct-total-ridge,control,0.0,surrogate-only,transferred_platt_red_win_probability,7,0,,
baseline,direct-total-ridge,control,0.0,surrogate-only,transferred_platt_red_win_probability,8,3,0.8678165411226333,1.0
baseline,direct-total-ridge,control,0.0,surrogate-only,transferred_platt_red_win_probability,9,1,0.912356297093115,1.0
baseline,direct-total-ridge,control,0.0,surrogate-only,transferred_score_red_win_probability,0,1,0.008135433942732348,0.0
baseline,direct-total-ridge,control,0.0,surrogate-only,transferred_score_red_win_probability,1,0,,
baseline,direct-total-ridge,control,0.0,surrogate-only,transferred_score_red_win_probability,2,0,,
baseline,direct-total-ridge,control,0.0,surrogate-only,transferred_score_red_win_probability,3,0,,
baseline,direct-total-ridge,control,0.0,surrogate-only,transferred_score_red_win_probability,4,1,0.4450435113240698,0.0
baseline,direct-total-ridge,control,0.0,surrogate-only,transferred_score_red_win_probability,5,0,,
baseline,direct-total-ridge,control,0.0,surrogate-only,transferred_score_red_win_probability,6,0,,
baseline,direct-total-ridge,control,0.0,surrogate-only,transferred_score_red_win_probability,7,0,,
baseline,direct-total-ridge,control,0.0,surrogate-only,transferred_score_red_win_probability,8,3,0.8678165411226333,1.0
baseline,direct-total-ridge,control,0.0,surrogate-only,transferred_score_red_win_probability,9,1,0.912356297093115,1.0
baseline,direct-total-ridge,control,0.0,division:2026arc,raw_pred_red_win_probability,0,18,0.04148024100366939,0.1111111111111111
baseline,direct-total-ridge,control,0.0,division:2026arc,raw_pred_red_win_probability,1,10,0.14411759990203268,0.4
baseline,direct-total-ridge,control,0.0,division:2026arc,raw_pred_red_win_probability,2,11,0.2583783451782902,0.2727272727272727
baseline,direct-total-ridge,control,0.0,division:2026arc,raw_pred_red_win_probability,3,13,0.3448227775306024,0.23076923076923078
baseline,direct-total-ridge,control,0.0,division:2026arc,raw_pred_red_win_probability,4,12,0.45687752391028763,0.3333333333333333
baseline,direct-total-ridge,control,0.0,division:2026arc,raw_pred_red_win_probability,5,8,0.5596952856258899,0.25
baseline,direct-total-ridge,control,0.0,division:2026arc,raw_pred_red_win_probability,6,11,0.6486183122793915,0.6363636363636364
baseline,direct-total-ridge,control,0.0,division:2026arc,raw_pred_red_win_probability,7,9,0.7397414873198702,0.7777777777777778
baseline,direct-total-ridge,control,0.0,division:2026arc,raw_pred_red_win_probability,8,23,0.8508252665701592,0.6521739130434783
baseline,direct-total-ridge,control,0.0,division:2026arc,raw_pred_red_win_probability,9,25,0.9559780778898022,0.92
baseline,direct-total-ridge,control,0.0,division:2026arc,transferred_platt_red_win_probability,0,18,0.04148024100366939,0.1111111111111111
baseline,direct-total-ridge,control,0.0,division:2026arc,transferred_platt_red_win_probability,1,10,0.14411759990203268,0.4
baseline,direct-total-ridge,control,0.0,division:2026arc,transferred_platt_red_win_probability,2,11,0.2583783451782902,0.2727272727272727
baseline,direct-total-ridge,control,0.0,division:2026arc,transferred_platt_red_win_probability,3,13,0.3448227775306024,0.23076923076923078
baseline,direct-total-ridge,control,0.0,division:2026arc,transferred_platt_red_win_probability,4,12,0.45687752391028763,0.3333333333333333
baseline,direct-total-ridge,control,0.0,division:2026arc,transferred_platt_red_win_probability,5,8,0.5596952856258899,0.25
baseline,direct-total-ridge,control,0.0,division:2026arc,transferred_platt_red_win_probability,6,11,0.6486183122793915,0.6363636363636364
baseline,direct-total-ridge,control,0.0,division:2026arc,transferred_platt_red_win_probability,7,9,0.7397414873198702,0.7777777777777778
baseline,direct-total-ridge,control,0.0,division:2026arc,transferred_platt_red_win_probability,8,23,0.8508252665701592,0.6521739130434783
baseline,direct-total-ridge,control,0.0,division:2026arc,transferred_platt_red_win_probability,9,25,0.9559780778898022,0.92
baseline,direct-total-ridge,control,0.0,division:2026arc,transferred_score_red_win_probability,0,18,0.04148024100366939,0.1111111111111111
baseline,direct-total-ridge,control,0.0,division:2026arc,transferred_score_red_win_probability,1,10,0.14411759990203268,0.4
baseline,direct-total-ridge,control,0.0,division:2026arc,transferred_score_red_win_probability,2,11,0.2583783451782902,0.2727272727272727
baseline,direct-total-ridge,control,0.0,division:2026arc,transferred_score_red_win_probability,3,13,0.3448227775306024,0.23076923076923078
baseline,direct-total-ridge,control,0.0,division:2026arc,transferred_score_red_win_probability,4,12,0.45687752391028763,0.3333333333333333
baseline,direct-total-ridge,control,0.0,division:2026arc,transferred_score_red_win_probability,5,8,0.5596952856258899,0.25
baseline,direct-total-ridge,control,0.0,division:2026arc,transferred_score_red_win_probability,6,11,0.6486183122793915,0.6363636363636364
baseline,direct-total-ridge,control,0.0,division:2026arc,transferred_score_red_win_probability,7,9,0.7397414873198702,0.7777777777777778
baseline,direct-total-ridge,control,0.0,division:2026arc,transferred_score_red_win_probability,8,23,0.8508252665701592,0.6521739130434783
baseline,direct-total-ridge,control,0.0,division:2026arc,transferred_score_red_win_probability,9,25,0.9559780778898022,0.92
baseline,direct-total-ridge,control,0.0,division:2026cur,raw_pred_red_win_probability,0,15,0.04376467763111035,0.13333333333333333
baseline,direct-total-ridge,control,0.0,division:2026cur,raw_pred_red_win_probability,1,15,0.14616820204724965,0.26666666666666666
baseline,direct-total-ridge,control,0.0,division:2026cur,raw_pred_red_win_probability,2,11,0.2501007209652592,0.2727272727272727
baseline,direct-total-ridge,control,0.0,division:2026cur,raw_pred_red_win_probability,3,15,0.357414749423029,0.4
baseline,direct-total-ridge,control,0.0,division:2026cur,raw_pred_red_win_probability,4,9,0.45444466573264486,0.4444444444444444
baseline,direct-total-ridge,control,0.0,division:2026cur,raw_pred_red_win_probability,5,11,0.5582199546151727,0.5454545454545454
baseline,direct-total-ridge,control,0.0,division:2026cur,raw_pred_red_win_probability,6,10,0.6533076390790769,0.5
baseline,direct-total-ridge,control,0.0,division:2026cur,raw_pred_red_win_probability,7,13,0.7475687345780908,0.8461538461538461
baseline,direct-total-ridge,control,0.0,division:2026cur,raw_pred_red_win_probability,8,17,0.849666460933471,0.8823529411764706
baseline,direct-total-ridge,control,0.0,division:2026cur,raw_pred_red_win_probability,9,20,0.9648662477262253,0.95
baseline,direct-total-ridge,control,0.0,division:2026cur,transferred_platt_red_win_probability,0,15,0.04376467763111035,0.13333333333333333
baseline,direct-total-ridge,control,0.0,division:2026cur,transferred_platt_red_win_probability,1,15,0.14616820204724965,0.26666666666666666
baseline,direct-total-ridge,control,0.0,division:2026cur,transferred_platt_red_win_probability,2,11,0.2501007209652592,0.2727272727272727
baseline,direct-total-ridge,control,0.0,division:2026cur,transferred_platt_red_win_probability,3,15,0.357414749423029,0.4
baseline,direct-total-ridge,control,0.0,division:2026cur,transferred_platt_red_win_probability,4,9,0.45444466573264486,0.4444444444444444
baseline,direct-total-ridge,control,0.0,division:2026cur,transferred_platt_red_win_probability,5,11,0.5582199546151727,0.5454545454545454
baseline,direct-total-ridge,control,0.0,division:2026cur,transferred_platt_red_win_probability,6,10,0.6533076390790769,0.5
baseline,direct-total-ridge,control,0.0,division:2026cur,transferred_platt_red_win_probability,7,13,0.7475687345780908,0.8461538461538461
baseline,direct-total-ridge,control,0.0,division:2026cur,transferred_platt_red_win_probability,8,17,0.849666460933471,0.8823529411764706
baseline,direct-total-ridge,control,0.0,division:2026cur,transferred_platt_red_win_probability,9,20,0.9648662477262253,0.95
baseline,direct-total-ridge,control,0.0,division:2026cur,transferred_score_red_win_probability,0,15,0.04376467763111035,0.13333333333333333
baseline,direct-total-ridge,control,0.0,division:2026cur,transferred_score_red_win_probability,1,15,0.14616820204724965,0.26666666666666666
baseline,direct-total-ridge,control,0.0,division:2026cur,transferred_score_red_win_probability,2,11,0.2501007209652592,0.2727272727272727
baseline,direct-total-ridge,control,0.0,division:2026cur,transferred_score_red_win_probability,3,15,0.357414749423029,0.4
baseline,direct-total-ridge,control,0.0,division:2026cur,transferred_score_red_win_probability,4,9,0.45444466573264486,0.4444444444444444
baseline,direct-total-ridge,control,0.0,division:2026cur,transferred_score_red_win_probability,5,11,0.5582199546151727,0.5454545454545454
baseline,direct-total-ridge,control,0.0,division:2026cur,transferred_score_red_win_probability,6,10,0.6533076390790769,0.5
baseline,direct-total-ridge,control,0.0,division:2026cur,transferred_score_red_win_probability,7,13,0.7475687345780908,0.8461538461538461
baseline,direct-total-ridge,control,0.0,division:2026cur,transferred_score_red_win_probability,8,17,0.849666460933471,0.8823529411764706
baseline,direct-total-ridge,control,0.0,division:2026cur,transferred_score_red_win_probability,9,20,0.9648662477262253,0.95
baseline,direct-total-ridge,control,0.0,division:2026dal,raw_pred_red_win_probability,0,16,0.051460668797658884,0.0
baseline,direct-total-ridge,control,0.0,division:2026dal,raw_pred_red_win_probability,1,16,0.14588215327481346,0.125
baseline,direct-total-ridge,control,0.0,division:2026dal,raw_pred_red_win_probability,2,11,0.254369250473002,0.45454545454545453
baseline,direct-total-ridge,control,0.0,division:2026dal,raw_pred_red_win_probability,3,13,0.3591262424298559,0.3076923076923077
baseline,direct-total-ridge,control,0.0,division:2026dal,raw_pred_red_win_probability,4,11,0.4545082112171658,0.5454545454545454
baseline,direct-total-ridge,control,0.0,division:2026dal,raw_pred_red_win_probability,5,10,0.54149057825705,0.3
baseline,direct-total-ridge,control,0.0,division:2026dal,raw_pred_red_win_probability,6,10,0.6444555940124482,0.4
baseline,direct-total-ridge,control,0.0,division:2026dal,raw_pred_red_win_probability,7,20,0.751585428542102,0.65
baseline,direct-total-ridge,control,0.0,division:2026dal,raw_pred_red_win_probability,8,8,0.8600848418005165,0.875
baseline,direct-total-ridge,control,0.0,division:2026dal,raw_pred_red_win_probability,9,23,0.9714796448185069,0.9565217391304348
baseline,direct-total-ridge,control,0.0,division:2026dal,transferred_platt_red_win_probability,0,16,0.051460668797658884,0.0
baseline,direct-total-ridge,control,0.0,division:2026dal,transferred_platt_red_win_probability,1,16,0.14588215327481346,0.125
baseline,direct-total-ridge,control,0.0,division:2026dal,transferred_platt_red_win_probability,2,11,0.254369250473002,0.45454545454545453
baseline,direct-total-ridge,control,0.0,division:2026dal,transferred_platt_red_win_probability,3,13,0.3591262424298559,0.3076923076923077
baseline,direct-total-ridge,control,0.0,division:2026dal,transferred_platt_red_win_probability,4,11,0.4545082112171658,0.5454545454545454
baseline,direct-total-ridge,control,0.0,division:2026dal,transferred_platt_red_win_probability,5,10,0.54149057825705,0.3
baseline,direct-total-ridge,control,0.0,division:2026dal,transferred_platt_red_win_probability,6,10,0.6444555940124482,0.4
baseline,direct-total-ridge,control,0.0,division:2026dal,transferred_platt_red_win_probability,7,20,0.751585428542102,0.65
baseline,direct-total-ridge,control,0.0,division:2026dal,transferred_platt_red_win_probability,8,8,0.8600848418005165,0.875
baseline,direct-total-ridge,control,0.0,division:2026dal,transferred_platt_red_win_probability,9,23,0.9714796448185069,0.9565217391304348
baseline,direct-total-ridge,control,0.0,division:2026dal,transferred_score_red_win_probability,0,16,0.051460668797658884,0.0
baseline,direct-total-ridge,control,0.0,division:2026dal,transferred_score_red_win_probability,1,16,0.14588215327481346,0.125
baseline,direct-total-ridge,control,0.0,division:2026dal,transferred_score_red_win_probability,2,11,0.254369250473002,0.45454545454545453
baseline,direct-total-ridge,control,0.0,division:2026dal,transferred_score_red_win_probability,3,13,0.3591262424298559,0.3076923076923077
baseline,direct-total-ridge,control,0.0,division:2026dal,transferred_score_red_win_probability,4,11,0.4545082112171658,0.5454545454545454
baseline,direct-total-ridge,control,0.0,division:2026dal,transferred_score_red_win_probability,5,10,0.54149057825705,0.3
baseline,direct-total-ridge,control,0.0,division:2026dal,transferred_score_red_win_probability,6,10,0.6444555940124482,0.4
baseline,direct-total-ridge,control,0.0,division:2026dal,transferred_score_red_win_probability,7,20,0.751585428542102,0.65
baseline,direct-total-ridge,control,0.0,division:2026dal,transferred_score_red_win_probability,8,8,0.8600848418005165,0.875
baseline,direct-total-ridge,control,0.0,division:2026dal,transferred_score_red_win_probability,9,23,0.9714796448185069,0.9565217391304348
baseline,direct-total-ridge,control,0.0,division:2026gal,raw_pred_red_win_probability,0,13,0.04278840916193322,0.23076923076923078
baseline,direct-total-ridge,control,0.0,division:2026gal,raw_pred_red_win_probability,1,16,0.13842429963970737,0.375
baseline,direct-total-ridge,control,0.0,division:2026gal,raw_pred_red_win_probability,2,13,0.250347618965704,0.46153846153846156
baseline,direct-total-ridge,control,0.0,division:2026gal,raw_pred_red_win_probability,3,12,0.34337266772137065,0.5
baseline,direct-total-ridge,control,0.0,division:2026gal,raw_pred_red_win_probability,4,9,0.4474015837197357,0.7777777777777778
baseline,direct-total-ridge,control,0.0,division:2026gal,raw_pred_red_win_probability,5,12,0.5618840240873707,0.5
baseline,direct-total-ridge,control,0.0,division:2026gal,raw_pred_red_win_probability,6,20,0.6589954365494333,0.65
baseline,direct-total-ridge,control,0.0,division:2026gal,raw_pred_red_win_probability,7,7,0.7810915701280506,0.7142857142857143
baseline,direct-total-ridge,control,0.0,division:2026gal,raw_pred_red_win_probability,8,19,0.8493153351579155,0.7368421052631579
baseline,direct-total-ridge,control,0.0,division:2026gal,raw_pred_red_win_probability,9,17,0.9508095386736521,0.8235294117647058
baseline,direct-total-ridge,control,0.0,division:2026gal,transferred_platt_red_win_probability,0,13,0.04278840916193322,0.23076923076923078
baseline,direct-total-ridge,control,0.0,division:2026gal,transferred_platt_red_win_probability,1,16,0.13842429963970737,0.375
baseline,direct-total-ridge,control,0.0,division:2026gal,transferred_platt_red_win_probability,2,13,0.250347618965704,0.46153846153846156
baseline,direct-total-ridge,control,0.0,division:2026gal,transferred_platt_red_win_probability,3,12,0.34337266772137065,0.5
baseline,direct-total-ridge,control,0.0,division:2026gal,transferred_platt_red_win_probability,4,9,0.4474015837197357,0.7777777777777778
baseline,direct-total-ridge,control,0.0,division:2026gal,transferred_platt_red_win_probability,5,12,0.5618840240873707,0.5
baseline,direct-total-ridge,control,0.0,division:2026gal,transferred_platt_red_win_probability,6,20,0.6589954365494333,0.65
baseline,direct-total-ridge,control,0.0,division:2026gal,transferred_platt_red_win_probability,7,7,0.7810915701280506,0.7142857142857143
baseline,direct-total-ridge,control,0.0,division:2026gal,transferred_platt_red_win_probability,8,19,0.8493153351579155,0.7368421052631579
baseline,direct-total-ridge,control,0.0,division:2026gal,transferred_platt_red_win_probability,9,17,0.9508095386736521,0.8235294117647058
baseline,direct-total-ridge,control,0.0,division:2026gal,transferred_score_red_win_probability,0,13,0.04278840916193322,0.23076923076923078
baseline,direct-total-ridge,control,0.0,division:2026gal,transferred_score_red_win_probability,1,16,0.13842429963970737,0.375
baseline,direct-total-ridge,control,0.0,division:2026gal,transferred_score_red_win_probability,2,13,0.250347618965704,0.46153846153846156
baseline,direct-total-ridge,control,0.0,division:2026gal,transferred_score_red_win_probability,3,12,0.34337266772137065,0.5
baseline,direct-total-ridge,control,0.0,division:2026gal,transferred_score_red_win_probability,4,9,0.4474015837197357,0.7777777777777778
baseline,direct-total-ridge,control,0.0,division:2026gal,transferred_score_red_win_probability,5,12,0.5618840240873707,0.5
baseline,direct-total-ridge,control,0.0,division:2026gal,transferred_score_red_win_probability,6,20,0.6589954365494333,0.65
baseline,direct-total-ridge,control,0.0,division:2026gal,transferred_score_red_win_probability,7,7,0.7810915701280506,0.7142857142857143
baseline,direct-total-ridge,control,0.0,division:2026gal,transferred_score_red_win_probability,8,19,0.8493153351579155,0.7368421052631579
baseline,direct-total-ridge,control,0.0,division:2026gal,transferred_score_red_win_probability,9,17,0.9508095386736521,0.8235294117647058
baseline,direct-total-ridge,control,0.0,division:2026hop,raw_pred_red_win_probability,0,19,0.04237846014464352,0.10526315789473684
baseline,direct-total-ridge,control,0.0,division:2026hop,raw_pred_red_win_probability,1,19,0.1492418596690975,0.2631578947368421
baseline,direct-total-ridge,control,0.0,division:2026hop,raw_pred_red_win_probability,2,9,0.23945678464981393,0.2222222222222222
baseline,direct-total-ridge,control,0.0,division:2026hop,raw_pred_red_win_probability,3,7,0.35998798476630184,0.14285714285714285
baseline,direct-total-ridge,control,0.0,division:2026hop,raw_pred_red_win_probability,4,16,0.45552721117711836,0.4375
baseline,direct-total-ridge,control,0.0,division:2026hop,raw_pred_red_win_probability,5,5,0.5611457645753983,0.6
baseline,direct-total-ridge,control,0.0,division:2026hop,raw_pred_red_win_probability,6,11,0.6502811329340878,0.6363636363636364
baseline,direct-total-ridge,control,0.0,division:2026hop,raw_pred_red_win_probability,7,9,0.7561498863243519,0.5555555555555556
baseline,direct-total-ridge,control,0.0,division:2026hop,raw_pred_red_win_probability,8,18,0.8468204488505716,0.6666666666666666
baseline,direct-total-ridge,control,0.0,division:2026hop,raw_pred_red_win_probability,9,27,0.9506459119444105,0.9259259259259259
baseline,direct-total-ridge,control,0.0,division:2026hop,transferred_platt_red_win_probability,0,19,0.04237846014464352,0.10526315789473684
baseline,direct-total-ridge,control,0.0,division:2026hop,transferred_platt_red_win_probability,1,19,0.1492418596690975,0.2631578947368421
baseline,direct-total-ridge,control,0.0,division:2026hop,transferred_platt_red_win_probability,2,9,0.23945678464981393,0.2222222222222222
baseline,direct-total-ridge,control,0.0,division:2026hop,transferred_platt_red_win_probability,3,7,0.35998798476630184,0.14285714285714285
baseline,direct-total-ridge,control,0.0,division:2026hop,transferred_platt_red_win_probability,4,16,0.45552721117711836,0.4375
baseline,direct-total-ridge,control,0.0,division:2026hop,transferred_platt_red_win_probability,5,5,0.5611457645753983,0.6
baseline,direct-total-ridge,control,0.0,division:2026hop,transferred_platt_red_win_probability,6,11,0.6502811329340878,0.6363636363636364
baseline,direct-total-ridge,control,0.0,division:2026hop,transferred_platt_red_win_probability,7,9,0.7561498863243519,0.5555555555555556
baseline,direct-total-ridge,control,0.0,division:2026hop,transferred_platt_red_win_probability,8,18,0.8468204488505716,0.6666666666666666
baseline,direct-total-ridge,control,0.0,division:2026hop,transferred_platt_red_win_probability,9,27,0.9506459119444105,0.9259259259259259
baseline,direct-total-ridge,control,0.0,division:2026hop,transferred_score_red_win_probability,0,19,0.04237846014464352,0.10526315789473684
baseline,direct-total-ridge,control,0.0,division:2026hop,transferred_score_red_win_probability,1,19,0.1492418596690975,0.2631578947368421
baseline,direct-total-ridge,control,0.0,division:2026hop,transferred_score_red_win_probability,2,9,0.23945678464981393,0.2222222222222222
baseline,direct-total-ridge,control,0.0,division:2026hop,transferred_score_red_win_probability,3,7,0.35998798476630184,0.14285714285714285
baseline,direct-total-ridge,control,0.0,division:2026hop,transferred_score_red_win_probability,4,16,0.45552721117711836,0.4375
baseline,direct-total-ridge,control,0.0,division:2026hop,transferred_score_red_win_probability,5,5,0.5611457645753983,0.6
baseline,direct-total-ridge,control,0.0,division:2026hop,transferred_score_red_win_probability,6,11,0.6502811329340878,0.6363636363636364
baseline,direct-total-ridge,control,0.0,division:2026hop,transferred_score_red_win_probability,7,9,0.7561498863243519,0.5555555555555556
baseline,direct-total-ridge,control,0.0,division:2026hop,transferred_score_red_win_probability,8,18,0.8468204488505716,0.6666666666666666
baseline,direct-total-ridge,control,0.0,division:2026hop,transferred_score_red_win_probability,9,27,0.9506459119444105,0.9259259259259259
baseline,direct-total-ridge,control,0.0,division:2026joh,raw_pred_red_win_probability,0,22,0.04207776626861046,0.18181818181818182
baseline,direct-total-ridge,control,0.0,division:2026joh,raw_pred_red_win_probability,1,16,0.1403273880431574,0.1875
baseline,direct-total-ridge,control,0.0,division:2026joh,raw_pred_red_win_probability,2,9,0.24762105134066165,0.2222222222222222
baseline,direct-total-ridge,control,0.0,division:2026joh,raw_pred_red_win_probability,3,6,0.3388769290431932,0.3333333333333333
baseline,direct-total-ridge,control,0.0,division:2026joh,raw_pred_red_win_probability,4,5,0.4562964869180305,0.4
baseline,direct-total-ridge,control,0.0,division:2026joh,raw_pred_red_win_probability,5,7,0.5543092990385498,0.7142857142857143
baseline,direct-total-ridge,control,0.0,division:2026joh,raw_pred_red_win_probability,6,20,0.6322458468195682,0.8
baseline,direct-total-ridge,control,0.0,division:2026joh,raw_pred_red_win_probability,7,17,0.7487958484824202,0.6470588235294118
baseline,direct-total-ridge,control,0.0,division:2026joh,raw_pred_red_win_probability,8,12,0.8546391163887531,0.9166666666666666
baseline,direct-total-ridge,control,0.0,division:2026joh,raw_pred_red_win_probability,9,24,0.953336018975017,0.8333333333333334
baseline,direct-total-ridge,control,0.0,division:2026joh,transferred_platt_red_win_probability,0,22,0.04207776626861046,0.18181818181818182
baseline,direct-total-ridge,control,0.0,division:2026joh,transferred_platt_red_win_probability,1,16,0.1403273880431574,0.1875
baseline,direct-total-ridge,control,0.0,division:2026joh,transferred_platt_red_win_probability,2,9,0.24762105134066165,0.2222222222222222
baseline,direct-total-ridge,control,0.0,division:2026joh,transferred_platt_red_win_probability,3,6,0.3388769290431932,0.3333333333333333
baseline,direct-total-ridge,control,0.0,division:2026joh,transferred_platt_red_win_probability,4,5,0.4562964869180305,0.4
baseline,direct-total-ridge,control,0.0,division:2026joh,transferred_platt_red_win_probability,5,7,0.5543092990385498,0.7142857142857143
baseline,direct-total-ridge,control,0.0,division:2026joh,transferred_platt_red_win_probability,6,20,0.6322458468195682,0.8
baseline,direct-total-ridge,control,0.0,division:2026joh,transferred_platt_red_win_probability,7,17,0.7487958484824202,0.6470588235294118
baseline,direct-total-ridge,control,0.0,division:2026joh,transferred_platt_red_win_probability,8,12,0.8546391163887531,0.9166666666666666
baseline,direct-total-ridge,control,0.0,division:2026joh,transferred_platt_red_win_probability,9,24,0.953336018975017,0.8333333333333334
baseline,direct-total-ridge,control,0.0,division:2026joh,transferred_score_red_win_probability,0,22,0.04207776626861046,0.18181818181818182
baseline,direct-total-ridge,control,0.0,division:2026joh,transferred_score_red_win_probability,1,16,0.1403273880431574,0.1875
baseline,direct-total-ridge,control,0.0,division:2026joh,transferred_score_red_win_probability,2,9,0.24762105134066165,0.2222222222222222
baseline,direct-total-ridge,control,0.0,division:2026joh,transferred_score_red_win_probability,3,6,0.3388769290431932,0.3333333333333333
baseline,direct-total-ridge,control,0.0,division:2026joh,transferred_score_red_win_probability,4,5,0.4562964869180305,0.4
baseline,direct-total-ridge,control,0.0,division:2026joh,transferred_score_red_win_probability,5,7,0.5543092990385498,0.7142857142857143
baseline,direct-total-ridge,control,0.0,division:2026joh,transferred_score_red_win_probability,6,20,0.6322458468195682,0.8
baseline,direct-total-ridge,control,0.0,division:2026joh,transferred_score_red_win_probability,7,17,0.7487958484824202,0.6470588235294118
baseline,direct-total-ridge,control,0.0,division:2026joh,transferred_score_red_win_probability,8,12,0.8546391163887531,0.9166666666666666
baseline,direct-total-ridge,control,0.0,division:2026joh,transferred_score_red_win_probability,9,24,0.953336018975017,0.8333333333333334
baseline,direct-total-ridge,control,0.0,division:2026mil,raw_pred_red_win_probability,0,22,0.044492981086188065,0.13636363636363635
baseline,direct-total-ridge,control,0.0,division:2026mil,raw_pred_red_win_probability,1,14,0.14475261767470693,0.21428571428571427
baseline,direct-total-ridge,control,0.0,division:2026mil,raw_pred_red_win_probability,2,12,0.25623036336451527,0.3333333333333333
baseline,direct-total-ridge,control,0.0,division:2026mil,raw_pred_red_win_probability,3,13,0.3567619697819471,0.38461538461538464
baseline,direct-total-ridge,control,0.0,division:2026mil,raw_pred_red_win_probability,4,6,0.4372063543543321,0.3333333333333333
baseline,direct-total-ridge,control,0.0,division:2026mil,raw_pred_red_win_probability,5,11,0.5520831452312369,0.2727272727272727
baseline,direct-total-ridge,control,0.0,division:2026mil,raw_pred_red_win_probability,6,7,0.6583227896397462,0.2857142857142857
baseline,direct-total-ridge,control,0.0,division:2026mil,raw_pred_red_win_probability,7,12,0.7476205347381586,0.9166666666666666
baseline,direct-total-ridge,control,0.0,division:2026mil,raw_pred_red_win_probability,8,14,0.8540769193272567,0.8571428571428571
baseline,direct-total-ridge,control,0.0,division:2026mil,raw_pred_red_win_probability,9,25,0.9630494490953788,0.96
baseline,direct-total-ridge,control,0.0,division:2026mil,transferred_platt_red_win_probability,0,22,0.044492981086188065,0.13636363636363635
baseline,direct-total-ridge,control,0.0,division:2026mil,transferred_platt_red_win_probability,1,14,0.14475261767470693,0.21428571428571427
baseline,direct-total-ridge,control,0.0,division:2026mil,transferred_platt_red_win_probability,2,12,0.25623036336451527,0.3333333333333333
baseline,direct-total-ridge,control,0.0,division:2026mil,transferred_platt_red_win_probability,3,13,0.3567619697819471,0.38461538461538464
baseline,direct-total-ridge,control,0.0,division:2026mil,transferred_platt_red_win_probability,4,6,0.4372063543543321,0.3333333333333333
baseline,direct-total-ridge,control,0.0,division:2026mil,transferred_platt_red_win_probability,5,11,0.5520831452312369,0.2727272727272727
baseline,direct-total-ridge,control,0.0,division:2026mil,transferred_platt_red_win_probability,6,7,0.6583227896397462,0.2857142857142857
baseline,direct-total-ridge,control,0.0,division:2026mil,transferred_platt_red_win_probability,7,12,0.7476205347381586,0.9166666666666666
baseline,direct-total-ridge,control,0.0,division:2026mil,transferred_platt_red_win_probability,8,14,0.8540769193272567,0.8571428571428571
baseline,direct-total-ridge,control,0.0,division:2026mil,transferred_platt_red_win_probability,9,25,0.9630494490953788,0.96
baseline,direct-total-ridge,control,0.0,division:2026mil,transferred_score_red_win_probability,0,22,0.044492981086188065,0.13636363636363635
baseline,direct-total-ridge,control,0.0,division:2026mil,transferred_score_red_win_probability,1,14,0.14475261767470693,0.21428571428571427
baseline,direct-total-ridge,control,0.0,division:2026mil,transferred_score_red_win_probability,2,12,0.25623036336451527,0.3333333333333333
baseline,direct-total-ridge,control,0.0,division:2026mil,transferred_score_red_win_probability,3,13,0.3567619697819471,0.38461538461538464
baseline,direct-total-ridge,control,0.0,division:2026mil,transferred_score_red_win_probability,4,6,0.4372063543543321,0.3333333333333333
baseline,direct-total-ridge,control,0.0,division:2026mil,transferred_score_red_win_probability,5,11,0.5520831452312369,0.2727272727272727
baseline,direct-total-ridge,control,0.0,division:2026mil,transferred_score_red_win_probability,6,7,0.6583227896397462,0.2857142857142857
baseline,direct-total-ridge,control,0.0,division:2026mil,transferred_score_red_win_probability,7,12,0.7476205347381586,0.9166666666666666
baseline,direct-total-ridge,control,0.0,division:2026mil,transferred_score_red_win_probability,8,14,0.8540769193272567,0.8571428571428571
baseline,direct-total-ridge,control,0.0,division:2026mil,transferred_score_red_win_probability,9,25,0.9630494490953788,0.96
baseline,direct-total-ridge,control,0.0,division:2026new,raw_pred_red_win_probability,0,15,0.05404488196023719,0.06666666666666667
baseline,direct-total-ridge,control,0.0,division:2026new,raw_pred_red_win_probability,1,16,0.1448142960922384,0.125
baseline,direct-total-ridge,control,0.0,division:2026new,raw_pred_red_win_probability,2,14,0.2531522100943066,0.5
baseline,direct-total-ridge,control,0.0,division:2026new,raw_pred_red_win_probability,3,13,0.3502219600340819,0.6153846153846154
baseline,direct-total-ridge,control,0.0,division:2026new,raw_pred_red_win_probability,4,7,0.45155637730262377,0.5714285714285714
baseline,direct-total-ridge,control,0.0,division:2026new,raw_pred_red_win_probability,5,10,0.5548064484999203,0.3
baseline,direct-total-ridge,control,0.0,division:2026new,raw_pred_red_win_probability,6,15,0.663463824779161,0.6
baseline,direct-total-ridge,control,0.0,division:2026new,raw_pred_red_win_probability,7,13,0.751317489210225,0.6923076923076923
baseline,direct-total-ridge,control,0.0,division:2026new,raw_pred_red_win_probability,8,19,0.8538557240878014,0.631578947368421
baseline,direct-total-ridge,control,0.0,division:2026new,raw_pred_red_win_probability,9,18,0.9466673714953868,1.0
baseline,direct-total-ridge,control,0.0,division:2026new,transferred_platt_red_win_probability,0,15,0.05404488196023719,0.06666666666666667
baseline,direct-total-ridge,control,0.0,division:2026new,transferred_platt_red_win_probability,1,16,0.1448142960922384,0.125
baseline,direct-total-ridge,control,0.0,division:2026new,transferred_platt_red_win_probability,2,14,0.2531522100943066,0.5
baseline,direct-total-ridge,control,0.0,division:2026new,transferred_platt_red_win_probability,3,13,0.3502219600340819,0.6153846153846154
baseline,direct-total-ridge,control,0.0,division:2026new,transferred_platt_red_win_probability,4,7,0.45155637730262377,0.5714285714285714
baseline,direct-total-ridge,control,0.0,division:2026new,transferred_platt_red_win_probability,5,10,0.5548064484999203,0.3
baseline,direct-total-ridge,control,0.0,division:2026new,transferred_platt_red_win_probability,6,15,0.663463824779161,0.6
baseline,direct-total-ridge,control,0.0,division:2026new,transferred_platt_red_win_probability,7,13,0.751317489210225,0.6923076923076923
baseline,direct-total-ridge,control,0.0,division:2026new,transferred_platt_red_win_probability,8,19,0.8538557240878014,0.631578947368421
baseline,direct-total-ridge,control,0.0,division:2026new,transferred_platt_red_win_probability,9,18,0.9466673714953868,1.0
baseline,direct-total-ridge,control,0.0,division:2026new,transferred_score_red_win_probability,0,15,0.05404488196023719,0.06666666666666667
baseline,direct-total-ridge,control,0.0,division:2026new,transferred_score_red_win_probability,1,16,0.1448142960922384,0.125
baseline,direct-total-ridge,control,0.0,division:2026new,transferred_score_red_win_probability,2,14,0.2531522100943066,0.5
baseline,direct-total-ridge,control,0.0,division:2026new,transferred_score_red_win_probability,3,13,0.3502219600340819,0.6153846153846154
baseline,direct-total-ridge,control,0.0,division:2026new,transferred_score_red_win_probability,4,7,0.45155637730262377,0.5714285714285714
baseline,direct-total-ridge,control,0.0,division:2026new,transferred_score_red_win_probability,5,10,0.5548064484999203,0.3
baseline,direct-total-ridge,control,0.0,division:2026new,transferred_score_red_win_probability,6,15,0.663463824779161,0.6
baseline,direct-total-ridge,control,0.0,division:2026new,transferred_score_red_win_probability,7,13,0.751317489210225,0.6923076923076923
baseline,direct-total-ridge,control,0.0,division:2026new,transferred_score_red_win_probability,8,19,0.8538557240878014,0.631578947368421
baseline,direct-total-ridge,control,0.0,division:2026new,transferred_score_red_win_probability,9,18,0.9466673714953868,1.0
baseline,direct-total-ridge,control,0.0,observation:high,raw_pred_red_win_probability,0,131,0.04519689900808066,0.10687022900763359
baseline,direct-total-ridge,control,0.0,observation:high,raw_pred_red_win_probability,1,119,0.1439281582445183,0.23529411764705882
baseline,direct-total-ridge,control,0.0,observation:high,raw_pred_red_win_probability,2,84,0.25226082800422656,0.35714285714285715
baseline,direct-total-ridge,control,0.0,observation:high,raw_pred_red_win_probability,3,88,0.3526415179523497,0.3977272727272727
baseline,direct-total-ridge,control,0.0,observation:high,raw_pred_red_win_probability,4,73,0.4520079074429034,0.4794520547945205
baseline,direct-total-ridge,control,0.0,observation:high,raw_pred_red_win_probability,5,68,0.5544912575778277,0.39705882352941174
baseline,direct-total-ridge,control,0.0,observation:high,raw_pred_red_win_probability,6,101,0.6499156114976846,0.6138613861386139
baseline,direct-total-ridge,control,0.0,observation:high,raw_pred_red_win_probability,7,96,0.7509902589962659,0.7083333333333334
baseline,direct-total-ridge,control,0.0,observation:high,raw_pred_red_win_probability,8,126,0.8517296037737082,0.7619047619047619
baseline,direct-total-ridge,control,0.0,observation:high,raw_pred_red_win_probability,9,170,0.9574557952432684,0.9176470588235294
baseline,direct-total-ridge,control,0.0,observation:high,transferred_platt_red_win_probability,0,131,0.04519689900808066,0.10687022900763359
baseline,direct-total-ridge,control,0.0,observation:high,transferred_platt_red_win_probability,1,119,0.1439281582445183,0.23529411764705882
baseline,direct-total-ridge,control,0.0,observation:high,transferred_platt_red_win_probability,2,84,0.25226082800422656,0.35714285714285715
baseline,direct-total-ridge,control,0.0,observation:high,transferred_platt_red_win_probability,3,88,0.3526415179523497,0.3977272727272727
baseline,direct-total-ridge,control,0.0,observation:high,transferred_platt_red_win_probability,4,73,0.4520079074429034,0.4794520547945205
baseline,direct-total-ridge,control,0.0,observation:high,transferred_platt_red_win_probability,5,68,0.5544912575778277,0.39705882352941174
baseline,direct-total-ridge,control,0.0,observation:high,transferred_platt_red_win_probability,6,101,0.6499156114976846,0.6138613861386139
baseline,direct-total-ridge,control,0.0,observation:high,transferred_platt_red_win_probability,7,96,0.7509902589962659,0.7083333333333334
baseline,direct-total-ridge,control,0.0,observation:high,transferred_platt_red_win_probability,8,126,0.8517296037737082,0.7619047619047619
baseline,direct-total-ridge,control,0.0,observation:high,transferred_platt_red_win_probability,9,170,0.9574557952432684,0.9176470588235294
baseline,direct-total-ridge,control,0.0,observation:high,transferred_score_red_win_probability,0,131,0.04519689900808066,0.10687022900763359
baseline,direct-total-ridge,control,0.0,observation:high,transferred_score_red_win_probability,1,119,0.1439281582445183,0.23529411764705882
baseline,direct-total-ridge,control,0.0,observation:high,transferred_score_red_win_probability,2,84,0.25226082800422656,0.35714285714285715
baseline,direct-total-ridge,control,0.0,observation:high,transferred_score_red_win_probability,3,88,0.3526415179523497,0.3977272727272727
baseline,direct-total-ridge,control,0.0,observation:high,transferred_score_red_win_probability,4,73,0.4520079074429034,0.4794520547945205
baseline,direct-total-ridge,control,0.0,observation:high,transferred_score_red_win_probability,5,68,0.5544912575778277,0.39705882352941174
baseline,direct-total-ridge,control,0.0,observation:high,transferred_score_red_win_probability,6,101,0.6499156114976846,0.6138613861386139
baseline,direct-total-ridge,control,0.0,observation:high,transferred_score_red_win_probability,7,96,0.7509902589962659,0.7083333333333334
baseline,direct-total-ridge,control,0.0,observation:high,transferred_score_red_win_probability,8,126,0.8517296037737082,0.7619047619047619
baseline,direct-total-ridge,control,0.0,observation:high,transferred_score_red_win_probability,9,170,0.9574557952432684,0.9176470588235294
baseline,direct-total-ridge,control,0.0,observation:low,raw_pred_red_win_probability,0,0,,
baseline,direct-total-ridge,control,0.0,observation:low,raw_pred_red_win_probability,1,0,,
baseline,direct-total-ridge,control,0.0,observation:low,raw_pred_red_win_probability,2,0,,
baseline,direct-total-ridge,control,0.0,observation:low,raw_pred_red_win_probability,3,0,,
baseline,direct-total-ridge,control,0.0,observation:low,raw_pred_red_win_probability,4,0,,
baseline,direct-total-ridge,control,0.0,observation:low,raw_pred_red_win_probability,5,1,0.5784388940706263,0.0
baseline,direct-total-ridge,control,0.0,observation:low,raw_pred_red_win_probability,6,0,,
baseline,direct-total-ridge,control,0.0,observation:low,raw_pred_red_win_probability,7,0,,
baseline,direct-total-ridge,control,0.0,observation:low,raw_pred_red_win_probability,8,0,,
baseline,direct-total-ridge,control,0.0,observation:low,raw_pred_red_win_probability,9,1,0.937690070423697,1.0
baseline,direct-total-ridge,control,0.0,observation:low,transferred_platt_red_win_probability,0,0,,
baseline,direct-total-ridge,control,0.0,observation:low,transferred_platt_red_win_probability,1,0,,
baseline,direct-total-ridge,control,0.0,observation:low,transferred_platt_red_win_probability,2,0,,
baseline,direct-total-ridge,control,0.0,observation:low,transferred_platt_red_win_probability,3,0,,
baseline,direct-total-ridge,control,0.0,observation:low,transferred_platt_red_win_probability,4,0,,
baseline,direct-total-ridge,control,0.0,observation:low,transferred_platt_red_win_probability,5,1,0.5784388940706263,0.0
baseline,direct-total-ridge,control,0.0,observation:low,transferred_platt_red_win_probability,6,0,,
baseline,direct-total-ridge,control,0.0,observation:low,transferred_platt_red_win_probability,7,0,,
baseline,direct-total-ridge,control,0.0,observation:low,transferred_platt_red_win_probability,8,0,,
baseline,direct-total-ridge,control,0.0,observation:low,transferred_platt_red_win_probability,9,1,0.937690070423697,1.0
baseline,direct-total-ridge,control,0.0,observation:low,transferred_score_red_win_probability,0,0,,
baseline,direct-total-ridge,control,0.0,observation:low,transferred_score_red_win_probability,1,0,,
baseline,direct-total-ridge,control,0.0,observation:low,transferred_score_red_win_probability,2,0,,
baseline,direct-total-ridge,control,0.0,observation:low,transferred_score_red_win_probability,3,0,,
baseline,direct-total-ridge,control,0.0,observation:low,transferred_score_red_win_probability,4,0,,
baseline,direct-total-ridge,control,0.0,observation:low,transferred_score_red_win_probability,5,1,0.5784388940706263,0.0
baseline,direct-total-ridge,control,0.0,observation:low,transferred_score_red_win_probability,6,0,,
baseline,direct-total-ridge,control,0.0,observation:low,transferred_score_red_win_probability,7,0,,
baseline,direct-total-ridge,control,0.0,observation:low,transferred_score_red_win_probability,8,0,,
baseline,direct-total-ridge,control,0.0,observation:low,transferred_score_red_win_probability,9,1,0.937690070423697,1.0
baseline,direct-total-ridge,control,0.0,observation:medium,raw_pred_red_win_probability,0,9,0.04248457403324047,0.3333333333333333
baseline,direct-total-ridge,control,0.0,observation:medium,raw_pred_red_win_probability,1,3,0.15985012419626807,0.3333333333333333
baseline,direct-total-ridge,control,0.0,observation:medium,raw_pred_red_win_probability,2,6,0.24308946709832424,0.3333333333333333
baseline,direct-total-ridge,control,0.0,observation:medium,raw_pred_red_win_probability,3,4,0.33613637222817844,0.0
baseline,direct-total-ridge,control,0.0,observation:medium,raw_pred_red_win_probability,4,2,0.4781050963600769,0.5
baseline,direct-total-ridge,control,0.0,observation:medium,raw_pred_red_win_probability,5,5,0.5597048893439395,0.8
baseline,direct-total-ridge,control,0.0,observation:medium,raw_pred_red_win_probability,6,3,0.6696973445143438,0.3333333333333333
baseline,direct-total-ridge,control,0.0,observation:medium,raw_pred_red_win_probability,7,4,0.7634509528005053,1.0
baseline,direct-total-ridge,control,0.0,observation:medium,raw_pred_red_win_probability,8,4,0.8479560245312703,0.5
baseline,direct-total-ridge,control,0.0,observation:medium,raw_pred_red_win_probability,9,8,0.9578935775586126,1.0
baseline,direct-total-ridge,control,0.0,observation:medium,transferred_platt_red_win_probability,0,9,0.04248457403324047,0.3333333333333333
baseline,direct-total-ridge,control,0.0,observation:medium,transferred_platt_red_win_probability,1,3,0.15985012419626807,0.3333333333333333
baseline,direct-total-ridge,control,0.0,observation:medium,transferred_platt_red_win_probability,2,6,0.24308946709832424,0.3333333333333333
baseline,direct-total-ridge,control,0.0,observation:medium,transferred_platt_red_win_probability,3,4,0.33613637222817844,0.0
baseline,direct-total-ridge,control,0.0,observation:medium,transferred_platt_red_win_probability,4,2,0.4781050963600769,0.5
baseline,direct-total-ridge,control,0.0,observation:medium,transferred_platt_red_win_probability,5,5,0.5597048893439395,0.8
baseline,direct-total-ridge,control,0.0,observation:medium,transferred_platt_red_win_probability,6,3,0.6696973445143438,0.3333333333333333
baseline,direct-total-ridge,control,0.0,observation:medium,transferred_platt_red_win_probability,7,4,0.7634509528005053,1.0
baseline,direct-total-ridge,control,0.0,observation:medium,transferred_platt_red_win_probability,8,4,0.8479560245312703,0.5
baseline,direct-total-ridge,control,0.0,observation:medium,transferred_platt_red_win_probability,9,8,0.9578935775586126,1.0
baseline,direct-total-ridge,control,0.0,observation:medium,transferred_score_red_win_probability,0,9,0.04248457403324047,0.3333333333333333
baseline,direct-total-ridge,control,0.0,observation:medium,transferred_score_red_win_probability,1,3,0.15985012419626807,0.3333333333333333
baseline,direct-total-ridge,control,0.0,observation:medium,transferred_score_red_win_probability,2,6,0.24308946709832424,0.3333333333333333
baseline,direct-total-ridge,control,0.0,observation:medium,transferred_score_red_win_probability,3,4,0.33613637222817844,0.0
baseline,direct-total-ridge,control,0.0,observation:medium,transferred_score_red_win_probability,4,2,0.4781050963600769,0.5
baseline,direct-total-ridge,control,0.0,observation:medium,transferred_score_red_win_probability,5,5,0.5597048893439395,0.8
baseline,direct-total-ridge,control,0.0,observation:medium,transferred_score_red_win_probability,6,3,0.6696973445143438,0.3333333333333333
baseline,direct-total-ridge,control,0.0,observation:medium,transferred_score_red_win_probability,7,4,0.7634509528005053,1.0
baseline,direct-total-ridge,control,0.0,observation:medium,transferred_score_red_win_probability,8,4,0.8479560245312703,0.5
baseline,direct-total-ridge,control,0.0,observation:medium,transferred_score_red_win_probability,9,8,0.9578935775586126,1.0
baseline,mean-total,control,0.0,primary-clean,raw_pred_red_win_probability,0,0,,
baseline,mean-total,control,0.0,primary-clean,raw_pred_red_win_probability,1,0,,
baseline,mean-total,control,0.0,primary-clean,raw_pred_red_win_probability,2,0,,
baseline,mean-total,control,0.0,primary-clean,raw_pred_red_win_probability,3,0,,
baseline,mean-total,control,0.0,primary-clean,raw_pred_red_win_probability,4,0,,
baseline,mean-total,control,0.0,primary-clean,raw_pred_red_win_probability,5,1106,0.5267680599844297,0.5226039783001808
baseline,mean-total,control,0.0,primary-clean,raw_pred_red_win_probability,6,0,,
baseline,mean-total,control,0.0,primary-clean,raw_pred_red_win_probability,7,0,,
baseline,mean-total,control,0.0,primary-clean,raw_pred_red_win_probability,8,0,,
baseline,mean-total,control,0.0,primary-clean,raw_pred_red_win_probability,9,0,,
baseline,mean-total,control,0.0,primary-clean,transferred_platt_red_win_probability,0,0,,
baseline,mean-total,control,0.0,primary-clean,transferred_platt_red_win_probability,1,0,,
baseline,mean-total,control,0.0,primary-clean,transferred_platt_red_win_probability,2,0,,
baseline,mean-total,control,0.0,primary-clean,transferred_platt_red_win_probability,3,0,,
baseline,mean-total,control,0.0,primary-clean,transferred_platt_red_win_probability,4,0,,
baseline,mean-total,control,0.0,primary-clean,transferred_platt_red_win_probability,5,1106,0.5267680599844297,0.5226039783001808
baseline,mean-total,control,0.0,primary-clean,transferred_platt_red_win_probability,6,0,,
baseline,mean-total,control,0.0,primary-clean,transferred_platt_red_win_probability,7,0,,
baseline,mean-total,control,0.0,primary-clean,transferred_platt_red_win_probability,8,0,,
baseline,mean-total,control,0.0,primary-clean,transferred_platt_red_win_probability,9,0,,
baseline,mean-total,control,0.0,primary-clean,transferred_score_red_win_probability,0,0,,
baseline,mean-total,control,0.0,primary-clean,transferred_score_red_win_probability,1,0,,
baseline,mean-total,control,0.0,primary-clean,transferred_score_red_win_probability,2,0,,
baseline,mean-total,control,0.0,primary-clean,transferred_score_red_win_probability,3,0,,
baseline,mean-total,control,0.0,primary-clean,transferred_score_red_win_probability,4,0,,
baseline,mean-total,control,0.0,primary-clean,transferred_score_red_win_probability,5,1106,0.5267680599844297,0.5226039783001808
baseline,mean-total,control,0.0,primary-clean,transferred_score_red_win_probability,6,0,,
baseline,mean-total,control,0.0,primary-clean,transferred_score_red_win_probability,7,0,,
baseline,mean-total,control,0.0,primary-clean,transferred_score_red_win_probability,8,0,,
baseline,mean-total,control,0.0,primary-clean,transferred_score_red_win_probability,9,0,,
baseline,mean-total,control,0.0,all-official,raw_pred_red_win_probability,0,0,,
baseline,mean-total,control,0.0,all-official,raw_pred_red_win_probability,1,0,,
baseline,mean-total,control,0.0,all-official,raw_pred_red_win_probability,2,0,,
baseline,mean-total,control,0.0,all-official,raw_pred_red_win_probability,3,0,,
baseline,mean-total,control,0.0,all-official,raw_pred_red_win_probability,4,0,,
baseline,mean-total,control,0.0,all-official,raw_pred_red_win_probability,5,1106,0.5267680599844297,0.5226039783001808
baseline,mean-total,control,0.0,all-official,raw_pred_red_win_probability,6,0,,
baseline,mean-total,control,0.0,all-official,raw_pred_red_win_probability,7,0,,
baseline,mean-total,control,0.0,all-official,raw_pred_red_win_probability,8,0,,
baseline,mean-total,control,0.0,all-official,raw_pred_red_win_probability,9,0,,
baseline,mean-total,control,0.0,all-official,transferred_platt_red_win_probability,0,0,,
baseline,mean-total,control,0.0,all-official,transferred_platt_red_win_probability,1,0,,
baseline,mean-total,control,0.0,all-official,transferred_platt_red_win_probability,2,0,,
baseline,mean-total,control,0.0,all-official,transferred_platt_red_win_probability,3,0,,
baseline,mean-total,control,0.0,all-official,transferred_platt_red_win_probability,4,0,,
baseline,mean-total,control,0.0,all-official,transferred_platt_red_win_probability,5,1106,0.5267680599844297,0.5226039783001808
baseline,mean-total,control,0.0,all-official,transferred_platt_red_win_probability,6,0,,
baseline,mean-total,control,0.0,all-official,transferred_platt_red_win_probability,7,0,,
baseline,mean-total,control,0.0,all-official,transferred_platt_red_win_probability,8,0,,
baseline,mean-total,control,0.0,all-official,transferred_platt_red_win_probability,9,0,,
baseline,mean-total,control,0.0,all-official,transferred_score_red_win_probability,0,0,,
baseline,mean-total,control,0.0,all-official,transferred_score_red_win_probability,1,0,,
baseline,mean-total,control,0.0,all-official,transferred_score_red_win_probability,2,0,,
baseline,mean-total,control,0.0,all-official,transferred_score_red_win_probability,3,0,,
baseline,mean-total,control,0.0,all-official,transferred_score_red_win_probability,4,0,,
baseline,mean-total,control,0.0,all-official,transferred_score_red_win_probability,5,1106,0.5267680599844297,0.5226039783001808
baseline,mean-total,control,0.0,all-official,transferred_score_red_win_probability,6,0,,
baseline,mean-total,control,0.0,all-official,transferred_score_red_win_probability,7,0,,
baseline,mean-total,control,0.0,all-official,transferred_score_red_win_probability,8,0,,
baseline,mean-total,control,0.0,all-official,transferred_score_red_win_probability,9,0,,
baseline,mean-total,control,0.0,DQ-only,raw_pred_red_win_probability,0,0,,
baseline,mean-total,control,0.0,DQ-only,raw_pred_red_win_probability,1,0,,
baseline,mean-total,control,0.0,DQ-only,raw_pred_red_win_probability,2,0,,
baseline,mean-total,control,0.0,DQ-only,raw_pred_red_win_probability,3,0,,
baseline,mean-total,control,0.0,DQ-only,raw_pred_red_win_probability,4,0,,
baseline,mean-total,control,0.0,DQ-only,raw_pred_red_win_probability,5,0,,
baseline,mean-total,control,0.0,DQ-only,raw_pred_red_win_probability,6,0,,
baseline,mean-total,control,0.0,DQ-only,raw_pred_red_win_probability,7,0,,
baseline,mean-total,control,0.0,DQ-only,raw_pred_red_win_probability,8,0,,
baseline,mean-total,control,0.0,DQ-only,raw_pred_red_win_probability,9,0,,
baseline,mean-total,control,0.0,DQ-only,transferred_platt_red_win_probability,0,0,,
baseline,mean-total,control,0.0,DQ-only,transferred_platt_red_win_probability,1,0,,
baseline,mean-total,control,0.0,DQ-only,transferred_platt_red_win_probability,2,0,,
baseline,mean-total,control,0.0,DQ-only,transferred_platt_red_win_probability,3,0,,
baseline,mean-total,control,0.0,DQ-only,transferred_platt_red_win_probability,4,0,,
baseline,mean-total,control,0.0,DQ-only,transferred_platt_red_win_probability,5,0,,
baseline,mean-total,control,0.0,DQ-only,transferred_platt_red_win_probability,6,0,,
baseline,mean-total,control,0.0,DQ-only,transferred_platt_red_win_probability,7,0,,
baseline,mean-total,control,0.0,DQ-only,transferred_platt_red_win_probability,8,0,,
baseline,mean-total,control,0.0,DQ-only,transferred_platt_red_win_probability,9,0,,
baseline,mean-total,control,0.0,DQ-only,transferred_score_red_win_probability,0,0,,
baseline,mean-total,control,0.0,DQ-only,transferred_score_red_win_probability,1,0,,
baseline,mean-total,control,0.0,DQ-only,transferred_score_red_win_probability,2,0,,
baseline,mean-total,control,0.0,DQ-only,transferred_score_red_win_probability,3,0,,
baseline,mean-total,control,0.0,DQ-only,transferred_score_red_win_probability,4,0,,
baseline,mean-total,control,0.0,DQ-only,transferred_score_red_win_probability,5,0,,
baseline,mean-total,control,0.0,DQ-only,transferred_score_red_win_probability,6,0,,
baseline,mean-total,control,0.0,DQ-only,transferred_score_red_win_probability,7,0,,
baseline,mean-total,control,0.0,DQ-only,transferred_score_red_win_probability,8,0,,
baseline,mean-total,control,0.0,DQ-only,transferred_score_red_win_probability,9,0,,
baseline,mean-total,control,0.0,surrogate-only,raw_pred_red_win_probability,0,0,,
baseline,mean-total,control,0.0,surrogate-only,raw_pred_red_win_probability,1,0,,
baseline,mean-total,control,0.0,surrogate-only,raw_pred_red_win_probability,2,0,,
baseline,mean-total,control,0.0,surrogate-only,raw_pred_red_win_probability,3,0,,
baseline,mean-total,control,0.0,surrogate-only,raw_pred_red_win_probability,4,0,,
baseline,mean-total,control,0.0,surrogate-only,raw_pred_red_win_probability,5,6,0.5267680599844297,0.6666666666666666
baseline,mean-total,control,0.0,surrogate-only,raw_pred_red_win_probability,6,0,,
baseline,mean-total,control,0.0,surrogate-only,raw_pred_red_win_probability,7,0,,
baseline,mean-total,control,0.0,surrogate-only,raw_pred_red_win_probability,8,0,,
baseline,mean-total,control,0.0,surrogate-only,raw_pred_red_win_probability,9,0,,
baseline,mean-total,control,0.0,surrogate-only,transferred_platt_red_win_probability,0,0,,
baseline,mean-total,control,0.0,surrogate-only,transferred_platt_red_win_probability,1,0,,
baseline,mean-total,control,0.0,surrogate-only,transferred_platt_red_win_probability,2,0,,
baseline,mean-total,control,0.0,surrogate-only,transferred_platt_red_win_probability,3,0,,
baseline,mean-total,control,0.0,surrogate-only,transferred_platt_red_win_probability,4,0,,
baseline,mean-total,control,0.0,surrogate-only,transferred_platt_red_win_probability,5,6,0.5267680599844297,0.6666666666666666
baseline,mean-total,control,0.0,surrogate-only,transferred_platt_red_win_probability,6,0,,
baseline,mean-total,control,0.0,surrogate-only,transferred_platt_red_win_probability,7,0,,
baseline,mean-total,control,0.0,surrogate-only,transferred_platt_red_win_probability,8,0,,
baseline,mean-total,control,0.0,surrogate-only,transferred_platt_red_win_probability,9,0,,
baseline,mean-total,control,0.0,surrogate-only,transferred_score_red_win_probability,0,0,,
baseline,mean-total,control,0.0,surrogate-only,transferred_score_red_win_probability,1,0,,
baseline,mean-total,control,0.0,surrogate-only,transferred_score_red_win_probability,2,0,,
baseline,mean-total,control,0.0,surrogate-only,transferred_score_red_win_probability,3,0,,
baseline,mean-total,control,0.0,surrogate-only,transferred_score_red_win_probability,4,0,,
baseline,mean-total,control,0.0,surrogate-only,transferred_score_red_win_probability,5,6,0.5267680599844297,0.6666666666666666
baseline,mean-total,control,0.0,surrogate-only,transferred_score_red_win_probability,6,0,,
baseline,mean-total,control,0.0,surrogate-only,transferred_score_red_win_probability,7,0,,
baseline,mean-total,control,0.0,surrogate-only,transferred_score_red_win_probability,8,0,,
baseline,mean-total,control,0.0,surrogate-only,transferred_score_red_win_probability,9,0,,
baseline,mean-total,control,0.0,division:2026arc,raw_pred_red_win_probability,0,0,,
baseline,mean-total,control,0.0,division:2026arc,raw_pred_red_win_probability,1,0,,
baseline,mean-total,control,0.0,division:2026arc,raw_pred_red_win_probability,2,0,,
baseline,mean-total,control,0.0,division:2026arc,raw_pred_red_win_probability,3,0,,
baseline,mean-total,control,0.0,division:2026arc,raw_pred_red_win_probability,4,0,,
baseline,mean-total,control,0.0,division:2026arc,raw_pred_red_win_probability,5,140,0.5267680599844295,0.5
baseline,mean-total,control,0.0,division:2026arc,raw_pred_red_win_probability,6,0,,
baseline,mean-total,control,0.0,division:2026arc,raw_pred_red_win_probability,7,0,,
baseline,mean-total,control,0.0,division:2026arc,raw_pred_red_win_probability,8,0,,
baseline,mean-total,control,0.0,division:2026arc,raw_pred_red_win_probability,9,0,,
baseline,mean-total,control,0.0,division:2026arc,transferred_platt_red_win_probability,0,0,,
baseline,mean-total,control,0.0,division:2026arc,transferred_platt_red_win_probability,1,0,,
baseline,mean-total,control,0.0,division:2026arc,transferred_platt_red_win_probability,2,0,,
baseline,mean-total,control,0.0,division:2026arc,transferred_platt_red_win_probability,3,0,,
baseline,mean-total,control,0.0,division:2026arc,transferred_platt_red_win_probability,4,0,,
baseline,mean-total,control,0.0,division:2026arc,transferred_platt_red_win_probability,5,140,0.5267680599844295,0.5
baseline,mean-total,control,0.0,division:2026arc,transferred_platt_red_win_probability,6,0,,
baseline,mean-total,control,0.0,division:2026arc,transferred_platt_red_win_probability,7,0,,
baseline,mean-total,control,0.0,division:2026arc,transferred_platt_red_win_probability,8,0,,
baseline,mean-total,control,0.0,division:2026arc,transferred_platt_red_win_probability,9,0,,
baseline,mean-total,control,0.0,division:2026arc,transferred_score_red_win_probability,0,0,,
baseline,mean-total,control,0.0,division:2026arc,transferred_score_red_win_probability,1,0,,
baseline,mean-total,control,0.0,division:2026arc,transferred_score_red_win_probability,2,0,,
baseline,mean-total,control,0.0,division:2026arc,transferred_score_red_win_probability,3,0,,
baseline,mean-total,control,0.0,division:2026arc,transferred_score_red_win_probability,4,0,,
baseline,mean-total,control,0.0,division:2026arc,transferred_score_red_win_probability,5,140,0.5267680599844295,0.5
baseline,mean-total,control,0.0,division:2026arc,transferred_score_red_win_probability,6,0,,
baseline,mean-total,control,0.0,division:2026arc,transferred_score_red_win_probability,7,0,,
baseline,mean-total,control,0.0,division:2026arc,transferred_score_red_win_probability,8,0,,
baseline,mean-total,control,0.0,division:2026arc,transferred_score_red_win_probability,9,0,,
baseline,mean-total,control,0.0,division:2026cur,raw_pred_red_win_probability,0,0,,
baseline,mean-total,control,0.0,division:2026cur,raw_pred_red_win_probability,1,0,,
baseline,mean-total,control,0.0,division:2026cur,raw_pred_red_win_probability,2,0,,
baseline,mean-total,control,0.0,division:2026cur,raw_pred_red_win_probability,3,0,,
baseline,mean-total,control,0.0,division:2026cur,raw_pred_red_win_probability,4,0,,
baseline,mean-total,control,0.0,division:2026cur,raw_pred_red_win_probability,5,136,0.5267680599844295,0.5514705882352942
baseline,mean-total,control,0.0,division:2026cur,raw_pred_red_win_probability,6,0,,
baseline,mean-total,control,0.0,division:2026cur,raw_pred_red_win_probability,7,0,,
baseline,mean-total,control,0.0,division:2026cur,raw_pred_red_win_probability,8,0,,
baseline,mean-total,control,0.0,division:2026cur,raw_pred_red_win_probability,9,0,,
baseline,mean-total,control,0.0,division:2026cur,transferred_platt_red_win_probability,0,0,,
baseline,mean-total,control,0.0,division:2026cur,transferred_platt_red_win_probability,1,0,,
baseline,mean-total,control,0.0,division:2026cur,transferred_platt_red_win_probability,2,0,,
baseline,mean-total,control,0.0,division:2026cur,transferred_platt_red_win_probability,3,0,,
baseline,mean-total,control,0.0,division:2026cur,transferred_platt_red_win_probability,4,0,,
baseline,mean-total,control,0.0,division:2026cur,transferred_platt_red_win_probability,5,136,0.5267680599844295,0.5514705882352942
baseline,mean-total,control,0.0,division:2026cur,transferred_platt_red_win_probability,6,0,,
baseline,mean-total,control,0.0,division:2026cur,transferred_platt_red_win_probability,7,0,,
baseline,mean-total,control,0.0,division:2026cur,transferred_platt_red_win_probability,8,0,,
baseline,mean-total,control,0.0,division:2026cur,transferred_platt_red_win_probability,9,0,,
baseline,mean-total,control,0.0,division:2026cur,transferred_score_red_win_probability,0,0,,
baseline,mean-total,control,0.0,division:2026cur,transferred_score_red_win_probability,1,0,,
baseline,mean-total,control,0.0,division:2026cur,transferred_score_red_win_probability,2,0,,
baseline,mean-total,control,0.0,division:2026cur,transferred_score_red_win_probability,3,0,,
baseline,mean-total,control,0.0,division:2026cur,transferred_score_red_win_probability,4,0,,
baseline,mean-total,control,0.0,division:2026cur,transferred_score_red_win_probability,5,136,0.5267680599844295,0.5514705882352942
baseline,mean-total,control,0.0,division:2026cur,transferred_score_red_win_probability,6,0,,
baseline,mean-total,control,0.0,division:2026cur,transferred_score_red_win_probability,7,0,,
baseline,mean-total,control,0.0,division:2026cur,transferred_score_red_win_probability,8,0,,
baseline,mean-total,control,0.0,division:2026cur,transferred_score_red_win_probability,9,0,,
baseline,mean-total,control,0.0,division:2026dal,raw_pred_red_win_probability,0,0,,
baseline,mean-total,control,0.0,division:2026dal,raw_pred_red_win_probability,1,0,,
baseline,mean-total,control,0.0,division:2026dal,raw_pred_red_win_probability,2,0,,
baseline,mean-total,control,0.0,division:2026dal,raw_pred_red_win_probability,3,0,,
baseline,mean-total,control,0.0,division:2026dal,raw_pred_red_win_probability,4,0,,
baseline,mean-total,control,0.0,division:2026dal,raw_pred_red_win_probability,5,138,0.5267680599844297,0.4782608695652174
baseline,mean-total,control,0.0,division:2026dal,raw_pred_red_win_probability,6,0,,
baseline,mean-total,control,0.0,division:2026dal,raw_pred_red_win_probability,7,0,,
baseline,mean-total,control,0.0,division:2026dal,raw_pred_red_win_probability,8,0,,
baseline,mean-total,control,0.0,division:2026dal,raw_pred_red_win_probability,9,0,,
baseline,mean-total,control,0.0,division:2026dal,transferred_platt_red_win_probability,0,0,,
baseline,mean-total,control,0.0,division:2026dal,transferred_platt_red_win_probability,1,0,,
baseline,mean-total,control,0.0,division:2026dal,transferred_platt_red_win_probability,2,0,,
baseline,mean-total,control,0.0,division:2026dal,transferred_platt_red_win_probability,3,0,,
baseline,mean-total,control,0.0,division:2026dal,transferred_platt_red_win_probability,4,0,,
baseline,mean-total,control,0.0,division:2026dal,transferred_platt_red_win_probability,5,138,0.5267680599844297,0.4782608695652174
baseline,mean-total,control,0.0,division:2026dal,transferred_platt_red_win_probability,6,0,,
baseline,mean-total,control,0.0,division:2026dal,transferred_platt_red_win_probability,7,0,,
baseline,mean-total,control,0.0,division:2026dal,transferred_platt_red_win_probability,8,0,,
baseline,mean-total,control,0.0,division:2026dal,transferred_platt_red_win_probability,9,0,,
baseline,mean-total,control,0.0,division:2026dal,transferred_score_red_win_probability,0,0,,
baseline,mean-total,control,0.0,division:2026dal,transferred_score_red_win_probability,1,0,,
baseline,mean-total,control,0.0,division:2026dal,transferred_score_red_win_probability,2,0,,
baseline,mean-total,control,0.0,division:2026dal,transferred_score_red_win_probability,3,0,,
baseline,mean-total,control,0.0,division:2026dal,transferred_score_red_win_probability,4,0,,
baseline,mean-total,control,0.0,division:2026dal,transferred_score_red_win_probability,5,138,0.5267680599844297,0.4782608695652174
baseline,mean-total,control,0.0,division:2026dal,transferred_score_red_win_probability,6,0,,
baseline,mean-total,control,0.0,division:2026dal,transferred_score_red_win_probability,7,0,,
baseline,mean-total,control,0.0,division:2026dal,transferred_score_red_win_probability,8,0,,
baseline,mean-total,control,0.0,division:2026dal,transferred_score_red_win_probability,9,0,,
baseline,mean-total,control,0.0,division:2026gal,raw_pred_red_win_probability,0,0,,
baseline,mean-total,control,0.0,division:2026gal,raw_pred_red_win_probability,1,0,,
baseline,mean-total,control,0.0,division:2026gal,raw_pred_red_win_probability,2,0,,
baseline,mean-total,control,0.0,division:2026gal,raw_pred_red_win_probability,3,0,,
baseline,mean-total,control,0.0,division:2026gal,raw_pred_red_win_probability,4,0,,
baseline,mean-total,control,0.0,division:2026gal,raw_pred_red_win_probability,5,138,0.5267680599844297,0.5797101449275363
baseline,mean-total,control,0.0,division:2026gal,raw_pred_red_win_probability,6,0,,
baseline,mean-total,control,0.0,division:2026gal,raw_pred_red_win_probability,7,0,,
baseline,mean-total,control,0.0,division:2026gal,raw_pred_red_win_probability,8,0,,
baseline,mean-total,control,0.0,division:2026gal,raw_pred_red_win_probability,9,0,,
baseline,mean-total,control,0.0,division:2026gal,transferred_platt_red_win_probability,0,0,,
baseline,mean-total,control,0.0,division:2026gal,transferred_platt_red_win_probability,1,0,,
baseline,mean-total,control,0.0,division:2026gal,transferred_platt_red_win_probability,2,0,,
baseline,mean-total,control,0.0,division:2026gal,transferred_platt_red_win_probability,3,0,,
baseline,mean-total,control,0.0,division:2026gal,transferred_platt_red_win_probability,4,0,,
baseline,mean-total,control,0.0,division:2026gal,transferred_platt_red_win_probability,5,138,0.5267680599844297,0.5797101449275363
baseline,mean-total,control,0.0,division:2026gal,transferred_platt_red_win_probability,6,0,,
baseline,mean-total,control,0.0,division:2026gal,transferred_platt_red_win_probability,7,0,,
baseline,mean-total,control,0.0,division:2026gal,transferred_platt_red_win_probability,8,0,,
baseline,mean-total,control,0.0,division:2026gal,transferred_platt_red_win_probability,9,0,,
baseline,mean-total,control,0.0,division:2026gal,transferred_score_red_win_probability,0,0,,
baseline,mean-total,control,0.0,division:2026gal,transferred_score_red_win_probability,1,0,,
baseline,mean-total,control,0.0,division:2026gal,transferred_score_red_win_probability,2,0,,
baseline,mean-total,control,0.0,division:2026gal,transferred_score_red_win_probability,3,0,,
baseline,mean-total,control,0.0,division:2026gal,transferred_score_red_win_probability,4,0,,
baseline,mean-total,control,0.0,division:2026gal,transferred_score_red_win_probability,5,138,0.5267680599844297,0.5797101449275363
baseline,mean-total,control,0.0,division:2026gal,transferred_score_red_win_probability,6,0,,
baseline,mean-total,control,0.0,division:2026gal,transferred_score_red_win_probability,7,0,,
baseline,mean-total,control,0.0,division:2026gal,transferred_score_red_win_probability,8,0,,
baseline,mean-total,control,0.0,division:2026gal,transferred_score_red_win_probability,9,0,,
baseline,mean-total,control,0.0,division:2026hop,raw_pred_red_win_probability,0,0,,
baseline,mean-total,control,0.0,division:2026hop,raw_pred_red_win_probability,1,0,,
baseline,mean-total,control,0.0,division:2026hop,raw_pred_red_win_probability,2,0,,
baseline,mean-total,control,0.0,division:2026hop,raw_pred_red_win_probability,3,0,,
baseline,mean-total,control,0.0,division:2026hop,raw_pred_red_win_probability,4,0,,
baseline,mean-total,control,0.0,division:2026hop,raw_pred_red_win_probability,5,140,0.5267680599844295,0.4928571428571429
baseline,mean-total,control,0.0,division:2026hop,raw_pred_red_win_probability,6,0,,
baseline,mean-total,control,0.0,division:2026hop,raw_pred_red_win_probability,7,0,,
baseline,mean-total,control,0.0,division:2026hop,raw_pred_red_win_probability,8,0,,
baseline,mean-total,control,0.0,division:2026hop,raw_pred_red_win_probability,9,0,,
baseline,mean-total,control,0.0,division:2026hop,transferred_platt_red_win_probability,0,0,,
baseline,mean-total,control,0.0,division:2026hop,transferred_platt_red_win_probability,1,0,,
baseline,mean-total,control,0.0,division:2026hop,transferred_platt_red_win_probability,2,0,,
baseline,mean-total,control,0.0,division:2026hop,transferred_platt_red_win_probability,3,0,,
baseline,mean-total,control,0.0,division:2026hop,transferred_platt_red_win_probability,4,0,,
baseline,mean-total,control,0.0,division:2026hop,transferred_platt_red_win_probability,5,140,0.5267680599844295,0.4928571428571429
baseline,mean-total,control,0.0,division:2026hop,transferred_platt_red_win_probability,6,0,,
baseline,mean-total,control,0.0,division:2026hop,transferred_platt_red_win_probability,7,0,,
baseline,mean-total,control,0.0,division:2026hop,transferred_platt_red_win_probability,8,0,,
baseline,mean-total,control,0.0,division:2026hop,transferred_platt_red_win_probability,9,0,,
baseline,mean-total,control,0.0,division:2026hop,transferred_score_red_win_probability,0,0,,
baseline,mean-total,control,0.0,division:2026hop,transferred_score_red_win_probability,1,0,,
baseline,mean-total,control,0.0,division:2026hop,transferred_score_red_win_probability,2,0,,
baseline,mean-total,control,0.0,division:2026hop,transferred_score_red_win_probability,3,0,,
baseline,mean-total,control,0.0,division:2026hop,transferred_score_red_win_probability,4,0,,
baseline,mean-total,control,0.0,division:2026hop,transferred_score_red_win_probability,5,140,0.5267680599844295,0.4928571428571429
baseline,mean-total,control,0.0,division:2026hop,transferred_score_red_win_probability,6,0,,
baseline,mean-total,control,0.0,division:2026hop,transferred_score_red_win_probability,7,0,,
baseline,mean-total,control,0.0,division:2026hop,transferred_score_red_win_probability,8,0,,
baseline,mean-total,control,0.0,division:2026hop,transferred_score_red_win_probability,9,0,,
baseline,mean-total,control,0.0,division:2026joh,raw_pred_red_win_probability,0,0,,
baseline,mean-total,control,0.0,division:2026joh,raw_pred_red_win_probability,1,0,,
baseline,mean-total,control,0.0,division:2026joh,raw_pred_red_win_probability,2,0,,
baseline,mean-total,control,0.0,division:2026joh,raw_pred_red_win_probability,3,0,,
baseline,mean-total,control,0.0,division:2026joh,raw_pred_red_win_probability,4,0,,
baseline,mean-total,control,0.0,division:2026joh,raw_pred_red_win_probability,5,138,0.5267680599844297,0.5507246376811594
baseline,mean-total,control,0.0,division:2026joh,raw_pred_red_win_probability,6,0,,
baseline,mean-total,control,0.0,division:2026joh,raw_pred_red_win_probability,7,0,,
baseline,mean-total,control,0.0,division:2026joh,raw_pred_red_win_probability,8,0,,
baseline,mean-total,control,0.0,division:2026joh,raw_pred_red_win_probability,9,0,,
baseline,mean-total,control,0.0,division:2026joh,transferred_platt_red_win_probability,0,0,,
baseline,mean-total,control,0.0,division:2026joh,transferred_platt_red_win_probability,1,0,,
baseline,mean-total,control,0.0,division:2026joh,transferred_platt_red_win_probability,2,0,,
baseline,mean-total,control,0.0,division:2026joh,transferred_platt_red_win_probability,3,0,,
baseline,mean-total,control,0.0,division:2026joh,transferred_platt_red_win_probability,4,0,,
baseline,mean-total,control,0.0,division:2026joh,transferred_platt_red_win_probability,5,138,0.5267680599844297,0.5507246376811594
baseline,mean-total,control,0.0,division:2026joh,transferred_platt_red_win_probability,6,0,,
baseline,mean-total,control,0.0,division:2026joh,transferred_platt_red_win_probability,7,0,,
baseline,mean-total,control,0.0,division:2026joh,transferred_platt_red_win_probability,8,0,,
baseline,mean-total,control,0.0,division:2026joh,transferred_platt_red_win_probability,9,0,,
baseline,mean-total,control,0.0,division:2026joh,transferred_score_red_win_probability,0,0,,
baseline,mean-total,control,0.0,division:2026joh,transferred_score_red_win_probability,1,0,,
baseline,mean-total,control,0.0,division:2026joh,transferred_score_red_win_probability,2,0,,
baseline,mean-total,control,0.0,division:2026joh,transferred_score_red_win_probability,3,0,,
baseline,mean-total,control,0.0,division:2026joh,transferred_score_red_win_probability,4,0,,
baseline,mean-total,control,0.0,division:2026joh,transferred_score_red_win_probability,5,138,0.5267680599844297,0.5507246376811594
baseline,mean-total,control,0.0,division:2026joh,transferred_score_red_win_probability,6,0,,
baseline,mean-total,control,0.0,division:2026joh,transferred_score_red_win_probability,7,0,,
baseline,mean-total,control,0.0,division:2026joh,transferred_score_red_win_probability,8,0,,
baseline,mean-total,control,0.0,division:2026joh,transferred_score_red_win_probability,9,0,,
baseline,mean-total,control,0.0,division:2026mil,raw_pred_red_win_probability,0,0,,
baseline,mean-total,control,0.0,division:2026mil,raw_pred_red_win_probability,1,0,,
baseline,mean-total,control,0.0,division:2026mil,raw_pred_red_win_probability,2,0,,
baseline,mean-total,control,0.0,division:2026mil,raw_pred_red_win_probability,3,0,,
baseline,mean-total,control,0.0,division:2026mil,raw_pred_red_win_probability,4,0,,
baseline,mean-total,control,0.0,division:2026mil,raw_pred_red_win_probability,5,136,0.5267680599844295,0.5073529411764706
baseline,mean-total,control,0.0,division:2026mil,raw_pred_red_win_probability,6,0,,
baseline,mean-total,control,0.0,division:2026mil,raw_pred_red_win_probability,7,0,,
baseline,mean-total,control,0.0,division:2026mil,raw_pred_red_win_probability,8,0,,
baseline,mean-total,control,0.0,division:2026mil,raw_pred_red_win_probability,9,0,,
baseline,mean-total,control,0.0,division:2026mil,transferred_platt_red_win_probability,0,0,,
baseline,mean-total,control,0.0,division:2026mil,transferred_platt_red_win_probability,1,0,,
baseline,mean-total,control,0.0,division:2026mil,transferred_platt_red_win_probability,2,0,,
baseline,mean-total,control,0.0,division:2026mil,transferred_platt_red_win_probability,3,0,,
baseline,mean-total,control,0.0,division:2026mil,transferred_platt_red_win_probability,4,0,,
baseline,mean-total,control,0.0,division:2026mil,transferred_platt_red_win_probability,5,136,0.5267680599844295,0.5073529411764706
baseline,mean-total,control,0.0,division:2026mil,transferred_platt_red_win_probability,6,0,,
baseline,mean-total,control,0.0,division:2026mil,transferred_platt_red_win_probability,7,0,,
baseline,mean-total,control,0.0,division:2026mil,transferred_platt_red_win_probability,8,0,,
baseline,mean-total,control,0.0,division:2026mil,transferred_platt_red_win_probability,9,0,,
baseline,mean-total,control,0.0,division:2026mil,transferred_score_red_win_probability,0,0,,
baseline,mean-total,control,0.0,division:2026mil,transferred_score_red_win_probability,1,0,,
baseline,mean-total,control,0.0,division:2026mil,transferred_score_red_win_probability,2,0,,
baseline,mean-total,control,0.0,division:2026mil,transferred_score_red_win_probability,3,0,,
baseline,mean-total,control,0.0,division:2026mil,transferred_score_red_win_probability,4,0,,
baseline,mean-total,control,0.0,division:2026mil,transferred_score_red_win_probability,5,136,0.5267680599844295,0.5073529411764706
baseline,mean-total,control,0.0,division:2026mil,transferred_score_red_win_probability,6,0,,
baseline,mean-total,control,0.0,division:2026mil,transferred_score_red_win_probability,7,0,,
baseline,mean-total,control,0.0,division:2026mil,transferred_score_red_win_probability,8,0,,
baseline,mean-total,control,0.0,division:2026mil,transferred_score_red_win_probability,9,0,,
baseline,mean-total,control,0.0,division:2026new,raw_pred_red_win_probability,0,0,,
baseline,mean-total,control,0.0,division:2026new,raw_pred_red_win_probability,1,0,,
baseline,mean-total,control,0.0,division:2026new,raw_pred_red_win_probability,2,0,,
baseline,mean-total,control,0.0,division:2026new,raw_pred_red_win_probability,3,0,,
baseline,mean-total,control,0.0,division:2026new,raw_pred_red_win_probability,4,0,,
baseline,mean-total,control,0.0,division:2026new,raw_pred_red_win_probability,5,140,0.5267680599844295,0.5214285714285715
baseline,mean-total,control,0.0,division:2026new,raw_pred_red_win_probability,6,0,,
baseline,mean-total,control,0.0,division:2026new,raw_pred_red_win_probability,7,0,,
baseline,mean-total,control,0.0,division:2026new,raw_pred_red_win_probability,8,0,,
baseline,mean-total,control,0.0,division:2026new,raw_pred_red_win_probability,9,0,,
baseline,mean-total,control,0.0,division:2026new,transferred_platt_red_win_probability,0,0,,
baseline,mean-total,control,0.0,division:2026new,transferred_platt_red_win_probability,1,0,,
baseline,mean-total,control,0.0,division:2026new,transferred_platt_red_win_probability,2,0,,
baseline,mean-total,control,0.0,division:2026new,transferred_platt_red_win_probability,3,0,,
baseline,mean-total,control,0.0,division:2026new,transferred_platt_red_win_probability,4,0,,
baseline,mean-total,control,0.0,division:2026new,transferred_platt_red_win_probability,5,140,0.5267680599844295,0.5214285714285715
baseline,mean-total,control,0.0,division:2026new,transferred_platt_red_win_probability,6,0,,
baseline,mean-total,control,0.0,division:2026new,transferred_platt_red_win_probability,7,0,,
baseline,mean-total,control,0.0,division:2026new,transferred_platt_red_win_probability,8,0,,
baseline,mean-total,control,0.0,division:2026new,transferred_platt_red_win_probability,9,0,,
baseline,mean-total,control,0.0,division:2026new,transferred_score_red_win_probability,0,0,,
baseline,mean-total,control,0.0,division:2026new,transferred_score_red_win_probability,1,0,,
baseline,mean-total,control,0.0,division:2026new,transferred_score_red_win_probability,2,0,,
baseline,mean-total,control,0.0,division:2026new,transferred_score_red_win_probability,3,0,,
baseline,mean-total,control,0.0,division:2026new,transferred_score_red_win_probability,4,0,,
baseline,mean-total,control,0.0,division:2026new,transferred_score_red_win_probability,5,140,0.5267680599844295,0.5214285714285715
baseline,mean-total,control,0.0,division:2026new,transferred_score_red_win_probability,6,0,,
baseline,mean-total,control,0.0,division:2026new,transferred_score_red_win_probability,7,0,,
baseline,mean-total,control,0.0,division:2026new,transferred_score_red_win_probability,8,0,,
baseline,mean-total,control,0.0,division:2026new,transferred_score_red_win_probability,9,0,,
baseline,mean-total,control,0.0,observation:high,raw_pred_red_win_probability,0,0,,
baseline,mean-total,control,0.0,observation:high,raw_pred_red_win_probability,1,0,,
baseline,mean-total,control,0.0,observation:high,raw_pred_red_win_probability,2,0,,
baseline,mean-total,control,0.0,observation:high,raw_pred_red_win_probability,3,0,,
baseline,mean-total,control,0.0,observation:high,raw_pred_red_win_probability,4,0,,
baseline,mean-total,control,0.0,observation:high,raw_pred_red_win_probability,5,1056,0.5267680599844297,0.521780303030303
baseline,mean-total,control,0.0,observation:high,raw_pred_red_win_probability,6,0,,
baseline,mean-total,control,0.0,observation:high,raw_pred_red_win_probability,7,0,,
baseline,mean-total,control,0.0,observation:high,raw_pred_red_win_probability,8,0,,
baseline,mean-total,control,0.0,observation:high,raw_pred_red_win_probability,9,0,,
baseline,mean-total,control,0.0,observation:high,transferred_platt_red_win_probability,0,0,,
baseline,mean-total,control,0.0,observation:high,transferred_platt_red_win_probability,1,0,,
baseline,mean-total,control,0.0,observation:high,transferred_platt_red_win_probability,2,0,,
baseline,mean-total,control,0.0,observation:high,transferred_platt_red_win_probability,3,0,,
baseline,mean-total,control,0.0,observation:high,transferred_platt_red_win_probability,4,0,,
baseline,mean-total,control,0.0,observation:high,transferred_platt_red_win_probability,5,1056,0.5267680599844297,0.521780303030303
baseline,mean-total,control,0.0,observation:high,transferred_platt_red_win_probability,6,0,,
baseline,mean-total,control,0.0,observation:high,transferred_platt_red_win_probability,7,0,,
baseline,mean-total,control,0.0,observation:high,transferred_platt_red_win_probability,8,0,,
baseline,mean-total,control,0.0,observation:high,transferred_platt_red_win_probability,9,0,,
baseline,mean-total,control,0.0,observation:high,transferred_score_red_win_probability,0,0,,
baseline,mean-total,control,0.0,observation:high,transferred_score_red_win_probability,1,0,,
baseline,mean-total,control,0.0,observation:high,transferred_score_red_win_probability,2,0,,
baseline,mean-total,control,0.0,observation:high,transferred_score_red_win_probability,3,0,,
baseline,mean-total,control,0.0,observation:high,transferred_score_red_win_probability,4,0,,
baseline,mean-total,control,0.0,observation:high,transferred_score_red_win_probability,5,1056,0.5267680599844297,0.521780303030303
baseline,mean-total,control,0.0,observation:high,transferred_score_red_win_probability,6,0,,
baseline,mean-total,control,0.0,observation:high,transferred_score_red_win_probability,7,0,,
baseline,mean-total,control,0.0,observation:high,transferred_score_red_win_probability,8,0,,
baseline,mean-total,control,0.0,observation:high,transferred_score_red_win_probability,9,0,,
baseline,mean-total,control,0.0,observation:low,raw_pred_red_win_probability,0,0,,
baseline,mean-total,control,0.0,observation:low,raw_pred_red_win_probability,1,0,,
baseline,mean-total,control,0.0,observation:low,raw_pred_red_win_probability,2,0,,
baseline,mean-total,control,0.0,observation:low,raw_pred_red_win_probability,3,0,,
baseline,mean-total,control,0.0,observation:low,raw_pred_red_win_probability,4,0,,
baseline,mean-total,control,0.0,observation:low,raw_pred_red_win_probability,5,2,0.5267680599844297,0.5
baseline,mean-total,control,0.0,observation:low,raw_pred_red_win_probability,6,0,,
baseline,mean-total,control,0.0,observation:low,raw_pred_red_win_probability,7,0,,
baseline,mean-total,control,0.0,observation:low,raw_pred_red_win_probability,8,0,,
baseline,mean-total,control,0.0,observation:low,raw_pred_red_win_probability,9,0,,
baseline,mean-total,control,0.0,observation:low,transferred_platt_red_win_probability,0,0,,
baseline,mean-total,control,0.0,observation:low,transferred_platt_red_win_probability,1,0,,
baseline,mean-total,control,0.0,observation:low,transferred_platt_red_win_probability,2,0,,
baseline,mean-total,control,0.0,observation:low,transferred_platt_red_win_probability,3,0,,
baseline,mean-total,control,0.0,observation:low,transferred_platt_red_win_probability,4,0,,
baseline,mean-total,control,0.0,observation:low,transferred_platt_red_win_probability,5,2,0.5267680599844297,0.5
baseline,mean-total,control,0.0,observation:low,transferred_platt_red_win_probability,6,0,,
baseline,mean-total,control,0.0,observation:low,transferred_platt_red_win_probability,7,0,,
baseline,mean-total,control,0.0,observation:low,transferred_platt_red_win_probability,8,0,,
baseline,mean-total,control,0.0,observation:low,transferred_platt_red_win_probability,9,0,,
baseline,mean-total,control,0.0,observation:low,transferred_score_red_win_probability,0,0,,
baseline,mean-total,control,0.0,observation:low,transferred_score_red_win_probability,1,0,,
baseline,mean-total,control,0.0,observation:low,transferred_score_red_win_probability,2,0,,
baseline,mean-total,control,0.0,observation:low,transferred_score_red_win_probability,3,0,,
baseline,mean-total,control,0.0,observation:low,transferred_score_red_win_probability,4,0,,
baseline,mean-total,control,0.0,observation:low,transferred_score_red_win_probability,5,2,0.5267680599844297,0.5
baseline,mean-total,control,0.0,observation:low,transferred_score_red_win_probability,6,0,,
baseline,mean-total,control,0.0,observation:low,transferred_score_red_win_probability,7,0,,
baseline,mean-total,control,0.0,observation:low,transferred_score_red_win_probability,8,0,,
baseline,mean-total,control,0.0,observation:low,transferred_score_red_win_probability,9,0,,
baseline,mean-total,control,0.0,observation:medium,raw_pred_red_win_probability,0,0,,
baseline,mean-total,control,0.0,observation:medium,raw_pred_red_win_probability,1,0,,
baseline,mean-total,control,0.0,observation:medium,raw_pred_red_win_probability,2,0,,
baseline,mean-total,control,0.0,observation:medium,raw_pred_red_win_probability,3,0,,
baseline,mean-total,control,0.0,observation:medium,raw_pred_red_win_probability,4,0,,
baseline,mean-total,control,0.0,observation:medium,raw_pred_red_win_probability,5,48,0.5267680599844297,0.5416666666666666
baseline,mean-total,control,0.0,observation:medium,raw_pred_red_win_probability,6,0,,
baseline,mean-total,control,0.0,observation:medium,raw_pred_red_win_probability,7,0,,
baseline,mean-total,control,0.0,observation:medium,raw_pred_red_win_probability,8,0,,
baseline,mean-total,control,0.0,observation:medium,raw_pred_red_win_probability,9,0,,
baseline,mean-total,control,0.0,observation:medium,transferred_platt_red_win_probability,0,0,,
baseline,mean-total,control,0.0,observation:medium,transferred_platt_red_win_probability,1,0,,
baseline,mean-total,control,0.0,observation:medium,transferred_platt_red_win_probability,2,0,,
baseline,mean-total,control,0.0,observation:medium,transferred_platt_red_win_probability,3,0,,
baseline,mean-total,control,0.0,observation:medium,transferred_platt_red_win_probability,4,0,,
baseline,mean-total,control,0.0,observation:medium,transferred_platt_red_win_probability,5,48,0.5267680599844297,0.5416666666666666
baseline,mean-total,control,0.0,observation:medium,transferred_platt_red_win_probability,6,0,,
baseline,mean-total,control,0.0,observation:medium,transferred_platt_red_win_probability,7,0,,
baseline,mean-total,control,0.0,observation:medium,transferred_platt_red_win_probability,8,0,,
baseline,mean-total,control,0.0,observation:medium,transferred_platt_red_win_probability,9,0,,
baseline,mean-total,control,0.0,observation:medium,transferred_score_red_win_probability,0,0,,
baseline,mean-total,control,0.0,observation:medium,transferred_score_red_win_probability,1,0,,
baseline,mean-total,control,0.0,observation:medium,transferred_score_red_win_probability,2,0,,
baseline,mean-total,control,0.0,observation:medium,transferred_score_red_win_probability,3,0,,
baseline,mean-total,control,0.0,observation:medium,transferred_score_red_win_probability,4,0,,
baseline,mean-total,control,0.0,observation:medium,transferred_score_red_win_probability,5,48,0.5267680599844297,0.5416666666666666
baseline,mean-total,control,0.0,observation:medium,transferred_score_red_win_probability,6,0,,
baseline,mean-total,control,0.0,observation:medium,transferred_score_red_win_probability,7,0,,
baseline,mean-total,control,0.0,observation:medium,transferred_score_red_win_probability,8,0,,
baseline,mean-total,control,0.0,observation:medium,transferred_score_red_win_probability,9,0,,
historical-uncontrolled-reference,additive,historical,,primary-clean,raw_pred_red_win_probability,0,2,0.08457116891400676,0.0
historical-uncontrolled-reference,additive,historical,,primary-clean,raw_pred_red_win_probability,1,13,0.14682194032735402,0.0
historical-uncontrolled-reference,additive,historical,,primary-clean,raw_pred_red_win_probability,2,46,0.2563983341924299,0.13043478260869565
historical-uncontrolled-reference,additive,historical,,primary-clean,raw_pred_red_win_probability,3,74,0.3551068783111649,0.10810810810810811
historical-uncontrolled-reference,additive,historical,,primary-clean,raw_pred_red_win_probability,4,126,0.4517150496371418,0.21428571428571427
historical-uncontrolled-reference,additive,historical,,primary-clean,raw_pred_red_win_probability,5,166,0.5471230233089642,0.37349397590361444
historical-uncontrolled-reference,additive,historical,,primary-clean,raw_pred_red_win_probability,6,208,0.6502405652557892,0.5144230769230769
historical-uncontrolled-reference,additive,historical,,primary-clean,raw_pred_red_win_probability,7,239,0.7480577554676663,0.6903765690376569
historical-uncontrolled-reference,additive,historical,,primary-clean,raw_pred_red_win_probability,8,186,0.8422565526483501,0.8548387096774194
historical-uncontrolled-reference,additive,historical,,primary-clean,raw_pred_red_win_probability,9,46,0.9310921218328325,0.9565217391304348
historical-uncontrolled-reference,additive,historical,,primary-clean,transferred_platt_red_win_probability,0,2,0.08457116891400676,0.0
historical-uncontrolled-reference,additive,historical,,primary-clean,transferred_platt_red_win_probability,1,13,0.14682194032735402,0.0
historical-uncontrolled-reference,additive,historical,,primary-clean,transferred_platt_red_win_probability,2,46,0.2563983341924299,0.13043478260869565
historical-uncontrolled-reference,additive,historical,,primary-clean,transferred_platt_red_win_probability,3,74,0.3551068783111649,0.10810810810810811
historical-uncontrolled-reference,additive,historical,,primary-clean,transferred_platt_red_win_probability,4,126,0.4517150496371418,0.21428571428571427
historical-uncontrolled-reference,additive,historical,,primary-clean,transferred_platt_red_win_probability,5,166,0.5471230233089642,0.37349397590361444
historical-uncontrolled-reference,additive,historical,,primary-clean,transferred_platt_red_win_probability,6,208,0.6502405652557892,0.5144230769230769
historical-uncontrolled-reference,additive,historical,,primary-clean,transferred_platt_red_win_probability,7,239,0.7480577554676663,0.6903765690376569
historical-uncontrolled-reference,additive,historical,,primary-clean,transferred_platt_red_win_probability,8,186,0.8422565526483501,0.8548387096774194
historical-uncontrolled-reference,additive,historical,,primary-clean,transferred_platt_red_win_probability,9,46,0.9310921218328325,0.9565217391304348
historical-uncontrolled-reference,additive,historical,,primary-clean,transferred_score_red_win_probability,0,2,0.08457116891400676,0.0
historical-uncontrolled-reference,additive,historical,,primary-clean,transferred_score_red_win_probability,1,13,0.14682194032735402,0.0
historical-uncontrolled-reference,additive,historical,,primary-clean,transferred_score_red_win_probability,2,46,0.2563983341924299,0.13043478260869565
historical-uncontrolled-reference,additive,historical,,primary-clean,transferred_score_red_win_probability,3,74,0.3551068783111649,0.10810810810810811
historical-uncontrolled-reference,additive,historical,,primary-clean,transferred_score_red_win_probability,4,126,0.4517150496371418,0.21428571428571427
historical-uncontrolled-reference,additive,historical,,primary-clean,transferred_score_red_win_probability,5,166,0.5471230233089642,0.37349397590361444
historical-uncontrolled-reference,additive,historical,,primary-clean,transferred_score_red_win_probability,6,208,0.6502405652557892,0.5144230769230769
historical-uncontrolled-reference,additive,historical,,primary-clean,transferred_score_red_win_probability,7,239,0.7480577554676663,0.6903765690376569
historical-uncontrolled-reference,additive,historical,,primary-clean,transferred_score_red_win_probability,8,186,0.8422565526483501,0.8548387096774194
historical-uncontrolled-reference,additive,historical,,primary-clean,transferred_score_red_win_probability,9,46,0.9310921218328325,0.9565217391304348
historical-uncontrolled-reference,additive,historical,,all-official,raw_pred_red_win_probability,0,2,0.08457116891400676,0.0
historical-uncontrolled-reference,additive,historical,,all-official,raw_pred_red_win_probability,1,13,0.14682194032735402,0.0
historical-uncontrolled-reference,additive,historical,,all-official,raw_pred_red_win_probability,2,46,0.2563983341924299,0.13043478260869565
historical-uncontrolled-reference,additive,historical,,all-official,raw_pred_red_win_probability,3,74,0.3551068783111649,0.10810810810810811
historical-uncontrolled-reference,additive,historical,,all-official,raw_pred_red_win_probability,4,126,0.4517150496371418,0.21428571428571427
historical-uncontrolled-reference,additive,historical,,all-official,raw_pred_red_win_probability,5,166,0.5471230233089642,0.37349397590361444
historical-uncontrolled-reference,additive,historical,,all-official,raw_pred_red_win_probability,6,208,0.6502405652557892,0.5144230769230769
historical-uncontrolled-reference,additive,historical,,all-official,raw_pred_red_win_probability,7,239,0.7480577554676663,0.6903765690376569
historical-uncontrolled-reference,additive,historical,,all-official,raw_pred_red_win_probability,8,186,0.8422565526483501,0.8548387096774194
historical-uncontrolled-reference,additive,historical,,all-official,raw_pred_red_win_probability,9,46,0.9310921218328325,0.9565217391304348
historical-uncontrolled-reference,additive,historical,,all-official,transferred_platt_red_win_probability,0,2,0.08457116891400676,0.0
historical-uncontrolled-reference,additive,historical,,all-official,transferred_platt_red_win_probability,1,13,0.14682194032735402,0.0
historical-uncontrolled-reference,additive,historical,,all-official,transferred_platt_red_win_probability,2,46,0.2563983341924299,0.13043478260869565
historical-uncontrolled-reference,additive,historical,,all-official,transferred_platt_red_win_probability,3,74,0.3551068783111649,0.10810810810810811
historical-uncontrolled-reference,additive,historical,,all-official,transferred_platt_red_win_probability,4,126,0.4517150496371418,0.21428571428571427
historical-uncontrolled-reference,additive,historical,,all-official,transferred_platt_red_win_probability,5,166,0.5471230233089642,0.37349397590361444
historical-uncontrolled-reference,additive,historical,,all-official,transferred_platt_red_win_probability,6,208,0.6502405652557892,0.5144230769230769
historical-uncontrolled-reference,additive,historical,,all-official,transferred_platt_red_win_probability,7,239,0.7480577554676663,0.6903765690376569
historical-uncontrolled-reference,additive,historical,,all-official,transferred_platt_red_win_probability,8,186,0.8422565526483501,0.8548387096774194
historical-uncontrolled-reference,additive,historical,,all-official,transferred_platt_red_win_probability,9,46,0.9310921218328325,0.9565217391304348
historical-uncontrolled-reference,additive,historical,,all-official,transferred_score_red_win_probability,0,2,0.08457116891400676,0.0
historical-uncontrolled-reference,additive,historical,,all-official,transferred_score_red_win_probability,1,13,0.14682194032735402,0.0
historical-uncontrolled-reference,additive,historical,,all-official,transferred_score_red_win_probability,2,46,0.2563983341924299,0.13043478260869565
historical-uncontrolled-reference,additive,historical,,all-official,transferred_score_red_win_probability,3,74,0.3551068783111649,0.10810810810810811
historical-uncontrolled-reference,additive,historical,,all-official,transferred_score_red_win_probability,4,126,0.4517150496371418,0.21428571428571427
historical-uncontrolled-reference,additive,historical,,all-official,transferred_score_red_win_probability,5,166,0.5471230233089642,0.37349397590361444
historical-uncontrolled-reference,additive,historical,,all-official,transferred_score_red_win_probability,6,208,0.6502405652557892,0.5144230769230769
historical-uncontrolled-reference,additive,historical,,all-official,transferred_score_red_win_probability,7,239,0.7480577554676663,0.6903765690376569
historical-uncontrolled-reference,additive,historical,,all-official,transferred_score_red_win_probability,8,186,0.8422565526483501,0.8548387096774194
historical-uncontrolled-reference,additive,historical,,all-official,transferred_score_red_win_probability,9,46,0.9310921218328325,0.9565217391304348
historical-uncontrolled-reference,additive,historical,,DQ-only,raw_pred_red_win_probability,0,0,,
historical-uncontrolled-reference,additive,historical,,DQ-only,raw_pred_red_win_probability,1,0,,
historical-uncontrolled-reference,additive,historical,,DQ-only,raw_pred_red_win_probability,2,0,,
historical-uncontrolled-reference,additive,historical,,DQ-only,raw_pred_red_win_probability,3,0,,
historical-uncontrolled-reference,additive,historical,,DQ-only,raw_pred_red_win_probability,4,0,,
historical-uncontrolled-reference,additive,historical,,DQ-only,raw_pred_red_win_probability,5,0,,
historical-uncontrolled-reference,additive,historical,,DQ-only,raw_pred_red_win_probability,6,0,,
historical-uncontrolled-reference,additive,historical,,DQ-only,raw_pred_red_win_probability,7,0,,
historical-uncontrolled-reference,additive,historical,,DQ-only,raw_pred_red_win_probability,8,0,,
historical-uncontrolled-reference,additive,historical,,DQ-only,raw_pred_red_win_probability,9,0,,
historical-uncontrolled-reference,additive,historical,,DQ-only,transferred_platt_red_win_probability,0,0,,
historical-uncontrolled-reference,additive,historical,,DQ-only,transferred_platt_red_win_probability,1,0,,
historical-uncontrolled-reference,additive,historical,,DQ-only,transferred_platt_red_win_probability,2,0,,
historical-uncontrolled-reference,additive,historical,,DQ-only,transferred_platt_red_win_probability,3,0,,
historical-uncontrolled-reference,additive,historical,,DQ-only,transferred_platt_red_win_probability,4,0,,
historical-uncontrolled-reference,additive,historical,,DQ-only,transferred_platt_red_win_probability,5,0,,
historical-uncontrolled-reference,additive,historical,,DQ-only,transferred_platt_red_win_probability,6,0,,
historical-uncontrolled-reference,additive,historical,,DQ-only,transferred_platt_red_win_probability,7,0,,
historical-uncontrolled-reference,additive,historical,,DQ-only,transferred_platt_red_win_probability,8,0,,
historical-uncontrolled-reference,additive,historical,,DQ-only,transferred_platt_red_win_probability,9,0,,
historical-uncontrolled-reference,additive,historical,,DQ-only,transferred_score_red_win_probability,0,0,,
historical-uncontrolled-reference,additive,historical,,DQ-only,transferred_score_red_win_probability,1,0,,
historical-uncontrolled-reference,additive,historical,,DQ-only,transferred_score_red_win_probability,2,0,,
historical-uncontrolled-reference,additive,historical,,DQ-only,transferred_score_red_win_probability,3,0,,
historical-uncontrolled-reference,additive,historical,,DQ-only,transferred_score_red_win_probability,4,0,,
historical-uncontrolled-reference,additive,historical,,DQ-only,transferred_score_red_win_probability,5,0,,
historical-uncontrolled-reference,additive,historical,,DQ-only,transferred_score_red_win_probability,6,0,,
historical-uncontrolled-reference,additive,historical,,DQ-only,transferred_score_red_win_probability,7,0,,
historical-uncontrolled-reference,additive,historical,,DQ-only,transferred_score_red_win_probability,8,0,,
historical-uncontrolled-reference,additive,historical,,DQ-only,transferred_score_red_win_probability,9,0,,
historical-uncontrolled-reference,additive,historical,,surrogate-only,raw_pred_red_win_probability,0,0,,
historical-uncontrolled-reference,additive,historical,,surrogate-only,raw_pred_red_win_probability,1,0,,
historical-uncontrolled-reference,additive,historical,,surrogate-only,raw_pred_red_win_probability,2,1,0.20679370202823835,0.0
historical-uncontrolled-reference,additive,historical,,surrogate-only,raw_pred_red_win_probability,3,0,,
historical-uncontrolled-reference,additive,historical,,surrogate-only,raw_pred_red_win_probability,4,0,,
historical-uncontrolled-reference,additive,historical,,surrogate-only,raw_pred_red_win_probability,5,0,,
historical-uncontrolled-reference,additive,historical,,surrogate-only,raw_pred_red_win_probability,6,0,,
historical-uncontrolled-reference,additive,historical,,surrogate-only,raw_pred_red_win_probability,7,5,0.7617136380104849,0.8
historical-uncontrolled-reference,additive,historical,,surrogate-only,raw_pred_red_win_probability,8,0,,
historical-uncontrolled-reference,additive,historical,,surrogate-only,raw_pred_red_win_probability,9,0,,
historical-uncontrolled-reference,additive,historical,,surrogate-only,transferred_platt_red_win_probability,0,0,,
historical-uncontrolled-reference,additive,historical,,surrogate-only,transferred_platt_red_win_probability,1,0,,
historical-uncontrolled-reference,additive,historical,,surrogate-only,transferred_platt_red_win_probability,2,1,0.20679370202823835,0.0
historical-uncontrolled-reference,additive,historical,,surrogate-only,transferred_platt_red_win_probability,3,0,,
historical-uncontrolled-reference,additive,historical,,surrogate-only,transferred_platt_red_win_probability,4,0,,
historical-uncontrolled-reference,additive,historical,,surrogate-only,transferred_platt_red_win_probability,5,0,,
historical-uncontrolled-reference,additive,historical,,surrogate-only,transferred_platt_red_win_probability,6,0,,
historical-uncontrolled-reference,additive,historical,,surrogate-only,transferred_platt_red_win_probability,7,5,0.7617136380104849,0.8
historical-uncontrolled-reference,additive,historical,,surrogate-only,transferred_platt_red_win_probability,8,0,,
historical-uncontrolled-reference,additive,historical,,surrogate-only,transferred_platt_red_win_probability,9,0,,
historical-uncontrolled-reference,additive,historical,,surrogate-only,transferred_score_red_win_probability,0,0,,
historical-uncontrolled-reference,additive,historical,,surrogate-only,transferred_score_red_win_probability,1,0,,
historical-uncontrolled-reference,additive,historical,,surrogate-only,transferred_score_red_win_probability,2,1,0.20679370202823835,0.0
historical-uncontrolled-reference,additive,historical,,surrogate-only,transferred_score_red_win_probability,3,0,,
historical-uncontrolled-reference,additive,historical,,surrogate-only,transferred_score_red_win_probability,4,0,,
historical-uncontrolled-reference,additive,historical,,surrogate-only,transferred_score_red_win_probability,5,0,,
historical-uncontrolled-reference,additive,historical,,surrogate-only,transferred_score_red_win_probability,6,0,,
historical-uncontrolled-reference,additive,historical,,surrogate-only,transferred_score_red_win_probability,7,5,0.7617136380104849,0.8
historical-uncontrolled-reference,additive,historical,,surrogate-only,transferred_score_red_win_probability,8,0,,
historical-uncontrolled-reference,additive,historical,,surrogate-only,transferred_score_red_win_probability,9,0,,
historical-uncontrolled-reference,additive,historical,,division:2026arc,raw_pred_red_win_probability,0,0,,
historical-uncontrolled-reference,additive,historical,,division:2026arc,raw_pred_red_win_probability,1,2,0.12675747518774777,0.0
historical-uncontrolled-reference,additive,historical,,division:2026arc,raw_pred_red_win_probability,2,7,0.2543268503079818,0.14285714285714285
historical-uncontrolled-reference,additive,historical,,division:2026arc,raw_pred_red_win_probability,3,8,0.35683849162958603,0.0
historical-uncontrolled-reference,additive,historical,,division:2026arc,raw_pred_red_win_probability,4,16,0.4495186058476781,0.3125
historical-uncontrolled-reference,additive,historical,,division:2026arc,raw_pred_red_win_probability,5,19,0.5399155970484438,0.2631578947368421
historical-uncontrolled-reference,additive,historical,,division:2026arc,raw_pred_red_win_probability,6,28,0.6505878995703728,0.42857142857142855
historical-uncontrolled-reference,additive,historical,,division:2026arc,raw_pred_red_win_probability,7,28,0.7501726472737202,0.6071428571428571
historical-uncontrolled-reference,additive,historical,,division:2026arc,raw_pred_red_win_probability,8,27,0.8449108291996977,0.9629629629629629
historical-uncontrolled-reference,additive,historical,,division:2026arc,raw_pred_red_win_probability,9,5,0.9507666169310329,0.8
historical-uncontrolled-reference,additive,historical,,division:2026arc,transferred_platt_red_win_probability,0,0,,
historical-uncontrolled-reference,additive,historical,,division:2026arc,transferred_platt_red_win_probability,1,2,0.12675747518774777,0.0
historical-uncontrolled-reference,additive,historical,,division:2026arc,transferred_platt_red_win_probability,2,7,0.2543268503079818,0.14285714285714285
historical-uncontrolled-reference,additive,historical,,division:2026arc,transferred_platt_red_win_probability,3,8,0.35683849162958603,0.0
historical-uncontrolled-reference,additive,historical,,division:2026arc,transferred_platt_red_win_probability,4,16,0.4495186058476781,0.3125
historical-uncontrolled-reference,additive,historical,,division:2026arc,transferred_platt_red_win_probability,5,19,0.5399155970484438,0.2631578947368421
historical-uncontrolled-reference,additive,historical,,division:2026arc,transferred_platt_red_win_probability,6,28,0.6505878995703728,0.42857142857142855
historical-uncontrolled-reference,additive,historical,,division:2026arc,transferred_platt_red_win_probability,7,28,0.7501726472737202,0.6071428571428571
historical-uncontrolled-reference,additive,historical,,division:2026arc,transferred_platt_red_win_probability,8,27,0.8449108291996977,0.9629629629629629
historical-uncontrolled-reference,additive,historical,,division:2026arc,transferred_platt_red_win_probability,9,5,0.9507666169310329,0.8
historical-uncontrolled-reference,additive,historical,,division:2026arc,transferred_score_red_win_probability,0,0,,
historical-uncontrolled-reference,additive,historical,,division:2026arc,transferred_score_red_win_probability,1,2,0.12675747518774777,0.0
historical-uncontrolled-reference,additive,historical,,division:2026arc,transferred_score_red_win_probability,2,7,0.2543268503079818,0.14285714285714285
historical-uncontrolled-reference,additive,historical,,division:2026arc,transferred_score_red_win_probability,3,8,0.35683849162958603,0.0
historical-uncontrolled-reference,additive,historical,,division:2026arc,transferred_score_red_win_probability,4,16,0.4495186058476781,0.3125
historical-uncontrolled-reference,additive,historical,,division:2026arc,transferred_score_red_win_probability,5,19,0.5399155970484438,0.2631578947368421
historical-uncontrolled-reference,additive,historical,,division:2026arc,transferred_score_red_win_probability,6,28,0.6505878995703728,0.42857142857142855
historical-uncontrolled-reference,additive,historical,,division:2026arc,transferred_score_red_win_probability,7,28,0.7501726472737202,0.6071428571428571
historical-uncontrolled-reference,additive,historical,,division:2026arc,transferred_score_red_win_probability,8,27,0.8449108291996977,0.9629629629629629
historical-uncontrolled-reference,additive,historical,,division:2026arc,transferred_score_red_win_probability,9,5,0.9507666169310329,0.8
historical-uncontrolled-reference,additive,historical,,division:2026cur,raw_pred_red_win_probability,0,0,,
historical-uncontrolled-reference,additive,historical,,division:2026cur,raw_pred_red_win_probability,1,3,0.14632712605482737,0.0
historical-uncontrolled-reference,additive,historical,,division:2026cur,raw_pred_red_win_probability,2,4,0.2500707712459443,0.25
historical-uncontrolled-reference,additive,historical,,division:2026cur,raw_pred_red_win_probability,3,6,0.34815805746124834,0.16666666666666666
historical-uncontrolled-reference,additive,historical,,division:2026cur,raw_pred_red_win_probability,4,18,0.45499769358655473,0.16666666666666666
historical-uncontrolled-reference,additive,historical,,division:2026cur,raw_pred_red_win_probability,5,22,0.5476512020020706,0.2727272727272727
historical-uncontrolled-reference,additive,historical,,division:2026cur,raw_pred_red_win_probability,6,23,0.6549571952229191,0.6086956521739131
historical-uncontrolled-reference,additive,historical,,division:2026cur,raw_pred_red_win_probability,7,33,0.7507595652692438,0.7575757575757576
historical-uncontrolled-reference,additive,historical,,division:2026cur,raw_pred_red_win_probability,8,24,0.8477620070539896,0.9166666666666666
historical-uncontrolled-reference,additive,historical,,division:2026cur,raw_pred_red_win_probability,9,3,0.929794873158844,1.0
historical-uncontrolled-reference,additive,historical,,division:2026cur,transferred_platt_red_win_probability,0,0,,
historical-uncontrolled-reference,additive,historical,,division:2026cur,transferred_platt_red_win_probability,1,3,0.14632712605482737,0.0
historical-uncontrolled-reference,additive,historical,,division:2026cur,transferred_platt_red_win_probability,2,4,0.2500707712459443,0.25
historical-uncontrolled-reference,additive,historical,,division:2026cur,transferred_platt_red_win_probability,3,6,0.34815805746124834,0.16666666666666666
historical-uncontrolled-reference,additive,historical,,division:2026cur,transferred_platt_red_win_probability,4,18,0.45499769358655473,0.16666666666666666
historical-uncontrolled-reference,additive,historical,,division:2026cur,transferred_platt_red_win_probability,5,22,0.5476512020020706,0.2727272727272727
historical-uncontrolled-reference,additive,historical,,division:2026cur,transferred_platt_red_win_probability,6,23,0.6549571952229191,0.6086956521739131
historical-uncontrolled-reference,additive,historical,,division:2026cur,transferred_platt_red_win_probability,7,33,0.7507595652692438,0.7575757575757576
historical-uncontrolled-reference,additive,historical,,division:2026cur,transferred_platt_red_win_probability,8,24,0.8477620070539896,0.9166666666666666
historical-uncontrolled-reference,additive,historical,,division:2026cur,transferred_platt_red_win_probability,9,3,0.929794873158844,1.0
historical-uncontrolled-reference,additive,historical,,division:2026cur,transferred_score_red_win_probability,0,0,,
historical-uncontrolled-reference,additive,historical,,division:2026cur,transferred_score_red_win_probability,1,3,0.14632712605482737,0.0
historical-uncontrolled-reference,additive,historical,,division:2026cur,transferred_score_red_win_probability,2,4,0.2500707712459443,0.25
historical-uncontrolled-reference,additive,historical,,division:2026cur,transferred_score_red_win_probability,3,6,0.34815805746124834,0.16666666666666666
historical-uncontrolled-reference,additive,historical,,division:2026cur,transferred_score_red_win_probability,4,18,0.45499769358655473,0.16666666666666666
historical-uncontrolled-reference,additive,historical,,division:2026cur,transferred_score_red_win_probability,5,22,0.5476512020020706,0.2727272727272727
historical-uncontrolled-reference,additive,historical,,division:2026cur,transferred_score_red_win_probability,6,23,0.6549571952229191,0.6086956521739131
historical-uncontrolled-reference,additive,historical,,division:2026cur,transferred_score_red_win_probability,7,33,0.7507595652692438,0.7575757575757576
historical-uncontrolled-reference,additive,historical,,division:2026cur,transferred_score_red_win_probability,8,24,0.8477620070539896,0.9166666666666666
historical-uncontrolled-reference,additive,historical,,division:2026cur,transferred_score_red_win_probability,9,3,0.929794873158844,1.0
historical-uncontrolled-reference,additive,historical,,division:2026dal,raw_pred_red_win_probability,0,0,,
historical-uncontrolled-reference,additive,historical,,division:2026dal,raw_pred_red_win_probability,1,1,0.16948532192556184,0.0
historical-uncontrolled-reference,additive,historical,,division:2026dal,raw_pred_red_win_probability,2,4,0.26419261716019715,0.25
historical-uncontrolled-reference,additive,historical,,division:2026dal,raw_pred_red_win_probability,3,12,0.3584057306441268,0.08333333333333333
historical-uncontrolled-reference,additive,historical,,division:2026dal,raw_pred_red_win_probability,4,15,0.4457906377671353,0.13333333333333333
historical-uncontrolled-reference,additive,historical,,division:2026dal,raw_pred_red_win_probability,5,23,0.5454190487708754,0.2608695652173913
historical-uncontrolled-reference,additive,historical,,division:2026dal,raw_pred_red_win_probability,6,25,0.6533111448770071,0.44
historical-uncontrolled-reference,additive,historical,,division:2026dal,raw_pred_red_win_probability,7,31,0.75169798701626,0.6451612903225806
historical-uncontrolled-reference,additive,historical,,division:2026dal,raw_pred_red_win_probability,8,17,0.845385727224415,0.8823529411764706
historical-uncontrolled-reference,additive,historical,,division:2026dal,raw_pred_red_win_probability,9,10,0.9420308235686242,1.0
historical-uncontrolled-reference,additive,historical,,division:2026dal,transferred_platt_red_win_probability,0,0,,
historical-uncontrolled-reference,additive,historical,,division:2026dal,transferred_platt_red_win_probability,1,1,0.16948532192556184,0.0
historical-uncontrolled-reference,additive,historical,,division:2026dal,transferred_platt_red_win_probability,2,4,0.26419261716019715,0.25
historical-uncontrolled-reference,additive,historical,,division:2026dal,transferred_platt_red_win_probability,3,12,0.3584057306441268,0.08333333333333333
historical-uncontrolled-reference,additive,historical,,division:2026dal,transferred_platt_red_win_probability,4,15,0.4457906377671353,0.13333333333333333
historical-uncontrolled-reference,additive,historical,,division:2026dal,transferred_platt_red_win_probability,5,23,0.5454190487708754,0.2608695652173913
historical-uncontrolled-reference,additive,historical,,division:2026dal,transferred_platt_red_win_probability,6,25,0.6533111448770071,0.44
historical-uncontrolled-reference,additive,historical,,division:2026dal,transferred_platt_red_win_probability,7,31,0.75169798701626,0.6451612903225806
historical-uncontrolled-reference,additive,historical,,division:2026dal,transferred_platt_red_win_probability,8,17,0.845385727224415,0.8823529411764706
historical-uncontrolled-reference,additive,historical,,division:2026dal,transferred_platt_red_win_probability,9,10,0.9420308235686242,1.0
historical-uncontrolled-reference,additive,historical,,division:2026dal,transferred_score_red_win_probability,0,0,,
historical-uncontrolled-reference,additive,historical,,division:2026dal,transferred_score_red_win_probability,1,1,0.16948532192556184,0.0
historical-uncontrolled-reference,additive,historical,,division:2026dal,transferred_score_red_win_probability,2,4,0.26419261716019715,0.25
historical-uncontrolled-reference,additive,historical,,division:2026dal,transferred_score_red_win_probability,3,12,0.3584057306441268,0.08333333333333333
historical-uncontrolled-reference,additive,historical,,division:2026dal,transferred_score_red_win_probability,4,15,0.4457906377671353,0.13333333333333333
historical-uncontrolled-reference,additive,historical,,division:2026dal,transferred_score_red_win_probability,5,23,0.5454190487708754,0.2608695652173913
historical-uncontrolled-reference,additive,historical,,division:2026dal,transferred_score_red_win_probability,6,25,0.6533111448770071,0.44
historical-uncontrolled-reference,additive,historical,,division:2026dal,transferred_score_red_win_probability,7,31,0.75169798701626,0.6451612903225806
historical-uncontrolled-reference,additive,historical,,division:2026dal,transferred_score_red_win_probability,8,17,0.845385727224415,0.8823529411764706
historical-uncontrolled-reference,additive,historical,,division:2026dal,transferred_score_red_win_probability,9,10,0.9420308235686242,1.0
historical-uncontrolled-reference,additive,historical,,division:2026gal,raw_pred_red_win_probability,0,0,,
historical-uncontrolled-reference,additive,historical,,division:2026gal,raw_pred_red_win_probability,1,1,0.15477012758728384,0.0
historical-uncontrolled-reference,additive,historical,,division:2026gal,raw_pred_red_win_probability,2,8,0.26945036561809077,0.125
historical-uncontrolled-reference,additive,historical,,division:2026gal,raw_pred_red_win_probability,3,5,0.3508263265750993,0.2
historical-uncontrolled-reference,additive,historical,,division:2026gal,raw_pred_red_win_probability,4,15,0.45154359002907524,0.4
historical-uncontrolled-reference,additive,historical,,division:2026gal,raw_pred_red_win_probability,5,20,0.5540050584718182,0.6
historical-uncontrolled-reference,additive,historical,,division:2026gal,raw_pred_red_win_probability,6,26,0.6510446288338182,0.5769230769230769
historical-uncontrolled-reference,additive,historical,,division:2026gal,raw_pred_red_win_probability,7,37,0.7448582145791063,0.7027027027027027
historical-uncontrolled-reference,additive,historical,,division:2026gal,raw_pred_red_win_probability,8,22,0.8366051683812401,0.7272727272727273
historical-uncontrolled-reference,additive,historical,,division:2026gal,raw_pred_red_win_probability,9,4,0.9282386795155173,0.75
historical-uncontrolled-reference,additive,historical,,division:2026gal,transferred_platt_red_win_probability,0,0,,
historical-uncontrolled-reference,additive,historical,,division:2026gal,transferred_platt_red_win_probability,1,1,0.15477012758728384,0.0
historical-uncontrolled-reference,additive,historical,,division:2026gal,transferred_platt_red_win_probability,2,8,0.26945036561809077,0.125
historical-uncontrolled-reference,additive,historical,,division:2026gal,transferred_platt_red_win_probability,3,5,0.3508263265750993,0.2
historical-uncontrolled-reference,additive,historical,,division:2026gal,transferred_platt_red_win_probability,4,15,0.45154359002907524,0.4
historical-uncontrolled-reference,additive,historical,,division:2026gal,transferred_platt_red_win_probability,5,20,0.5540050584718182,0.6
historical-uncontrolled-reference,additive,historical,,division:2026gal,transferred_platt_red_win_probability,6,26,0.6510446288338182,0.5769230769230769
historical-uncontrolled-reference,additive,historical,,division:2026gal,transferred_platt_red_win_probability,7,37,0.7448582145791063,0.7027027027027027
historical-uncontrolled-reference,additive,historical,,division:2026gal,transferred_platt_red_win_probability,8,22,0.8366051683812401,0.7272727272727273
historical-uncontrolled-reference,additive,historical,,division:2026gal,transferred_platt_red_win_probability,9,4,0.9282386795155173,0.75
historical-uncontrolled-reference,additive,historical,,division:2026gal,transferred_score_red_win_probability,0,0,,
historical-uncontrolled-reference,additive,historical,,division:2026gal,transferred_score_red_win_probability,1,1,0.15477012758728384,0.0
historical-uncontrolled-reference,additive,historical,,division:2026gal,transferred_score_red_win_probability,2,8,0.26945036561809077,0.125
historical-uncontrolled-reference,additive,historical,,division:2026gal,transferred_score_red_win_probability,3,5,0.3508263265750993,0.2
historical-uncontrolled-reference,additive,historical,,division:2026gal,transferred_score_red_win_probability,4,15,0.45154359002907524,0.4
historical-uncontrolled-reference,additive,historical,,division:2026gal,transferred_score_red_win_probability,5,20,0.5540050584718182,0.6
historical-uncontrolled-reference,additive,historical,,division:2026gal,transferred_score_red_win_probability,6,26,0.6510446288338182,0.5769230769230769
historical-uncontrolled-reference,additive,historical,,division:2026gal,transferred_score_red_win_probability,7,37,0.7448582145791063,0.7027027027027027
historical-uncontrolled-reference,additive,historical,,division:2026gal,transferred_score_red_win_probability,8,22,0.8366051683812401,0.7272727272727273
historical-uncontrolled-reference,additive,historical,,division:2026gal,transferred_score_red_win_probability,9,4,0.9282386795155173,0.75
historical-uncontrolled-reference,additive,historical,,division:2026hop,raw_pred_red_win_probability,0,0,,
historical-uncontrolled-reference,additive,historical,,division:2026hop,raw_pred_red_win_probability,1,3,0.15373274687351962,0.0
historical-uncontrolled-reference,additive,historical,,division:2026hop,raw_pred_red_win_probability,2,6,0.2482877816449265,0.16666666666666666
historical-uncontrolled-reference,additive,historical,,division:2026hop,raw_pred_red_win_probability,3,9,0.34245676310715245,0.1111111111111111
historical-uncontrolled-reference,additive,historical,,division:2026hop,raw_pred_red_win_probability,4,21,0.4568263158529701,0.23809523809523808
historical-uncontrolled-reference,additive,historical,,division:2026hop,raw_pred_red_win_probability,5,15,0.5483833611151907,0.4
historical-uncontrolled-reference,additive,historical,,division:2026hop,raw_pred_red_win_probability,6,24,0.6464190673220261,0.5
historical-uncontrolled-reference,additive,historical,,division:2026hop,raw_pred_red_win_probability,7,30,0.747613585478468,0.5666666666666667
historical-uncontrolled-reference,additive,historical,,division:2026hop,raw_pred_red_win_probability,8,27,0.8465145990140349,0.8148148148148148
historical-uncontrolled-reference,additive,historical,,division:2026hop,raw_pred_red_win_probability,9,5,0.9262231883510894,1.0
historical-uncontrolled-reference,additive,historical,,division:2026hop,transferred_platt_red_win_probability,0,0,,
historical-uncontrolled-reference,additive,historical,,division:2026hop,transferred_platt_red_win_probability,1,3,0.15373274687351962,0.0
historical-uncontrolled-reference,additive,historical,,division:2026hop,transferred_platt_red_win_probability,2,6,0.2482877816449265,0.16666666666666666
historical-uncontrolled-reference,additive,historical,,division:2026hop,transferred_platt_red_win_probability,3,9,0.34245676310715245,0.1111111111111111
historical-uncontrolled-reference,additive,historical,,division:2026hop,transferred_platt_red_win_probability,4,21,0.4568263158529701,0.23809523809523808
historical-uncontrolled-reference,additive,historical,,division:2026hop,transferred_platt_red_win_probability,5,15,0.5483833611151907,0.4
historical-uncontrolled-reference,additive,historical,,division:2026hop,transferred_platt_red_win_probability,6,24,0.6464190673220261,0.5
historical-uncontrolled-reference,additive,historical,,division:2026hop,transferred_platt_red_win_probability,7,30,0.747613585478468,0.5666666666666667
historical-uncontrolled-reference,additive,historical,,division:2026hop,transferred_platt_red_win_probability,8,27,0.8465145990140349,0.8148148148148148
historical-uncontrolled-reference,additive,historical,,division:2026hop,transferred_platt_red_win_probability,9,5,0.9262231883510894,1.0
historical-uncontrolled-reference,additive,historical,,division:2026hop,transferred_score_red_win_probability,0,0,,
historical-uncontrolled-reference,additive,historical,,division:2026hop,transferred_score_red_win_probability,1,3,0.15373274687351962,0.0
historical-uncontrolled-reference,additive,historical,,division:2026hop,transferred_score_red_win_probability,2,6,0.2482877816449265,0.16666666666666666
historical-uncontrolled-reference,additive,historical,,division:2026hop,transferred_score_red_win_probability,3,9,0.34245676310715245,0.1111111111111111
historical-uncontrolled-reference,additive,historical,,division:2026hop,transferred_score_red_win_probability,4,21,0.4568263158529701,0.23809523809523808
historical-uncontrolled-reference,additive,historical,,division:2026hop,transferred_score_red_win_probability,5,15,0.5483833611151907,0.4
historical-uncontrolled-reference,additive,historical,,division:2026hop,transferred_score_red_win_probability,6,24,0.6464190673220261,0.5
historical-uncontrolled-reference,additive,historical,,division:2026hop,transferred_score_red_win_probability,7,30,0.747613585478468,0.5666666666666667
historical-uncontrolled-reference,additive,historical,,division:2026hop,transferred_score_red_win_probability,8,27,0.8465145990140349,0.8148148148148148
historical-uncontrolled-reference,additive,historical,,division:2026hop,transferred_score_red_win_probability,9,5,0.9262231883510894,1.0
historical-uncontrolled-reference,additive,historical,,division:2026joh,raw_pred_red_win_probability,0,1,0.09019595892370644,0.0
historical-uncontrolled-reference,additive,historical,,division:2026joh,raw_pred_red_win_probability,1,2,0.16311203134143995,0.0
historical-uncontrolled-reference,additive,historical,,division:2026joh,raw_pred_red_win_probability,2,3,0.2874596431244099,0.0
historical-uncontrolled-reference,additive,historical,,division:2026joh,raw_pred_red_win_probability,3,13,0.35608120435579504,0.0
historical-uncontrolled-reference,additive,historical,,division:2026joh,raw_pred_red_win_probability,4,12,0.4449999695742474,0.0
historical-uncontrolled-reference,additive,historical,,division:2026joh,raw_pred_red_win_probability,5,24,0.5499853492358632,0.5
historical-uncontrolled-reference,additive,historical,,division:2026joh,raw_pred_red_win_probability,6,25,0.6510530584320559,0.64
historical-uncontrolled-reference,additive,historical,,division:2026joh,raw_pred_red_win_probability,7,31,0.7544962968905019,0.7741935483870968
historical-uncontrolled-reference,additive,historical,,division:2026joh,raw_pred_red_win_probability,8,25,0.8351059578507979,0.88
historical-uncontrolled-reference,additive,historical,,division:2026joh,raw_pred_red_win_probability,9,2,0.9283286789526661,1.0
historical-uncontrolled-reference,additive,historical,,division:2026joh,transferred_platt_red_win_probability,0,1,0.09019595892370644,0.0
historical-uncontrolled-reference,additive,historical,,division:2026joh,transferred_platt_red_win_probability,1,2,0.16311203134143995,0.0
historical-uncontrolled-reference,additive,historical,,division:2026joh,transferred_platt_red_win_probability,2,3,0.2874596431244099,0.0
historical-uncontrolled-reference,additive,historical,,division:2026joh,transferred_platt_red_win_probability,3,13,0.35608120435579504,0.0
historical-uncontrolled-reference,additive,historical,,division:2026joh,transferred_platt_red_win_probability,4,12,0.4449999695742474,0.0
historical-uncontrolled-reference,additive,historical,,division:2026joh,transferred_platt_red_win_probability,5,24,0.5499853492358632,0.5
historical-uncontrolled-reference,additive,historical,,division:2026joh,transferred_platt_red_win_probability,6,25,0.6510530584320559,0.64
historical-uncontrolled-reference,additive,historical,,division:2026joh,transferred_platt_red_win_probability,7,31,0.7544962968905019,0.7741935483870968
historical-uncontrolled-reference,additive,historical,,division:2026joh,transferred_platt_red_win_probability,8,25,0.8351059578507979,0.88
historical-uncontrolled-reference,additive,historical,,division:2026joh,transferred_platt_red_win_probability,9,2,0.9283286789526661,1.0
historical-uncontrolled-reference,additive,historical,,division:2026joh,transferred_score_red_win_probability,0,1,0.09019595892370644,0.0
historical-uncontrolled-reference,additive,historical,,division:2026joh,transferred_score_red_win_probability,1,2,0.16311203134143995,0.0
historical-uncontrolled-reference,additive,historical,,division:2026joh,transferred_score_red_win_probability,2,3,0.2874596431244099,0.0
historical-uncontrolled-reference,additive,historical,,division:2026joh,transferred_score_red_win_probability,3,13,0.35608120435579504,0.0
historical-uncontrolled-reference,additive,historical,,division:2026joh,transferred_score_red_win_probability,4,12,0.4449999695742474,0.0
historical-uncontrolled-reference,additive,historical,,division:2026joh,transferred_score_red_win_probability,5,24,0.5499853492358632,0.5
historical-uncontrolled-reference,additive,historical,,division:2026joh,transferred_score_red_win_probability,6,25,0.6510530584320559,0.64
historical-uncontrolled-reference,additive,historical,,division:2026joh,transferred_score_red_win_probability,7,31,0.7544962968905019,0.7741935483870968
historical-uncontrolled-reference,additive,historical,,division:2026joh,transferred_score_red_win_probability,8,25,0.8351059578507979,0.88
historical-uncontrolled-reference,additive,historical,,division:2026joh,transferred_score_red_win_probability,9,2,0.9283286789526661,1.0
historical-uncontrolled-reference,additive,historical,,division:2026mil,raw_pred_red_win_probability,0,0,,
historical-uncontrolled-reference,additive,historical,,division:2026mil,raw_pred_red_win_probability,1,1,0.10451114289934016,0.0
historical-uncontrolled-reference,additive,historical,,division:2026mil,raw_pred_red_win_probability,2,8,0.2505574265632606,0.0
historical-uncontrolled-reference,additive,historical,,division:2026mil,raw_pred_red_win_probability,3,14,0.35803535114202667,0.21428571428571427
historical-uncontrolled-reference,additive,historical,,division:2026mil,raw_pred_red_win_probability,4,20,0.45125850620638774,0.2
historical-uncontrolled-reference,additive,historical,,division:2026mil,raw_pred_red_win_probability,5,20,0.5436092151225628,0.25
historical-uncontrolled-reference,additive,historical,,division:2026mil,raw_pred_red_win_probability,6,22,0.6474409509770662,0.5
historical-uncontrolled-reference,additive,historical,,division:2026mil,raw_pred_red_win_probability,7,18,0.753255946997639,0.8888888888888888
historical-uncontrolled-reference,additive,historical,,division:2026mil,raw_pred_red_win_probability,8,20,0.842987678521429,0.85
historical-uncontrolled-reference,additive,historical,,division:2026mil,raw_pred_red_win_probability,9,13,0.9248757318393286,1.0
historical-uncontrolled-reference,additive,historical,,division:2026mil,transferred_platt_red_win_probability,0,0,,
historical-uncontrolled-reference,additive,historical,,division:2026mil,transferred_platt_red_win_probability,1,1,0.10451114289934016,0.0
historical-uncontrolled-reference,additive,historical,,division:2026mil,transferred_platt_red_win_probability,2,8,0.2505574265632606,0.0
historical-uncontrolled-reference,additive,historical,,division:2026mil,transferred_platt_red_win_probability,3,14,0.35803535114202667,0.21428571428571427
historical-uncontrolled-reference,additive,historical,,division:2026mil,transferred_platt_red_win_probability,4,20,0.45125850620638774,0.2
historical-uncontrolled-reference,additive,historical,,division:2026mil,transferred_platt_red_win_probability,5,20,0.5436092151225628,0.25
historical-uncontrolled-reference,additive,historical,,division:2026mil,transferred_platt_red_win_probability,6,22,0.6474409509770662,0.5
historical-uncontrolled-reference,additive,historical,,division:2026mil,transferred_platt_red_win_probability,7,18,0.753255946997639,0.8888888888888888
historical-uncontrolled-reference,additive,historical,,division:2026mil,transferred_platt_red_win_probability,8,20,0.842987678521429,0.85
historical-uncontrolled-reference,additive,historical,,division:2026mil,transferred_platt_red_win_probability,9,13,0.9248757318393286,1.0
historical-uncontrolled-reference,additive,historical,,division:2026mil,transferred_score_red_win_probability,0,0,,
historical-uncontrolled-reference,additive,historical,,division:2026mil,transferred_score_red_win_probability,1,1,0.10451114289934016,0.0
historical-uncontrolled-reference,additive,historical,,division:2026mil,transferred_score_red_win_probability,2,8,0.2505574265632606,0.0
historical-uncontrolled-reference,additive,historical,,division:2026mil,transferred_score_red_win_probability,3,14,0.35803535114202667,0.21428571428571427
historical-uncontrolled-reference,additive,historical,,division:2026mil,transferred_score_red_win_probability,4,20,0.45125850620638774,0.2
historical-uncontrolled-reference,additive,historical,,division:2026mil,transferred_score_red_win_probability,5,20,0.5436092151225628,0.25
historical-uncontrolled-reference,additive,historical,,division:2026mil,transferred_score_red_win_probability,6,22,0.6474409509770662,0.5
historical-uncontrolled-reference,additive,historical,,division:2026mil,transferred_score_red_win_probability,7,18,0.753255946997639,0.8888888888888888
historical-uncontrolled-reference,additive,historical,,division:2026mil,transferred_score_red_win_probability,8,20,0.842987678521429,0.85
historical-uncontrolled-reference,additive,historical,,division:2026mil,transferred_score_red_win_probability,9,13,0.9248757318393286,1.0
historical-uncontrolled-reference,additive,historical,,division:2026new,raw_pred_red_win_probability,0,1,0.07894637890430707,0.0
historical-uncontrolled-reference,additive,historical,,division:2026new,raw_pred_red_win_probability,1,0,,
historical-uncontrolled-reference,additive,historical,,division:2026new,raw_pred_red_win_probability,2,6,0.24080231839628943,0.16666666666666666
historical-uncontrolled-reference,additive,historical,,division:2026new,raw_pred_red_win_probability,3,7,0.36508441086270255,0.14285714285714285
historical-uncontrolled-reference,additive,historical,,division:2026new,raw_pred_red_win_probability,4,9,0.4572560296983097,0.2222222222222222
historical-uncontrolled-reference,additive,historical,,division:2026new,raw_pred_red_win_probability,5,23,0.5475381169267713,0.43478260869565216
historical-uncontrolled-reference,additive,historical,,division:2026new,raw_pred_red_win_probability,6,35,0.6478724835850481,0.45714285714285713
historical-uncontrolled-reference,additive,historical,,division:2026new,raw_pred_red_win_probability,7,31,0.7344229815604821,0.6451612903225806
historical-uncontrolled-reference,additive,historical,,division:2026new,raw_pred_red_win_probability,8,24,0.8387779365677389,0.7916666666666666
historical-uncontrolled-reference,additive,historical,,division:2026new,raw_pred_red_win_probability,9,4,0.9106497832145594,1.0
historical-uncontrolled-reference,additive,historical,,division:2026new,transferred_platt_red_win_probability,0,1,0.07894637890430707,0.0
historical-uncontrolled-reference,additive,historical,,division:2026new,transferred_platt_red_win_probability,1,0,,
historical-uncontrolled-reference,additive,historical,,division:2026new,transferred_platt_red_win_probability,2,6,0.24080231839628943,0.16666666666666666
historical-uncontrolled-reference,additive,historical,,division:2026new,transferred_platt_red_win_probability,3,7,0.36508441086270255,0.14285714285714285
historical-uncontrolled-reference,additive,historical,,division:2026new,transferred_platt_red_win_probability,4,9,0.4572560296983097,0.2222222222222222
historical-uncontrolled-reference,additive,historical,,division:2026new,transferred_platt_red_win_probability,5,23,0.5475381169267713,0.43478260869565216
historical-uncontrolled-reference,additive,historical,,division:2026new,transferred_platt_red_win_probability,6,35,0.6478724835850481,0.45714285714285713
historical-uncontrolled-reference,additive,historical,,division:2026new,transferred_platt_red_win_probability,7,31,0.7344229815604821,0.6451612903225806
historical-uncontrolled-reference,additive,historical,,division:2026new,transferred_platt_red_win_probability,8,24,0.8387779365677389,0.7916666666666666
historical-uncontrolled-reference,additive,historical,,division:2026new,transferred_platt_red_win_probability,9,4,0.9106497832145594,1.0
historical-uncontrolled-reference,additive,historical,,division:2026new,transferred_score_red_win_probability,0,1,0.07894637890430707,0.0
historical-uncontrolled-reference,additive,historical,,division:2026new,transferred_score_red_win_probability,1,0,,
historical-uncontrolled-reference,additive,historical,,division:2026new,transferred_score_red_win_probability,2,6,0.24080231839628943,0.16666666666666666
historical-uncontrolled-reference,additive,historical,,division:2026new,transferred_score_red_win_probability,3,7,0.36508441086270255,0.14285714285714285
historical-uncontrolled-reference,additive,historical,,division:2026new,transferred_score_red_win_probability,4,9,0.4572560296983097,0.2222222222222222
historical-uncontrolled-reference,additive,historical,,division:2026new,transferred_score_red_win_probability,5,23,0.5475381169267713,0.43478260869565216
historical-uncontrolled-reference,additive,historical,,division:2026new,transferred_score_red_win_probability,6,35,0.6478724835850481,0.45714285714285713
historical-uncontrolled-reference,additive,historical,,division:2026new,transferred_score_red_win_probability,7,31,0.7344229815604821,0.6451612903225806
historical-uncontrolled-reference,additive,historical,,division:2026new,transferred_score_red_win_probability,8,24,0.8387779365677389,0.7916666666666666
historical-uncontrolled-reference,additive,historical,,division:2026new,transferred_score_red_win_probability,9,4,0.9106497832145594,1.0
historical-uncontrolled-reference,additive,historical,,observation:high,raw_pred_red_win_probability,0,2,0.08457116891400676,0.0
historical-uncontrolled-reference,additive,historical,,observation:high,raw_pred_red_win_probability,1,13,0.14682194032735402,0.0
historical-uncontrolled-reference,additive,historical,,observation:high,raw_pred_red_win_probability,2,40,0.25719566732593224,0.1
historical-uncontrolled-reference,additive,historical,,observation:high,raw_pred_red_win_probability,3,72,0.3543764071777084,0.1111111111111111
historical-uncontrolled-reference,additive,historical,,observation:high,raw_pred_red_win_probability,4,119,0.45170757961124813,0.21008403361344538
historical-uncontrolled-reference,additive,historical,,observation:high,raw_pred_red_win_probability,5,158,0.5467457381549098,0.36075949367088606
historical-uncontrolled-reference,additive,historical,,observation:high,raw_pred_red_win_probability,6,199,0.6497360442664772,0.5226130653266332
historical-uncontrolled-reference,additive,historical,,observation:high,raw_pred_red_win_probability,7,231,0.748244961030005,0.6883116883116883
historical-uncontrolled-reference,additive,historical,,observation:high,raw_pred_red_win_probability,8,179,0.8420937019055567,0.8547486033519553
historical-uncontrolled-reference,additive,historical,,observation:high,raw_pred_red_win_probability,9,43,0.9329240597380243,0.9534883720930233
historical-uncontrolled-reference,additive,historical,,observation:high,transferred_platt_red_win_probability,0,2,0.08457116891400676,0.0
historical-uncontrolled-reference,additive,historical,,observation:high,transferred_platt_red_win_probability,1,13,0.14682194032735402,0.0
historical-uncontrolled-reference,additive,historical,,observation:high,transferred_platt_red_win_probability,2,40,0.25719566732593224,0.1
historical-uncontrolled-reference,additive,historical,,observation:high,transferred_platt_red_win_probability,3,72,0.3543764071777084,0.1111111111111111
historical-uncontrolled-reference,additive,historical,,observation:high,transferred_platt_red_win_probability,4,119,0.45170757961124813,0.21008403361344538
historical-uncontrolled-reference,additive,historical,,observation:high,transferred_platt_red_win_probability,5,158,0.5467457381549098,0.36075949367088606
historical-uncontrolled-reference,additive,historical,,observation:high,transferred_platt_red_win_probability,6,199,0.6497360442664772,0.5226130653266332
historical-uncontrolled-reference,additive,historical,,observation:high,transferred_platt_red_win_probability,7,231,0.748244961030005,0.6883116883116883
historical-uncontrolled-reference,additive,historical,,observation:high,transferred_platt_red_win_probability,8,179,0.8420937019055567,0.8547486033519553
historical-uncontrolled-reference,additive,historical,,observation:high,transferred_platt_red_win_probability,9,43,0.9329240597380243,0.9534883720930233
historical-uncontrolled-reference,additive,historical,,observation:high,transferred_score_red_win_probability,0,2,0.08457116891400676,0.0
historical-uncontrolled-reference,additive,historical,,observation:high,transferred_score_red_win_probability,1,13,0.14682194032735402,0.0
historical-uncontrolled-reference,additive,historical,,observation:high,transferred_score_red_win_probability,2,40,0.25719566732593224,0.1
historical-uncontrolled-reference,additive,historical,,observation:high,transferred_score_red_win_probability,3,72,0.3543764071777084,0.1111111111111111
historical-uncontrolled-reference,additive,historical,,observation:high,transferred_score_red_win_probability,4,119,0.45170757961124813,0.21008403361344538
historical-uncontrolled-reference,additive,historical,,observation:high,transferred_score_red_win_probability,5,158,0.5467457381549098,0.36075949367088606
historical-uncontrolled-reference,additive,historical,,observation:high,transferred_score_red_win_probability,6,199,0.6497360442664772,0.5226130653266332
historical-uncontrolled-reference,additive,historical,,observation:high,transferred_score_red_win_probability,7,231,0.748244961030005,0.6883116883116883
historical-uncontrolled-reference,additive,historical,,observation:high,transferred_score_red_win_probability,8,179,0.8420937019055567,0.8547486033519553
historical-uncontrolled-reference,additive,historical,,observation:high,transferred_score_red_win_probability,9,43,0.9329240597380243,0.9534883720930233
historical-uncontrolled-reference,additive,historical,,observation:low,raw_pred_red_win_probability,0,0,,
historical-uncontrolled-reference,additive,historical,,observation:low,raw_pred_red_win_probability,1,0,,
historical-uncontrolled-reference,additive,historical,,observation:low,raw_pred_red_win_probability,2,0,,
historical-uncontrolled-reference,additive,historical,,observation:low,raw_pred_red_win_probability,3,0,,
historical-uncontrolled-reference,additive,historical,,observation:low,raw_pred_red_win_probability,4,0,,
historical-uncontrolled-reference,additive,historical,,observation:low,raw_pred_red_win_probability,5,0,,
historical-uncontrolled-reference,additive,historical,,observation:low,raw_pred_red_win_probability,6,1,0.691669114779587,0.0
historical-uncontrolled-reference,additive,historical,,observation:low,raw_pred_red_win_probability,7,0,,
historical-uncontrolled-reference,additive,historical,,observation:low,raw_pred_red_win_probability,8,1,0.8700346993655713,1.0
historical-uncontrolled-reference,additive,historical,,observation:low,raw_pred_red_win_probability,9,0,,
historical-uncontrolled-reference,additive,historical,,observation:low,transferred_platt_red_win_probability,0,0,,
historical-uncontrolled-reference,additive,historical,,observation:low,transferred_platt_red_win_probability,1,0,,
historical-uncontrolled-reference,additive,historical,,observation:low,transferred_platt_red_win_probability,2,0,,
historical-uncontrolled-reference,additive,historical,,observation:low,transferred_platt_red_win_probability,3,0,,
historical-uncontrolled-reference,additive,historical,,observation:low,transferred_platt_red_win_probability,4,0,,
historical-uncontrolled-reference,additive,historical,,observation:low,transferred_platt_red_win_probability,5,0,,
historical-uncontrolled-reference,additive,historical,,observation:low,transferred_platt_red_win_probability,6,1,0.691669114779587,0.0
historical-uncontrolled-reference,additive,historical,,observation:low,transferred_platt_red_win_probability,7,0,,
historical-uncontrolled-reference,additive,historical,,observation:low,transferred_platt_red_win_probability,8,1,0.8700346993655713,1.0
historical-uncontrolled-reference,additive,historical,,observation:low,transferred_platt_red_win_probability,9,0,,
historical-uncontrolled-reference,additive,historical,,observation:low,transferred_score_red_win_probability,0,0,,
historical-uncontrolled-reference,additive,historical,,observation:low,transferred_score_red_win_probability,1,0,,
historical-uncontrolled-reference,additive,historical,,observation:low,transferred_score_red_win_probability,2,0,,
historical-uncontrolled-reference,additive,historical,,observation:low,transferred_score_red_win_probability,3,0,,
historical-uncontrolled-reference,additive,historical,,observation:low,transferred_score_red_win_probability,4,0,,
historical-uncontrolled-reference,additive,historical,,observation:low,transferred_score_red_win_probability,5,0,,
historical-uncontrolled-reference,additive,historical,,observation:low,transferred_score_red_win_probability,6,1,0.691669114779587,0.0
historical-uncontrolled-reference,additive,historical,,observation:low,transferred_score_red_win_probability,7,0,,
historical-uncontrolled-reference,additive,historical,,observation:low,transferred_score_red_win_probability,8,1,0.8700346993655713,1.0
historical-uncontrolled-reference,additive,historical,,observation:low,transferred_score_red_win_probability,9,0,,
historical-uncontrolled-reference,additive,historical,,observation:medium,raw_pred_red_win_probability,0,0,,
historical-uncontrolled-reference,additive,historical,,observation:medium,raw_pred_red_win_probability,1,0,,
historical-uncontrolled-reference,additive,historical,,observation:medium,raw_pred_red_win_probability,2,6,0.2510827799690813,0.3333333333333333
historical-uncontrolled-reference,additive,historical,,observation:medium,raw_pred_red_win_probability,3,2,0.3814038391155966,0.0
historical-uncontrolled-reference,additive,historical,,observation:medium,raw_pred_red_win_probability,4,7,0.4518420400773344,0.2857142857142857
historical-uncontrolled-reference,additive,historical,,observation:medium,raw_pred_red_win_probability,5,8,0.5545744051015388,0.625
historical-uncontrolled-reference,additive,historical,,observation:medium,raw_pred_red_win_probability,6,8,0.6576119561744517,0.375
historical-uncontrolled-reference,additive,historical,,observation:medium,raw_pred_red_win_probability,7,8,0.7426521948551362,0.75
historical-uncontrolled-reference,additive,historical,,observation:medium,raw_pred_red_win_probability,8,6,0.842485242022153,0.8333333333333334
historical-uncontrolled-reference,additive,historical,,observation:medium,raw_pred_red_win_probability,9,3,0.9048343451917531,1.0
historical-uncontrolled-reference,additive,historical,,observation:medium,transferred_platt_red_win_probability,0,0,,
historical-uncontrolled-reference,additive,historical,,observation:medium,transferred_platt_red_win_probability,1,0,,
historical-uncontrolled-reference,additive,historical,,observation:medium,transferred_platt_red_win_probability,2,6,0.2510827799690813,0.3333333333333333
historical-uncontrolled-reference,additive,historical,,observation:medium,transferred_platt_red_win_probability,3,2,0.3814038391155966,0.0
historical-uncontrolled-reference,additive,historical,,observation:medium,transferred_platt_red_win_probability,4,7,0.4518420400773344,0.2857142857142857
historical-uncontrolled-reference,additive,historical,,observation:medium,transferred_platt_red_win_probability,5,8,0.5545744051015388,0.625
historical-uncontrolled-reference,additive,historical,,observation:medium,transferred_platt_red_win_probability,6,8,0.6576119561744517,0.375
historical-uncontrolled-reference,additive,historical,,observation:medium,transferred_platt_red_win_probability,7,8,0.7426521948551362,0.75
historical-uncontrolled-reference,additive,historical,,observation:medium,transferred_platt_red_win_probability,8,6,0.842485242022153,0.8333333333333334
historical-uncontrolled-reference,additive,historical,,observation:medium,transferred_platt_red_win_probability,9,3,0.9048343451917531,1.0
historical-uncontrolled-reference,additive,historical,,observation:medium,transferred_score_red_win_probability,0,0,,
historical-uncontrolled-reference,additive,historical,,observation:medium,transferred_score_red_win_probability,1,0,,
historical-uncontrolled-reference,additive,historical,,observation:medium,transferred_score_red_win_probability,2,6,0.2510827799690813,0.3333333333333333
historical-uncontrolled-reference,additive,historical,,observation:medium,transferred_score_red_win_probability,3,2,0.3814038391155966,0.0
historical-uncontrolled-reference,additive,historical,,observation:medium,transferred_score_red_win_probability,4,7,0.4518420400773344,0.2857142857142857
historical-uncontrolled-reference,additive,historical,,observation:medium,transferred_score_red_win_probability,5,8,0.5545744051015388,0.625
historical-uncontrolled-reference,additive,historical,,observation:medium,transferred_score_red_win_probability,6,8,0.6576119561744517,0.375
historical-uncontrolled-reference,additive,historical,,observation:medium,transferred_score_red_win_probability,7,8,0.7426521948551362,0.75
historical-uncontrolled-reference,additive,historical,,observation:medium,transferred_score_red_win_probability,8,6,0.842485242022153,0.8333333333333334
historical-uncontrolled-reference,additive,historical,,observation:medium,transferred_score_red_win_probability,9,3,0.9048343451917531,1.0
historical-uncontrolled-reference,full-match,historical,,primary-clean,raw_pred_red_win_probability,0,169,0.046664459574563125,0.15976331360946747
historical-uncontrolled-reference,full-match,historical,,primary-clean,raw_pred_red_win_probability,1,92,0.14553825710737242,0.2717391304347826
historical-uncontrolled-reference,full-match,historical,,primary-clean,raw_pred_red_win_probability,2,76,0.2509807962158021,0.23684210526315788
historical-uncontrolled-reference,full-match,historical,,primary-clean,raw_pred_red_win_probability,3,58,0.3580590862606367,0.3620689655172414
historical-uncontrolled-reference,full-match,historical,,primary-clean,raw_pred_red_win_probability,4,79,0.452507436100545,0.5189873417721519
historical-uncontrolled-reference,full-match,historical,,primary-clean,raw_pred_red_win_probability,5,95,0.5525695190762266,0.4105263157894737
historical-uncontrolled-reference,full-match,historical,,primary-clean,raw_pred_red_win_probability,6,98,0.6537900509919854,0.5
historical-uncontrolled-reference,full-match,historical,,primary-clean,raw_pred_red_win_probability,7,105,0.7512570525877086,0.6571428571428571
historical-uncontrolled-reference,full-match,historical,,primary-clean,raw_pred_red_win_probability,8,118,0.8534690559111869,0.7627118644067796
historical-uncontrolled-reference,full-match,historical,,primary-clean,raw_pred_red_win_probability,9,216,0.9558145902453519,0.9212962962962963
historical-uncontrolled-reference,full-match,historical,,primary-clean,transferred_platt_red_win_probability,0,169,0.046664459574563125,0.15976331360946747
historical-uncontrolled-reference,full-match,historical,,primary-clean,transferred_platt_red_win_probability,1,92,0.14553825710737242,0.2717391304347826
historical-uncontrolled-reference,full-match,historical,,primary-clean,transferred_platt_red_win_probability,2,76,0.2509807962158021,0.23684210526315788
historical-uncontrolled-reference,full-match,historical,,primary-clean,transferred_platt_red_win_probability,3,58,0.3580590862606367,0.3620689655172414
historical-uncontrolled-reference,full-match,historical,,primary-clean,transferred_platt_red_win_probability,4,79,0.452507436100545,0.5189873417721519
historical-uncontrolled-reference,full-match,historical,,primary-clean,transferred_platt_red_win_probability,5,95,0.5525695190762266,0.4105263157894737
historical-uncontrolled-reference,full-match,historical,,primary-clean,transferred_platt_red_win_probability,6,98,0.6537900509919854,0.5
historical-uncontrolled-reference,full-match,historical,,primary-clean,transferred_platt_red_win_probability,7,105,0.7512570525877086,0.6571428571428571
historical-uncontrolled-reference,full-match,historical,,primary-clean,transferred_platt_red_win_probability,8,118,0.8534690559111869,0.7627118644067796
historical-uncontrolled-reference,full-match,historical,,primary-clean,transferred_platt_red_win_probability,9,216,0.9558145902453519,0.9212962962962963
historical-uncontrolled-reference,full-match,historical,,primary-clean,transferred_score_red_win_probability,0,169,0.046664459574563125,0.15976331360946747
historical-uncontrolled-reference,full-match,historical,,primary-clean,transferred_score_red_win_probability,1,92,0.14553825710737242,0.2717391304347826
historical-uncontrolled-reference,full-match,historical,,primary-clean,transferred_score_red_win_probability,2,76,0.2509807962158021,0.23684210526315788
historical-uncontrolled-reference,full-match,historical,,primary-clean,transferred_score_red_win_probability,3,58,0.3580590862606367,0.3620689655172414
historical-uncontrolled-reference,full-match,historical,,primary-clean,transferred_score_red_win_probability,4,79,0.452507436100545,0.5189873417721519
historical-uncontrolled-reference,full-match,historical,,primary-clean,transferred_score_red_win_probability,5,95,0.5525695190762266,0.4105263157894737
historical-uncontrolled-reference,full-match,historical,,primary-clean,transferred_score_red_win_probability,6,98,0.6537900509919854,0.5
historical-uncontrolled-reference,full-match,historical,,primary-clean,transferred_score_red_win_probability,7,105,0.7512570525877086,0.6571428571428571
historical-uncontrolled-reference,full-match,historical,,primary-clean,transferred_score_red_win_probability,8,118,0.8534690559111869,0.7627118644067796
historical-uncontrolled-reference,full-match,historical,,primary-clean,transferred_score_red_win_probability,9,216,0.9558145902453519,0.9212962962962963
historical-uncontrolled-reference,full-match,historical,,all-official,raw_pred_red_win_probability,0,169,0.046664459574563125,0.15976331360946747
historical-uncontrolled-reference,full-match,historical,,all-official,raw_pred_red_win_probability,1,92,0.14553825710737242,0.2717391304347826
historical-uncontrolled-reference,full-match,historical,,all-official,raw_pred_red_win_probability,2,76,0.2509807962158021,0.23684210526315788
historical-uncontrolled-reference,full-match,historical,,all-official,raw_pred_red_win_probability,3,58,0.3580590862606367,0.3620689655172414
historical-uncontrolled-reference,full-match,historical,,all-official,raw_pred_red_win_probability,4,79,0.452507436100545,0.5189873417721519
historical-uncontrolled-reference,full-match,historical,,all-official,raw_pred_red_win_probability,5,95,0.5525695190762266,0.4105263157894737
historical-uncontrolled-reference,full-match,historical,,all-official,raw_pred_red_win_probability,6,98,0.6537900509919854,0.5
historical-uncontrolled-reference,full-match,historical,,all-official,raw_pred_red_win_probability,7,105,0.7512570525877086,0.6571428571428571
historical-uncontrolled-reference,full-match,historical,,all-official,raw_pred_red_win_probability,8,118,0.8534690559111869,0.7627118644067796
historical-uncontrolled-reference,full-match,historical,,all-official,raw_pred_red_win_probability,9,216,0.9558145902453519,0.9212962962962963
historical-uncontrolled-reference,full-match,historical,,all-official,transferred_platt_red_win_probability,0,169,0.046664459574563125,0.15976331360946747
historical-uncontrolled-reference,full-match,historical,,all-official,transferred_platt_red_win_probability,1,92,0.14553825710737242,0.2717391304347826
historical-uncontrolled-reference,full-match,historical,,all-official,transferred_platt_red_win_probability,2,76,0.2509807962158021,0.23684210526315788
historical-uncontrolled-reference,full-match,historical,,all-official,transferred_platt_red_win_probability,3,58,0.3580590862606367,0.3620689655172414
historical-uncontrolled-reference,full-match,historical,,all-official,transferred_platt_red_win_probability,4,79,0.452507436100545,0.5189873417721519
historical-uncontrolled-reference,full-match,historical,,all-official,transferred_platt_red_win_probability,5,95,0.5525695190762266,0.4105263157894737
historical-uncontrolled-reference,full-match,historical,,all-official,transferred_platt_red_win_probability,6,98,0.6537900509919854,0.5
historical-uncontrolled-reference,full-match,historical,,all-official,transferred_platt_red_win_probability,7,105,0.7512570525877086,0.6571428571428571
historical-uncontrolled-reference,full-match,historical,,all-official,transferred_platt_red_win_probability,8,118,0.8534690559111869,0.7627118644067796
historical-uncontrolled-reference,full-match,historical,,all-official,transferred_platt_red_win_probability,9,216,0.9558145902453519,0.9212962962962963
historical-uncontrolled-reference,full-match,historical,,all-official,transferred_score_red_win_probability,0,169,0.046664459574563125,0.15976331360946747
historical-uncontrolled-reference,full-match,historical,,all-official,transferred_score_red_win_probability,1,92,0.14553825710737242,0.2717391304347826
historical-uncontrolled-reference,full-match,historical,,all-official,transferred_score_red_win_probability,2,76,0.2509807962158021,0.23684210526315788
historical-uncontrolled-reference,full-match,historical,,all-official,transferred_score_red_win_probability,3,58,0.3580590862606367,0.3620689655172414
historical-uncontrolled-reference,full-match,historical,,all-official,transferred_score_red_win_probability,4,79,0.452507436100545,0.5189873417721519
historical-uncontrolled-reference,full-match,historical,,all-official,transferred_score_red_win_probability,5,95,0.5525695190762266,0.4105263157894737
historical-uncontrolled-reference,full-match,historical,,all-official,transferred_score_red_win_probability,6,98,0.6537900509919854,0.5
historical-uncontrolled-reference,full-match,historical,,all-official,transferred_score_red_win_probability,7,105,0.7512570525877086,0.6571428571428571
historical-uncontrolled-reference,full-match,historical,,all-official,transferred_score_red_win_probability,8,118,0.8534690559111869,0.7627118644067796
historical-uncontrolled-reference,full-match,historical,,all-official,transferred_score_red_win_probability,9,216,0.9558145902453519,0.9212962962962963
historical-uncontrolled-reference,full-match,historical,,DQ-only,raw_pred_red_win_probability,0,0,,
historical-uncontrolled-reference,full-match,historical,,DQ-only,raw_pred_red_win_probability,1,0,,
historical-uncontrolled-reference,full-match,historical,,DQ-only,raw_pred_red_win_probability,2,0,,
historical-uncontrolled-reference,full-match,historical,,DQ-only,raw_pred_red_win_probability,3,0,,
historical-uncontrolled-reference,full-match,historical,,DQ-only,raw_pred_red_win_probability,4,0,,
historical-uncontrolled-reference,full-match,historical,,DQ-only,raw_pred_red_win_probability,5,0,,
historical-uncontrolled-reference,full-match,historical,,DQ-only,raw_pred_red_win_probability,6,0,,
historical-uncontrolled-reference,full-match,historical,,DQ-only,raw_pred_red_win_probability,7,0,,
historical-uncontrolled-reference,full-match,historical,,DQ-only,raw_pred_red_win_probability,8,0,,
historical-uncontrolled-reference,full-match,historical,,DQ-only,raw_pred_red_win_probability,9,0,,
historical-uncontrolled-reference,full-match,historical,,DQ-only,transferred_platt_red_win_probability,0,0,,
historical-uncontrolled-reference,full-match,historical,,DQ-only,transferred_platt_red_win_probability,1,0,,
historical-uncontrolled-reference,full-match,historical,,DQ-only,transferred_platt_red_win_probability,2,0,,
historical-uncontrolled-reference,full-match,historical,,DQ-only,transferred_platt_red_win_probability,3,0,,
historical-uncontrolled-reference,full-match,historical,,DQ-only,transferred_platt_red_win_probability,4,0,,
historical-uncontrolled-reference,full-match,historical,,DQ-only,transferred_platt_red_win_probability,5,0,,
historical-uncontrolled-reference,full-match,historical,,DQ-only,transferred_platt_red_win_probability,6,0,,
historical-uncontrolled-reference,full-match,historical,,DQ-only,transferred_platt_red_win_probability,7,0,,
historical-uncontrolled-reference,full-match,historical,,DQ-only,transferred_platt_red_win_probability,8,0,,
historical-uncontrolled-reference,full-match,historical,,DQ-only,transferred_platt_red_win_probability,9,0,,
historical-uncontrolled-reference,full-match,historical,,DQ-only,transferred_score_red_win_probability,0,0,,
historical-uncontrolled-reference,full-match,historical,,DQ-only,transferred_score_red_win_probability,1,0,,
historical-uncontrolled-reference,full-match,historical,,DQ-only,transferred_score_red_win_probability,2,0,,
historical-uncontrolled-reference,full-match,historical,,DQ-only,transferred_score_red_win_probability,3,0,,
historical-uncontrolled-reference,full-match,historical,,DQ-only,transferred_score_red_win_probability,4,0,,
historical-uncontrolled-reference,full-match,historical,,DQ-only,transferred_score_red_win_probability,5,0,,
historical-uncontrolled-reference,full-match,historical,,DQ-only,transferred_score_red_win_probability,6,0,,
historical-uncontrolled-reference,full-match,historical,,DQ-only,transferred_score_red_win_probability,7,0,,
historical-uncontrolled-reference,full-match,historical,,DQ-only,transferred_score_red_win_probability,8,0,,
historical-uncontrolled-reference,full-match,historical,,DQ-only,transferred_score_red_win_probability,9,0,,
historical-uncontrolled-reference,full-match,historical,,surrogate-only,raw_pred_red_win_probability,0,1,0.01929352815118206,0.0
historical-uncontrolled-reference,full-match,historical,,surrogate-only,raw_pred_red_win_probability,1,0,,
historical-uncontrolled-reference,full-match,historical,,surrogate-only,raw_pred_red_win_probability,2,0,,
historical-uncontrolled-reference,full-match,historical,,surrogate-only,raw_pred_red_win_probability,3,0,,
historical-uncontrolled-reference,full-match,historical,,surrogate-only,raw_pred_red_win_probability,4,0,,
historical-uncontrolled-reference,full-match,historical,,surrogate-only,raw_pred_red_win_probability,5,1,0.5768309721132934,0.0
historical-uncontrolled-reference,full-match,historical,,surrogate-only,raw_pred_red_win_probability,6,1,0.671413615977279,1.0
historical-uncontrolled-reference,full-match,historical,,surrogate-only,raw_pred_red_win_probability,7,0,,
historical-uncontrolled-reference,full-match,historical,,surrogate-only,raw_pred_red_win_probability,8,2,0.8590322206075125,1.0
historical-uncontrolled-reference,full-match,historical,,surrogate-only,raw_pred_red_win_probability,9,1,0.9521069496031311,1.0
historical-uncontrolled-reference,full-match,historical,,surrogate-only,transferred_platt_red_win_probability,0,1,0.01929352815118206,0.0
historical-uncontrolled-reference,full-match,historical,,surrogate-only,transferred_platt_red_win_probability,1,0,,
historical-uncontrolled-reference,full-match,historical,,surrogate-only,transferred_platt_red_win_probability,2,0,,
historical-uncontrolled-reference,full-match,historical,,surrogate-only,transferred_platt_red_win_probability,3,0,,
historical-uncontrolled-reference,full-match,historical,,surrogate-only,transferred_platt_red_win_probability,4,0,,
historical-uncontrolled-reference,full-match,historical,,surrogate-only,transferred_platt_red_win_probability,5,1,0.5768309721132934,0.0
historical-uncontrolled-reference,full-match,historical,,surrogate-only,transferred_platt_red_win_probability,6,1,0.671413615977279,1.0
historical-uncontrolled-reference,full-match,historical,,surrogate-only,transferred_platt_red_win_probability,7,0,,
historical-uncontrolled-reference,full-match,historical,,surrogate-only,transferred_platt_red_win_probability,8,2,0.8590322206075125,1.0
historical-uncontrolled-reference,full-match,historical,,surrogate-only,transferred_platt_red_win_probability,9,1,0.9521069496031311,1.0
historical-uncontrolled-reference,full-match,historical,,surrogate-only,transferred_score_red_win_probability,0,1,0.01929352815118206,0.0
historical-uncontrolled-reference,full-match,historical,,surrogate-only,transferred_score_red_win_probability,1,0,,
historical-uncontrolled-reference,full-match,historical,,surrogate-only,transferred_score_red_win_probability,2,0,,
historical-uncontrolled-reference,full-match,historical,,surrogate-only,transferred_score_red_win_probability,3,0,,
historical-uncontrolled-reference,full-match,historical,,surrogate-only,transferred_score_red_win_probability,4,0,,
historical-uncontrolled-reference,full-match,historical,,surrogate-only,transferred_score_red_win_probability,5,1,0.5768309721132934,0.0
historical-uncontrolled-reference,full-match,historical,,surrogate-only,transferred_score_red_win_probability,6,1,0.671413615977279,1.0
historical-uncontrolled-reference,full-match,historical,,surrogate-only,transferred_score_red_win_probability,7,0,,
historical-uncontrolled-reference,full-match,historical,,surrogate-only,transferred_score_red_win_probability,8,2,0.8590322206075125,1.0
historical-uncontrolled-reference,full-match,historical,,surrogate-only,transferred_score_red_win_probability,9,1,0.9521069496031311,1.0
historical-uncontrolled-reference,full-match,historical,,division:2026arc,raw_pred_red_win_probability,0,23,0.04750914773005523,0.2608695652173913
historical-uncontrolled-reference,full-match,historical,,division:2026arc,raw_pred_red_win_probability,1,8,0.13429944310954842,0.375
historical-uncontrolled-reference,full-match,historical,,division:2026arc,raw_pred_red_win_probability,2,9,0.24332504789253914,0.3333333333333333
historical-uncontrolled-reference,full-match,historical,,division:2026arc,raw_pred_red_win_probability,3,7,0.3448889458206946,0.14285714285714285
historical-uncontrolled-reference,full-match,historical,,division:2026arc,raw_pred_red_win_probability,4,9,0.4484434158325763,0.3333333333333333
historical-uncontrolled-reference,full-match,historical,,division:2026arc,raw_pred_red_win_probability,5,13,0.562649806732073,0.3076923076923077
historical-uncontrolled-reference,full-match,historical,,division:2026arc,raw_pred_red_win_probability,6,15,0.668292088145245,0.3333333333333333
historical-uncontrolled-reference,full-match,historical,,division:2026arc,raw_pred_red_win_probability,7,8,0.7410384951842284,0.625
historical-uncontrolled-reference,full-match,historical,,division:2026arc,raw_pred_red_win_probability,8,20,0.8556201897142091,0.7
historical-uncontrolled-reference,full-match,historical,,division:2026arc,raw_pred_red_win_probability,9,28,0.9565373314891357,0.9285714285714286
historical-uncontrolled-reference,full-match,historical,,division:2026arc,transferred_platt_red_win_probability,0,23,0.04750914773005523,0.2608695652173913
historical-uncontrolled-reference,full-match,historical,,division:2026arc,transferred_platt_red_win_probability,1,8,0.13429944310954842,0.375
historical-uncontrolled-reference,full-match,historical,,division:2026arc,transferred_platt_red_win_probability,2,9,0.24332504789253914,0.3333333333333333
historical-uncontrolled-reference,full-match,historical,,division:2026arc,transferred_platt_red_win_probability,3,7,0.3448889458206946,0.14285714285714285
historical-uncontrolled-reference,full-match,historical,,division:2026arc,transferred_platt_red_win_probability,4,9,0.4484434158325763,0.3333333333333333
historical-uncontrolled-reference,full-match,historical,,division:2026arc,transferred_platt_red_win_probability,5,13,0.562649806732073,0.3076923076923077
historical-uncontrolled-reference,full-match,historical,,division:2026arc,transferred_platt_red_win_probability,6,15,0.668292088145245,0.3333333333333333
historical-uncontrolled-reference,full-match,historical,,division:2026arc,transferred_platt_red_win_probability,7,8,0.7410384951842284,0.625
historical-uncontrolled-reference,full-match,historical,,division:2026arc,transferred_platt_red_win_probability,8,20,0.8556201897142091,0.7
historical-uncontrolled-reference,full-match,historical,,division:2026arc,transferred_platt_red_win_probability,9,28,0.9565373314891357,0.9285714285714286
historical-uncontrolled-reference,full-match,historical,,division:2026arc,transferred_score_red_win_probability,0,23,0.04750914773005523,0.2608695652173913
historical-uncontrolled-reference,full-match,historical,,division:2026arc,transferred_score_red_win_probability,1,8,0.13429944310954842,0.375
historical-uncontrolled-reference,full-match,historical,,division:2026arc,transferred_score_red_win_probability,2,9,0.24332504789253914,0.3333333333333333
historical-uncontrolled-reference,full-match,historical,,division:2026arc,transferred_score_red_win_probability,3,7,0.3448889458206946,0.14285714285714285
historical-uncontrolled-reference,full-match,historical,,division:2026arc,transferred_score_red_win_probability,4,9,0.4484434158325763,0.3333333333333333
historical-uncontrolled-reference,full-match,historical,,division:2026arc,transferred_score_red_win_probability,5,13,0.562649806732073,0.3076923076923077
historical-uncontrolled-reference,full-match,historical,,division:2026arc,transferred_score_red_win_probability,6,15,0.668292088145245,0.3333333333333333
historical-uncontrolled-reference,full-match,historical,,division:2026arc,transferred_score_red_win_probability,7,8,0.7410384951842284,0.625
historical-uncontrolled-reference,full-match,historical,,division:2026arc,transferred_score_red_win_probability,8,20,0.8556201897142091,0.7
historical-uncontrolled-reference,full-match,historical,,division:2026arc,transferred_score_red_win_probability,9,28,0.9565373314891357,0.9285714285714286
historical-uncontrolled-reference,full-match,historical,,division:2026cur,raw_pred_red_win_probability,0,16,0.0487862268516578,0.1875
historical-uncontrolled-reference,full-match,historical,,division:2026cur,raw_pred_red_win_probability,1,12,0.1510012264949994,0.25
historical-uncontrolled-reference,full-match,historical,,division:2026cur,raw_pred_red_win_probability,2,13,0.257542142511063,0.23076923076923078
historical-uncontrolled-reference,full-match,historical,,division:2026cur,raw_pred_red_win_probability,3,6,0.3757459934860237,0.3333333333333333
historical-uncontrolled-reference,full-match,historical,,division:2026cur,raw_pred_red_win_probability,4,10,0.4463571359500734,0.5
historical-uncontrolled-reference,full-match,historical,,division:2026cur,raw_pred_red_win_probability,5,12,0.552820924933399,0.4166666666666667
historical-uncontrolled-reference,full-match,historical,,division:2026cur,raw_pred_red_win_probability,6,9,0.6456616576990906,0.4444444444444444
historical-uncontrolled-reference,full-match,historical,,division:2026cur,raw_pred_red_win_probability,7,21,0.7385033528425178,0.7142857142857143
historical-uncontrolled-reference,full-match,historical,,division:2026cur,raw_pred_red_win_probability,8,17,0.8533368013512981,0.8823529411764706
historical-uncontrolled-reference,full-match,historical,,division:2026cur,raw_pred_red_win_probability,9,20,0.9514627876262004,1.0
historical-uncontrolled-reference,full-match,historical,,division:2026cur,transferred_platt_red_win_probability,0,16,0.0487862268516578,0.1875
historical-uncontrolled-reference,full-match,historical,,division:2026cur,transferred_platt_red_win_probability,1,12,0.1510012264949994,0.25
historical-uncontrolled-reference,full-match,historical,,division:2026cur,transferred_platt_red_win_probability,2,13,0.257542142511063,0.23076923076923078
historical-uncontrolled-reference,full-match,historical,,division:2026cur,transferred_platt_red_win_probability,3,6,0.3757459934860237,0.3333333333333333
historical-uncontrolled-reference,full-match,historical,,division:2026cur,transferred_platt_red_win_probability,4,10,0.4463571359500734,0.5
historical-uncontrolled-reference,full-match,historical,,division:2026cur,transferred_platt_red_win_probability,5,12,0.552820924933399,0.4166666666666667
historical-uncontrolled-reference,full-match,historical,,division:2026cur,transferred_platt_red_win_probability,6,9,0.6456616576990906,0.4444444444444444
historical-uncontrolled-reference,full-match,historical,,division:2026cur,transferred_platt_red_win_probability,7,21,0.7385033528425178,0.7142857142857143
historical-uncontrolled-reference,full-match,historical,,division:2026cur,transferred_platt_red_win_probability,8,17,0.8533368013512981,0.8823529411764706
historical-uncontrolled-reference,full-match,historical,,division:2026cur,transferred_platt_red_win_probability,9,20,0.9514627876262004,1.0
historical-uncontrolled-reference,full-match,historical,,division:2026cur,transferred_score_red_win_probability,0,16,0.0487862268516578,0.1875
historical-uncontrolled-reference,full-match,historical,,division:2026cur,transferred_score_red_win_probability,1,12,0.1510012264949994,0.25
historical-uncontrolled-reference,full-match,historical,,division:2026cur,transferred_score_red_win_probability,2,13,0.257542142511063,0.23076923076923078
historical-uncontrolled-reference,full-match,historical,,division:2026cur,transferred_score_red_win_probability,3,6,0.3757459934860237,0.3333333333333333
historical-uncontrolled-reference,full-match,historical,,division:2026cur,transferred_score_red_win_probability,4,10,0.4463571359500734,0.5
historical-uncontrolled-reference,full-match,historical,,division:2026cur,transferred_score_red_win_probability,5,12,0.552820924933399,0.4166666666666667
historical-uncontrolled-reference,full-match,historical,,division:2026cur,transferred_score_red_win_probability,6,9,0.6456616576990906,0.4444444444444444
historical-uncontrolled-reference,full-match,historical,,division:2026cur,transferred_score_red_win_probability,7,21,0.7385033528425178,0.7142857142857143
historical-uncontrolled-reference,full-match,historical,,division:2026cur,transferred_score_red_win_probability,8,17,0.8533368013512981,0.8823529411764706
historical-uncontrolled-reference,full-match,historical,,division:2026cur,transferred_score_red_win_probability,9,20,0.9514627876262004,1.0
historical-uncontrolled-reference,full-match,historical,,division:2026dal,raw_pred_red_win_probability,0,16,0.045115668798846785,0.125
historical-uncontrolled-reference,full-match,historical,,division:2026dal,raw_pred_red_win_probability,1,14,0.14334386335536292,0.07142857142857142
historical-uncontrolled-reference,full-match,historical,,division:2026dal,raw_pred_red_win_probability,2,11,0.23092461497250766,0.2727272727272727
historical-uncontrolled-reference,full-match,historical,,division:2026dal,raw_pred_red_win_probability,3,11,0.3548916570830898,0.36363636363636365
historical-uncontrolled-reference,full-match,historical,,division:2026dal,raw_pred_red_win_probability,4,9,0.4599344582694625,0.4444444444444444
historical-uncontrolled-reference,full-match,historical,,division:2026dal,raw_pred_red_win_probability,5,13,0.5526013121436123,0.46153846153846156
historical-uncontrolled-reference,full-match,historical,,division:2026dal,raw_pred_red_win_probability,6,12,0.6484856493452984,0.3333333333333333
historical-uncontrolled-reference,full-match,historical,,division:2026dal,raw_pred_red_win_probability,7,13,0.7452983625158491,0.5384615384615384
historical-uncontrolled-reference,full-match,historical,,division:2026dal,raw_pred_red_win_probability,8,12,0.8388053110318868,0.75
historical-uncontrolled-reference,full-match,historical,,division:2026dal,raw_pred_red_win_probability,9,27,0.9561714733663861,0.9629629629629629
historical-uncontrolled-reference,full-match,historical,,division:2026dal,transferred_platt_red_win_probability,0,16,0.045115668798846785,0.125
historical-uncontrolled-reference,full-match,historical,,division:2026dal,transferred_platt_red_win_probability,1,14,0.14334386335536292,0.07142857142857142
historical-uncontrolled-reference,full-match,historical,,division:2026dal,transferred_platt_red_win_probability,2,11,0.23092461497250766,0.2727272727272727
historical-uncontrolled-reference,full-match,historical,,division:2026dal,transferred_platt_red_win_probability,3,11,0.3548916570830898,0.36363636363636365
historical-uncontrolled-reference,full-match,historical,,division:2026dal,transferred_platt_red_win_probability,4,9,0.4599344582694625,0.4444444444444444
historical-uncontrolled-reference,full-match,historical,,division:2026dal,transferred_platt_red_win_probability,5,13,0.5526013121436123,0.46153846153846156
historical-uncontrolled-reference,full-match,historical,,division:2026dal,transferred_platt_red_win_probability,6,12,0.6484856493452984,0.3333333333333333
historical-uncontrolled-reference,full-match,historical,,division:2026dal,transferred_platt_red_win_probability,7,13,0.7452983625158491,0.5384615384615384
historical-uncontrolled-reference,full-match,historical,,division:2026dal,transferred_platt_red_win_probability,8,12,0.8388053110318868,0.75
historical-uncontrolled-reference,full-match,historical,,division:2026dal,transferred_platt_red_win_probability,9,27,0.9561714733663861,0.9629629629629629
historical-uncontrolled-reference,full-match,historical,,division:2026dal,transferred_score_red_win_probability,0,16,0.045115668798846785,0.125
historical-uncontrolled-reference,full-match,historical,,division:2026dal,transferred_score_red_win_probability,1,14,0.14334386335536292,0.07142857142857142
historical-uncontrolled-reference,full-match,historical,,division:2026dal,transferred_score_red_win_probability,2,11,0.23092461497250766,0.2727272727272727
historical-uncontrolled-reference,full-match,historical,,division:2026dal,transferred_score_red_win_probability,3,11,0.3548916570830898,0.36363636363636365
historical-uncontrolled-reference,full-match,historical,,division:2026dal,transferred_score_red_win_probability,4,9,0.4599344582694625,0.4444444444444444
historical-uncontrolled-reference,full-match,historical,,division:2026dal,transferred_score_red_win_probability,5,13,0.5526013121436123,0.46153846153846156
historical-uncontrolled-reference,full-match,historical,,division:2026dal,transferred_score_red_win_probability,6,12,0.6484856493452984,0.3333333333333333
historical-uncontrolled-reference,full-match,historical,,division:2026dal,transferred_score_red_win_probability,7,13,0.7452983625158491,0.5384615384615384
historical-uncontrolled-reference,full-match,historical,,division:2026dal,transferred_score_red_win_probability,8,12,0.8388053110318868,0.75
historical-uncontrolled-reference,full-match,historical,,division:2026dal,transferred_score_red_win_probability,9,27,0.9561714733663861,0.9629629629629629
historical-uncontrolled-reference,full-match,historical,,division:2026gal,raw_pred_red_win_probability,0,22,0.043859830840374155,0.22727272727272727
historical-uncontrolled-reference,full-match,historical,,division:2026gal,raw_pred_red_win_probability,1,13,0.14806493051410258,0.46153846153846156
historical-uncontrolled-reference,full-match,historical,,division:2026gal,raw_pred_red_win_probability,2,9,0.2554684035068576,0.2222222222222222
historical-uncontrolled-reference,full-match,historical,,division:2026gal,raw_pred_red_win_probability,3,4,0.3552068215020422,0.25
historical-uncontrolled-reference,full-match,historical,,division:2026gal,raw_pred_red_win_probability,4,8,0.44732872105904314,0.75
historical-uncontrolled-reference,full-match,historical,,division:2026gal,raw_pred_red_win_probability,5,9,0.5604416199581492,0.5555555555555556
historical-uncontrolled-reference,full-match,historical,,division:2026gal,raw_pred_red_win_probability,6,16,0.6576019196469933,0.4375
historical-uncontrolled-reference,full-match,historical,,division:2026gal,raw_pred_red_win_probability,7,10,0.7493978390345277,0.8
historical-uncontrolled-reference,full-match,historical,,division:2026gal,raw_pred_red_win_probability,8,20,0.862017904311215,0.9
historical-uncontrolled-reference,full-match,historical,,division:2026gal,raw_pred_red_win_probability,9,27,0.9578782837142215,0.8148148148148148
historical-uncontrolled-reference,full-match,historical,,division:2026gal,transferred_platt_red_win_probability,0,22,0.043859830840374155,0.22727272727272727
historical-uncontrolled-reference,full-match,historical,,division:2026gal,transferred_platt_red_win_probability,1,13,0.14806493051410258,0.46153846153846156
historical-uncontrolled-reference,full-match,historical,,division:2026gal,transferred_platt_red_win_probability,2,9,0.2554684035068576,0.2222222222222222
historical-uncontrolled-reference,full-match,historical,,division:2026gal,transferred_platt_red_win_probability,3,4,0.3552068215020422,0.25
historical-uncontrolled-reference,full-match,historical,,division:2026gal,transferred_platt_red_win_probability,4,8,0.44732872105904314,0.75
historical-uncontrolled-reference,full-match,historical,,division:2026gal,transferred_platt_red_win_probability,5,9,0.5604416199581492,0.5555555555555556
historical-uncontrolled-reference,full-match,historical,,division:2026gal,transferred_platt_red_win_probability,6,16,0.6576019196469933,0.4375
historical-uncontrolled-reference,full-match,historical,,division:2026gal,transferred_platt_red_win_probability,7,10,0.7493978390345277,0.8
historical-uncontrolled-reference,full-match,historical,,division:2026gal,transferred_platt_red_win_probability,8,20,0.862017904311215,0.9
historical-uncontrolled-reference,full-match,historical,,division:2026gal,transferred_platt_red_win_probability,9,27,0.9578782837142215,0.8148148148148148
historical-uncontrolled-reference,full-match,historical,,division:2026gal,transferred_score_red_win_probability,0,22,0.043859830840374155,0.22727272727272727
historical-uncontrolled-reference,full-match,historical,,division:2026gal,transferred_score_red_win_probability,1,13,0.14806493051410258,0.46153846153846156
historical-uncontrolled-reference,full-match,historical,,division:2026gal,transferred_score_red_win_probability,2,9,0.2554684035068576,0.2222222222222222
historical-uncontrolled-reference,full-match,historical,,division:2026gal,transferred_score_red_win_probability,3,4,0.3552068215020422,0.25
historical-uncontrolled-reference,full-match,historical,,division:2026gal,transferred_score_red_win_probability,4,8,0.44732872105904314,0.75
historical-uncontrolled-reference,full-match,historical,,division:2026gal,transferred_score_red_win_probability,5,9,0.5604416199581492,0.5555555555555556
historical-uncontrolled-reference,full-match,historical,,division:2026gal,transferred_score_red_win_probability,6,16,0.6576019196469933,0.4375
historical-uncontrolled-reference,full-match,historical,,division:2026gal,transferred_score_red_win_probability,7,10,0.7493978390345277,0.8
historical-uncontrolled-reference,full-match,historical,,division:2026gal,transferred_score_red_win_probability,8,20,0.862017904311215,0.9
historical-uncontrolled-reference,full-match,historical,,division:2026gal,transferred_score_red_win_probability,9,27,0.9578782837142215,0.8148148148148148
historical-uncontrolled-reference,full-match,historical,,division:2026hop,raw_pred_red_win_probability,0,22,0.04285778634919903,0.13636363636363635
historical-uncontrolled-reference,full-match,historical,,division:2026hop,raw_pred_red_win_probability,1,9,0.14993075092014735,0.2222222222222222
historical-uncontrolled-reference,full-match,historical,,division:2026hop,raw_pred_red_win_probability,2,16,0.25388836670501913,0.1875
historical-uncontrolled-reference,full-match,historical,,division:2026hop,raw_pred_red_win_probability,3,6,0.3503537811441351,0.3333333333333333
historical-uncontrolled-reference,full-match,historical,,division:2026hop,raw_pred_red_win_probability,4,9,0.4655152938586953,0.6666666666666666
historical-uncontrolled-reference,full-match,historical,,division:2026hop,raw_pred_red_win_probability,5,11,0.5522232480469725,0.2727272727272727
historical-uncontrolled-reference,full-match,historical,,division:2026hop,raw_pred_red_win_probability,6,9,0.6337011131146114,0.5555555555555556
historical-uncontrolled-reference,full-match,historical,,division:2026hop,raw_pred_red_win_probability,7,14,0.7540825823776128,0.7142857142857143
historical-uncontrolled-reference,full-match,historical,,division:2026hop,raw_pred_red_win_probability,8,15,0.8456633077005897,0.5333333333333333
historical-uncontrolled-reference,full-match,historical,,division:2026hop,raw_pred_red_win_probability,9,29,0.9526924019356593,0.9310344827586207
historical-uncontrolled-reference,full-match,historical,,division:2026hop,transferred_platt_red_win_probability,0,22,0.04285778634919903,0.13636363636363635
historical-uncontrolled-reference,full-match,historical,,division:2026hop,transferred_platt_red_win_probability,1,9,0.14993075092014735,0.2222222222222222
historical-uncontrolled-reference,full-match,historical,,division:2026hop,transferred_platt_red_win_probability,2,16,0.25388836670501913,0.1875
historical-uncontrolled-reference,full-match,historical,,division:2026hop,transferred_platt_red_win_probability,3,6,0.3503537811441351,0.3333333333333333
historical-uncontrolled-reference,full-match,historical,,division:2026hop,transferred_platt_red_win_probability,4,9,0.4655152938586953,0.6666666666666666
historical-uncontrolled-reference,full-match,historical,,division:2026hop,transferred_platt_red_win_probability,5,11,0.5522232480469725,0.2727272727272727
historical-uncontrolled-reference,full-match,historical,,division:2026hop,transferred_platt_red_win_probability,6,9,0.6337011131146114,0.5555555555555556
historical-uncontrolled-reference,full-match,historical,,division:2026hop,transferred_platt_red_win_probability,7,14,0.7540825823776128,0.7142857142857143
historical-uncontrolled-reference,full-match,historical,,division:2026hop,transferred_platt_red_win_probability,8,15,0.8456633077005897,0.5333333333333333
historical-uncontrolled-reference,full-match,historical,,division:2026hop,transferred_platt_red_win_probability,9,29,0.9526924019356593,0.9310344827586207
historical-uncontrolled-reference,full-match,historical,,division:2026hop,transferred_score_red_win_probability,0,22,0.04285778634919903,0.13636363636363635
historical-uncontrolled-reference,full-match,historical,,division:2026hop,transferred_score_red_win_probability,1,9,0.14993075092014735,0.2222222222222222
historical-uncontrolled-reference,full-match,historical,,division:2026hop,transferred_score_red_win_probability,2,16,0.25388836670501913,0.1875
historical-uncontrolled-reference,full-match,historical,,division:2026hop,transferred_score_red_win_probability,3,6,0.3503537811441351,0.3333333333333333
historical-uncontrolled-reference,full-match,historical,,division:2026hop,transferred_score_red_win_probability,4,9,0.4655152938586953,0.6666666666666666
historical-uncontrolled-reference,full-match,historical,,division:2026hop,transferred_score_red_win_probability,5,11,0.5522232480469725,0.2727272727272727
historical-uncontrolled-reference,full-match,historical,,division:2026hop,transferred_score_red_win_probability,6,9,0.6337011131146114,0.5555555555555556
historical-uncontrolled-reference,full-match,historical,,division:2026hop,transferred_score_red_win_probability,7,14,0.7540825823776128,0.7142857142857143
historical-uncontrolled-reference,full-match,historical,,division:2026hop,transferred_score_red_win_probability,8,15,0.8456633077005897,0.5333333333333333
historical-uncontrolled-reference,full-match,historical,,division:2026hop,transferred_score_red_win_probability,9,29,0.9526924019356593,0.9310344827586207
historical-uncontrolled-reference,full-match,historical,,division:2026joh,raw_pred_red_win_probability,0,26,0.042019880674371075,0.11538461538461539
historical-uncontrolled-reference,full-match,historical,,division:2026joh,raw_pred_red_win_probability,1,9,0.1619179319022494,0.4444444444444444
historical-uncontrolled-reference,full-match,historical,,division:2026joh,raw_pred_red_win_probability,2,4,0.2680825556509286,0.25
historical-uncontrolled-reference,full-match,historical,,division:2026joh,raw_pred_red_win_probability,3,9,0.3682802961259875,0.4444444444444444
historical-uncontrolled-reference,full-match,historical,,division:2026joh,raw_pred_red_win_probability,4,11,0.44161663251747146,0.36363636363636365
historical-uncontrolled-reference,full-match,historical,,division:2026joh,raw_pred_red_win_probability,5,12,0.5577369038755543,0.4166666666666667
historical-uncontrolled-reference,full-match,historical,,division:2026joh,raw_pred_red_win_probability,6,14,0.6479059751632417,0.6428571428571429
historical-uncontrolled-reference,full-match,historical,,division:2026joh,raw_pred_red_win_probability,7,13,0.7642840652875196,0.6923076923076923
historical-uncontrolled-reference,full-match,historical,,division:2026joh,raw_pred_red_win_probability,8,11,0.8563294337524678,0.9090909090909091
historical-uncontrolled-reference,full-match,historical,,division:2026joh,raw_pred_red_win_probability,9,29,0.9581489096080815,0.9310344827586207
historical-uncontrolled-reference,full-match,historical,,division:2026joh,transferred_platt_red_win_probability,0,26,0.042019880674371075,0.11538461538461539
historical-uncontrolled-reference,full-match,historical,,division:2026joh,transferred_platt_red_win_probability,1,9,0.1619179319022494,0.4444444444444444
historical-uncontrolled-reference,full-match,historical,,division:2026joh,transferred_platt_red_win_probability,2,4,0.2680825556509286,0.25
historical-uncontrolled-reference,full-match,historical,,division:2026joh,transferred_platt_red_win_probability,3,9,0.3682802961259875,0.4444444444444444
historical-uncontrolled-reference,full-match,historical,,division:2026joh,transferred_platt_red_win_probability,4,11,0.44161663251747146,0.36363636363636365
historical-uncontrolled-reference,full-match,historical,,division:2026joh,transferred_platt_red_win_probability,5,12,0.5577369038755543,0.4166666666666667
historical-uncontrolled-reference,full-match,historical,,division:2026joh,transferred_platt_red_win_probability,6,14,0.6479059751632417,0.6428571428571429
historical-uncontrolled-reference,full-match,historical,,division:2026joh,transferred_platt_red_win_probability,7,13,0.7642840652875196,0.6923076923076923
historical-uncontrolled-reference,full-match,historical,,division:2026joh,transferred_platt_red_win_probability,8,11,0.8563294337524678,0.9090909090909091
historical-uncontrolled-reference,full-match,historical,,division:2026joh,transferred_platt_red_win_probability,9,29,0.9581489096080815,0.9310344827586207
historical-uncontrolled-reference,full-match,historical,,division:2026joh,transferred_score_red_win_probability,0,26,0.042019880674371075,0.11538461538461539
historical-uncontrolled-reference,full-match,historical,,division:2026joh,transferred_score_red_win_probability,1,9,0.1619179319022494,0.4444444444444444
historical-uncontrolled-reference,full-match,historical,,division:2026joh,transferred_score_red_win_probability,2,4,0.2680825556509286,0.25
historical-uncontrolled-reference,full-match,historical,,division:2026joh,transferred_score_red_win_probability,3,9,0.3682802961259875,0.4444444444444444
historical-uncontrolled-reference,full-match,historical,,division:2026joh,transferred_score_red_win_probability,4,11,0.44161663251747146,0.36363636363636365
historical-uncontrolled-reference,full-match,historical,,division:2026joh,transferred_score_red_win_probability,5,12,0.5577369038755543,0.4166666666666667
historical-uncontrolled-reference,full-match,historical,,division:2026joh,transferred_score_red_win_probability,6,14,0.6479059751632417,0.6428571428571429
historical-uncontrolled-reference,full-match,historical,,division:2026joh,transferred_score_red_win_probability,7,13,0.7642840652875196,0.6923076923076923
historical-uncontrolled-reference,full-match,historical,,division:2026joh,transferred_score_red_win_probability,8,11,0.8563294337524678,0.9090909090909091
historical-uncontrolled-reference,full-match,historical,,division:2026joh,transferred_score_red_win_probability,9,29,0.9581489096080815,0.9310344827586207
historical-uncontrolled-reference,full-match,historical,,division:2026mil,raw_pred_red_win_probability,0,28,0.05172664011549568,0.07142857142857142
historical-uncontrolled-reference,full-match,historical,,division:2026mil,raw_pred_red_win_probability,1,13,0.14367628750158784,0.38461538461538464
historical-uncontrolled-reference,full-match,historical,,division:2026mil,raw_pred_red_win_probability,2,10,0.25433461541268315,0.2
historical-uncontrolled-reference,full-match,historical,,division:2026mil,raw_pred_red_win_probability,3,6,0.35600627880031527,0.5
historical-uncontrolled-reference,full-match,historical,,division:2026mil,raw_pred_red_win_probability,4,7,0.46738592944086743,0.2857142857142857
historical-uncontrolled-reference,full-match,historical,,division:2026mil,raw_pred_red_win_probability,5,13,0.5374682892661082,0.38461538461538464
historical-uncontrolled-reference,full-match,historical,,division:2026mil,raw_pred_red_win_probability,6,7,0.6540990873619311,0.8571428571428571
historical-uncontrolled-reference,full-match,historical,,division:2026mil,raw_pred_red_win_probability,7,11,0.7665271224576634,0.7272727272727273
historical-uncontrolled-reference,full-match,historical,,division:2026mil,raw_pred_red_win_probability,8,10,0.8500658457251153,0.6
historical-uncontrolled-reference,full-match,historical,,division:2026mil,raw_pred_red_win_probability,9,31,0.9623939588683667,0.967741935483871
historical-uncontrolled-reference,full-match,historical,,division:2026mil,transferred_platt_red_win_probability,0,28,0.05172664011549568,0.07142857142857142
historical-uncontrolled-reference,full-match,historical,,division:2026mil,transferred_platt_red_win_probability,1,13,0.14367628750158784,0.38461538461538464
historical-uncontrolled-reference,full-match,historical,,division:2026mil,transferred_platt_red_win_probability,2,10,0.25433461541268315,0.2
historical-uncontrolled-reference,full-match,historical,,division:2026mil,transferred_platt_red_win_probability,3,6,0.35600627880031527,0.5
historical-uncontrolled-reference,full-match,historical,,division:2026mil,transferred_platt_red_win_probability,4,7,0.46738592944086743,0.2857142857142857
historical-uncontrolled-reference,full-match,historical,,division:2026mil,transferred_platt_red_win_probability,5,13,0.5374682892661082,0.38461538461538464
historical-uncontrolled-reference,full-match,historical,,division:2026mil,transferred_platt_red_win_probability,6,7,0.6540990873619311,0.8571428571428571
historical-uncontrolled-reference,full-match,historical,,division:2026mil,transferred_platt_red_win_probability,7,11,0.7665271224576634,0.7272727272727273
historical-uncontrolled-reference,full-match,historical,,division:2026mil,transferred_platt_red_win_probability,8,10,0.8500658457251153,0.6
historical-uncontrolled-reference,full-match,historical,,division:2026mil,transferred_platt_red_win_probability,9,31,0.9623939588683667,0.967741935483871
historical-uncontrolled-reference,full-match,historical,,division:2026mil,transferred_score_red_win_probability,0,28,0.05172664011549568,0.07142857142857142
historical-uncontrolled-reference,full-match,historical,,division:2026mil,transferred_score_red_win_probability,1,13,0.14367628750158784,0.38461538461538464
historical-uncontrolled-reference,full-match,historical,,division:2026mil,transferred_score_red_win_probability,2,10,0.25433461541268315,0.2
historical-uncontrolled-reference,full-match,historical,,division:2026mil,transferred_score_red_win_probability,3,6,0.35600627880031527,0.5
historical-uncontrolled-reference,full-match,historical,,division:2026mil,transferred_score_red_win_probability,4,7,0.46738592944086743,0.2857142857142857
historical-uncontrolled-reference,full-match,historical,,division:2026mil,transferred_score_red_win_probability,5,13,0.5374682892661082,0.38461538461538464
historical-uncontrolled-reference,full-match,historical,,division:2026mil,transferred_score_red_win_probability,6,7,0.6540990873619311,0.8571428571428571
historical-uncontrolled-reference,full-match,historical,,division:2026mil,transferred_score_red_win_probability,7,11,0.7665271224576634,0.7272727272727273
historical-uncontrolled-reference,full-match,historical,,division:2026mil,transferred_score_red_win_probability,8,10,0.8500658457251153,0.6
historical-uncontrolled-reference,full-match,historical,,division:2026mil,transferred_score_red_win_probability,9,31,0.9623939588683667,0.967741935483871
historical-uncontrolled-reference,full-match,historical,,division:2026new,raw_pred_red_win_probability,0,16,0.05265640881023041,0.1875
historical-uncontrolled-reference,full-match,historical,,division:2026new,raw_pred_red_win_probability,1,14,0.13550152317723235,0.07142857142857142
historical-uncontrolled-reference,full-match,historical,,division:2026new,raw_pred_red_win_probability,2,4,0.2548226471135348,0.25
historical-uncontrolled-reference,full-match,historical,,division:2026new,raw_pred_red_win_probability,3,9,0.3579344314147978,0.4444444444444444
historical-uncontrolled-reference,full-match,historical,,division:2026new,raw_pred_red_win_probability,4,16,0.45071020928406913,0.6875
historical-uncontrolled-reference,full-match,historical,,division:2026new,raw_pred_red_win_probability,5,12,0.5469689793792286,0.5
historical-uncontrolled-reference,full-match,historical,,division:2026new,raw_pred_red_win_probability,6,16,0.6612464354623878,0.5625
historical-uncontrolled-reference,full-match,historical,,division:2026new,raw_pred_red_win_probability,7,15,0.7558405132288506,0.4666666666666667
historical-uncontrolled-reference,full-match,historical,,division:2026new,raw_pred_red_win_probability,8,13,0.8599204244322884,0.7692307692307693
historical-uncontrolled-reference,full-match,historical,,division:2026new,raw_pred_red_win_probability,9,25,0.9486278503164775,0.84
historical-uncontrolled-reference,full-match,historical,,division:2026new,transferred_platt_red_win_probability,0,16,0.05265640881023041,0.1875
historical-uncontrolled-reference,full-match,historical,,division:2026new,transferred_platt_red_win_probability,1,14,0.13550152317723235,0.07142857142857142
historical-uncontrolled-reference,full-match,historical,,division:2026new,transferred_platt_red_win_probability,2,4,0.2548226471135348,0.25
historical-uncontrolled-reference,full-match,historical,,division:2026new,transferred_platt_red_win_probability,3,9,0.3579344314147978,0.4444444444444444
historical-uncontrolled-reference,full-match,historical,,division:2026new,transferred_platt_red_win_probability,4,16,0.45071020928406913,0.6875
historical-uncontrolled-reference,full-match,historical,,division:2026new,transferred_platt_red_win_probability,5,12,0.5469689793792286,0.5
historical-uncontrolled-reference,full-match,historical,,division:2026new,transferred_platt_red_win_probability,6,16,0.6612464354623878,0.5625
historical-uncontrolled-reference,full-match,historical,,division:2026new,transferred_platt_red_win_probability,7,15,0.7558405132288506,0.4666666666666667
historical-uncontrolled-reference,full-match,historical,,division:2026new,transferred_platt_red_win_probability,8,13,0.8599204244322884,0.7692307692307693
historical-uncontrolled-reference,full-match,historical,,division:2026new,transferred_platt_red_win_probability,9,25,0.9486278503164775,0.84
historical-uncontrolled-reference,full-match,historical,,division:2026new,transferred_score_red_win_probability,0,16,0.05265640881023041,0.1875
historical-uncontrolled-reference,full-match,historical,,division:2026new,transferred_score_red_win_probability,1,14,0.13550152317723235,0.07142857142857142
historical-uncontrolled-reference,full-match,historical,,division:2026new,transferred_score_red_win_probability,2,4,0.2548226471135348,0.25
historical-uncontrolled-reference,full-match,historical,,division:2026new,transferred_score_red_win_probability,3,9,0.3579344314147978,0.4444444444444444
historical-uncontrolled-reference,full-match,historical,,division:2026new,transferred_score_red_win_probability,4,16,0.45071020928406913,0.6875
historical-uncontrolled-reference,full-match,historical,,division:2026new,transferred_score_red_win_probability,5,12,0.5469689793792286,0.5
historical-uncontrolled-reference,full-match,historical,,division:2026new,transferred_score_red_win_probability,6,16,0.6612464354623878,0.5625
historical-uncontrolled-reference,full-match,historical,,division:2026new,transferred_score_red_win_probability,7,15,0.7558405132288506,0.4666666666666667
historical-uncontrolled-reference,full-match,historical,,division:2026new,transferred_score_red_win_probability,8,13,0.8599204244322884,0.7692307692307693
historical-uncontrolled-reference,full-match,historical,,division:2026new,transferred_score_red_win_probability,9,25,0.9486278503164775,0.84
historical-uncontrolled-reference,full-match,historical,,observation:high,raw_pred_red_win_probability,0,156,0.04757296633714996,0.15384615384615385
historical-uncontrolled-reference,full-match,historical,,observation:high,raw_pred_red_win_probability,1,91,0.14515389487186484,0.27472527472527475
historical-uncontrolled-reference,full-match,historical,,observation:high,raw_pred_red_win_probability,2,74,0.25052823600202917,0.24324324324324326
historical-uncontrolled-reference,full-match,historical,,observation:high,raw_pred_red_win_probability,3,53,0.3573969984103019,0.33962264150943394
historical-uncontrolled-reference,full-match,historical,,observation:high,raw_pred_red_win_probability,4,77,0.45138158492950403,0.5194805194805194
historical-uncontrolled-reference,full-match,historical,,observation:high,raw_pred_red_win_probability,5,91,0.5515711795866739,0.4175824175824176
historical-uncontrolled-reference,full-match,historical,,observation:high,raw_pred_red_win_probability,6,95,0.6535911928520741,0.5052631578947369
historical-uncontrolled-reference,full-match,historical,,observation:high,raw_pred_red_win_probability,7,102,0.7516704187562527,0.6666666666666666
historical-uncontrolled-reference,full-match,historical,,observation:high,raw_pred_red_win_probability,8,113,0.8538611038967281,0.7522123893805309
historical-uncontrolled-reference,full-match,historical,,observation:high,raw_pred_red_win_probability,9,204,0.9557553491949841,0.9166666666666666
historical-uncontrolled-reference,full-match,historical,,observation:high,transferred_platt_red_win_probability,0,156,0.04757296633714996,0.15384615384615385
historical-uncontrolled-reference,full-match,historical,,observation:high,transferred_platt_red_win_probability,1,91,0.14515389487186484,0.27472527472527475
historical-uncontrolled-reference,full-match,historical,,observation:high,transferred_platt_red_win_probability,2,74,0.25052823600202917,0.24324324324324326
historical-uncontrolled-reference,full-match,historical,,observation:high,transferred_platt_red_win_probability,3,53,0.3573969984103019,0.33962264150943394
historical-uncontrolled-reference,full-match,historical,,observation:high,transferred_platt_red_win_probability,4,77,0.45138158492950403,0.5194805194805194
historical-uncontrolled-reference,full-match,historical,,observation:high,transferred_platt_red_win_probability,5,91,0.5515711795866739,0.4175824175824176
historical-uncontrolled-reference,full-match,historical,,observation:high,transferred_platt_red_win_probability,6,95,0.6535911928520741,0.5052631578947369
historical-uncontrolled-reference,full-match,historical,,observation:high,transferred_platt_red_win_probability,7,102,0.7516704187562527,0.6666666666666666
historical-uncontrolled-reference,full-match,historical,,observation:high,transferred_platt_red_win_probability,8,113,0.8538611038967281,0.7522123893805309
historical-uncontrolled-reference,full-match,historical,,observation:high,transferred_platt_red_win_probability,9,204,0.9557553491949841,0.9166666666666666
historical-uncontrolled-reference,full-match,historical,,observation:high,transferred_score_red_win_probability,0,156,0.04757296633714996,0.15384615384615385
historical-uncontrolled-reference,full-match,historical,,observation:high,transferred_score_red_win_probability,1,91,0.14515389487186484,0.27472527472527475
historical-uncontrolled-reference,full-match,historical,,observation:high,transferred_score_red_win_probability,2,74,0.25052823600202917,0.24324324324324326
historical-uncontrolled-reference,full-match,historical,,observation:high,transferred_score_red_win_probability,3,53,0.3573969984103019,0.33962264150943394
historical-uncontrolled-reference,full-match,historical,,observation:high,transferred_score_red_win_probability,4,77,0.45138158492950403,0.5194805194805194
historical-uncontrolled-reference,full-match,historical,,observation:high,transferred_score_red_win_probability,5,91,0.5515711795866739,0.4175824175824176
historical-uncontrolled-reference,full-match,historical,,observation:high,transferred_score_red_win_probability,6,95,0.6535911928520741,0.5052631578947369
historical-uncontrolled-reference,full-match,historical,,observation:high,transferred_score_red_win_probability,7,102,0.7516704187562527,0.6666666666666666
historical-uncontrolled-reference,full-match,historical,,observation:high,transferred_score_red_win_probability,8,113,0.8538611038967281,0.7522123893805309
historical-uncontrolled-reference,full-match,historical,,observation:high,transferred_score_red_win_probability,9,204,0.9557553491949841,0.9166666666666666
historical-uncontrolled-reference,full-match,historical,,observation:low,raw_pred_red_win_probability,0,0,,
historical-uncontrolled-reference,full-match,historical,,observation:low,raw_pred_red_win_probability,1,0,,
historical-uncontrolled-reference,full-match,historical,,observation:low,raw_pred_red_win_probability,2,0,,
historical-uncontrolled-reference,full-match,historical,,observation:low,raw_pred_red_win_probability,3,0,,
historical-uncontrolled-reference,full-match,historical,,observation:low,raw_pred_red_win_probability,4,1,0.4960570010790711,0.0
historical-uncontrolled-reference,full-match,historical,,observation:low,raw_pred_red_win_probability,5,0,,
historical-uncontrolled-reference,full-match,historical,,observation:low,raw_pred_red_win_probability,6,0,,
historical-uncontrolled-reference,full-match,historical,,observation:low,raw_pred_red_win_probability,7,0,,
historical-uncontrolled-reference,full-match,historical,,observation:low,raw_pred_red_win_probability,8,0,,
historical-uncontrolled-reference,full-match,historical,,observation:low,raw_pred_red_win_probability,9,1,0.9887961229477844,1.0
historical-uncontrolled-reference,full-match,historical,,observation:low,transferred_platt_red_win_probability,0,0,,
historical-uncontrolled-reference,full-match,historical,,observation:low,transferred_platt_red_win_probability,1,0,,
historical-uncontrolled-reference,full-match,historical,,observation:low,transferred_platt_red_win_probability,2,0,,
historical-uncontrolled-reference,full-match,historical,,observation:low,transferred_platt_red_win_probability,3,0,,
historical-uncontrolled-reference,full-match,historical,,observation:low,transferred_platt_red_win_probability,4,1,0.4960570010790711,0.0
historical-uncontrolled-reference,full-match,historical,,observation:low,transferred_platt_red_win_probability,5,0,,
historical-uncontrolled-reference,full-match,historical,,observation:low,transferred_platt_red_win_probability,6,0,,
historical-uncontrolled-reference,full-match,historical,,observation:low,transferred_platt_red_win_probability,7,0,,
historical-uncontrolled-reference,full-match,historical,,observation:low,transferred_platt_red_win_probability,8,0,,
historical-uncontrolled-reference,full-match,historical,,observation:low,transferred_platt_red_win_probability,9,1,0.9887961229477844,1.0
historical-uncontrolled-reference,full-match,historical,,observation:low,transferred_score_red_win_probability,0,0,,
historical-uncontrolled-reference,full-match,historical,,observation:low,transferred_score_red_win_probability,1,0,,
historical-uncontrolled-reference,full-match,historical,,observation:low,transferred_score_red_win_probability,2,0,,
historical-uncontrolled-reference,full-match,historical,,observation:low,transferred_score_red_win_probability,3,0,,
historical-uncontrolled-reference,full-match,historical,,observation:low,transferred_score_red_win_probability,4,1,0.4960570010790711,0.0
historical-uncontrolled-reference,full-match,historical,,observation:low,transferred_score_red_win_probability,5,0,,
historical-uncontrolled-reference,full-match,historical,,observation:low,transferred_score_red_win_probability,6,0,,
historical-uncontrolled-reference,full-match,historical,,observation:low,transferred_score_red_win_probability,7,0,,
historical-uncontrolled-reference,full-match,historical,,observation:low,transferred_score_red_win_probability,8,0,,
historical-uncontrolled-reference,full-match,historical,,observation:low,transferred_score_red_win_probability,9,1,0.9887961229477844,1.0
historical-uncontrolled-reference,full-match,historical,,observation:medium,raw_pred_red_win_probability,0,13,0.03576237842352102,0.23076923076923078
historical-uncontrolled-reference,full-match,historical,,observation:medium,raw_pred_red_win_probability,1,1,0.18051522053856112,0.0
historical-uncontrolled-reference,full-match,historical,,observation:medium,raw_pred_red_win_probability,2,2,0.26772552412540185,0.0
historical-uncontrolled-reference,full-match,historical,,observation:medium,raw_pred_red_win_probability,3,5,0.3650772174741853,0.6
historical-uncontrolled-reference,full-match,historical,,observation:medium,raw_pred_red_win_probability,4,1,0.4956484112921652,1.0
historical-uncontrolled-reference,full-match,historical,,observation:medium,raw_pred_red_win_probability,5,4,0.5752817424635558,0.25
historical-uncontrolled-reference,full-match,historical,,observation:medium,raw_pred_red_win_probability,6,3,0.6600872254225093,0.3333333333333333
historical-uncontrolled-reference,full-match,historical,,observation:medium,raw_pred_red_win_probability,7,3,0.7372026028572094,0.3333333333333333
historical-uncontrolled-reference,full-match,historical,,observation:medium,raw_pred_red_win_probability,8,5,0.8446087714379612,1.0
historical-uncontrolled-reference,full-match,historical,,observation:medium,raw_pred_red_win_probability,9,11,0.9539149212974078,1.0
historical-uncontrolled-reference,full-match,historical,,observation:medium,transferred_platt_red_win_probability,0,13,0.03576237842352102,0.23076923076923078
historical-uncontrolled-reference,full-match,historical,,observation:medium,transferred_platt_red_win_probability,1,1,0.18051522053856112,0.0
historical-uncontrolled-reference,full-match,historical,,observation:medium,transferred_platt_red_win_probability,2,2,0.26772552412540185,0.0
historical-uncontrolled-reference,full-match,historical,,observation:medium,transferred_platt_red_win_probability,3,5,0.3650772174741853,0.6
historical-uncontrolled-reference,full-match,historical,,observation:medium,transferred_platt_red_win_probability,4,1,0.4956484112921652,1.0
historical-uncontrolled-reference,full-match,historical,,observation:medium,transferred_platt_red_win_probability,5,4,0.5752817424635558,0.25
historical-uncontrolled-reference,full-match,historical,,observation:medium,transferred_platt_red_win_probability,6,3,0.6600872254225093,0.3333333333333333
historical-uncontrolled-reference,full-match,historical,,observation:medium,transferred_platt_red_win_probability,7,3,0.7372026028572094,0.3333333333333333
historical-uncontrolled-reference,full-match,historical,,observation:medium,transferred_platt_red_win_probability,8,5,0.8446087714379612,1.0
historical-uncontrolled-reference,full-match,historical,,observation:medium,transferred_platt_red_win_probability,9,11,0.9539149212974078,1.0
historical-uncontrolled-reference,full-match,historical,,observation:medium,transferred_score_red_win_probability,0,13,0.03576237842352102,0.23076923076923078
historical-uncontrolled-reference,full-match,historical,,observation:medium,transferred_score_red_win_probability,1,1,0.18051522053856112,0.0
historical-uncontrolled-reference,full-match,historical,,observation:medium,transferred_score_red_win_probability,2,2,0.26772552412540185,0.0
historical-uncontrolled-reference,full-match,historical,,observation:medium,transferred_score_red_win_probability,3,5,0.3650772174741853,0.6
historical-uncontrolled-reference,full-match,historical,,observation:medium,transferred_score_red_win_probability,4,1,0.4956484112921652,1.0
historical-uncontrolled-reference,full-match,historical,,observation:medium,transferred_score_red_win_probability,5,4,0.5752817424635558,0.25
historical-uncontrolled-reference,full-match,historical,,observation:medium,transferred_score_red_win_probability,6,3,0.6600872254225093,0.3333333333333333
historical-uncontrolled-reference,full-match,historical,,observation:medium,transferred_score_red_win_probability,7,3,0.7372026028572094,0.3333333333333333
historical-uncontrolled-reference,full-match,historical,,observation:medium,transferred_score_red_win_probability,8,5,0.8446087714379612,1.0
historical-uncontrolled-reference,full-match,historical,,observation:medium,transferred_score_red_win_probability,9,11,0.9539149212974078,1.0
historical-uncontrolled-reference,mean,historical,,primary-clean,raw_pred_red_win_probability,0,0,,
historical-uncontrolled-reference,mean,historical,,primary-clean,raw_pred_red_win_probability,1,0,,
historical-uncontrolled-reference,mean,historical,,primary-clean,raw_pred_red_win_probability,2,0,,
historical-uncontrolled-reference,mean,historical,,primary-clean,raw_pred_red_win_probability,3,0,,
historical-uncontrolled-reference,mean,historical,,primary-clean,raw_pred_red_win_probability,4,0,,
historical-uncontrolled-reference,mean,historical,,primary-clean,raw_pred_red_win_probability,5,1106,0.5304598087951141,0.5226039783001808
historical-uncontrolled-reference,mean,historical,,primary-clean,raw_pred_red_win_probability,6,0,,
historical-uncontrolled-reference,mean,historical,,primary-clean,raw_pred_red_win_probability,7,0,,
historical-uncontrolled-reference,mean,historical,,primary-clean,raw_pred_red_win_probability,8,0,,
historical-uncontrolled-reference,mean,historical,,primary-clean,raw_pred_red_win_probability,9,0,,
historical-uncontrolled-reference,mean,historical,,primary-clean,transferred_platt_red_win_probability,0,0,,
historical-uncontrolled-reference,mean,historical,,primary-clean,transferred_platt_red_win_probability,1,0,,
historical-uncontrolled-reference,mean,historical,,primary-clean,transferred_platt_red_win_probability,2,0,,
historical-uncontrolled-reference,mean,historical,,primary-clean,transferred_platt_red_win_probability,3,0,,
historical-uncontrolled-reference,mean,historical,,primary-clean,transferred_platt_red_win_probability,4,0,,
historical-uncontrolled-reference,mean,historical,,primary-clean,transferred_platt_red_win_probability,5,1106,0.5304598087951141,0.5226039783001808
historical-uncontrolled-reference,mean,historical,,primary-clean,transferred_platt_red_win_probability,6,0,,
historical-uncontrolled-reference,mean,historical,,primary-clean,transferred_platt_red_win_probability,7,0,,
historical-uncontrolled-reference,mean,historical,,primary-clean,transferred_platt_red_win_probability,8,0,,
historical-uncontrolled-reference,mean,historical,,primary-clean,transferred_platt_red_win_probability,9,0,,
historical-uncontrolled-reference,mean,historical,,primary-clean,transferred_score_red_win_probability,0,0,,
historical-uncontrolled-reference,mean,historical,,primary-clean,transferred_score_red_win_probability,1,0,,
historical-uncontrolled-reference,mean,historical,,primary-clean,transferred_score_red_win_probability,2,0,,
historical-uncontrolled-reference,mean,historical,,primary-clean,transferred_score_red_win_probability,3,0,,
historical-uncontrolled-reference,mean,historical,,primary-clean,transferred_score_red_win_probability,4,0,,
historical-uncontrolled-reference,mean,historical,,primary-clean,transferred_score_red_win_probability,5,1106,0.5304598087951141,0.5226039783001808
historical-uncontrolled-reference,mean,historical,,primary-clean,transferred_score_red_win_probability,6,0,,
historical-uncontrolled-reference,mean,historical,,primary-clean,transferred_score_red_win_probability,7,0,,
historical-uncontrolled-reference,mean,historical,,primary-clean,transferred_score_red_win_probability,8,0,,
historical-uncontrolled-reference,mean,historical,,primary-clean,transferred_score_red_win_probability,9,0,,
historical-uncontrolled-reference,mean,historical,,all-official,raw_pred_red_win_probability,0,0,,
historical-uncontrolled-reference,mean,historical,,all-official,raw_pred_red_win_probability,1,0,,
historical-uncontrolled-reference,mean,historical,,all-official,raw_pred_red_win_probability,2,0,,
historical-uncontrolled-reference,mean,historical,,all-official,raw_pred_red_win_probability,3,0,,
historical-uncontrolled-reference,mean,historical,,all-official,raw_pred_red_win_probability,4,0,,
historical-uncontrolled-reference,mean,historical,,all-official,raw_pred_red_win_probability,5,1106,0.5304598087951141,0.5226039783001808
historical-uncontrolled-reference,mean,historical,,all-official,raw_pred_red_win_probability,6,0,,
historical-uncontrolled-reference,mean,historical,,all-official,raw_pred_red_win_probability,7,0,,
historical-uncontrolled-reference,mean,historical,,all-official,raw_pred_red_win_probability,8,0,,
historical-uncontrolled-reference,mean,historical,,all-official,raw_pred_red_win_probability,9,0,,
historical-uncontrolled-reference,mean,historical,,all-official,transferred_platt_red_win_probability,0,0,,
historical-uncontrolled-reference,mean,historical,,all-official,transferred_platt_red_win_probability,1,0,,
historical-uncontrolled-reference,mean,historical,,all-official,transferred_platt_red_win_probability,2,0,,
historical-uncontrolled-reference,mean,historical,,all-official,transferred_platt_red_win_probability,3,0,,
historical-uncontrolled-reference,mean,historical,,all-official,transferred_platt_red_win_probability,4,0,,
historical-uncontrolled-reference,mean,historical,,all-official,transferred_platt_red_win_probability,5,1106,0.5304598087951141,0.5226039783001808
historical-uncontrolled-reference,mean,historical,,all-official,transferred_platt_red_win_probability,6,0,,
historical-uncontrolled-reference,mean,historical,,all-official,transferred_platt_red_win_probability,7,0,,
historical-uncontrolled-reference,mean,historical,,all-official,transferred_platt_red_win_probability,8,0,,
historical-uncontrolled-reference,mean,historical,,all-official,transferred_platt_red_win_probability,9,0,,
historical-uncontrolled-reference,mean,historical,,all-official,transferred_score_red_win_probability,0,0,,
historical-uncontrolled-reference,mean,historical,,all-official,transferred_score_red_win_probability,1,0,,
historical-uncontrolled-reference,mean,historical,,all-official,transferred_score_red_win_probability,2,0,,
historical-uncontrolled-reference,mean,historical,,all-official,transferred_score_red_win_probability,3,0,,
historical-uncontrolled-reference,mean,historical,,all-official,transferred_score_red_win_probability,4,0,,
historical-uncontrolled-reference,mean,historical,,all-official,transferred_score_red_win_probability,5,1106,0.5304598087951141,0.5226039783001808
historical-uncontrolled-reference,mean,historical,,all-official,transferred_score_red_win_probability,6,0,,
historical-uncontrolled-reference,mean,historical,,all-official,transferred_score_red_win_probability,7,0,,
historical-uncontrolled-reference,mean,historical,,all-official,transferred_score_red_win_probability,8,0,,
historical-uncontrolled-reference,mean,historical,,all-official,transferred_score_red_win_probability,9,0,,
historical-uncontrolled-reference,mean,historical,,DQ-only,raw_pred_red_win_probability,0,0,,
historical-uncontrolled-reference,mean,historical,,DQ-only,raw_pred_red_win_probability,1,0,,
historical-uncontrolled-reference,mean,historical,,DQ-only,raw_pred_red_win_probability,2,0,,
historical-uncontrolled-reference,mean,historical,,DQ-only,raw_pred_red_win_probability,3,0,,
historical-uncontrolled-reference,mean,historical,,DQ-only,raw_pred_red_win_probability,4,0,,
historical-uncontrolled-reference,mean,historical,,DQ-only,raw_pred_red_win_probability,5,0,,
historical-uncontrolled-reference,mean,historical,,DQ-only,raw_pred_red_win_probability,6,0,,
historical-uncontrolled-reference,mean,historical,,DQ-only,raw_pred_red_win_probability,7,0,,
historical-uncontrolled-reference,mean,historical,,DQ-only,raw_pred_red_win_probability,8,0,,
historical-uncontrolled-reference,mean,historical,,DQ-only,raw_pred_red_win_probability,9,0,,
historical-uncontrolled-reference,mean,historical,,DQ-only,transferred_platt_red_win_probability,0,0,,
historical-uncontrolled-reference,mean,historical,,DQ-only,transferred_platt_red_win_probability,1,0,,
historical-uncontrolled-reference,mean,historical,,DQ-only,transferred_platt_red_win_probability,2,0,,
historical-uncontrolled-reference,mean,historical,,DQ-only,transferred_platt_red_win_probability,3,0,,
historical-uncontrolled-reference,mean,historical,,DQ-only,transferred_platt_red_win_probability,4,0,,
historical-uncontrolled-reference,mean,historical,,DQ-only,transferred_platt_red_win_probability,5,0,,
historical-uncontrolled-reference,mean,historical,,DQ-only,transferred_platt_red_win_probability,6,0,,
historical-uncontrolled-reference,mean,historical,,DQ-only,transferred_platt_red_win_probability,7,0,,
historical-uncontrolled-reference,mean,historical,,DQ-only,transferred_platt_red_win_probability,8,0,,
historical-uncontrolled-reference,mean,historical,,DQ-only,transferred_platt_red_win_probability,9,0,,
historical-uncontrolled-reference,mean,historical,,DQ-only,transferred_score_red_win_probability,0,0,,
historical-uncontrolled-reference,mean,historical,,DQ-only,transferred_score_red_win_probability,1,0,,
historical-uncontrolled-reference,mean,historical,,DQ-only,transferred_score_red_win_probability,2,0,,
historical-uncontrolled-reference,mean,historical,,DQ-only,transferred_score_red_win_probability,3,0,,
historical-uncontrolled-reference,mean,historical,,DQ-only,transferred_score_red_win_probability,4,0,,
historical-uncontrolled-reference,mean,historical,,DQ-only,transferred_score_red_win_probability,5,0,,
historical-uncontrolled-reference,mean,historical,,DQ-only,transferred_score_red_win_probability,6,0,,
historical-uncontrolled-reference,mean,historical,,DQ-only,transferred_score_red_win_probability,7,0,,
historical-uncontrolled-reference,mean,historical,,DQ-only,transferred_score_red_win_probability,8,0,,
historical-uncontrolled-reference,mean,historical,,DQ-only,transferred_score_red_win_probability,9,0,,
historical-uncontrolled-reference,mean,historical,,surrogate-only,raw_pred_red_win_probability,0,0,,
historical-uncontrolled-reference,mean,historical,,surrogate-only,raw_pred_red_win_probability,1,0,,
historical-uncontrolled-reference,mean,historical,,surrogate-only,raw_pred_red_win_probability,2,0,,
historical-uncontrolled-reference,mean,historical,,surrogate-only,raw_pred_red_win_probability,3,0,,
historical-uncontrolled-reference,mean,historical,,surrogate-only,raw_pred_red_win_probability,4,0,,
historical-uncontrolled-reference,mean,historical,,surrogate-only,raw_pred_red_win_probability,5,6,0.5304598087951141,0.6666666666666666
historical-uncontrolled-reference,mean,historical,,surrogate-only,raw_pred_red_win_probability,6,0,,
historical-uncontrolled-reference,mean,historical,,surrogate-only,raw_pred_red_win_probability,7,0,,
historical-uncontrolled-reference,mean,historical,,surrogate-only,raw_pred_red_win_probability,8,0,,
historical-uncontrolled-reference,mean,historical,,surrogate-only,raw_pred_red_win_probability,9,0,,
historical-uncontrolled-reference,mean,historical,,surrogate-only,transferred_platt_red_win_probability,0,0,,
historical-uncontrolled-reference,mean,historical,,surrogate-only,transferred_platt_red_win_probability,1,0,,
historical-uncontrolled-reference,mean,historical,,surrogate-only,transferred_platt_red_win_probability,2,0,,
historical-uncontrolled-reference,mean,historical,,surrogate-only,transferred_platt_red_win_probability,3,0,,
historical-uncontrolled-reference,mean,historical,,surrogate-only,transferred_platt_red_win_probability,4,0,,
historical-uncontrolled-reference,mean,historical,,surrogate-only,transferred_platt_red_win_probability,5,6,0.5304598087951141,0.6666666666666666
historical-uncontrolled-reference,mean,historical,,surrogate-only,transferred_platt_red_win_probability,6,0,,
historical-uncontrolled-reference,mean,historical,,surrogate-only,transferred_platt_red_win_probability,7,0,,
historical-uncontrolled-reference,mean,historical,,surrogate-only,transferred_platt_red_win_probability,8,0,,
historical-uncontrolled-reference,mean,historical,,surrogate-only,transferred_platt_red_win_probability,9,0,,
historical-uncontrolled-reference,mean,historical,,surrogate-only,transferred_score_red_win_probability,0,0,,
historical-uncontrolled-reference,mean,historical,,surrogate-only,transferred_score_red_win_probability,1,0,,
historical-uncontrolled-reference,mean,historical,,surrogate-only,transferred_score_red_win_probability,2,0,,
historical-uncontrolled-reference,mean,historical,,surrogate-only,transferred_score_red_win_probability,3,0,,
historical-uncontrolled-reference,mean,historical,,surrogate-only,transferred_score_red_win_probability,4,0,,
historical-uncontrolled-reference,mean,historical,,surrogate-only,transferred_score_red_win_probability,5,6,0.5304598087951141,0.6666666666666666
historical-uncontrolled-reference,mean,historical,,surrogate-only,transferred_score_red_win_probability,6,0,,
historical-uncontrolled-reference,mean,historical,,surrogate-only,transferred_score_red_win_probability,7,0,,
historical-uncontrolled-reference,mean,historical,,surrogate-only,transferred_score_red_win_probability,8,0,,
historical-uncontrolled-reference,mean,historical,,surrogate-only,transferred_score_red_win_probability,9,0,,
historical-uncontrolled-reference,mean,historical,,division:2026arc,raw_pred_red_win_probability,0,0,,
historical-uncontrolled-reference,mean,historical,,division:2026arc,raw_pred_red_win_probability,1,0,,
historical-uncontrolled-reference,mean,historical,,division:2026arc,raw_pred_red_win_probability,2,0,,
historical-uncontrolled-reference,mean,historical,,division:2026arc,raw_pred_red_win_probability,3,0,,
historical-uncontrolled-reference,mean,historical,,division:2026arc,raw_pred_red_win_probability,4,0,,
historical-uncontrolled-reference,mean,historical,,division:2026arc,raw_pred_red_win_probability,5,140,0.5304598087951141,0.5
historical-uncontrolled-reference,mean,historical,,division:2026arc,raw_pred_red_win_probability,6,0,,
historical-uncontrolled-reference,mean,historical,,division:2026arc,raw_pred_red_win_probability,7,0,,
historical-uncontrolled-reference,mean,historical,,division:2026arc,raw_pred_red_win_probability,8,0,,
historical-uncontrolled-reference,mean,historical,,division:2026arc,raw_pred_red_win_probability,9,0,,
historical-uncontrolled-reference,mean,historical,,division:2026arc,transferred_platt_red_win_probability,0,0,,
historical-uncontrolled-reference,mean,historical,,division:2026arc,transferred_platt_red_win_probability,1,0,,
historical-uncontrolled-reference,mean,historical,,division:2026arc,transferred_platt_red_win_probability,2,0,,
historical-uncontrolled-reference,mean,historical,,division:2026arc,transferred_platt_red_win_probability,3,0,,
historical-uncontrolled-reference,mean,historical,,division:2026arc,transferred_platt_red_win_probability,4,0,,
historical-uncontrolled-reference,mean,historical,,division:2026arc,transferred_platt_red_win_probability,5,140,0.5304598087951141,0.5
historical-uncontrolled-reference,mean,historical,,division:2026arc,transferred_platt_red_win_probability,6,0,,
historical-uncontrolled-reference,mean,historical,,division:2026arc,transferred_platt_red_win_probability,7,0,,
historical-uncontrolled-reference,mean,historical,,division:2026arc,transferred_platt_red_win_probability,8,0,,
historical-uncontrolled-reference,mean,historical,,division:2026arc,transferred_platt_red_win_probability,9,0,,
historical-uncontrolled-reference,mean,historical,,division:2026arc,transferred_score_red_win_probability,0,0,,
historical-uncontrolled-reference,mean,historical,,division:2026arc,transferred_score_red_win_probability,1,0,,
historical-uncontrolled-reference,mean,historical,,division:2026arc,transferred_score_red_win_probability,2,0,,
historical-uncontrolled-reference,mean,historical,,division:2026arc,transferred_score_red_win_probability,3,0,,
historical-uncontrolled-reference,mean,historical,,division:2026arc,transferred_score_red_win_probability,4,0,,
historical-uncontrolled-reference,mean,historical,,division:2026arc,transferred_score_red_win_probability,5,140,0.5304598087951141,0.5
historical-uncontrolled-reference,mean,historical,,division:2026arc,transferred_score_red_win_probability,6,0,,
historical-uncontrolled-reference,mean,historical,,division:2026arc,transferred_score_red_win_probability,7,0,,
historical-uncontrolled-reference,mean,historical,,division:2026arc,transferred_score_red_win_probability,8,0,,
historical-uncontrolled-reference,mean,historical,,division:2026arc,transferred_score_red_win_probability,9,0,,
historical-uncontrolled-reference,mean,historical,,division:2026cur,raw_pred_red_win_probability,0,0,,
historical-uncontrolled-reference,mean,historical,,division:2026cur,raw_pred_red_win_probability,1,0,,
historical-uncontrolled-reference,mean,historical,,division:2026cur,raw_pred_red_win_probability,2,0,,
historical-uncontrolled-reference,mean,historical,,division:2026cur,raw_pred_red_win_probability,3,0,,
historical-uncontrolled-reference,mean,historical,,division:2026cur,raw_pred_red_win_probability,4,0,,
historical-uncontrolled-reference,mean,historical,,division:2026cur,raw_pred_red_win_probability,5,136,0.530459808795114,0.5514705882352942
historical-uncontrolled-reference,mean,historical,,division:2026cur,raw_pred_red_win_probability,6,0,,
historical-uncontrolled-reference,mean,historical,,division:2026cur,raw_pred_red_win_probability,7,0,,
historical-uncontrolled-reference,mean,historical,,division:2026cur,raw_pred_red_win_probability,8,0,,
historical-uncontrolled-reference,mean,historical,,division:2026cur,raw_pred_red_win_probability,9,0,,
historical-uncontrolled-reference,mean,historical,,division:2026cur,transferred_platt_red_win_probability,0,0,,
historical-uncontrolled-reference,mean,historical,,division:2026cur,transferred_platt_red_win_probability,1,0,,
historical-uncontrolled-reference,mean,historical,,division:2026cur,transferred_platt_red_win_probability,2,0,,
historical-uncontrolled-reference,mean,historical,,division:2026cur,transferred_platt_red_win_probability,3,0,,
historical-uncontrolled-reference,mean,historical,,division:2026cur,transferred_platt_red_win_probability,4,0,,
historical-uncontrolled-reference,mean,historical,,division:2026cur,transferred_platt_red_win_probability,5,136,0.530459808795114,0.5514705882352942
historical-uncontrolled-reference,mean,historical,,division:2026cur,transferred_platt_red_win_probability,6,0,,
historical-uncontrolled-reference,mean,historical,,division:2026cur,transferred_platt_red_win_probability,7,0,,
historical-uncontrolled-reference,mean,historical,,division:2026cur,transferred_platt_red_win_probability,8,0,,
historical-uncontrolled-reference,mean,historical,,division:2026cur,transferred_platt_red_win_probability,9,0,,
historical-uncontrolled-reference,mean,historical,,division:2026cur,transferred_score_red_win_probability,0,0,,
historical-uncontrolled-reference,mean,historical,,division:2026cur,transferred_score_red_win_probability,1,0,,
historical-uncontrolled-reference,mean,historical,,division:2026cur,transferred_score_red_win_probability,2,0,,
historical-uncontrolled-reference,mean,historical,,division:2026cur,transferred_score_red_win_probability,3,0,,
historical-uncontrolled-reference,mean,historical,,division:2026cur,transferred_score_red_win_probability,4,0,,
historical-uncontrolled-reference,mean,historical,,division:2026cur,transferred_score_red_win_probability,5,136,0.530459808795114,0.5514705882352942
historical-uncontrolled-reference,mean,historical,,division:2026cur,transferred_score_red_win_probability,6,0,,
historical-uncontrolled-reference,mean,historical,,division:2026cur,transferred_score_red_win_probability,7,0,,
historical-uncontrolled-reference,mean,historical,,division:2026cur,transferred_score_red_win_probability,8,0,,
historical-uncontrolled-reference,mean,historical,,division:2026cur,transferred_score_red_win_probability,9,0,,
historical-uncontrolled-reference,mean,historical,,division:2026dal,raw_pred_red_win_probability,0,0,,
historical-uncontrolled-reference,mean,historical,,division:2026dal,raw_pred_red_win_probability,1,0,,
historical-uncontrolled-reference,mean,historical,,division:2026dal,raw_pred_red_win_probability,2,0,,
historical-uncontrolled-reference,mean,historical,,division:2026dal,raw_pred_red_win_probability,3,0,,
historical-uncontrolled-reference,mean,historical,,division:2026dal,raw_pred_red_win_probability,4,0,,
historical-uncontrolled-reference,mean,historical,,division:2026dal,raw_pred_red_win_probability,5,138,0.5304598087951141,0.4782608695652174
historical-uncontrolled-reference,mean,historical,,division:2026dal,raw_pred_red_win_probability,6,0,,
historical-uncontrolled-reference,mean,historical,,division:2026dal,raw_pred_red_win_probability,7,0,,
historical-uncontrolled-reference,mean,historical,,division:2026dal,raw_pred_red_win_probability,8,0,,
historical-uncontrolled-reference,mean,historical,,division:2026dal,raw_pred_red_win_probability,9,0,,
historical-uncontrolled-reference,mean,historical,,division:2026dal,transferred_platt_red_win_probability,0,0,,
historical-uncontrolled-reference,mean,historical,,division:2026dal,transferred_platt_red_win_probability,1,0,,
historical-uncontrolled-reference,mean,historical,,division:2026dal,transferred_platt_red_win_probability,2,0,,
historical-uncontrolled-reference,mean,historical,,division:2026dal,transferred_platt_red_win_probability,3,0,,
historical-uncontrolled-reference,mean,historical,,division:2026dal,transferred_platt_red_win_probability,4,0,,
historical-uncontrolled-reference,mean,historical,,division:2026dal,transferred_platt_red_win_probability,5,138,0.5304598087951141,0.4782608695652174
historical-uncontrolled-reference,mean,historical,,division:2026dal,transferred_platt_red_win_probability,6,0,,
historical-uncontrolled-reference,mean,historical,,division:2026dal,transferred_platt_red_win_probability,7,0,,
historical-uncontrolled-reference,mean,historical,,division:2026dal,transferred_platt_red_win_probability,8,0,,
historical-uncontrolled-reference,mean,historical,,division:2026dal,transferred_platt_red_win_probability,9,0,,
historical-uncontrolled-reference,mean,historical,,division:2026dal,transferred_score_red_win_probability,0,0,,
historical-uncontrolled-reference,mean,historical,,division:2026dal,transferred_score_red_win_probability,1,0,,
historical-uncontrolled-reference,mean,historical,,division:2026dal,transferred_score_red_win_probability,2,0,,
historical-uncontrolled-reference,mean,historical,,division:2026dal,transferred_score_red_win_probability,3,0,,
historical-uncontrolled-reference,mean,historical,,division:2026dal,transferred_score_red_win_probability,4,0,,
historical-uncontrolled-reference,mean,historical,,division:2026dal,transferred_score_red_win_probability,5,138,0.5304598087951141,0.4782608695652174
historical-uncontrolled-reference,mean,historical,,division:2026dal,transferred_score_red_win_probability,6,0,,
historical-uncontrolled-reference,mean,historical,,division:2026dal,transferred_score_red_win_probability,7,0,,
historical-uncontrolled-reference,mean,historical,,division:2026dal,transferred_score_red_win_probability,8,0,,
historical-uncontrolled-reference,mean,historical,,division:2026dal,transferred_score_red_win_probability,9,0,,
historical-uncontrolled-reference,mean,historical,,division:2026gal,raw_pred_red_win_probability,0,0,,
historical-uncontrolled-reference,mean,historical,,division:2026gal,raw_pred_red_win_probability,1,0,,
historical-uncontrolled-reference,mean,historical,,division:2026gal,raw_pred_red_win_probability,2,0,,
historical-uncontrolled-reference,mean,historical,,division:2026gal,raw_pred_red_win_probability,3,0,,
historical-uncontrolled-reference,mean,historical,,division:2026gal,raw_pred_red_win_probability,4,0,,
historical-uncontrolled-reference,mean,historical,,division:2026gal,raw_pred_red_win_probability,5,138,0.5304598087951141,0.5797101449275363
historical-uncontrolled-reference,mean,historical,,division:2026gal,raw_pred_red_win_probability,6,0,,
historical-uncontrolled-reference,mean,historical,,division:2026gal,raw_pred_red_win_probability,7,0,,
historical-uncontrolled-reference,mean,historical,,division:2026gal,raw_pred_red_win_probability,8,0,,
historical-uncontrolled-reference,mean,historical,,division:2026gal,raw_pred_red_win_probability,9,0,,
historical-uncontrolled-reference,mean,historical,,division:2026gal,transferred_platt_red_win_probability,0,0,,
historical-uncontrolled-reference,mean,historical,,division:2026gal,transferred_platt_red_win_probability,1,0,,
historical-uncontrolled-reference,mean,historical,,division:2026gal,transferred_platt_red_win_probability,2,0,,
historical-uncontrolled-reference,mean,historical,,division:2026gal,transferred_platt_red_win_probability,3,0,,
historical-uncontrolled-reference,mean,historical,,division:2026gal,transferred_platt_red_win_probability,4,0,,
historical-uncontrolled-reference,mean,historical,,division:2026gal,transferred_platt_red_win_probability,5,138,0.5304598087951141,0.5797101449275363
historical-uncontrolled-reference,mean,historical,,division:2026gal,transferred_platt_red_win_probability,6,0,,
historical-uncontrolled-reference,mean,historical,,division:2026gal,transferred_platt_red_win_probability,7,0,,
historical-uncontrolled-reference,mean,historical,,division:2026gal,transferred_platt_red_win_probability,8,0,,
historical-uncontrolled-reference,mean,historical,,division:2026gal,transferred_platt_red_win_probability,9,0,,
historical-uncontrolled-reference,mean,historical,,division:2026gal,transferred_score_red_win_probability,0,0,,
historical-uncontrolled-reference,mean,historical,,division:2026gal,transferred_score_red_win_probability,1,0,,
historical-uncontrolled-reference,mean,historical,,division:2026gal,transferred_score_red_win_probability,2,0,,
historical-uncontrolled-reference,mean,historical,,division:2026gal,transferred_score_red_win_probability,3,0,,
historical-uncontrolled-reference,mean,historical,,division:2026gal,transferred_score_red_win_probability,4,0,,
historical-uncontrolled-reference,mean,historical,,division:2026gal,transferred_score_red_win_probability,5,138,0.5304598087951141,0.5797101449275363
historical-uncontrolled-reference,mean,historical,,division:2026gal,transferred_score_red_win_probability,6,0,,
historical-uncontrolled-reference,mean,historical,,division:2026gal,transferred_score_red_win_probability,7,0,,
historical-uncontrolled-reference,mean,historical,,division:2026gal,transferred_score_red_win_probability,8,0,,
historical-uncontrolled-reference,mean,historical,,division:2026gal,transferred_score_red_win_probability,9,0,,
historical-uncontrolled-reference,mean,historical,,division:2026hop,raw_pred_red_win_probability,0,0,,
historical-uncontrolled-reference,mean,historical,,division:2026hop,raw_pred_red_win_probability,1,0,,
historical-uncontrolled-reference,mean,historical,,division:2026hop,raw_pred_red_win_probability,2,0,,
historical-uncontrolled-reference,mean,historical,,division:2026hop,raw_pred_red_win_probability,3,0,,
historical-uncontrolled-reference,mean,historical,,division:2026hop,raw_pred_red_win_probability,4,0,,
historical-uncontrolled-reference,mean,historical,,division:2026hop,raw_pred_red_win_probability,5,140,0.5304598087951141,0.4928571428571429
historical-uncontrolled-reference,mean,historical,,division:2026hop,raw_pred_red_win_probability,6,0,,
historical-uncontrolled-reference,mean,historical,,division:2026hop,raw_pred_red_win_probability,7,0,,
historical-uncontrolled-reference,mean,historical,,division:2026hop,raw_pred_red_win_probability,8,0,,
historical-uncontrolled-reference,mean,historical,,division:2026hop,raw_pred_red_win_probability,9,0,,
historical-uncontrolled-reference,mean,historical,,division:2026hop,transferred_platt_red_win_probability,0,0,,
historical-uncontrolled-reference,mean,historical,,division:2026hop,transferred_platt_red_win_probability,1,0,,
historical-uncontrolled-reference,mean,historical,,division:2026hop,transferred_platt_red_win_probability,2,0,,
historical-uncontrolled-reference,mean,historical,,division:2026hop,transferred_platt_red_win_probability,3,0,,
historical-uncontrolled-reference,mean,historical,,division:2026hop,transferred_platt_red_win_probability,4,0,,
historical-uncontrolled-reference,mean,historical,,division:2026hop,transferred_platt_red_win_probability,5,140,0.5304598087951141,0.4928571428571429
historical-uncontrolled-reference,mean,historical,,division:2026hop,transferred_platt_red_win_probability,6,0,,
historical-uncontrolled-reference,mean,historical,,division:2026hop,transferred_platt_red_win_probability,7,0,,
historical-uncontrolled-reference,mean,historical,,division:2026hop,transferred_platt_red_win_probability,8,0,,
historical-uncontrolled-reference,mean,historical,,division:2026hop,transferred_platt_red_win_probability,9,0,,
historical-uncontrolled-reference,mean,historical,,division:2026hop,transferred_score_red_win_probability,0,0,,
historical-uncontrolled-reference,mean,historical,,division:2026hop,transferred_score_red_win_probability,1,0,,
historical-uncontrolled-reference,mean,historical,,division:2026hop,transferred_score_red_win_probability,2,0,,
historical-uncontrolled-reference,mean,historical,,division:2026hop,transferred_score_red_win_probability,3,0,,
historical-uncontrolled-reference,mean,historical,,division:2026hop,transferred_score_red_win_probability,4,0,,
historical-uncontrolled-reference,mean,historical,,division:2026hop,transferred_score_red_win_probability,5,140,0.5304598087951141,0.4928571428571429
historical-uncontrolled-reference,mean,historical,,division:2026hop,transferred_score_red_win_probability,6,0,,
historical-uncontrolled-reference,mean,historical,,division:2026hop,transferred_score_red_win_probability,7,0,,
historical-uncontrolled-reference,mean,historical,,division:2026hop,transferred_score_red_win_probability,8,0,,
historical-uncontrolled-reference,mean,historical,,division:2026hop,transferred_score_red_win_probability,9,0,,
historical-uncontrolled-reference,mean,historical,,division:2026joh,raw_pred_red_win_probability,0,0,,
historical-uncontrolled-reference,mean,historical,,division:2026joh,raw_pred_red_win_probability,1,0,,
historical-uncontrolled-reference,mean,historical,,division:2026joh,raw_pred_red_win_probability,2,0,,
historical-uncontrolled-reference,mean,historical,,division:2026joh,raw_pred_red_win_probability,3,0,,
historical-uncontrolled-reference,mean,historical,,division:2026joh,raw_pred_red_win_probability,4,0,,
historical-uncontrolled-reference,mean,historical,,division:2026joh,raw_pred_red_win_probability,5,138,0.5304598087951141,0.5507246376811594
historical-uncontrolled-reference,mean,historical,,division:2026joh,raw_pred_red_win_probability,6,0,,
historical-uncontrolled-reference,mean,historical,,division:2026joh,raw_pred_red_win_probability,7,0,,
historical-uncontrolled-reference,mean,historical,,division:2026joh,raw_pred_red_win_probability,8,0,,
historical-uncontrolled-reference,mean,historical,,division:2026joh,raw_pred_red_win_probability,9,0,,
historical-uncontrolled-reference,mean,historical,,division:2026joh,transferred_platt_red_win_probability,0,0,,
historical-uncontrolled-reference,mean,historical,,division:2026joh,transferred_platt_red_win_probability,1,0,,
historical-uncontrolled-reference,mean,historical,,division:2026joh,transferred_platt_red_win_probability,2,0,,
historical-uncontrolled-reference,mean,historical,,division:2026joh,transferred_platt_red_win_probability,3,0,,
historical-uncontrolled-reference,mean,historical,,division:2026joh,transferred_platt_red_win_probability,4,0,,
historical-uncontrolled-reference,mean,historical,,division:2026joh,transferred_platt_red_win_probability,5,138,0.5304598087951141,0.5507246376811594
historical-uncontrolled-reference,mean,historical,,division:2026joh,transferred_platt_red_win_probability,6,0,,
historical-uncontrolled-reference,mean,historical,,division:2026joh,transferred_platt_red_win_probability,7,0,,
historical-uncontrolled-reference,mean,historical,,division:2026joh,transferred_platt_red_win_probability,8,0,,
historical-uncontrolled-reference,mean,historical,,division:2026joh,transferred_platt_red_win_probability,9,0,,
historical-uncontrolled-reference,mean,historical,,division:2026joh,transferred_score_red_win_probability,0,0,,
historical-uncontrolled-reference,mean,historical,,division:2026joh,transferred_score_red_win_probability,1,0,,
historical-uncontrolled-reference,mean,historical,,division:2026joh,transferred_score_red_win_probability,2,0,,
historical-uncontrolled-reference,mean,historical,,division:2026joh,transferred_score_red_win_probability,3,0,,
historical-uncontrolled-reference,mean,historical,,division:2026joh,transferred_score_red_win_probability,4,0,,
historical-uncontrolled-reference,mean,historical,,division:2026joh,transferred_score_red_win_probability,5,138,0.5304598087951141,0.5507246376811594
historical-uncontrolled-reference,mean,historical,,division:2026joh,transferred_score_red_win_probability,6,0,,
historical-uncontrolled-reference,mean,historical,,division:2026joh,transferred_score_red_win_probability,7,0,,
historical-uncontrolled-reference,mean,historical,,division:2026joh,transferred_score_red_win_probability,8,0,,
historical-uncontrolled-reference,mean,historical,,division:2026joh,transferred_score_red_win_probability,9,0,,
historical-uncontrolled-reference,mean,historical,,division:2026mil,raw_pred_red_win_probability,0,0,,
historical-uncontrolled-reference,mean,historical,,division:2026mil,raw_pred_red_win_probability,1,0,,
historical-uncontrolled-reference,mean,historical,,division:2026mil,raw_pred_red_win_probability,2,0,,
historical-uncontrolled-reference,mean,historical,,division:2026mil,raw_pred_red_win_probability,3,0,,
historical-uncontrolled-reference,mean,historical,,division:2026mil,raw_pred_red_win_probability,4,0,,
historical-uncontrolled-reference,mean,historical,,division:2026mil,raw_pred_red_win_probability,5,136,0.530459808795114,0.5073529411764706
historical-uncontrolled-reference,mean,historical,,division:2026mil,raw_pred_red_win_probability,6,0,,
historical-uncontrolled-reference,mean,historical,,division:2026mil,raw_pred_red_win_probability,7,0,,
historical-uncontrolled-reference,mean,historical,,division:2026mil,raw_pred_red_win_probability,8,0,,
historical-uncontrolled-reference,mean,historical,,division:2026mil,raw_pred_red_win_probability,9,0,,
historical-uncontrolled-reference,mean,historical,,division:2026mil,transferred_platt_red_win_probability,0,0,,
historical-uncontrolled-reference,mean,historical,,division:2026mil,transferred_platt_red_win_probability,1,0,,
historical-uncontrolled-reference,mean,historical,,division:2026mil,transferred_platt_red_win_probability,2,0,,
historical-uncontrolled-reference,mean,historical,,division:2026mil,transferred_platt_red_win_probability,3,0,,
historical-uncontrolled-reference,mean,historical,,division:2026mil,transferred_platt_red_win_probability,4,0,,
historical-uncontrolled-reference,mean,historical,,division:2026mil,transferred_platt_red_win_probability,5,136,0.530459808795114,0.5073529411764706
historical-uncontrolled-reference,mean,historical,,division:2026mil,transferred_platt_red_win_probability,6,0,,
historical-uncontrolled-reference,mean,historical,,division:2026mil,transferred_platt_red_win_probability,7,0,,
historical-uncontrolled-reference,mean,historical,,division:2026mil,transferred_platt_red_win_probability,8,0,,
historical-uncontrolled-reference,mean,historical,,division:2026mil,transferred_platt_red_win_probability,9,0,,
historical-uncontrolled-reference,mean,historical,,division:2026mil,transferred_score_red_win_probability,0,0,,
historical-uncontrolled-reference,mean,historical,,division:2026mil,transferred_score_red_win_probability,1,0,,
historical-uncontrolled-reference,mean,historical,,division:2026mil,transferred_score_red_win_probability,2,0,,
historical-uncontrolled-reference,mean,historical,,division:2026mil,transferred_score_red_win_probability,3,0,,
historical-uncontrolled-reference,mean,historical,,division:2026mil,transferred_score_red_win_probability,4,0,,
historical-uncontrolled-reference,mean,historical,,division:2026mil,transferred_score_red_win_probability,5,136,0.530459808795114,0.5073529411764706
historical-uncontrolled-reference,mean,historical,,division:2026mil,transferred_score_red_win_probability,6,0,,
historical-uncontrolled-reference,mean,historical,,division:2026mil,transferred_score_red_win_probability,7,0,,
historical-uncontrolled-reference,mean,historical,,division:2026mil,transferred_score_red_win_probability,8,0,,
historical-uncontrolled-reference,mean,historical,,division:2026mil,transferred_score_red_win_probability,9,0,,
historical-uncontrolled-reference,mean,historical,,division:2026new,raw_pred_red_win_probability,0,0,,
historical-uncontrolled-reference,mean,historical,,division:2026new,raw_pred_red_win_probability,1,0,,
historical-uncontrolled-reference,mean,historical,,division:2026new,raw_pred_red_win_probability,2,0,,
historical-uncontrolled-reference,mean,historical,,division:2026new,raw_pred_red_win_probability,3,0,,
historical-uncontrolled-reference,mean,historical,,division:2026new,raw_pred_red_win_probability,4,0,,
historical-uncontrolled-reference,mean,historical,,division:2026new,raw_pred_red_win_probability,5,140,0.5304598087951141,0.5214285714285715
historical-uncontrolled-reference,mean,historical,,division:2026new,raw_pred_red_win_probability,6,0,,
historical-uncontrolled-reference,mean,historical,,division:2026new,raw_pred_red_win_probability,7,0,,
historical-uncontrolled-reference,mean,historical,,division:2026new,raw_pred_red_win_probability,8,0,,
historical-uncontrolled-reference,mean,historical,,division:2026new,raw_pred_red_win_probability,9,0,,
historical-uncontrolled-reference,mean,historical,,division:2026new,transferred_platt_red_win_probability,0,0,,
historical-uncontrolled-reference,mean,historical,,division:2026new,transferred_platt_red_win_probability,1,0,,
historical-uncontrolled-reference,mean,historical,,division:2026new,transferred_platt_red_win_probability,2,0,,
historical-uncontrolled-reference,mean,historical,,division:2026new,transferred_platt_red_win_probability,3,0,,
historical-uncontrolled-reference,mean,historical,,division:2026new,transferred_platt_red_win_probability,4,0,,
historical-uncontrolled-reference,mean,historical,,division:2026new,transferred_platt_red_win_probability,5,140,0.5304598087951141,0.5214285714285715
historical-uncontrolled-reference,mean,historical,,division:2026new,transferred_platt_red_win_probability,6,0,,
historical-uncontrolled-reference,mean,historical,,division:2026new,transferred_platt_red_win_probability,7,0,,
historical-uncontrolled-reference,mean,historical,,division:2026new,transferred_platt_red_win_probability,8,0,,
historical-uncontrolled-reference,mean,historical,,division:2026new,transferred_platt_red_win_probability,9,0,,
historical-uncontrolled-reference,mean,historical,,division:2026new,transferred_score_red_win_probability,0,0,,
historical-uncontrolled-reference,mean,historical,,division:2026new,transferred_score_red_win_probability,1,0,,
historical-uncontrolled-reference,mean,historical,,division:2026new,transferred_score_red_win_probability,2,0,,
historical-uncontrolled-reference,mean,historical,,division:2026new,transferred_score_red_win_probability,3,0,,
historical-uncontrolled-reference,mean,historical,,division:2026new,transferred_score_red_win_probability,4,0,,
historical-uncontrolled-reference,mean,historical,,division:2026new,transferred_score_red_win_probability,5,140,0.5304598087951141,0.5214285714285715
historical-uncontrolled-reference,mean,historical,,division:2026new,transferred_score_red_win_probability,6,0,,
historical-uncontrolled-reference,mean,historical,,division:2026new,transferred_score_red_win_probability,7,0,,
historical-uncontrolled-reference,mean,historical,,division:2026new,transferred_score_red_win_probability,8,0,,
historical-uncontrolled-reference,mean,historical,,division:2026new,transferred_score_red_win_probability,9,0,,
historical-uncontrolled-reference,mean,historical,,observation:high,raw_pred_red_win_probability,0,0,,
historical-uncontrolled-reference,mean,historical,,observation:high,raw_pred_red_win_probability,1,0,,
historical-uncontrolled-reference,mean,historical,,observation:high,raw_pred_red_win_probability,2,0,,
historical-uncontrolled-reference,mean,historical,,observation:high,raw_pred_red_win_probability,3,0,,
historical-uncontrolled-reference,mean,historical,,observation:high,raw_pred_red_win_probability,4,0,,
historical-uncontrolled-reference,mean,historical,,observation:high,raw_pred_red_win_probability,5,1056,0.530459808795114,0.521780303030303
historical-uncontrolled-reference,mean,historical,,observation:high,raw_pred_red_win_probability,6,0,,
historical-uncontrolled-reference,mean,historical,,observation:high,raw_pred_red_win_probability,7,0,,
historical-uncontrolled-reference,mean,historical,,observation:high,raw_pred_red_win_probability,8,0,,
historical-uncontrolled-reference,mean,historical,,observation:high,raw_pred_red_win_probability,9,0,,
historical-uncontrolled-reference,mean,historical,,observation:high,transferred_platt_red_win_probability,0,0,,
historical-uncontrolled-reference,mean,historical,,observation:high,transferred_platt_red_win_probability,1,0,,
historical-uncontrolled-reference,mean,historical,,observation:high,transferred_platt_red_win_probability,2,0,,
historical-uncontrolled-reference,mean,historical,,observation:high,transferred_platt_red_win_probability,3,0,,
historical-uncontrolled-reference,mean,historical,,observation:high,transferred_platt_red_win_probability,4,0,,
historical-uncontrolled-reference,mean,historical,,observation:high,transferred_platt_red_win_probability,5,1056,0.530459808795114,0.521780303030303
historical-uncontrolled-reference,mean,historical,,observation:high,transferred_platt_red_win_probability,6,0,,
historical-uncontrolled-reference,mean,historical,,observation:high,transferred_platt_red_win_probability,7,0,,
historical-uncontrolled-reference,mean,historical,,observation:high,transferred_platt_red_win_probability,8,0,,
historical-uncontrolled-reference,mean,historical,,observation:high,transferred_platt_red_win_probability,9,0,,
historical-uncontrolled-reference,mean,historical,,observation:high,transferred_score_red_win_probability,0,0,,
historical-uncontrolled-reference,mean,historical,,observation:high,transferred_score_red_win_probability,1,0,,
historical-uncontrolled-reference,mean,historical,,observation:high,transferred_score_red_win_probability,2,0,,
historical-uncontrolled-reference,mean,historical,,observation:high,transferred_score_red_win_probability,3,0,,
historical-uncontrolled-reference,mean,historical,,observation:high,transferred_score_red_win_probability,4,0,,
historical-uncontrolled-reference,mean,historical,,observation:high,transferred_score_red_win_probability,5,1056,0.530459808795114,0.521780303030303
historical-uncontrolled-reference,mean,historical,,observation:high,transferred_score_red_win_probability,6,0,,
historical-uncontrolled-reference,mean,historical,,observation:high,transferred_score_red_win_probability,7,0,,
historical-uncontrolled-reference,mean,historical,,observation:high,transferred_score_red_win_probability,8,0,,
historical-uncontrolled-reference,mean,historical,,observation:high,transferred_score_red_win_probability,9,0,,
historical-uncontrolled-reference,mean,historical,,observation:low,raw_pred_red_win_probability,0,0,,
historical-uncontrolled-reference,mean,historical,,observation:low,raw_pred_red_win_probability,1,0,,
historical-uncontrolled-reference,mean,historical,,observation:low,raw_pred_red_win_probability,2,0,,
historical-uncontrolled-reference,mean,historical,,observation:low,raw_pred_red_win_probability,3,0,,
historical-uncontrolled-reference,mean,historical,,observation:low,raw_pred_red_win_probability,4,0,,
historical-uncontrolled-reference,mean,historical,,observation:low,raw_pred_red_win_probability,5,2,0.5304598087951142,0.5
historical-uncontrolled-reference,mean,historical,,observation:low,raw_pred_red_win_probability,6,0,,
historical-uncontrolled-reference,mean,historical,,observation:low,raw_pred_red_win_probability,7,0,,
historical-uncontrolled-reference,mean,historical,,observation:low,raw_pred_red_win_probability,8,0,,
historical-uncontrolled-reference,mean,historical,,observation:low,raw_pred_red_win_probability,9,0,,
historical-uncontrolled-reference,mean,historical,,observation:low,transferred_platt_red_win_probability,0,0,,
historical-uncontrolled-reference,mean,historical,,observation:low,transferred_platt_red_win_probability,1,0,,
historical-uncontrolled-reference,mean,historical,,observation:low,transferred_platt_red_win_probability,2,0,,
historical-uncontrolled-reference,mean,historical,,observation:low,transferred_platt_red_win_probability,3,0,,
historical-uncontrolled-reference,mean,historical,,observation:low,transferred_platt_red_win_probability,4,0,,
historical-uncontrolled-reference,mean,historical,,observation:low,transferred_platt_red_win_probability,5,2,0.5304598087951142,0.5
historical-uncontrolled-reference,mean,historical,,observation:low,transferred_platt_red_win_probability,6,0,,
historical-uncontrolled-reference,mean,historical,,observation:low,transferred_platt_red_win_probability,7,0,,
historical-uncontrolled-reference,mean,historical,,observation:low,transferred_platt_red_win_probability,8,0,,
historical-uncontrolled-reference,mean,historical,,observation:low,transferred_platt_red_win_probability,9,0,,
historical-uncontrolled-reference,mean,historical,,observation:low,transferred_score_red_win_probability,0,0,,
historical-uncontrolled-reference,mean,historical,,observation:low,transferred_score_red_win_probability,1,0,,
historical-uncontrolled-reference,mean,historical,,observation:low,transferred_score_red_win_probability,2,0,,
historical-uncontrolled-reference,mean,historical,,observation:low,transferred_score_red_win_probability,3,0,,
historical-uncontrolled-reference,mean,historical,,observation:low,transferred_score_red_win_probability,4,0,,
historical-uncontrolled-reference,mean,historical,,observation:low,transferred_score_red_win_probability,5,2,0.5304598087951142,0.5
historical-uncontrolled-reference,mean,historical,,observation:low,transferred_score_red_win_probability,6,0,,
historical-uncontrolled-reference,mean,historical,,observation:low,transferred_score_red_win_probability,7,0,,
historical-uncontrolled-reference,mean,historical,,observation:low,transferred_score_red_win_probability,8,0,,
historical-uncontrolled-reference,mean,historical,,observation:low,transferred_score_red_win_probability,9,0,,
historical-uncontrolled-reference,mean,historical,,observation:medium,raw_pred_red_win_probability,0,0,,
historical-uncontrolled-reference,mean,historical,,observation:medium,raw_pred_red_win_probability,1,0,,
historical-uncontrolled-reference,mean,historical,,observation:medium,raw_pred_red_win_probability,2,0,,
historical-uncontrolled-reference,mean,historical,,observation:medium,raw_pred_red_win_probability,3,0,,
historical-uncontrolled-reference,mean,historical,,observation:medium,raw_pred_red_win_probability,4,0,,
historical-uncontrolled-reference,mean,historical,,observation:medium,raw_pred_red_win_probability,5,48,0.5304598087951141,0.5416666666666666
historical-uncontrolled-reference,mean,historical,,observation:medium,raw_pred_red_win_probability,6,0,,
historical-uncontrolled-reference,mean,historical,,observation:medium,raw_pred_red_win_probability,7,0,,
historical-uncontrolled-reference,mean,historical,,observation:medium,raw_pred_red_win_probability,8,0,,
historical-uncontrolled-reference,mean,historical,,observation:medium,raw_pred_red_win_probability,9,0,,
historical-uncontrolled-reference,mean,historical,,observation:medium,transferred_platt_red_win_probability,0,0,,
historical-uncontrolled-reference,mean,historical,,observation:medium,transferred_platt_red_win_probability,1,0,,
historical-uncontrolled-reference,mean,historical,,observation:medium,transferred_platt_red_win_probability,2,0,,
historical-uncontrolled-reference,mean,historical,,observation:medium,transferred_platt_red_win_probability,3,0,,
historical-uncontrolled-reference,mean,historical,,observation:medium,transferred_platt_red_win_probability,4,0,,
historical-uncontrolled-reference,mean,historical,,observation:medium,transferred_platt_red_win_probability,5,48,0.5304598087951141,0.5416666666666666
historical-uncontrolled-reference,mean,historical,,observation:medium,transferred_platt_red_win_probability,6,0,,
historical-uncontrolled-reference,mean,historical,,observation:medium,transferred_platt_red_win_probability,7,0,,
historical-uncontrolled-reference,mean,historical,,observation:medium,transferred_platt_red_win_probability,8,0,,
historical-uncontrolled-reference,mean,historical,,observation:medium,transferred_platt_red_win_probability,9,0,,
historical-uncontrolled-reference,mean,historical,,observation:medium,transferred_score_red_win_probability,0,0,,
historical-uncontrolled-reference,mean,historical,,observation:medium,transferred_score_red_win_probability,1,0,,
historical-uncontrolled-reference,mean,historical,,observation:medium,transferred_score_red_win_probability,2,0,,
historical-uncontrolled-reference,mean,historical,,observation:medium,transferred_score_red_win_probability,3,0,,
historical-uncontrolled-reference,mean,historical,,observation:medium,transferred_score_red_win_probability,4,0,,
historical-uncontrolled-reference,mean,historical,,observation:medium,transferred_score_red_win_probability,5,48,0.5304598087951141,0.5416666666666666
historical-uncontrolled-reference,mean,historical,,observation:medium,transferred_score_red_win_probability,6,0,,
historical-uncontrolled-reference,mean,historical,,observation:medium,transferred_score_red_win_probability,7,0,,
historical-uncontrolled-reference,mean,historical,,observation:medium,transferred_score_red_win_probability,8,0,,
historical-uncontrolled-reference,mean,historical,,observation:medium,transferred_score_red_win_probability,9,0,,
historical-uncontrolled-reference,ridge,historical,,primary-clean,raw_pred_red_win_probability,0,359,0.022224053462292385,0.25069637883008355
historical-uncontrolled-reference,ridge,historical,,primary-clean,raw_pred_red_win_probability,1,57,0.1377740157264785,0.43859649122807015
historical-uncontrolled-reference,ridge,historical,,primary-clean,raw_pred_red_win_probability,2,50,0.24513125798755148,0.44
historical-uncontrolled-reference,ridge,historical,,primary-clean,raw_pred_red_win_probability,3,43,0.35072716492431116,0.5348837209302325
historical-uncontrolled-reference,ridge,historical,,primary-clean,raw_pred_red_win_probability,4,31,0.4435057491021287,0.41935483870967744
historical-uncontrolled-reference,ridge,historical,,primary-clean,raw_pred_red_win_probability,5,35,0.5506627228613656,0.6285714285714286
historical-uncontrolled-reference,ridge,historical,,primary-clean,raw_pred_red_win_probability,6,36,0.6523361678833892,0.3888888888888889
historical-uncontrolled-reference,ridge,historical,,primary-clean,raw_pred_red_win_probability,7,47,0.7571024993208386,0.5957446808510638
historical-uncontrolled-reference,ridge,historical,,primary-clean,raw_pred_red_win_probability,8,50,0.8495780470970066,0.54
historical-uncontrolled-reference,ridge,historical,,primary-clean,raw_pred_red_win_probability,9,398,0.982791435388002,0.7889447236180904
historical-uncontrolled-reference,ridge,historical,,primary-clean,transferred_platt_red_win_probability,0,359,0.022224053462292385,0.25069637883008355
historical-uncontrolled-reference,ridge,historical,,primary-clean,transferred_platt_red_win_probability,1,57,0.1377740157264785,0.43859649122807015
historical-uncontrolled-reference,ridge,historical,,primary-clean,transferred_platt_red_win_probability,2,50,0.24513125798755148,0.44
historical-uncontrolled-reference,ridge,historical,,primary-clean,transferred_platt_red_win_probability,3,43,0.35072716492431116,0.5348837209302325
historical-uncontrolled-reference,ridge,historical,,primary-clean,transferred_platt_red_win_probability,4,31,0.4435057491021287,0.41935483870967744
historical-uncontrolled-reference,ridge,historical,,primary-clean,transferred_platt_red_win_probability,5,35,0.5506627228613656,0.6285714285714286
historical-uncontrolled-reference,ridge,historical,,primary-clean,transferred_platt_red_win_probability,6,36,0.6523361678833892,0.3888888888888889
historical-uncontrolled-reference,ridge,historical,,primary-clean,transferred_platt_red_win_probability,7,47,0.7571024993208386,0.5957446808510638
historical-uncontrolled-reference,ridge,historical,,primary-clean,transferred_platt_red_win_probability,8,50,0.8495780470970066,0.54
historical-uncontrolled-reference,ridge,historical,,primary-clean,transferred_platt_red_win_probability,9,398,0.982791435388002,0.7889447236180904
historical-uncontrolled-reference,ridge,historical,,primary-clean,transferred_score_red_win_probability,0,359,0.022224053462292385,0.25069637883008355
historical-uncontrolled-reference,ridge,historical,,primary-clean,transferred_score_red_win_probability,1,57,0.1377740157264785,0.43859649122807015
historical-uncontrolled-reference,ridge,historical,,primary-clean,transferred_score_red_win_probability,2,50,0.24513125798755148,0.44
historical-uncontrolled-reference,ridge,historical,,primary-clean,transferred_score_red_win_probability,3,43,0.35072716492431116,0.5348837209302325
historical-uncontrolled-reference,ridge,historical,,primary-clean,transferred_score_red_win_probability,4,31,0.4435057491021287,0.41935483870967744
historical-uncontrolled-reference,ridge,historical,,primary-clean,transferred_score_red_win_probability,5,35,0.5506627228613656,0.6285714285714286
historical-uncontrolled-reference,ridge,historical,,primary-clean,transferred_score_red_win_probability,6,36,0.6523361678833892,0.3888888888888889
historical-uncontrolled-reference,ridge,historical,,primary-clean,transferred_score_red_win_probability,7,47,0.7571024993208386,0.5957446808510638
historical-uncontrolled-reference,ridge,historical,,primary-clean,transferred_score_red_win_probability,8,50,0.8495780470970066,0.54
historical-uncontrolled-reference,ridge,historical,,primary-clean,transferred_score_red_win_probability,9,398,0.982791435388002,0.7889447236180904
historical-uncontrolled-reference,ridge,historical,,all-official,raw_pred_red_win_probability,0,359,0.022224053462292385,0.25069637883008355
historical-uncontrolled-reference,ridge,historical,,all-official,raw_pred_red_win_probability,1,57,0.1377740157264785,0.43859649122807015
historical-uncontrolled-reference,ridge,historical,,all-official,raw_pred_red_win_probability,2,50,0.24513125798755148,0.44
historical-uncontrolled-reference,ridge,historical,,all-official,raw_pred_red_win_probability,3,43,0.35072716492431116,0.5348837209302325
historical-uncontrolled-reference,ridge,historical,,all-official,raw_pred_red_win_probability,4,31,0.4435057491021287,0.41935483870967744
historical-uncontrolled-reference,ridge,historical,,all-official,raw_pred_red_win_probability,5,35,0.5506627228613656,0.6285714285714286
historical-uncontrolled-reference,ridge,historical,,all-official,raw_pred_red_win_probability,6,36,0.6523361678833892,0.3888888888888889
historical-uncontrolled-reference,ridge,historical,,all-official,raw_pred_red_win_probability,7,47,0.7571024993208386,0.5957446808510638
historical-uncontrolled-reference,ridge,historical,,all-official,raw_pred_red_win_probability,8,50,0.8495780470970066,0.54
historical-uncontrolled-reference,ridge,historical,,all-official,raw_pred_red_win_probability,9,398,0.982791435388002,0.7889447236180904
historical-uncontrolled-reference,ridge,historical,,all-official,transferred_platt_red_win_probability,0,359,0.022224053462292385,0.25069637883008355
historical-uncontrolled-reference,ridge,historical,,all-official,transferred_platt_red_win_probability,1,57,0.1377740157264785,0.43859649122807015
historical-uncontrolled-reference,ridge,historical,,all-official,transferred_platt_red_win_probability,2,50,0.24513125798755148,0.44
historical-uncontrolled-reference,ridge,historical,,all-official,transferred_platt_red_win_probability,3,43,0.35072716492431116,0.5348837209302325
historical-uncontrolled-reference,ridge,historical,,all-official,transferred_platt_red_win_probability,4,31,0.4435057491021287,0.41935483870967744
historical-uncontrolled-reference,ridge,historical,,all-official,transferred_platt_red_win_probability,5,35,0.5506627228613656,0.6285714285714286
historical-uncontrolled-reference,ridge,historical,,all-official,transferred_platt_red_win_probability,6,36,0.6523361678833892,0.3888888888888889
historical-uncontrolled-reference,ridge,historical,,all-official,transferred_platt_red_win_probability,7,47,0.7571024993208386,0.5957446808510638
historical-uncontrolled-reference,ridge,historical,,all-official,transferred_platt_red_win_probability,8,50,0.8495780470970066,0.54
historical-uncontrolled-reference,ridge,historical,,all-official,transferred_platt_red_win_probability,9,398,0.982791435388002,0.7889447236180904
historical-uncontrolled-reference,ridge,historical,,all-official,transferred_score_red_win_probability,0,359,0.022224053462292385,0.25069637883008355
historical-uncontrolled-reference,ridge,historical,,all-official,transferred_score_red_win_probability,1,57,0.1377740157264785,0.43859649122807015
historical-uncontrolled-reference,ridge,historical,,all-official,transferred_score_red_win_probability,2,50,0.24513125798755148,0.44
historical-uncontrolled-reference,ridge,historical,,all-official,transferred_score_red_win_probability,3,43,0.35072716492431116,0.5348837209302325
historical-uncontrolled-reference,ridge,historical,,all-official,transferred_score_red_win_probability,4,31,0.4435057491021287,0.41935483870967744
historical-uncontrolled-reference,ridge,historical,,all-official,transferred_score_red_win_probability,5,35,0.5506627228613656,0.6285714285714286
historical-uncontrolled-reference,ridge,historical,,all-official,transferred_score_red_win_probability,6,36,0.6523361678833892,0.3888888888888889
historical-uncontrolled-reference,ridge,historical,,all-official,transferred_score_red_win_probability,7,47,0.7571024993208386,0.5957446808510638
historical-uncontrolled-reference,ridge,historical,,all-official,transferred_score_red_win_probability,8,50,0.8495780470970066,0.54
historical-uncontrolled-reference,ridge,historical,,all-official,transferred_score_red_win_probability,9,398,0.982791435388002,0.7889447236180904
historical-uncontrolled-reference,ridge,historical,,DQ-only,raw_pred_red_win_probability,0,0,,
historical-uncontrolled-reference,ridge,historical,,DQ-only,raw_pred_red_win_probability,1,0,,
historical-uncontrolled-reference,ridge,historical,,DQ-only,raw_pred_red_win_probability,2,0,,
historical-uncontrolled-reference,ridge,historical,,DQ-only,raw_pred_red_win_probability,3,0,,
historical-uncontrolled-reference,ridge,historical,,DQ-only,raw_pred_red_win_probability,4,0,,
historical-uncontrolled-reference,ridge,historical,,DQ-only,raw_pred_red_win_probability,5,0,,
historical-uncontrolled-reference,ridge,historical,,DQ-only,raw_pred_red_win_probability,6,0,,
historical-uncontrolled-reference,ridge,historical,,DQ-only,raw_pred_red_win_probability,7,0,,
historical-uncontrolled-reference,ridge,historical,,DQ-only,raw_pred_red_win_probability,8,0,,
historical-uncontrolled-reference,ridge,historical,,DQ-only,raw_pred_red_win_probability,9,0,,
historical-uncontrolled-reference,ridge,historical,,DQ-only,transferred_platt_red_win_probability,0,0,,
historical-uncontrolled-reference,ridge,historical,,DQ-only,transferred_platt_red_win_probability,1,0,,
historical-uncontrolled-reference,ridge,historical,,DQ-only,transferred_platt_red_win_probability,2,0,,
historical-uncontrolled-reference,ridge,historical,,DQ-only,transferred_platt_red_win_probability,3,0,,
historical-uncontrolled-reference,ridge,historical,,DQ-only,transferred_platt_red_win_probability,4,0,,
historical-uncontrolled-reference,ridge,historical,,DQ-only,transferred_platt_red_win_probability,5,0,,
historical-uncontrolled-reference,ridge,historical,,DQ-only,transferred_platt_red_win_probability,6,0,,
historical-uncontrolled-reference,ridge,historical,,DQ-only,transferred_platt_red_win_probability,7,0,,
historical-uncontrolled-reference,ridge,historical,,DQ-only,transferred_platt_red_win_probability,8,0,,
historical-uncontrolled-reference,ridge,historical,,DQ-only,transferred_platt_red_win_probability,9,0,,
historical-uncontrolled-reference,ridge,historical,,DQ-only,transferred_score_red_win_probability,0,0,,
historical-uncontrolled-reference,ridge,historical,,DQ-only,transferred_score_red_win_probability,1,0,,
historical-uncontrolled-reference,ridge,historical,,DQ-only,transferred_score_red_win_probability,2,0,,
historical-uncontrolled-reference,ridge,historical,,DQ-only,transferred_score_red_win_probability,3,0,,
historical-uncontrolled-reference,ridge,historical,,DQ-only,transferred_score_red_win_probability,4,0,,
historical-uncontrolled-reference,ridge,historical,,DQ-only,transferred_score_red_win_probability,5,0,,
historical-uncontrolled-reference,ridge,historical,,DQ-only,transferred_score_red_win_probability,6,0,,
historical-uncontrolled-reference,ridge,historical,,DQ-only,transferred_score_red_win_probability,7,0,,
historical-uncontrolled-reference,ridge,historical,,DQ-only,transferred_score_red_win_probability,8,0,,
historical-uncontrolled-reference,ridge,historical,,DQ-only,transferred_score_red_win_probability,9,0,,
historical-uncontrolled-reference,ridge,historical,,surrogate-only,raw_pred_red_win_probability,0,1,2.5647372947777326e-05,0.0
historical-uncontrolled-reference,ridge,historical,,surrogate-only,raw_pred_red_win_probability,1,0,,
historical-uncontrolled-reference,ridge,historical,,surrogate-only,raw_pred_red_win_probability,2,0,,
historical-uncontrolled-reference,ridge,historical,,surrogate-only,raw_pred_red_win_probability,3,0,,
historical-uncontrolled-reference,ridge,historical,,surrogate-only,raw_pred_red_win_probability,4,0,,
historical-uncontrolled-reference,ridge,historical,,surrogate-only,raw_pred_red_win_probability,5,0,,
historical-uncontrolled-reference,ridge,historical,,surrogate-only,raw_pred_red_win_probability,6,0,,
historical-uncontrolled-reference,ridge,historical,,surrogate-only,raw_pred_red_win_probability,7,0,,
historical-uncontrolled-reference,ridge,historical,,surrogate-only,raw_pred_red_win_probability,8,0,,
historical-uncontrolled-reference,ridge,historical,,surrogate-only,raw_pred_red_win_probability,9,5,0.9947644275820119,0.8
historical-uncontrolled-reference,ridge,historical,,surrogate-only,transferred_platt_red_win_probability,0,1,2.5647372947777326e-05,0.0
historical-uncontrolled-reference,ridge,historical,,surrogate-only,transferred_platt_red_win_probability,1,0,,
historical-uncontrolled-reference,ridge,historical,,surrogate-only,transferred_platt_red_win_probability,2,0,,
historical-uncontrolled-reference,ridge,historical,,surrogate-only,transferred_platt_red_win_probability,3,0,,
historical-uncontrolled-reference,ridge,historical,,surrogate-only,transferred_platt_red_win_probability,4,0,,
historical-uncontrolled-reference,ridge,historical,,surrogate-only,transferred_platt_red_win_probability,5,0,,
historical-uncontrolled-reference,ridge,historical,,surrogate-only,transferred_platt_red_win_probability,6,0,,
historical-uncontrolled-reference,ridge,historical,,surrogate-only,transferred_platt_red_win_probability,7,0,,
historical-uncontrolled-reference,ridge,historical,,surrogate-only,transferred_platt_red_win_probability,8,0,,
historical-uncontrolled-reference,ridge,historical,,surrogate-only,transferred_platt_red_win_probability,9,5,0.9947644275820119,0.8
historical-uncontrolled-reference,ridge,historical,,surrogate-only,transferred_score_red_win_probability,0,1,2.5647372947777326e-05,0.0
historical-uncontrolled-reference,ridge,historical,,surrogate-only,transferred_score_red_win_probability,1,0,,
historical-uncontrolled-reference,ridge,historical,,surrogate-only,transferred_score_red_win_probability,2,0,,
historical-uncontrolled-reference,ridge,historical,,surrogate-only,transferred_score_red_win_probability,3,0,,
historical-uncontrolled-reference,ridge,historical,,surrogate-only,transferred_score_red_win_probability,4,0,,
historical-uncontrolled-reference,ridge,historical,,surrogate-only,transferred_score_red_win_probability,5,0,,
historical-uncontrolled-reference,ridge,historical,,surrogate-only,transferred_score_red_win_probability,6,0,,
historical-uncontrolled-reference,ridge,historical,,surrogate-only,transferred_score_red_win_probability,7,0,,
historical-uncontrolled-reference,ridge,historical,,surrogate-only,transferred_score_red_win_probability,8,0,,
historical-uncontrolled-reference,ridge,historical,,surrogate-only,transferred_score_red_win_probability,9,5,0.9947644275820119,0.8
historical-uncontrolled-reference,ridge,historical,,division:2026arc,raw_pred_red_win_probability,0,42,0.022962516256802165,0.19047619047619047
historical-uncontrolled-reference,ridge,historical,,division:2026arc,raw_pred_red_win_probability,1,8,0.13900510907686128,0.25
historical-uncontrolled-reference,ridge,historical,,division:2026arc,raw_pred_red_win_probability,2,10,0.24226628273038525,0.5
historical-uncontrolled-reference,ridge,historical,,division:2026arc,raw_pred_red_win_probability,3,4,0.3589900452016681,0.75
historical-uncontrolled-reference,ridge,historical,,division:2026arc,raw_pred_red_win_probability,4,2,0.4306499195822376,0.0
historical-uncontrolled-reference,ridge,historical,,division:2026arc,raw_pred_red_win_probability,5,4,0.547690509732814,0.5
historical-uncontrolled-reference,ridge,historical,,division:2026arc,raw_pred_red_win_probability,6,3,0.6386987370033624,0.0
historical-uncontrolled-reference,ridge,historical,,division:2026arc,raw_pred_red_win_probability,7,9,0.7580861726657668,0.6666666666666666
historical-uncontrolled-reference,ridge,historical,,division:2026arc,raw_pred_red_win_probability,8,5,0.8504563321049682,0.4
historical-uncontrolled-reference,ridge,historical,,division:2026arc,raw_pred_red_win_probability,9,53,0.9857592891142083,0.7924528301886793
historical-uncontrolled-reference,ridge,historical,,division:2026arc,transferred_platt_red_win_probability,0,42,0.022962516256802165,0.19047619047619047
historical-uncontrolled-reference,ridge,historical,,division:2026arc,transferred_platt_red_win_probability,1,8,0.13900510907686128,0.25
historical-uncontrolled-reference,ridge,historical,,division:2026arc,transferred_platt_red_win_probability,2,10,0.24226628273038525,0.5
historical-uncontrolled-reference,ridge,historical,,division:2026arc,transferred_platt_red_win_probability,3,4,0.3589900452016681,0.75
historical-uncontrolled-reference,ridge,historical,,division:2026arc,transferred_platt_red_win_probability,4,2,0.4306499195822376,0.0
historical-uncontrolled-reference,ridge,historical,,division:2026arc,transferred_platt_red_win_probability,5,4,0.547690509732814,0.5
historical-uncontrolled-reference,ridge,historical,,division:2026arc,transferred_platt_red_win_probability,6,3,0.6386987370033624,0.0
historical-uncontrolled-reference,ridge,historical,,division:2026arc,transferred_platt_red_win_probability,7,9,0.7580861726657668,0.6666666666666666
historical-uncontrolled-reference,ridge,historical,,division:2026arc,transferred_platt_red_win_probability,8,5,0.8504563321049682,0.4
historical-uncontrolled-reference,ridge,historical,,division:2026arc,transferred_platt_red_win_probability,9,53,0.9857592891142083,0.7924528301886793
historical-uncontrolled-reference,ridge,historical,,division:2026arc,transferred_score_red_win_probability,0,42,0.022962516256802165,0.19047619047619047
historical-uncontrolled-reference,ridge,historical,,division:2026arc,transferred_score_red_win_probability,1,8,0.13900510907686128,0.25
historical-uncontrolled-reference,ridge,historical,,division:2026arc,transferred_score_red_win_probability,2,10,0.24226628273038525,0.5
historical-uncontrolled-reference,ridge,historical,,division:2026arc,transferred_score_red_win_probability,3,4,0.3589900452016681,0.75
historical-uncontrolled-reference,ridge,historical,,division:2026arc,transferred_score_red_win_probability,4,2,0.4306499195822376,0.0
historical-uncontrolled-reference,ridge,historical,,division:2026arc,transferred_score_red_win_probability,5,4,0.547690509732814,0.5
historical-uncontrolled-reference,ridge,historical,,division:2026arc,transferred_score_red_win_probability,6,3,0.6386987370033624,0.0
historical-uncontrolled-reference,ridge,historical,,division:2026arc,transferred_score_red_win_probability,7,9,0.7580861726657668,0.6666666666666666
historical-uncontrolled-reference,ridge,historical,,division:2026arc,transferred_score_red_win_probability,8,5,0.8504563321049682,0.4
historical-uncontrolled-reference,ridge,historical,,division:2026arc,transferred_score_red_win_probability,9,53,0.9857592891142083,0.7924528301886793
historical-uncontrolled-reference,ridge,historical,,division:2026cur,raw_pred_red_win_probability,0,44,0.026793541710438597,0.20454545454545456
historical-uncontrolled-reference,ridge,historical,,division:2026cur,raw_pred_red_win_probability,1,8,0.14877703462426667,0.625
historical-uncontrolled-reference,ridge,historical,,division:2026cur,raw_pred_red_win_probability,2,7,0.2308550059571895,0.42857142857142855
historical-uncontrolled-reference,ridge,historical,,division:2026cur,raw_pred_red_win_probability,3,4,0.37423659386623487,0.25
historical-uncontrolled-reference,ridge,historical,,division:2026cur,raw_pred_red_win_probability,4,6,0.44403886718729013,0.5
historical-uncontrolled-reference,ridge,historical,,division:2026cur,raw_pred_red_win_probability,5,6,0.559326226730695,0.8333333333333334
historical-uncontrolled-reference,ridge,historical,,division:2026cur,raw_pred_red_win_probability,6,3,0.6458589207023023,0.3333333333333333
historical-uncontrolled-reference,ridge,historical,,division:2026cur,raw_pred_red_win_probability,7,1,0.7853480030481332,1.0
historical-uncontrolled-reference,ridge,historical,,division:2026cur,raw_pred_red_win_probability,8,6,0.8636195608398826,0.8333333333333334
historical-uncontrolled-reference,ridge,historical,,division:2026cur,raw_pred_red_win_probability,9,51,0.9802866991092232,0.8235294117647058
historical-uncontrolled-reference,ridge,historical,,division:2026cur,transferred_platt_red_win_probability,0,44,0.026793541710438597,0.20454545454545456
historical-uncontrolled-reference,ridge,historical,,division:2026cur,transferred_platt_red_win_probability,1,8,0.14877703462426667,0.625
historical-uncontrolled-reference,ridge,historical,,division:2026cur,transferred_platt_red_win_probability,2,7,0.2308550059571895,0.42857142857142855
historical-uncontrolled-reference,ridge,historical,,division:2026cur,transferred_platt_red_win_probability,3,4,0.37423659386623487,0.25
historical-uncontrolled-reference,ridge,historical,,division:2026cur,transferred_platt_red_win_probability,4,6,0.44403886718729013,0.5
historical-uncontrolled-reference,ridge,historical,,division:2026cur,transferred_platt_red_win_probability,5,6,0.559326226730695,0.8333333333333334
historical-uncontrolled-reference,ridge,historical,,division:2026cur,transferred_platt_red_win_probability,6,3,0.6458589207023023,0.3333333333333333
historical-uncontrolled-reference,ridge,historical,,division:2026cur,transferred_platt_red_win_probability,7,1,0.7853480030481332,1.0
historical-uncontrolled-reference,ridge,historical,,division:2026cur,transferred_platt_red_win_probability,8,6,0.8636195608398826,0.8333333333333334
historical-uncontrolled-reference,ridge,historical,,division:2026cur,transferred_platt_red_win_probability,9,51,0.9802866991092232,0.8235294117647058
historical-uncontrolled-reference,ridge,historical,,division:2026cur,transferred_score_red_win_probability,0,44,0.026793541710438597,0.20454545454545456
historical-uncontrolled-reference,ridge,historical,,division:2026cur,transferred_score_red_win_probability,1,8,0.14877703462426667,0.625
historical-uncontrolled-reference,ridge,historical,,division:2026cur,transferred_score_red_win_probability,2,7,0.2308550059571895,0.42857142857142855
historical-uncontrolled-reference,ridge,historical,,division:2026cur,transferred_score_red_win_probability,3,4,0.37423659386623487,0.25
historical-uncontrolled-reference,ridge,historical,,division:2026cur,transferred_score_red_win_probability,4,6,0.44403886718729013,0.5
historical-uncontrolled-reference,ridge,historical,,division:2026cur,transferred_score_red_win_probability,5,6,0.559326226730695,0.8333333333333334
historical-uncontrolled-reference,ridge,historical,,division:2026cur,transferred_score_red_win_probability,6,3,0.6458589207023023,0.3333333333333333
historical-uncontrolled-reference,ridge,historical,,division:2026cur,transferred_score_red_win_probability,7,1,0.7853480030481332,1.0
historical-uncontrolled-reference,ridge,historical,,division:2026cur,transferred_score_red_win_probability,8,6,0.8636195608398826,0.8333333333333334
historical-uncontrolled-reference,ridge,historical,,division:2026cur,transferred_score_red_win_probability,9,51,0.9802866991092232,0.8235294117647058
historical-uncontrolled-reference,ridge,historical,,division:2026dal,raw_pred_red_win_probability,0,43,0.026883391617866795,0.20930232558139536
historical-uncontrolled-reference,ridge,historical,,division:2026dal,raw_pred_red_win_probability,1,6,0.1461311989930412,0.5
historical-uncontrolled-reference,ridge,historical,,division:2026dal,raw_pred_red_win_probability,2,10,0.24425039412735608,0.5
historical-uncontrolled-reference,ridge,historical,,division:2026dal,raw_pred_red_win_probability,3,4,0.3618682326114792,0.5
historical-uncontrolled-reference,ridge,historical,,division:2026dal,raw_pred_red_win_probability,4,4,0.4313185979199536,0.25
historical-uncontrolled-reference,ridge,historical,,division:2026dal,raw_pred_red_win_probability,5,3,0.5351428787720878,0.0
historical-uncontrolled-reference,ridge,historical,,division:2026dal,raw_pred_red_win_probability,6,5,0.6691359230788084,0.6
historical-uncontrolled-reference,ridge,historical,,division:2026dal,raw_pred_red_win_probability,7,5,0.7610641771547606,0.0
historical-uncontrolled-reference,ridge,historical,,division:2026dal,raw_pred_red_win_probability,8,3,0.834067350417071,0.0
historical-uncontrolled-reference,ridge,historical,,division:2026dal,raw_pred_red_win_probability,9,55,0.9863502271214559,0.7818181818181819
historical-uncontrolled-reference,ridge,historical,,division:2026dal,transferred_platt_red_win_probability,0,43,0.026883391617866795,0.20930232558139536
historical-uncontrolled-reference,ridge,historical,,division:2026dal,transferred_platt_red_win_probability,1,6,0.1461311989930412,0.5
historical-uncontrolled-reference,ridge,historical,,division:2026dal,transferred_platt_red_win_probability,2,10,0.24425039412735608,0.5
historical-uncontrolled-reference,ridge,historical,,division:2026dal,transferred_platt_red_win_probability,3,4,0.3618682326114792,0.5
historical-uncontrolled-reference,ridge,historical,,division:2026dal,transferred_platt_red_win_probability,4,4,0.4313185979199536,0.25
historical-uncontrolled-reference,ridge,historical,,division:2026dal,transferred_platt_red_win_probability,5,3,0.5351428787720878,0.0
historical-uncontrolled-reference,ridge,historical,,division:2026dal,transferred_platt_red_win_probability,6,5,0.6691359230788084,0.6
historical-uncontrolled-reference,ridge,historical,,division:2026dal,transferred_platt_red_win_probability,7,5,0.7610641771547606,0.0
historical-uncontrolled-reference,ridge,historical,,division:2026dal,transferred_platt_red_win_probability,8,3,0.834067350417071,0.0
historical-uncontrolled-reference,ridge,historical,,division:2026dal,transferred_platt_red_win_probability,9,55,0.9863502271214559,0.7818181818181819
historical-uncontrolled-reference,ridge,historical,,division:2026dal,transferred_score_red_win_probability,0,43,0.026883391617866795,0.20930232558139536
historical-uncontrolled-reference,ridge,historical,,division:2026dal,transferred_score_red_win_probability,1,6,0.1461311989930412,0.5
historical-uncontrolled-reference,ridge,historical,,division:2026dal,transferred_score_red_win_probability,2,10,0.24425039412735608,0.5
historical-uncontrolled-reference,ridge,historical,,division:2026dal,transferred_score_red_win_probability,3,4,0.3618682326114792,0.5
historical-uncontrolled-reference,ridge,historical,,division:2026dal,transferred_score_red_win_probability,4,4,0.4313185979199536,0.25
historical-uncontrolled-reference,ridge,historical,,division:2026dal,transferred_score_red_win_probability,5,3,0.5351428787720878,0.0
historical-uncontrolled-reference,ridge,historical,,division:2026dal,transferred_score_red_win_probability,6,5,0.6691359230788084,0.6
historical-uncontrolled-reference,ridge,historical,,division:2026dal,transferred_score_red_win_probability,7,5,0.7610641771547606,0.0
historical-uncontrolled-reference,ridge,historical,,division:2026dal,transferred_score_red_win_probability,8,3,0.834067350417071,0.0
historical-uncontrolled-reference,ridge,historical,,division:2026dal,transferred_score_red_win_probability,9,55,0.9863502271214559,0.7818181818181819
historical-uncontrolled-reference,ridge,historical,,division:2026gal,raw_pred_red_win_probability,0,43,0.022042427822440716,0.4883720930232558
historical-uncontrolled-reference,ridge,historical,,division:2026gal,raw_pred_red_win_probability,1,5,0.140205331447541,0.4
historical-uncontrolled-reference,ridge,historical,,division:2026gal,raw_pred_red_win_probability,2,4,0.25395211562186343,0.25
historical-uncontrolled-reference,ridge,historical,,division:2026gal,raw_pred_red_win_probability,3,9,0.33221801258477757,0.5555555555555556
historical-uncontrolled-reference,ridge,historical,,division:2026gal,raw_pred_red_win_probability,4,6,0.4558087421385984,0.3333333333333333
historical-uncontrolled-reference,ridge,historical,,division:2026gal,raw_pred_red_win_probability,5,5,0.5742191266314377,0.4
historical-uncontrolled-reference,ridge,historical,,division:2026gal,raw_pred_red_win_probability,6,6,0.6407754506221202,0.3333333333333333
historical-uncontrolled-reference,ridge,historical,,division:2026gal,raw_pred_red_win_probability,7,9,0.7591169489606271,0.7777777777777778
historical-uncontrolled-reference,ridge,historical,,division:2026gal,raw_pred_red_win_probability,8,10,0.8552876109946391,0.3
historical-uncontrolled-reference,ridge,historical,,division:2026gal,raw_pred_red_win_probability,9,41,0.9777369077004975,0.8536585365853658
historical-uncontrolled-reference,ridge,historical,,division:2026gal,transferred_platt_red_win_probability,0,43,0.022042427822440716,0.4883720930232558
historical-uncontrolled-reference,ridge,historical,,division:2026gal,transferred_platt_red_win_probability,1,5,0.140205331447541,0.4
historical-uncontrolled-reference,ridge,historical,,division:2026gal,transferred_platt_red_win_probability,2,4,0.25395211562186343,0.25
historical-uncontrolled-reference,ridge,historical,,division:2026gal,transferred_platt_red_win_probability,3,9,0.33221801258477757,0.5555555555555556
historical-uncontrolled-reference,ridge,historical,,division:2026gal,transferred_platt_red_win_probability,4,6,0.4558087421385984,0.3333333333333333
historical-uncontrolled-reference,ridge,historical,,division:2026gal,transferred_platt_red_win_probability,5,5,0.5742191266314377,0.4
historical-uncontrolled-reference,ridge,historical,,division:2026gal,transferred_platt_red_win_probability,6,6,0.6407754506221202,0.3333333333333333
historical-uncontrolled-reference,ridge,historical,,division:2026gal,transferred_platt_red_win_probability,7,9,0.7591169489606271,0.7777777777777778
historical-uncontrolled-reference,ridge,historical,,division:2026gal,transferred_platt_red_win_probability,8,10,0.8552876109946391,0.3
historical-uncontrolled-reference,ridge,historical,,division:2026gal,transferred_platt_red_win_probability,9,41,0.9777369077004975,0.8536585365853658
historical-uncontrolled-reference,ridge,historical,,division:2026gal,transferred_score_red_win_probability,0,43,0.022042427822440716,0.4883720930232558
historical-uncontrolled-reference,ridge,historical,,division:2026gal,transferred_score_red_win_probability,1,5,0.140205331447541,0.4
historical-uncontrolled-reference,ridge,historical,,division:2026gal,transferred_score_red_win_probability,2,4,0.25395211562186343,0.25
historical-uncontrolled-reference,ridge,historical,,division:2026gal,transferred_score_red_win_probability,3,9,0.33221801258477757,0.5555555555555556
historical-uncontrolled-reference,ridge,historical,,division:2026gal,transferred_score_red_win_probability,4,6,0.4558087421385984,0.3333333333333333
historical-uncontrolled-reference,ridge,historical,,division:2026gal,transferred_score_red_win_probability,5,5,0.5742191266314377,0.4
historical-uncontrolled-reference,ridge,historical,,division:2026gal,transferred_score_red_win_probability,6,6,0.6407754506221202,0.3333333333333333
historical-uncontrolled-reference,ridge,historical,,division:2026gal,transferred_score_red_win_probability,7,9,0.7591169489606271,0.7777777777777778
historical-uncontrolled-reference,ridge,historical,,division:2026gal,transferred_score_red_win_probability,8,10,0.8552876109946391,0.3
historical-uncontrolled-reference,ridge,historical,,division:2026gal,transferred_score_red_win_probability,9,41,0.9777369077004975,0.8536585365853658
historical-uncontrolled-reference,ridge,historical,,division:2026hop,raw_pred_red_win_probability,0,47,0.021409136282193715,0.2127659574468085
historical-uncontrolled-reference,ridge,historical,,division:2026hop,raw_pred_red_win_probability,1,6,0.12242909056564988,0.5
historical-uncontrolled-reference,ridge,historical,,division:2026hop,raw_pred_red_win_probability,2,3,0.2607137014505598,0.6666666666666666
historical-uncontrolled-reference,ridge,historical,,division:2026hop,raw_pred_red_win_probability,3,2,0.35718099389407476,0.5
historical-uncontrolled-reference,ridge,historical,,division:2026hop,raw_pred_red_win_probability,4,2,0.4546387818684323,0.0
historical-uncontrolled-reference,ridge,historical,,division:2026hop,raw_pred_red_win_probability,5,4,0.5566215058572305,0.75
historical-uncontrolled-reference,ridge,historical,,division:2026hop,raw_pred_red_win_probability,6,7,0.6468865325611165,0.14285714285714285
historical-uncontrolled-reference,ridge,historical,,division:2026hop,raw_pred_red_win_probability,7,3,0.7457313516421923,0.3333333333333333
historical-uncontrolled-reference,ridge,historical,,division:2026hop,raw_pred_red_win_probability,8,7,0.852241064300783,0.5714285714285714
historical-uncontrolled-reference,ridge,historical,,division:2026hop,raw_pred_red_win_probability,9,59,0.9837267906300436,0.7457627118644068
historical-uncontrolled-reference,ridge,historical,,division:2026hop,transferred_platt_red_win_probability,0,47,0.021409136282193715,0.2127659574468085
historical-uncontrolled-reference,ridge,historical,,division:2026hop,transferred_platt_red_win_probability,1,6,0.12242909056564988,0.5
historical-uncontrolled-reference,ridge,historical,,division:2026hop,transferred_platt_red_win_probability,2,3,0.2607137014505598,0.6666666666666666
historical-uncontrolled-reference,ridge,historical,,division:2026hop,transferred_platt_red_win_probability,3,2,0.35718099389407476,0.5
historical-uncontrolled-reference,ridge,historical,,division:2026hop,transferred_platt_red_win_probability,4,2,0.4546387818684323,0.0
historical-uncontrolled-reference,ridge,historical,,division:2026hop,transferred_platt_red_win_probability,5,4,0.5566215058572305,0.75
historical-uncontrolled-reference,ridge,historical,,division:2026hop,transferred_platt_red_win_probability,6,7,0.6468865325611165,0.14285714285714285
historical-uncontrolled-reference,ridge,historical,,division:2026hop,transferred_platt_red_win_probability,7,3,0.7457313516421923,0.3333333333333333
historical-uncontrolled-reference,ridge,historical,,division:2026hop,transferred_platt_red_win_probability,8,7,0.852241064300783,0.5714285714285714
historical-uncontrolled-reference,ridge,historical,,division:2026hop,transferred_platt_red_win_probability,9,59,0.9837267906300436,0.7457627118644068
historical-uncontrolled-reference,ridge,historical,,division:2026hop,transferred_score_red_win_probability,0,47,0.021409136282193715,0.2127659574468085
historical-uncontrolled-reference,ridge,historical,,division:2026hop,transferred_score_red_win_probability,1,6,0.12242909056564988,0.5
historical-uncontrolled-reference,ridge,historical,,division:2026hop,transferred_score_red_win_probability,2,3,0.2607137014505598,0.6666666666666666
historical-uncontrolled-reference,ridge,historical,,division:2026hop,transferred_score_red_win_probability,3,2,0.35718099389407476,0.5
historical-uncontrolled-reference,ridge,historical,,division:2026hop,transferred_score_red_win_probability,4,2,0.4546387818684323,0.0
historical-uncontrolled-reference,ridge,historical,,division:2026hop,transferred_score_red_win_probability,5,4,0.5566215058572305,0.75
historical-uncontrolled-reference,ridge,historical,,division:2026hop,transferred_score_red_win_probability,6,7,0.6468865325611165,0.14285714285714285
historical-uncontrolled-reference,ridge,historical,,division:2026hop,transferred_score_red_win_probability,7,3,0.7457313516421923,0.3333333333333333
historical-uncontrolled-reference,ridge,historical,,division:2026hop,transferred_score_red_win_probability,8,7,0.852241064300783,0.5714285714285714
historical-uncontrolled-reference,ridge,historical,,division:2026hop,transferred_score_red_win_probability,9,59,0.9837267906300436,0.7457627118644068
historical-uncontrolled-reference,ridge,historical,,division:2026joh,raw_pred_red_win_probability,0,49,0.01730142336995359,0.2653061224489796
historical-uncontrolled-reference,ridge,historical,,division:2026joh,raw_pred_red_win_probability,1,9,0.12753904297058427,0.5555555555555556
historical-uncontrolled-reference,ridge,historical,,division:2026joh,raw_pred_red_win_probability,2,5,0.25629187008981147,0.4
historical-uncontrolled-reference,ridge,historical,,division:2026joh,raw_pred_red_win_probability,3,4,0.3169028218302724,0.5
historical-uncontrolled-reference,ridge,historical,,division:2026joh,raw_pred_red_win_probability,4,4,0.45424618301743497,1.0
historical-uncontrolled-reference,ridge,historical,,division:2026joh,raw_pred_red_win_probability,5,6,0.5447638630613113,0.8333333333333334
historical-uncontrolled-reference,ridge,historical,,division:2026joh,raw_pred_red_win_probability,6,3,0.6600926452183408,0.3333333333333333
historical-uncontrolled-reference,ridge,historical,,division:2026joh,raw_pred_red_win_probability,7,8,0.7678818273664683,0.75
historical-uncontrolled-reference,ridge,historical,,division:2026joh,raw_pred_red_win_probability,8,8,0.844373959096445,0.75
historical-uncontrolled-reference,ridge,historical,,division:2026joh,raw_pred_red_win_probability,9,42,0.9816408796880242,0.7619047619047619
historical-uncontrolled-reference,ridge,historical,,division:2026joh,transferred_platt_red_win_probability,0,49,0.01730142336995359,0.2653061224489796
historical-uncontrolled-reference,ridge,historical,,division:2026joh,transferred_platt_red_win_probability,1,9,0.12753904297058427,0.5555555555555556
historical-uncontrolled-reference,ridge,historical,,division:2026joh,transferred_platt_red_win_probability,2,5,0.25629187008981147,0.4
historical-uncontrolled-reference,ridge,historical,,division:2026joh,transferred_platt_red_win_probability,3,4,0.3169028218302724,0.5
historical-uncontrolled-reference,ridge,historical,,division:2026joh,transferred_platt_red_win_probability,4,4,0.45424618301743497,1.0
historical-uncontrolled-reference,ridge,historical,,division:2026joh,transferred_platt_red_win_probability,5,6,0.5447638630613113,0.8333333333333334
historical-uncontrolled-reference,ridge,historical,,division:2026joh,transferred_platt_red_win_probability,6,3,0.6600926452183408,0.3333333333333333
historical-uncontrolled-reference,ridge,historical,,division:2026joh,transferred_platt_red_win_probability,7,8,0.7678818273664683,0.75
historical-uncontrolled-reference,ridge,historical,,division:2026joh,transferred_platt_red_win_probability,8,8,0.844373959096445,0.75
historical-uncontrolled-reference,ridge,historical,,division:2026joh,transferred_platt_red_win_probability,9,42,0.9816408796880242,0.7619047619047619
historical-uncontrolled-reference,ridge,historical,,division:2026joh,transferred_score_red_win_probability,0,49,0.01730142336995359,0.2653061224489796
historical-uncontrolled-reference,ridge,historical,,division:2026joh,transferred_score_red_win_probability,1,9,0.12753904297058427,0.5555555555555556
historical-uncontrolled-reference,ridge,historical,,division:2026joh,transferred_score_red_win_probability,2,5,0.25629187008981147,0.4
historical-uncontrolled-reference,ridge,historical,,division:2026joh,transferred_score_red_win_probability,3,4,0.3169028218302724,0.5
historical-uncontrolled-reference,ridge,historical,,division:2026joh,transferred_score_red_win_probability,4,4,0.45424618301743497,1.0
historical-uncontrolled-reference,ridge,historical,,division:2026joh,transferred_score_red_win_probability,5,6,0.5447638630613113,0.8333333333333334
historical-uncontrolled-reference,ridge,historical,,division:2026joh,transferred_score_red_win_probability,6,3,0.6600926452183408,0.3333333333333333
historical-uncontrolled-reference,ridge,historical,,division:2026joh,transferred_score_red_win_probability,7,8,0.7678818273664683,0.75
historical-uncontrolled-reference,ridge,historical,,division:2026joh,transferred_score_red_win_probability,8,8,0.844373959096445,0.75
historical-uncontrolled-reference,ridge,historical,,division:2026joh,transferred_score_red_win_probability,9,42,0.9816408796880242,0.7619047619047619
historical-uncontrolled-reference,ridge,historical,,division:2026mil,raw_pred_red_win_probability,0,44,0.02291609492563709,0.20454545454545456
historical-uncontrolled-reference,ridge,historical,,division:2026mil,raw_pred_red_win_probability,1,6,0.13972143756552657,0.16666666666666666
historical-uncontrolled-reference,ridge,historical,,division:2026mil,raw_pred_red_win_probability,2,3,0.22625073197834986,0.6666666666666666
historical-uncontrolled-reference,ridge,historical,,division:2026mil,raw_pred_red_win_probability,3,8,0.36541990494571397,0.375
historical-uncontrolled-reference,ridge,historical,,division:2026mil,raw_pred_red_win_probability,4,6,0.43600945362182086,0.5
historical-uncontrolled-reference,ridge,historical,,division:2026mil,raw_pred_red_win_probability,5,4,0.5468397261370239,0.75
historical-uncontrolled-reference,ridge,historical,,division:2026mil,raw_pred_red_win_probability,6,2,0.6533773961703366,0.5
historical-uncontrolled-reference,ridge,historical,,division:2026mil,raw_pred_red_win_probability,7,5,0.7478314745951594,0.8
historical-uncontrolled-reference,ridge,historical,,division:2026mil,raw_pred_red_win_probability,8,5,0.8392036045811982,0.6
historical-uncontrolled-reference,ridge,historical,,division:2026mil,raw_pred_red_win_probability,9,53,0.9850217030905947,0.7547169811320755
historical-uncontrolled-reference,ridge,historical,,division:2026mil,transferred_platt_red_win_probability,0,44,0.02291609492563709,0.20454545454545456
historical-uncontrolled-reference,ridge,historical,,division:2026mil,transferred_platt_red_win_probability,1,6,0.13972143756552657,0.16666666666666666
historical-uncontrolled-reference,ridge,historical,,division:2026mil,transferred_platt_red_win_probability,2,3,0.22625073197834986,0.6666666666666666
historical-uncontrolled-reference,ridge,historical,,division:2026mil,transferred_platt_red_win_probability,3,8,0.36541990494571397,0.375
historical-uncontrolled-reference,ridge,historical,,division:2026mil,transferred_platt_red_win_probability,4,6,0.43600945362182086,0.5
historical-uncontrolled-reference,ridge,historical,,division:2026mil,transferred_platt_red_win_probability,5,4,0.5468397261370239,0.75
historical-uncontrolled-reference,ridge,historical,,division:2026mil,transferred_platt_red_win_probability,6,2,0.6533773961703366,0.5
historical-uncontrolled-reference,ridge,historical,,division:2026mil,transferred_platt_red_win_probability,7,5,0.7478314745951594,0.8
historical-uncontrolled-reference,ridge,historical,,division:2026mil,transferred_platt_red_win_probability,8,5,0.8392036045811982,0.6
historical-uncontrolled-reference,ridge,historical,,division:2026mil,transferred_platt_red_win_probability,9,53,0.9850217030905947,0.7547169811320755
historical-uncontrolled-reference,ridge,historical,,division:2026mil,transferred_score_red_win_probability,0,44,0.02291609492563709,0.20454545454545456
historical-uncontrolled-reference,ridge,historical,,division:2026mil,transferred_score_red_win_probability,1,6,0.13972143756552657,0.16666666666666666
historical-uncontrolled-reference,ridge,historical,,division:2026mil,transferred_score_red_win_probability,2,3,0.22625073197834986,0.6666666666666666
historical-uncontrolled-reference,ridge,historical,,division:2026mil,transferred_score_red_win_probability,3,8,0.36541990494571397,0.375
historical-uncontrolled-reference,ridge,historical,,division:2026mil,transferred_score_red_win_probability,4,6,0.43600945362182086,0.5
historical-uncontrolled-reference,ridge,historical,,division:2026mil,transferred_score_red_win_probability,5,4,0.5468397261370239,0.75
historical-uncontrolled-reference,ridge,historical,,division:2026mil,transferred_score_red_win_probability,6,2,0.6533773961703366,0.5
historical-uncontrolled-reference,ridge,historical,,division:2026mil,transferred_score_red_win_probability,7,5,0.7478314745951594,0.8
historical-uncontrolled-reference,ridge,historical,,division:2026mil,transferred_score_red_win_probability,8,5,0.8392036045811982,0.6
historical-uncontrolled-reference,ridge,historical,,division:2026mil,transferred_score_red_win_probability,9,53,0.9850217030905947,0.7547169811320755
historical-uncontrolled-reference,ridge,historical,,division:2026new,raw_pred_red_win_probability,0,47,0.01848885344395514,0.23404255319148937
historical-uncontrolled-reference,ridge,historical,,division:2026new,raw_pred_red_win_probability,1,9,0.1391437044535535,0.4444444444444444
historical-uncontrolled-reference,ridge,historical,,division:2026new,raw_pred_red_win_probability,2,8,0.2521562469845744,0.25
historical-uncontrolled-reference,ridge,historical,,division:2026new,raw_pred_red_win_probability,3,8,0.35069924713623796,0.75
historical-uncontrolled-reference,ridge,historical,,division:2026new,raw_pred_red_win_probability,4,1,0.4206993178288389,0.0
historical-uncontrolled-reference,ridge,historical,,division:2026new,raw_pred_red_win_probability,5,3,0.5225078416713447,0.6666666666666666
historical-uncontrolled-reference,ridge,historical,,division:2026new,raw_pred_red_win_probability,6,7,0.6606940422335342,0.7142857142857143
historical-uncontrolled-reference,ridge,historical,,division:2026new,raw_pred_red_win_probability,7,7,0.7455592053979732,0.42857142857142855
historical-uncontrolled-reference,ridge,historical,,division:2026new,raw_pred_red_win_probability,8,6,0.8455213370509255,0.6666666666666666
historical-uncontrolled-reference,ridge,historical,,division:2026new,raw_pred_red_win_probability,9,44,0.9795387213984035,0.8181818181818182
historical-uncontrolled-reference,ridge,historical,,division:2026new,transferred_platt_red_win_probability,0,47,0.01848885344395514,0.23404255319148937
historical-uncontrolled-reference,ridge,historical,,division:2026new,transferred_platt_red_win_probability,1,9,0.1391437044535535,0.4444444444444444
historical-uncontrolled-reference,ridge,historical,,division:2026new,transferred_platt_red_win_probability,2,8,0.2521562469845744,0.25
historical-uncontrolled-reference,ridge,historical,,division:2026new,transferred_platt_red_win_probability,3,8,0.35069924713623796,0.75
historical-uncontrolled-reference,ridge,historical,,division:2026new,transferred_platt_red_win_probability,4,1,0.4206993178288389,0.0
historical-uncontrolled-reference,ridge,historical,,division:2026new,transferred_platt_red_win_probability,5,3,0.5225078416713447,0.6666666666666666
historical-uncontrolled-reference,ridge,historical,,division:2026new,transferred_platt_red_win_probability,6,7,0.6606940422335342,0.7142857142857143
historical-uncontrolled-reference,ridge,historical,,division:2026new,transferred_platt_red_win_probability,7,7,0.7455592053979732,0.42857142857142855
historical-uncontrolled-reference,ridge,historical,,division:2026new,transferred_platt_red_win_probability,8,6,0.8455213370509255,0.6666666666666666
historical-uncontrolled-reference,ridge,historical,,division:2026new,transferred_platt_red_win_probability,9,44,0.9795387213984035,0.8181818181818182
historical-uncontrolled-reference,ridge,historical,,division:2026new,transferred_score_red_win_probability,0,47,0.01848885344395514,0.23404255319148937
historical-uncontrolled-reference,ridge,historical,,division:2026new,transferred_score_red_win_probability,1,9,0.1391437044535535,0.4444444444444444
historical-uncontrolled-reference,ridge,historical,,division:2026new,transferred_score_red_win_probability,2,8,0.2521562469845744,0.25
historical-uncontrolled-reference,ridge,historical,,division:2026new,transferred_score_red_win_probability,3,8,0.35069924713623796,0.75
historical-uncontrolled-reference,ridge,historical,,division:2026new,transferred_score_red_win_probability,4,1,0.4206993178288389,0.0
historical-uncontrolled-reference,ridge,historical,,division:2026new,transferred_score_red_win_probability,5,3,0.5225078416713447,0.6666666666666666
historical-uncontrolled-reference,ridge,historical,,division:2026new,transferred_score_red_win_probability,6,7,0.6606940422335342,0.7142857142857143
historical-uncontrolled-reference,ridge,historical,,division:2026new,transferred_score_red_win_probability,7,7,0.7455592053979732,0.42857142857142855
historical-uncontrolled-reference,ridge,historical,,division:2026new,transferred_score_red_win_probability,8,6,0.8455213370509255,0.6666666666666666
historical-uncontrolled-reference,ridge,historical,,division:2026new,transferred_score_red_win_probability,9,44,0.9795387213984035,0.8181818181818182
historical-uncontrolled-reference,ridge,historical,,observation:high,raw_pred_red_win_probability,0,342,0.02213637143099812,0.24561403508771928
historical-uncontrolled-reference,ridge,historical,,observation:high,raw_pred_red_win_probability,1,55,0.13873584091462543,0.45454545454545453
historical-uncontrolled-reference,ridge,historical,,observation:high,raw_pred_red_win_probability,2,48,0.2455842541412959,0.4166666666666667
historical-uncontrolled-reference,ridge,historical,,observation:high,raw_pred_red_win_probability,3,40,0.3500572366588693,0.575
historical-uncontrolled-reference,ridge,historical,,observation:high,raw_pred_red_win_probability,4,27,0.4433597659094867,0.4074074074074074
historical-uncontrolled-reference,ridge,historical,,observation:high,raw_pred_red_win_probability,5,33,0.5501243723844921,0.6363636363636364
historical-uncontrolled-reference,ridge,historical,,observation:high,raw_pred_red_win_probability,6,33,0.6519338359460763,0.3939393939393939
historical-uncontrolled-reference,ridge,historical,,observation:high,raw_pred_red_win_probability,7,46,0.7563709812799639,0.5869565217391305
historical-uncontrolled-reference,ridge,historical,,observation:high,raw_pred_red_win_probability,8,49,0.8503025120021096,0.5306122448979592
historical-uncontrolled-reference,ridge,historical,,observation:high,raw_pred_red_win_probability,9,383,0.9823314689463868,0.7859007832898173
historical-uncontrolled-reference,ridge,historical,,observation:high,transferred_platt_red_win_probability,0,342,0.02213637143099812,0.24561403508771928
historical-uncontrolled-reference,ridge,historical,,observation:high,transferred_platt_red_win_probability,1,55,0.13873584091462543,0.45454545454545453
historical-uncontrolled-reference,ridge,historical,,observation:high,transferred_platt_red_win_probability,2,48,0.2455842541412959,0.4166666666666667
historical-uncontrolled-reference,ridge,historical,,observation:high,transferred_platt_red_win_probability,3,40,0.3500572366588693,0.575
historical-uncontrolled-reference,ridge,historical,,observation:high,transferred_platt_red_win_probability,4,27,0.4433597659094867,0.4074074074074074
historical-uncontrolled-reference,ridge,historical,,observation:high,transferred_platt_red_win_probability,5,33,0.5501243723844921,0.6363636363636364
historical-uncontrolled-reference,ridge,historical,,observation:high,transferred_platt_red_win_probability,6,33,0.6519338359460763,0.3939393939393939
historical-uncontrolled-reference,ridge,historical,,observation:high,transferred_platt_red_win_probability,7,46,0.7563709812799639,0.5869565217391305
historical-uncontrolled-reference,ridge,historical,,observation:high,transferred_platt_red_win_probability,8,49,0.8503025120021096,0.5306122448979592
historical-uncontrolled-reference,ridge,historical,,observation:high,transferred_platt_red_win_probability,9,383,0.9823314689463868,0.7859007832898173
historical-uncontrolled-reference,ridge,historical,,observation:high,transferred_score_red_win_probability,0,342,0.02213637143099812,0.24561403508771928
historical-uncontrolled-reference,ridge,historical,,observation:high,transferred_score_red_win_probability,1,55,0.13873584091462543,0.45454545454545453
historical-uncontrolled-reference,ridge,historical,,observation:high,transferred_score_red_win_probability,2,48,0.2455842541412959,0.4166666666666667
historical-uncontrolled-reference,ridge,historical,,observation:high,transferred_score_red_win_probability,3,40,0.3500572366588693,0.575
historical-uncontrolled-reference,ridge,historical,,observation:high,transferred_score_red_win_probability,4,27,0.4433597659094867,0.4074074074074074
historical-uncontrolled-reference,ridge,historical,,observation:high,transferred_score_red_win_probability,5,33,0.5501243723844921,0.6363636363636364
historical-uncontrolled-reference,ridge,historical,,observation:high,transferred_score_red_win_probability,6,33,0.6519338359460763,0.3939393939393939
historical-uncontrolled-reference,ridge,historical,,observation:high,transferred_score_red_win_probability,7,46,0.7563709812799639,0.5869565217391305
historical-uncontrolled-reference,ridge,historical,,observation:high,transferred_score_red_win_probability,8,49,0.8503025120021096,0.5306122448979592
historical-uncontrolled-reference,ridge,historical,,observation:high,transferred_score_red_win_probability,9,383,0.9823314689463868,0.7859007832898173
historical-uncontrolled-reference,ridge,historical,,observation:low,raw_pred_red_win_probability,0,0,,
historical-uncontrolled-reference,ridge,historical,,observation:low,raw_pred_red_win_probability,1,0,,
historical-uncontrolled-reference,ridge,historical,,observation:low,raw_pred_red_win_probability,2,0,,
historical-uncontrolled-reference,ridge,historical,,observation:low,raw_pred_red_win_probability,3,0,,
historical-uncontrolled-reference,ridge,historical,,observation:low,raw_pred_red_win_probability,4,0,,
historical-uncontrolled-reference,ridge,historical,,observation:low,raw_pred_red_win_probability,5,0,,
historical-uncontrolled-reference,ridge,historical,,observation:low,raw_pred_red_win_probability,6,1,0.6207775351617288,0.0
historical-uncontrolled-reference,ridge,historical,,observation:low,raw_pred_red_win_probability,7,0,,
historical-uncontrolled-reference,ridge,historical,,observation:low,raw_pred_red_win_probability,8,0,,
historical-uncontrolled-reference,ridge,historical,,observation:low,raw_pred_red_win_probability,9,1,0.9874502689088743,1.0
historical-uncontrolled-reference,ridge,historical,,observation:low,transferred_platt_red_win_probability,0,0,,
historical-uncontrolled-reference,ridge,historical,,observation:low,transferred_platt_red_win_probability,1,0,,
historical-uncontrolled-reference,ridge,historical,,observation:low,transferred_platt_red_win_probability,2,0,,
historical-uncontrolled-reference,ridge,historical,,observation:low,transferred_platt_red_win_probability,3,0,,
historical-uncontrolled-reference,ridge,historical,,observation:low,transferred_platt_red_win_probability,4,0,,
historical-uncontrolled-reference,ridge,historical,,observation:low,transferred_platt_red_win_probability,5,0,,
historical-uncontrolled-reference,ridge,historical,,observation:low,transferred_platt_red_win_probability,6,1,0.6207775351617288,0.0
historical-uncontrolled-reference,ridge,historical,,observation:low,transferred_platt_red_win_probability,7,0,,
historical-uncontrolled-reference,ridge,historical,,observation:low,transferred_platt_red_win_probability,8,0,,
historical-uncontrolled-reference,ridge,historical,,observation:low,transferred_platt_red_win_probability,9,1,0.9874502689088743,1.0
historical-uncontrolled-reference,ridge,historical,,observation:low,transferred_score_red_win_probability,0,0,,
historical-uncontrolled-reference,ridge,historical,,observation:low,transferred_score_red_win_probability,1,0,,
historical-uncontrolled-reference,ridge,historical,,observation:low,transferred_score_red_win_probability,2,0,,
historical-uncontrolled-reference,ridge,historical,,observation:low,transferred_score_red_win_probability,3,0,,
historical-uncontrolled-reference,ridge,historical,,observation:low,transferred_score_red_win_probability,4,0,,
historical-uncontrolled-reference,ridge,historical,,observation:low,transferred_score_red_win_probability,5,0,,
historical-uncontrolled-reference,ridge,historical,,observation:low,transferred_score_red_win_probability,6,1,0.6207775351617288,0.0
historical-uncontrolled-reference,ridge,historical,,observation:low,transferred_score_red_win_probability,7,0,,
historical-uncontrolled-reference,ridge,historical,,observation:low,transferred_score_red_win_probability,8,0,,
historical-uncontrolled-reference,ridge,historical,,observation:low,transferred_score_red_win_probability,9,1,0.9874502689088743,1.0
historical-uncontrolled-reference,ridge,historical,,observation:medium,raw_pred_red_win_probability,0,17,0.023988009621271084,0.35294117647058826
historical-uncontrolled-reference,ridge,historical,,observation:medium,raw_pred_red_win_probability,1,2,0.11132382305243764,0.0
historical-uncontrolled-reference,ridge,historical,,observation:medium,raw_pred_red_win_probability,2,2,0.2342593502976859,1.0
historical-uncontrolled-reference,ridge,historical,,observation:medium,raw_pred_red_win_probability,3,3,0.35965954179686954,0.0
historical-uncontrolled-reference,ridge,historical,,observation:medium,raw_pred_red_win_probability,4,4,0.44449113565246196,0.5
historical-uncontrolled-reference,ridge,historical,,observation:medium,raw_pred_red_win_probability,5,2,0.5595455057297801,0.5
historical-uncontrolled-reference,ridge,historical,,observation:medium,raw_pred_red_win_probability,6,2,0.6747539612098831,0.5
historical-uncontrolled-reference,ridge,historical,,observation:medium,raw_pred_red_win_probability,7,1,0.790752329201074,1.0
historical-uncontrolled-reference,ridge,historical,,observation:medium,raw_pred_red_win_probability,8,1,0.8140792667469592,1.0
historical-uncontrolled-reference,ridge,historical,,observation:medium,raw_pred_red_win_probability,9,14,0.9950420292178416,0.8571428571428571
historical-uncontrolled-reference,ridge,historical,,observation:medium,transferred_platt_red_win_probability,0,17,0.023988009621271084,0.35294117647058826
historical-uncontrolled-reference,ridge,historical,,observation:medium,transferred_platt_red_win_probability,1,2,0.11132382305243764,0.0
historical-uncontrolled-reference,ridge,historical,,observation:medium,transferred_platt_red_win_probability,2,2,0.2342593502976859,1.0
historical-uncontrolled-reference,ridge,historical,,observation:medium,transferred_platt_red_win_probability,3,3,0.35965954179686954,0.0
historical-uncontrolled-reference,ridge,historical,,observation:medium,transferred_platt_red_win_probability,4,4,0.44449113565246196,0.5
historical-uncontrolled-reference,ridge,historical,,observation:medium,transferred_platt_red_win_probability,5,2,0.5595455057297801,0.5
historical-uncontrolled-reference,ridge,historical,,observation:medium,transferred_platt_red_win_probability,6,2,0.6747539612098831,0.5
historical-uncontrolled-reference,ridge,historical,,observation:medium,transferred_platt_red_win_probability,7,1,0.790752329201074,1.0
historical-uncontrolled-reference,ridge,historical,,observation:medium,transferred_platt_red_win_probability,8,1,0.8140792667469592,1.0
historical-uncontrolled-reference,ridge,historical,,observation:medium,transferred_platt_red_win_probability,9,14,0.9950420292178416,0.8571428571428571
historical-uncontrolled-reference,ridge,historical,,observation:medium,transferred_score_red_win_probability,0,17,0.023988009621271084,0.35294117647058826
historical-uncontrolled-reference,ridge,historical,,observation:medium,transferred_score_red_win_probability,1,2,0.11132382305243764,0.0
historical-uncontrolled-reference,ridge,historical,,observation:medium,transferred_score_red_win_probability,2,2,0.2342593502976859,1.0
historical-uncontrolled-reference,ridge,historical,,observation:medium,transferred_score_red_win_probability,3,3,0.35965954179686954,0.0
historical-uncontrolled-reference,ridge,historical,,observation:medium,transferred_score_red_win_probability,4,4,0.44449113565246196,0.5
historical-uncontrolled-reference,ridge,historical,,observation:medium,transferred_score_red_win_probability,5,2,0.5595455057297801,0.5
historical-uncontrolled-reference,ridge,historical,,observation:medium,transferred_score_red_win_probability,6,2,0.6747539612098831,0.5
historical-uncontrolled-reference,ridge,historical,,observation:medium,transferred_score_red_win_probability,7,1,0.790752329201074,1.0
historical-uncontrolled-reference,ridge,historical,,observation:medium,transferred_score_red_win_probability,8,1,0.8140792667469592,1.0
historical-uncontrolled-reference,ridge,historical,,observation:medium,transferred_score_red_win_probability,9,14,0.9950420292178416,0.8571428571428571
historical-uncontrolled-reference,rolling-pridge,historical,,primary-clean,raw_pred_red_win_probability,0,311,0.02285761635813819,0.2379421221864952
historical-uncontrolled-reference,rolling-pridge,historical,,primary-clean,raw_pred_red_win_probability,1,83,0.14304535147062977,0.3855421686746988
historical-uncontrolled-reference,rolling-pridge,historical,,primary-clean,raw_pred_red_win_probability,2,45,0.24352766255821237,0.4888888888888889
historical-uncontrolled-reference,rolling-pridge,historical,,primary-clean,raw_pred_red_win_probability,3,41,0.3422214068630255,0.4634146341463415
historical-uncontrolled-reference,rolling-pridge,historical,,primary-clean,raw_pred_red_win_probability,4,46,0.4509633564467634,0.391304347826087
historical-uncontrolled-reference,rolling-pridge,historical,,primary-clean,raw_pred_red_win_probability,5,40,0.5477293416891885,0.6
historical-uncontrolled-reference,rolling-pridge,historical,,primary-clean,raw_pred_red_win_probability,6,47,0.6503698412476805,0.5531914893617021
historical-uncontrolled-reference,rolling-pridge,historical,,primary-clean,raw_pred_red_win_probability,7,40,0.7500856251370467,0.55
historical-uncontrolled-reference,rolling-pridge,historical,,primary-clean,raw_pred_red_win_probability,8,86,0.8497123287628142,0.5697674418604651
historical-uncontrolled-reference,rolling-pridge,historical,,primary-clean,raw_pred_red_win_probability,9,367,0.9824061537197728,0.7956403269754768
historical-uncontrolled-reference,rolling-pridge,historical,,primary-clean,transferred_platt_red_win_probability,0,311,0.02285761635813819,0.2379421221864952
historical-uncontrolled-reference,rolling-pridge,historical,,primary-clean,transferred_platt_red_win_probability,1,83,0.14304535147062977,0.3855421686746988
historical-uncontrolled-reference,rolling-pridge,historical,,primary-clean,transferred_platt_red_win_probability,2,45,0.24352766255821237,0.4888888888888889
historical-uncontrolled-reference,rolling-pridge,historical,,primary-clean,transferred_platt_red_win_probability,3,41,0.3422214068630255,0.4634146341463415
historical-uncontrolled-reference,rolling-pridge,historical,,primary-clean,transferred_platt_red_win_probability,4,46,0.4509633564467634,0.391304347826087
historical-uncontrolled-reference,rolling-pridge,historical,,primary-clean,transferred_platt_red_win_probability,5,40,0.5477293416891885,0.6
historical-uncontrolled-reference,rolling-pridge,historical,,primary-clean,transferred_platt_red_win_probability,6,47,0.6503698412476805,0.5531914893617021
historical-uncontrolled-reference,rolling-pridge,historical,,primary-clean,transferred_platt_red_win_probability,7,40,0.7500856251370467,0.55
historical-uncontrolled-reference,rolling-pridge,historical,,primary-clean,transferred_platt_red_win_probability,8,86,0.8497123287628142,0.5697674418604651
historical-uncontrolled-reference,rolling-pridge,historical,,primary-clean,transferred_platt_red_win_probability,9,367,0.9824061537197728,0.7956403269754768
historical-uncontrolled-reference,rolling-pridge,historical,,primary-clean,transferred_score_red_win_probability,0,311,0.02285761635813819,0.2379421221864952
historical-uncontrolled-reference,rolling-pridge,historical,,primary-clean,transferred_score_red_win_probability,1,83,0.14304535147062977,0.3855421686746988
historical-uncontrolled-reference,rolling-pridge,historical,,primary-clean,transferred_score_red_win_probability,2,45,0.24352766255821237,0.4888888888888889
historical-uncontrolled-reference,rolling-pridge,historical,,primary-clean,transferred_score_red_win_probability,3,41,0.3422214068630255,0.4634146341463415
historical-uncontrolled-reference,rolling-pridge,historical,,primary-clean,transferred_score_red_win_probability,4,46,0.4509633564467634,0.391304347826087
historical-uncontrolled-reference,rolling-pridge,historical,,primary-clean,transferred_score_red_win_probability,5,40,0.5477293416891885,0.6
historical-uncontrolled-reference,rolling-pridge,historical,,primary-clean,transferred_score_red_win_probability,6,47,0.6503698412476805,0.5531914893617021
historical-uncontrolled-reference,rolling-pridge,historical,,primary-clean,transferred_score_red_win_probability,7,40,0.7500856251370467,0.55
historical-uncontrolled-reference,rolling-pridge,historical,,primary-clean,transferred_score_red_win_probability,8,86,0.8497123287628142,0.5697674418604651
historical-uncontrolled-reference,rolling-pridge,historical,,primary-clean,transferred_score_red_win_probability,9,367,0.9824061537197728,0.7956403269754768
historical-uncontrolled-reference,rolling-pridge,historical,,all-official,raw_pred_red_win_probability,0,311,0.02285761635813819,0.2379421221864952
historical-uncontrolled-reference,rolling-pridge,historical,,all-official,raw_pred_red_win_probability,1,83,0.14304535147062977,0.3855421686746988
historical-uncontrolled-reference,rolling-pridge,historical,,all-official,raw_pred_red_win_probability,2,45,0.24352766255821237,0.4888888888888889
historical-uncontrolled-reference,rolling-pridge,historical,,all-official,raw_pred_red_win_probability,3,41,0.3422214068630255,0.4634146341463415
historical-uncontrolled-reference,rolling-pridge,historical,,all-official,raw_pred_red_win_probability,4,46,0.4509633564467634,0.391304347826087
historical-uncontrolled-reference,rolling-pridge,historical,,all-official,raw_pred_red_win_probability,5,40,0.5477293416891885,0.6
historical-uncontrolled-reference,rolling-pridge,historical,,all-official,raw_pred_red_win_probability,6,47,0.6503698412476805,0.5531914893617021
historical-uncontrolled-reference,rolling-pridge,historical,,all-official,raw_pred_red_win_probability,7,40,0.7500856251370467,0.55
historical-uncontrolled-reference,rolling-pridge,historical,,all-official,raw_pred_red_win_probability,8,86,0.8497123287628142,0.5697674418604651
historical-uncontrolled-reference,rolling-pridge,historical,,all-official,raw_pred_red_win_probability,9,367,0.9824061537197728,0.7956403269754768
historical-uncontrolled-reference,rolling-pridge,historical,,all-official,transferred_platt_red_win_probability,0,311,0.02285761635813819,0.2379421221864952
historical-uncontrolled-reference,rolling-pridge,historical,,all-official,transferred_platt_red_win_probability,1,83,0.14304535147062977,0.3855421686746988
historical-uncontrolled-reference,rolling-pridge,historical,,all-official,transferred_platt_red_win_probability,2,45,0.24352766255821237,0.4888888888888889
historical-uncontrolled-reference,rolling-pridge,historical,,all-official,transferred_platt_red_win_probability,3,41,0.3422214068630255,0.4634146341463415
historical-uncontrolled-reference,rolling-pridge,historical,,all-official,transferred_platt_red_win_probability,4,46,0.4509633564467634,0.391304347826087
historical-uncontrolled-reference,rolling-pridge,historical,,all-official,transferred_platt_red_win_probability,5,40,0.5477293416891885,0.6
historical-uncontrolled-reference,rolling-pridge,historical,,all-official,transferred_platt_red_win_probability,6,47,0.6503698412476805,0.5531914893617021
historical-uncontrolled-reference,rolling-pridge,historical,,all-official,transferred_platt_red_win_probability,7,40,0.7500856251370467,0.55
historical-uncontrolled-reference,rolling-pridge,historical,,all-official,transferred_platt_red_win_probability,8,86,0.8497123287628142,0.5697674418604651
historical-uncontrolled-reference,rolling-pridge,historical,,all-official,transferred_platt_red_win_probability,9,367,0.9824061537197728,0.7956403269754768
historical-uncontrolled-reference,rolling-pridge,historical,,all-official,transferred_score_red_win_probability,0,311,0.02285761635813819,0.2379421221864952
historical-uncontrolled-reference,rolling-pridge,historical,,all-official,transferred_score_red_win_probability,1,83,0.14304535147062977,0.3855421686746988
historical-uncontrolled-reference,rolling-pridge,historical,,all-official,transferred_score_red_win_probability,2,45,0.24352766255821237,0.4888888888888889
historical-uncontrolled-reference,rolling-pridge,historical,,all-official,transferred_score_red_win_probability,3,41,0.3422214068630255,0.4634146341463415
historical-uncontrolled-reference,rolling-pridge,historical,,all-official,transferred_score_red_win_probability,4,46,0.4509633564467634,0.391304347826087
historical-uncontrolled-reference,rolling-pridge,historical,,all-official,transferred_score_red_win_probability,5,40,0.5477293416891885,0.6
historical-uncontrolled-reference,rolling-pridge,historical,,all-official,transferred_score_red_win_probability,6,47,0.6503698412476805,0.5531914893617021
historical-uncontrolled-reference,rolling-pridge,historical,,all-official,transferred_score_red_win_probability,7,40,0.7500856251370467,0.55
historical-uncontrolled-reference,rolling-pridge,historical,,all-official,transferred_score_red_win_probability,8,86,0.8497123287628142,0.5697674418604651
historical-uncontrolled-reference,rolling-pridge,historical,,all-official,transferred_score_red_win_probability,9,367,0.9824061537197728,0.7956403269754768
historical-uncontrolled-reference,rolling-pridge,historical,,DQ-only,raw_pred_red_win_probability,0,0,,
historical-uncontrolled-reference,rolling-pridge,historical,,DQ-only,raw_pred_red_win_probability,1,0,,
historical-uncontrolled-reference,rolling-pridge,historical,,DQ-only,raw_pred_red_win_probability,2,0,,
historical-uncontrolled-reference,rolling-pridge,historical,,DQ-only,raw_pred_red_win_probability,3,0,,
historical-uncontrolled-reference,rolling-pridge,historical,,DQ-only,raw_pred_red_win_probability,4,0,,
historical-uncontrolled-reference,rolling-pridge,historical,,DQ-only,raw_pred_red_win_probability,5,0,,
historical-uncontrolled-reference,rolling-pridge,historical,,DQ-only,raw_pred_red_win_probability,6,0,,
historical-uncontrolled-reference,rolling-pridge,historical,,DQ-only,raw_pred_red_win_probability,7,0,,
historical-uncontrolled-reference,rolling-pridge,historical,,DQ-only,raw_pred_red_win_probability,8,0,,
historical-uncontrolled-reference,rolling-pridge,historical,,DQ-only,raw_pred_red_win_probability,9,0,,
historical-uncontrolled-reference,rolling-pridge,historical,,DQ-only,transferred_platt_red_win_probability,0,0,,
historical-uncontrolled-reference,rolling-pridge,historical,,DQ-only,transferred_platt_red_win_probability,1,0,,
historical-uncontrolled-reference,rolling-pridge,historical,,DQ-only,transferred_platt_red_win_probability,2,0,,
historical-uncontrolled-reference,rolling-pridge,historical,,DQ-only,transferred_platt_red_win_probability,3,0,,
historical-uncontrolled-reference,rolling-pridge,historical,,DQ-only,transferred_platt_red_win_probability,4,0,,
historical-uncontrolled-reference,rolling-pridge,historical,,DQ-only,transferred_platt_red_win_probability,5,0,,
historical-uncontrolled-reference,rolling-pridge,historical,,DQ-only,transferred_platt_red_win_probability,6,0,,
historical-uncontrolled-reference,rolling-pridge,historical,,DQ-only,transferred_platt_red_win_probability,7,0,,
historical-uncontrolled-reference,rolling-pridge,historical,,DQ-only,transferred_platt_red_win_probability,8,0,,
historical-uncontrolled-reference,rolling-pridge,historical,,DQ-only,transferred_platt_red_win_probability,9,0,,
historical-uncontrolled-reference,rolling-pridge,historical,,DQ-only,transferred_score_red_win_probability,0,0,,
historical-uncontrolled-reference,rolling-pridge,historical,,DQ-only,transferred_score_red_win_probability,1,0,,
historical-uncontrolled-reference,rolling-pridge,historical,,DQ-only,transferred_score_red_win_probability,2,0,,
historical-uncontrolled-reference,rolling-pridge,historical,,DQ-only,transferred_score_red_win_probability,3,0,,
historical-uncontrolled-reference,rolling-pridge,historical,,DQ-only,transferred_score_red_win_probability,4,0,,
historical-uncontrolled-reference,rolling-pridge,historical,,DQ-only,transferred_score_red_win_probability,5,0,,
historical-uncontrolled-reference,rolling-pridge,historical,,DQ-only,transferred_score_red_win_probability,6,0,,
historical-uncontrolled-reference,rolling-pridge,historical,,DQ-only,transferred_score_red_win_probability,7,0,,
historical-uncontrolled-reference,rolling-pridge,historical,,DQ-only,transferred_score_red_win_probability,8,0,,
historical-uncontrolled-reference,rolling-pridge,historical,,DQ-only,transferred_score_red_win_probability,9,0,,
historical-uncontrolled-reference,rolling-pridge,historical,,surrogate-only,raw_pred_red_win_probability,0,1,0.00011254525977504757,0.0
historical-uncontrolled-reference,rolling-pridge,historical,,surrogate-only,raw_pred_red_win_probability,1,0,,
historical-uncontrolled-reference,rolling-pridge,historical,,surrogate-only,raw_pred_red_win_probability,2,0,,
historical-uncontrolled-reference,rolling-pridge,historical,,surrogate-only,raw_pred_red_win_probability,3,0,,
historical-uncontrolled-reference,rolling-pridge,historical,,surrogate-only,raw_pred_red_win_probability,4,0,,
historical-uncontrolled-reference,rolling-pridge,historical,,surrogate-only,raw_pred_red_win_probability,5,0,,
historical-uncontrolled-reference,rolling-pridge,historical,,surrogate-only,raw_pred_red_win_probability,6,0,,
historical-uncontrolled-reference,rolling-pridge,historical,,surrogate-only,raw_pred_red_win_probability,7,0,,
historical-uncontrolled-reference,rolling-pridge,historical,,surrogate-only,raw_pred_red_win_probability,8,1,0.8290687789210086,1.0
historical-uncontrolled-reference,rolling-pridge,historical,,surrogate-only,raw_pred_red_win_probability,9,4,0.9857334533689375,0.75
historical-uncontrolled-reference,rolling-pridge,historical,,surrogate-only,transferred_platt_red_win_probability,0,1,0.00011254525977504757,0.0
historical-uncontrolled-reference,rolling-pridge,historical,,surrogate-only,transferred_platt_red_win_probability,1,0,,
historical-uncontrolled-reference,rolling-pridge,historical,,surrogate-only,transferred_platt_red_win_probability,2,0,,
historical-uncontrolled-reference,rolling-pridge,historical,,surrogate-only,transferred_platt_red_win_probability,3,0,,
historical-uncontrolled-reference,rolling-pridge,historical,,surrogate-only,transferred_platt_red_win_probability,4,0,,
historical-uncontrolled-reference,rolling-pridge,historical,,surrogate-only,transferred_platt_red_win_probability,5,0,,
historical-uncontrolled-reference,rolling-pridge,historical,,surrogate-only,transferred_platt_red_win_probability,6,0,,
historical-uncontrolled-reference,rolling-pridge,historical,,surrogate-only,transferred_platt_red_win_probability,7,0,,
historical-uncontrolled-reference,rolling-pridge,historical,,surrogate-only,transferred_platt_red_win_probability,8,1,0.8290687789210086,1.0
historical-uncontrolled-reference,rolling-pridge,historical,,surrogate-only,transferred_platt_red_win_probability,9,4,0.9857334533689375,0.75
historical-uncontrolled-reference,rolling-pridge,historical,,surrogate-only,transferred_score_red_win_probability,0,1,0.00011254525977504757,0.0
historical-uncontrolled-reference,rolling-pridge,historical,,surrogate-only,transferred_score_red_win_probability,1,0,,
historical-uncontrolled-reference,rolling-pridge,historical,,surrogate-only,transferred_score_red_win_probability,2,0,,
historical-uncontrolled-reference,rolling-pridge,historical,,surrogate-only,transferred_score_red_win_probability,3,0,,
historical-uncontrolled-reference,rolling-pridge,historical,,surrogate-only,transferred_score_red_win_probability,4,0,,
historical-uncontrolled-reference,rolling-pridge,historical,,surrogate-only,transferred_score_red_win_probability,5,0,,
historical-uncontrolled-reference,rolling-pridge,historical,,surrogate-only,transferred_score_red_win_probability,6,0,,
historical-uncontrolled-reference,rolling-pridge,historical,,surrogate-only,transferred_score_red_win_probability,7,0,,
historical-uncontrolled-reference,rolling-pridge,historical,,surrogate-only,transferred_score_red_win_probability,8,1,0.8290687789210086,1.0
historical-uncontrolled-reference,rolling-pridge,historical,,surrogate-only,transferred_score_red_win_probability,9,4,0.9857334533689375,0.75
historical-uncontrolled-reference,rolling-pridge,historical,,division:2026arc,raw_pred_red_win_probability,0,37,0.019562823288516253,0.1891891891891892
historical-uncontrolled-reference,rolling-pridge,historical,,division:2026arc,raw_pred_red_win_probability,1,12,0.13644856734416533,0.16666666666666666
historical-uncontrolled-reference,rolling-pridge,historical,,division:2026arc,raw_pred_red_win_probability,2,7,0.2573329131460988,0.42857142857142855
historical-uncontrolled-reference,rolling-pridge,historical,,division:2026arc,raw_pred_red_win_probability,3,4,0.33847572933231024,0.5
historical-uncontrolled-reference,rolling-pridge,historical,,division:2026arc,raw_pred_red_win_probability,4,4,0.4418226484171567,0.25
historical-uncontrolled-reference,rolling-pridge,historical,,division:2026arc,raw_pred_red_win_probability,5,6,0.5629872027449451,0.6666666666666666
historical-uncontrolled-reference,rolling-pridge,historical,,division:2026arc,raw_pred_red_win_probability,6,4,0.6559162214825522,0.5
historical-uncontrolled-reference,rolling-pridge,historical,,division:2026arc,raw_pred_red_win_probability,7,3,0.752993037006613,0.3333333333333333
historical-uncontrolled-reference,rolling-pridge,historical,,division:2026arc,raw_pred_red_win_probability,8,8,0.8617968607115486,0.5
historical-uncontrolled-reference,rolling-pridge,historical,,division:2026arc,raw_pred_red_win_probability,9,55,0.98235011841091,0.8
historical-uncontrolled-reference,rolling-pridge,historical,,division:2026arc,transferred_platt_red_win_probability,0,37,0.019562823288516253,0.1891891891891892
historical-uncontrolled-reference,rolling-pridge,historical,,division:2026arc,transferred_platt_red_win_probability,1,12,0.13644856734416533,0.16666666666666666
historical-uncontrolled-reference,rolling-pridge,historical,,division:2026arc,transferred_platt_red_win_probability,2,7,0.2573329131460988,0.42857142857142855
historical-uncontrolled-reference,rolling-pridge,historical,,division:2026arc,transferred_platt_red_win_probability,3,4,0.33847572933231024,0.5
historical-uncontrolled-reference,rolling-pridge,historical,,division:2026arc,transferred_platt_red_win_probability,4,4,0.4418226484171567,0.25
historical-uncontrolled-reference,rolling-pridge,historical,,division:2026arc,transferred_platt_red_win_probability,5,6,0.5629872027449451,0.6666666666666666
historical-uncontrolled-reference,rolling-pridge,historical,,division:2026arc,transferred_platt_red_win_probability,6,4,0.6559162214825522,0.5
historical-uncontrolled-reference,rolling-pridge,historical,,division:2026arc,transferred_platt_red_win_probability,7,3,0.752993037006613,0.3333333333333333
historical-uncontrolled-reference,rolling-pridge,historical,,division:2026arc,transferred_platt_red_win_probability,8,8,0.8617968607115486,0.5
historical-uncontrolled-reference,rolling-pridge,historical,,division:2026arc,transferred_platt_red_win_probability,9,55,0.98235011841091,0.8
historical-uncontrolled-reference,rolling-pridge,historical,,division:2026arc,transferred_score_red_win_probability,0,37,0.019562823288516253,0.1891891891891892
historical-uncontrolled-reference,rolling-pridge,historical,,division:2026arc,transferred_score_red_win_probability,1,12,0.13644856734416533,0.16666666666666666
historical-uncontrolled-reference,rolling-pridge,historical,,division:2026arc,transferred_score_red_win_probability,2,7,0.2573329131460988,0.42857142857142855
historical-uncontrolled-reference,rolling-pridge,historical,,division:2026arc,transferred_score_red_win_probability,3,4,0.33847572933231024,0.5
historical-uncontrolled-reference,rolling-pridge,historical,,division:2026arc,transferred_score_red_win_probability,4,4,0.4418226484171567,0.25
historical-uncontrolled-reference,rolling-pridge,historical,,division:2026arc,transferred_score_red_win_probability,5,6,0.5629872027449451,0.6666666666666666
historical-uncontrolled-reference,rolling-pridge,historical,,division:2026arc,transferred_score_red_win_probability,6,4,0.6559162214825522,0.5
historical-uncontrolled-reference,rolling-pridge,historical,,division:2026arc,transferred_score_red_win_probability,7,3,0.752993037006613,0.3333333333333333
historical-uncontrolled-reference,rolling-pridge,historical,,division:2026arc,transferred_score_red_win_probability,8,8,0.8617968607115486,0.5
historical-uncontrolled-reference,rolling-pridge,historical,,division:2026arc,transferred_score_red_win_probability,9,55,0.98235011841091,0.8
historical-uncontrolled-reference,rolling-pridge,historical,,division:2026cur,raw_pred_red_win_probability,0,35,0.022941801848454364,0.17142857142857143
historical-uncontrolled-reference,rolling-pridge,historical,,division:2026cur,raw_pred_red_win_probability,1,13,0.15075432173818953,0.46153846153846156
historical-uncontrolled-reference,rolling-pridge,historical,,division:2026cur,raw_pred_red_win_probability,2,5,0.22937968683325538,0.4
historical-uncontrolled-reference,rolling-pridge,historical,,division:2026cur,raw_pred_red_win_probability,3,2,0.35448745161970785,0.5
historical-uncontrolled-reference,rolling-pridge,historical,,division:2026cur,raw_pred_red_win_probability,4,7,0.4583694486884398,0.14285714285714285
historical-uncontrolled-reference,rolling-pridge,historical,,division:2026cur,raw_pred_red_win_probability,5,7,0.5502730565621331,1.0
historical-uncontrolled-reference,rolling-pridge,historical,,division:2026cur,raw_pred_red_win_probability,6,11,0.6460440918406278,0.8181818181818182
historical-uncontrolled-reference,rolling-pridge,historical,,division:2026cur,raw_pred_red_win_probability,7,1,0.7538765588608471,0.0
historical-uncontrolled-reference,rolling-pridge,historical,,division:2026cur,raw_pred_red_win_probability,8,10,0.8387695405091449,0.6
historical-uncontrolled-reference,rolling-pridge,historical,,division:2026cur,raw_pred_red_win_probability,9,45,0.9748530894883048,0.8222222222222222
historical-uncontrolled-reference,rolling-pridge,historical,,division:2026cur,transferred_platt_red_win_probability,0,35,0.022941801848454364,0.17142857142857143
historical-uncontrolled-reference,rolling-pridge,historical,,division:2026cur,transferred_platt_red_win_probability,1,13,0.15075432173818953,0.46153846153846156
historical-uncontrolled-reference,rolling-pridge,historical,,division:2026cur,transferred_platt_red_win_probability,2,5,0.22937968683325538,0.4
historical-uncontrolled-reference,rolling-pridge,historical,,division:2026cur,transferred_platt_red_win_probability,3,2,0.35448745161970785,0.5
historical-uncontrolled-reference,rolling-pridge,historical,,division:2026cur,transferred_platt_red_win_probability,4,7,0.4583694486884398,0.14285714285714285
historical-uncontrolled-reference,rolling-pridge,historical,,division:2026cur,transferred_platt_red_win_probability,5,7,0.5502730565621331,1.0
historical-uncontrolled-reference,rolling-pridge,historical,,division:2026cur,transferred_platt_red_win_probability,6,11,0.6460440918406278,0.8181818181818182
historical-uncontrolled-reference,rolling-pridge,historical,,division:2026cur,transferred_platt_red_win_probability,7,1,0.7538765588608471,0.0
historical-uncontrolled-reference,rolling-pridge,historical,,division:2026cur,transferred_platt_red_win_probability,8,10,0.8387695405091449,0.6
historical-uncontrolled-reference,rolling-pridge,historical,,division:2026cur,transferred_platt_red_win_probability,9,45,0.9748530894883048,0.8222222222222222
historical-uncontrolled-reference,rolling-pridge,historical,,division:2026cur,transferred_score_red_win_probability,0,35,0.022941801848454364,0.17142857142857143
historical-uncontrolled-reference,rolling-pridge,historical,,division:2026cur,transferred_score_red_win_probability,1,13,0.15075432173818953,0.46153846153846156
historical-uncontrolled-reference,rolling-pridge,historical,,division:2026cur,transferred_score_red_win_probability,2,5,0.22937968683325538,0.4
historical-uncontrolled-reference,rolling-pridge,historical,,division:2026cur,transferred_score_red_win_probability,3,2,0.35448745161970785,0.5
historical-uncontrolled-reference,rolling-pridge,historical,,division:2026cur,transferred_score_red_win_probability,4,7,0.4583694486884398,0.14285714285714285
historical-uncontrolled-reference,rolling-pridge,historical,,division:2026cur,transferred_score_red_win_probability,5,7,0.5502730565621331,1.0
historical-uncontrolled-reference,rolling-pridge,historical,,division:2026cur,transferred_score_red_win_probability,6,11,0.6460440918406278,0.8181818181818182
historical-uncontrolled-reference,rolling-pridge,historical,,division:2026cur,transferred_score_red_win_probability,7,1,0.7538765588608471,0.0
historical-uncontrolled-reference,rolling-pridge,historical,,division:2026cur,transferred_score_red_win_probability,8,10,0.8387695405091449,0.6
historical-uncontrolled-reference,rolling-pridge,historical,,division:2026cur,transferred_score_red_win_probability,9,45,0.9748530894883048,0.8222222222222222
historical-uncontrolled-reference,rolling-pridge,historical,,division:2026dal,raw_pred_red_win_probability,0,37,0.01926442253677739,0.16216216216216217
historical-uncontrolled-reference,rolling-pridge,historical,,division:2026dal,raw_pred_red_win_probability,1,13,0.14401217789480977,0.6153846153846154
historical-uncontrolled-reference,rolling-pridge,historical,,division:2026dal,raw_pred_red_win_probability,2,4,0.24273662659485049,0.5
historical-uncontrolled-reference,rolling-pridge,historical,,division:2026dal,raw_pred_red_win_probability,3,7,0.3535766802958585,0.42857142857142855
historical-uncontrolled-reference,rolling-pridge,historical,,division:2026dal,raw_pred_red_win_probability,4,6,0.4673532764058124,0.3333333333333333
historical-uncontrolled-reference,rolling-pridge,historical,,division:2026dal,raw_pred_red_win_probability,5,7,0.5568440549008875,0.14285714285714285
historical-uncontrolled-reference,rolling-pridge,historical,,division:2026dal,raw_pred_red_win_probability,6,5,0.6473465377628573,0.2
historical-uncontrolled-reference,rolling-pridge,historical,,division:2026dal,raw_pred_red_win_probability,7,4,0.7652282672771529,0.0
historical-uncontrolled-reference,rolling-pridge,historical,,division:2026dal,raw_pred_red_win_probability,8,3,0.8580600450943937,0.3333333333333333
historical-uncontrolled-reference,rolling-pridge,historical,,division:2026dal,raw_pred_red_win_probability,9,52,0.9862286050903583,0.8076923076923077
historical-uncontrolled-reference,rolling-pridge,historical,,division:2026dal,transferred_platt_red_win_probability,0,37,0.01926442253677739,0.16216216216216217
historical-uncontrolled-reference,rolling-pridge,historical,,division:2026dal,transferred_platt_red_win_probability,1,13,0.14401217789480977,0.6153846153846154
historical-uncontrolled-reference,rolling-pridge,historical,,division:2026dal,transferred_platt_red_win_probability,2,4,0.24273662659485049,0.5
historical-uncontrolled-reference,rolling-pridge,historical,,division:2026dal,transferred_platt_red_win_probability,3,7,0.3535766802958585,0.42857142857142855
historical-uncontrolled-reference,rolling-pridge,historical,,division:2026dal,transferred_platt_red_win_probability,4,6,0.4673532764058124,0.3333333333333333
historical-uncontrolled-reference,rolling-pridge,historical,,division:2026dal,transferred_platt_red_win_probability,5,7,0.5568440549008875,0.14285714285714285
historical-uncontrolled-reference,rolling-pridge,historical,,division:2026dal,transferred_platt_red_win_probability,6,5,0.6473465377628573,0.2
historical-uncontrolled-reference,rolling-pridge,historical,,division:2026dal,transferred_platt_red_win_probability,7,4,0.7652282672771529,0.0
historical-uncontrolled-reference,rolling-pridge,historical,,division:2026dal,transferred_platt_red_win_probability,8,3,0.8580600450943937,0.3333333333333333
historical-uncontrolled-reference,rolling-pridge,historical,,division:2026dal,transferred_platt_red_win_probability,9,52,0.9862286050903583,0.8076923076923077
historical-uncontrolled-reference,rolling-pridge,historical,,division:2026dal,transferred_score_red_win_probability,0,37,0.01926442253677739,0.16216216216216217
historical-uncontrolled-reference,rolling-pridge,historical,,division:2026dal,transferred_score_red_win_probability,1,13,0.14401217789480977,0.6153846153846154
historical-uncontrolled-reference,rolling-pridge,historical,,division:2026dal,transferred_score_red_win_probability,2,4,0.24273662659485049,0.5
historical-uncontrolled-reference,rolling-pridge,historical,,division:2026dal,transferred_score_red_win_probability,3,7,0.3535766802958585,0.42857142857142855
historical-uncontrolled-reference,rolling-pridge,historical,,division:2026dal,transferred_score_red_win_probability,4,6,0.4673532764058124,0.3333333333333333
historical-uncontrolled-reference,rolling-pridge,historical,,division:2026dal,transferred_score_red_win_probability,5,7,0.5568440549008875,0.14285714285714285
historical-uncontrolled-reference,rolling-pridge,historical,,division:2026dal,transferred_score_red_win_probability,6,5,0.6473465377628573,0.2
historical-uncontrolled-reference,rolling-pridge,historical,,division:2026dal,transferred_score_red_win_probability,7,4,0.7652282672771529,0.0
historical-uncontrolled-reference,rolling-pridge,historical,,division:2026dal,transferred_score_red_win_probability,8,3,0.8580600450943937,0.3333333333333333
historical-uncontrolled-reference,rolling-pridge,historical,,division:2026dal,transferred_score_red_win_probability,9,52,0.9862286050903583,0.8076923076923077
historical-uncontrolled-reference,rolling-pridge,historical,,division:2026gal,raw_pred_red_win_probability,0,40,0.03575230306622471,0.5
historical-uncontrolled-reference,rolling-pridge,historical,,division:2026gal,raw_pred_red_win_probability,1,10,0.14581326542781758,0.3
historical-uncontrolled-reference,rolling-pridge,historical,,division:2026gal,raw_pred_red_win_probability,2,3,0.2600468333077199,0.0
historical-uncontrolled-reference,rolling-pridge,historical,,division:2026gal,raw_pred_red_win_probability,3,3,0.33620478287082833,0.3333333333333333
historical-uncontrolled-reference,rolling-pridge,historical,,division:2026gal,raw_pred_red_win_probability,4,9,0.43687709599898655,0.4444444444444444
historical-uncontrolled-reference,rolling-pridge,historical,,division:2026gal,raw_pred_red_win_probability,5,5,0.5458847025558804,0.6
historical-uncontrolled-reference,rolling-pridge,historical,,division:2026gal,raw_pred_red_win_probability,6,9,0.6550431331000116,0.5555555555555556
historical-uncontrolled-reference,rolling-pridge,historical,,division:2026gal,raw_pred_red_win_probability,7,5,0.752064749793865,0.8
historical-uncontrolled-reference,rolling-pridge,historical,,division:2026gal,raw_pred_red_win_probability,8,15,0.8537217589805373,0.6666666666666666
historical-uncontrolled-reference,rolling-pridge,historical,,division:2026gal,raw_pred_red_win_probability,9,39,0.9768015671927052,0.7692307692307693
historical-uncontrolled-reference,rolling-pridge,historical,,division:2026gal,transferred_platt_red_win_probability,0,40,0.03575230306622471,0.5
historical-uncontrolled-reference,rolling-pridge,historical,,division:2026gal,transferred_platt_red_win_probability,1,10,0.14581326542781758,0.3
historical-uncontrolled-reference,rolling-pridge,historical,,division:2026gal,transferred_platt_red_win_probability,2,3,0.2600468333077199,0.0
historical-uncontrolled-reference,rolling-pridge,historical,,division:2026gal,transferred_platt_red_win_probability,3,3,0.33620478287082833,0.3333333333333333
historical-uncontrolled-reference,rolling-pridge,historical,,division:2026gal,transferred_platt_red_win_probability,4,9,0.43687709599898655,0.4444444444444444
historical-uncontrolled-reference,rolling-pridge,historical,,division:2026gal,transferred_platt_red_win_probability,5,5,0.5458847025558804,0.6
historical-uncontrolled-reference,rolling-pridge,historical,,division:2026gal,transferred_platt_red_win_probability,6,9,0.6550431331000116,0.5555555555555556
historical-uncontrolled-reference,rolling-pridge,historical,,division:2026gal,transferred_platt_red_win_probability,7,5,0.752064749793865,0.8
historical-uncontrolled-reference,rolling-pridge,historical,,division:2026gal,transferred_platt_red_win_probability,8,15,0.8537217589805373,0.6666666666666666
historical-uncontrolled-reference,rolling-pridge,historical,,division:2026gal,transferred_platt_red_win_probability,9,39,0.9768015671927052,0.7692307692307693
historical-uncontrolled-reference,rolling-pridge,historical,,division:2026gal,transferred_score_red_win_probability,0,40,0.03575230306622471,0.5
historical-uncontrolled-reference,rolling-pridge,historical,,division:2026gal,transferred_score_red_win_probability,1,10,0.14581326542781758,0.3
historical-uncontrolled-reference,rolling-pridge,historical,,division:2026gal,transferred_score_red_win_probability,2,3,0.2600468333077199,0.0
historical-uncontrolled-reference,rolling-pridge,historical,,division:2026gal,transferred_score_red_win_probability,3,3,0.33620478287082833,0.3333333333333333
historical-uncontrolled-reference,rolling-pridge,historical,,division:2026gal,transferred_score_red_win_probability,4,9,0.43687709599898655,0.4444444444444444
historical-uncontrolled-reference,rolling-pridge,historical,,division:2026gal,transferred_score_red_win_probability,5,5,0.5458847025558804,0.6
historical-uncontrolled-reference,rolling-pridge,historical,,division:2026gal,transferred_score_red_win_probability,6,9,0.6550431331000116,0.5555555555555556
historical-uncontrolled-reference,rolling-pridge,historical,,division:2026gal,transferred_score_red_win_probability,7,5,0.752064749793865,0.8
historical-uncontrolled-reference,rolling-pridge,historical,,division:2026gal,transferred_score_red_win_probability,8,15,0.8537217589805373,0.6666666666666666
historical-uncontrolled-reference,rolling-pridge,historical,,division:2026gal,transferred_score_red_win_probability,9,39,0.9768015671927052,0.7692307692307693
historical-uncontrolled-reference,rolling-pridge,historical,,division:2026hop,raw_pred_red_win_probability,0,42,0.019173184589695403,0.23809523809523808
historical-uncontrolled-reference,rolling-pridge,historical,,division:2026hop,raw_pred_red_win_probability,1,6,0.14063121291434502,0.3333333333333333
historical-uncontrolled-reference,rolling-pridge,historical,,division:2026hop,raw_pred_red_win_probability,2,5,0.2510227760484479,0.4
historical-uncontrolled-reference,rolling-pridge,historical,,division:2026hop,raw_pred_red_win_probability,3,6,0.33024154063288474,0.3333333333333333
historical-uncontrolled-reference,rolling-pridge,historical,,division:2026hop,raw_pred_red_win_probability,4,2,0.48033765760825875,0.5
historical-uncontrolled-reference,rolling-pridge,historical,,division:2026hop,raw_pred_red_win_probability,5,2,0.5328998477270313,0.0
historical-uncontrolled-reference,rolling-pridge,historical,,division:2026hop,raw_pred_red_win_probability,6,6,0.6553005416929464,0.3333333333333333
historical-uncontrolled-reference,rolling-pridge,historical,,division:2026hop,raw_pred_red_win_probability,7,5,0.7474488107342548,0.6
historical-uncontrolled-reference,rolling-pridge,historical,,division:2026hop,raw_pred_red_win_probability,8,12,0.8541355706468874,0.5
historical-uncontrolled-reference,rolling-pridge,historical,,division:2026hop,raw_pred_red_win_probability,9,54,0.9880820082619126,0.7592592592592593
historical-uncontrolled-reference,rolling-pridge,historical,,division:2026hop,transferred_platt_red_win_probability,0,42,0.019173184589695403,0.23809523809523808
historical-uncontrolled-reference,rolling-pridge,historical,,division:2026hop,transferred_platt_red_win_probability,1,6,0.14063121291434502,0.3333333333333333
historical-uncontrolled-reference,rolling-pridge,historical,,division:2026hop,transferred_platt_red_win_probability,2,5,0.2510227760484479,0.4
historical-uncontrolled-reference,rolling-pridge,historical,,division:2026hop,transferred_platt_red_win_probability,3,6,0.33024154063288474,0.3333333333333333
historical-uncontrolled-reference,rolling-pridge,historical,,division:2026hop,transferred_platt_red_win_probability,4,2,0.48033765760825875,0.5
historical-uncontrolled-reference,rolling-pridge,historical,,division:2026hop,transferred_platt_red_win_probability,5,2,0.5328998477270313,0.0
historical-uncontrolled-reference,rolling-pridge,historical,,division:2026hop,transferred_platt_red_win_probability,6,6,0.6553005416929464,0.3333333333333333
historical-uncontrolled-reference,rolling-pridge,historical,,division:2026hop,transferred_platt_red_win_probability,7,5,0.7474488107342548,0.6
historical-uncontrolled-reference,rolling-pridge,historical,,division:2026hop,transferred_platt_red_win_probability,8,12,0.8541355706468874,0.5
historical-uncontrolled-reference,rolling-pridge,historical,,division:2026hop,transferred_platt_red_win_probability,9,54,0.9880820082619126,0.7592592592592593
historical-uncontrolled-reference,rolling-pridge,historical,,division:2026hop,transferred_score_red_win_probability,0,42,0.019173184589695403,0.23809523809523808
historical-uncontrolled-reference,rolling-pridge,historical,,division:2026hop,transferred_score_red_win_probability,1,6,0.14063121291434502,0.3333333333333333
historical-uncontrolled-reference,rolling-pridge,historical,,division:2026hop,transferred_score_red_win_probability,2,5,0.2510227760484479,0.4
historical-uncontrolled-reference,rolling-pridge,historical,,division:2026hop,transferred_score_red_win_probability,3,6,0.33024154063288474,0.3333333333333333
historical-uncontrolled-reference,rolling-pridge,historical,,division:2026hop,transferred_score_red_win_probability,4,2,0.48033765760825875,0.5
historical-uncontrolled-reference,rolling-pridge,historical,,division:2026hop,transferred_score_red_win_probability,5,2,0.5328998477270313,0.0
historical-uncontrolled-reference,rolling-pridge,historical,,division:2026hop,transferred_score_red_win_probability,6,6,0.6553005416929464,0.3333333333333333
historical-uncontrolled-reference,rolling-pridge,historical,,division:2026hop,transferred_score_red_win_probability,7,5,0.7474488107342548,0.6
historical-uncontrolled-reference,rolling-pridge,historical,,division:2026hop,transferred_score_red_win_probability,8,12,0.8541355706468874,0.5
historical-uncontrolled-reference,rolling-pridge,historical,,division:2026hop,transferred_score_red_win_probability,9,54,0.9880820082619126,0.7592592592592593
historical-uncontrolled-reference,rolling-pridge,historical,,division:2026joh,raw_pred_red_win_probability,0,43,0.019301589139774294,0.23255813953488372
historical-uncontrolled-reference,rolling-pridge,historical,,division:2026joh,raw_pred_red_win_probability,1,8,0.12883895291013653,0.5
historical-uncontrolled-reference,rolling-pridge,historical,,division:2026joh,raw_pred_red_win_probability,2,7,0.2502892174350377,0.7142857142857143
historical-uncontrolled-reference,rolling-pridge,historical,,division:2026joh,raw_pred_red_win_probability,3,5,0.33769448950786135,0.4
historical-uncontrolled-reference,rolling-pridge,historical,,division:2026joh,raw_pred_red_win_probability,4,9,0.4575459343185638,0.6666666666666666
historical-uncontrolled-reference,rolling-pridge,historical,,division:2026joh,raw_pred_red_win_probability,5,3,0.5144115082449705,1.0
historical-uncontrolled-reference,rolling-pridge,historical,,division:2026joh,raw_pred_red_win_probability,6,3,0.6517844822171689,0.6666666666666666
historical-uncontrolled-reference,rolling-pridge,historical,,division:2026joh,raw_pred_red_win_probability,7,7,0.7462459871587501,0.7142857142857143
historical-uncontrolled-reference,rolling-pridge,historical,,division:2026joh,raw_pred_red_win_probability,8,15,0.856093114760604,0.6666666666666666
historical-uncontrolled-reference,rolling-pridge,historical,,division:2026joh,raw_pred_red_win_probability,9,38,0.9793322618351967,0.7631578947368421
historical-uncontrolled-reference,rolling-pridge,historical,,division:2026joh,transferred_platt_red_win_probability,0,43,0.019301589139774294,0.23255813953488372
historical-uncontrolled-reference,rolling-pridge,historical,,division:2026joh,transferred_platt_red_win_probability,1,8,0.12883895291013653,0.5
historical-uncontrolled-reference,rolling-pridge,historical,,division:2026joh,transferred_platt_red_win_probability,2,7,0.2502892174350377,0.7142857142857143
historical-uncontrolled-reference,rolling-pridge,historical,,division:2026joh,transferred_platt_red_win_probability,3,5,0.33769448950786135,0.4
historical-uncontrolled-reference,rolling-pridge,historical,,division:2026joh,transferred_platt_red_win_probability,4,9,0.4575459343185638,0.6666666666666666
historical-uncontrolled-reference,rolling-pridge,historical,,division:2026joh,transferred_platt_red_win_probability,5,3,0.5144115082449705,1.0
historical-uncontrolled-reference,rolling-pridge,historical,,division:2026joh,transferred_platt_red_win_probability,6,3,0.6517844822171689,0.6666666666666666
historical-uncontrolled-reference,rolling-pridge,historical,,division:2026joh,transferred_platt_red_win_probability,7,7,0.7462459871587501,0.7142857142857143
historical-uncontrolled-reference,rolling-pridge,historical,,division:2026joh,transferred_platt_red_win_probability,8,15,0.856093114760604,0.6666666666666666
historical-uncontrolled-reference,rolling-pridge,historical,,division:2026joh,transferred_platt_red_win_probability,9,38,0.9793322618351967,0.7631578947368421
historical-uncontrolled-reference,rolling-pridge,historical,,division:2026joh,transferred_score_red_win_probability,0,43,0.019301589139774294,0.23255813953488372
historical-uncontrolled-reference,rolling-pridge,historical,,division:2026joh,transferred_score_red_win_probability,1,8,0.12883895291013653,0.5
historical-uncontrolled-reference,rolling-pridge,historical,,division:2026joh,transferred_score_red_win_probability,2,7,0.2502892174350377,0.7142857142857143
historical-uncontrolled-reference,rolling-pridge,historical,,division:2026joh,transferred_score_red_win_probability,3,5,0.33769448950786135,0.4
historical-uncontrolled-reference,rolling-pridge,historical,,division:2026joh,transferred_score_red_win_probability,4,9,0.4575459343185638,0.6666666666666666
historical-uncontrolled-reference,rolling-pridge,historical,,division:2026joh,transferred_score_red_win_probability,5,3,0.5144115082449705,1.0
historical-uncontrolled-reference,rolling-pridge,historical,,division:2026joh,transferred_score_red_win_probability,6,3,0.6517844822171689,0.6666666666666666
historical-uncontrolled-reference,rolling-pridge,historical,,division:2026joh,transferred_score_red_win_probability,7,7,0.7462459871587501,0.7142857142857143
historical-uncontrolled-reference,rolling-pridge,historical,,division:2026joh,transferred_score_red_win_probability,8,15,0.856093114760604,0.6666666666666666
historical-uncontrolled-reference,rolling-pridge,historical,,division:2026joh,transferred_score_red_win_probability,9,38,0.9793322618351967,0.7631578947368421
historical-uncontrolled-reference,rolling-pridge,historical,,division:2026mil,raw_pred_red_win_probability,0,35,0.02015852729701431,0.2
historical-uncontrolled-reference,rolling-pridge,historical,,division:2026mil,raw_pred_red_win_probability,1,9,0.13319753391751116,0.3333333333333333
historical-uncontrolled-reference,rolling-pridge,historical,,division:2026mil,raw_pred_red_win_probability,2,9,0.23297455427814023,0.4444444444444444
historical-uncontrolled-reference,rolling-pridge,historical,,division:2026mil,raw_pred_red_win_probability,3,5,0.34736964738923526,0.6
historical-uncontrolled-reference,rolling-pridge,historical,,division:2026mil,raw_pred_red_win_probability,4,5,0.4464242900727638,0.4
historical-uncontrolled-reference,rolling-pridge,historical,,division:2026mil,raw_pred_red_win_probability,5,7,0.539724383105179,0.42857142857142855
historical-uncontrolled-reference,rolling-pridge,historical,,division:2026mil,raw_pred_red_win_probability,6,5,0.6575707485325525,0.6
historical-uncontrolled-reference,rolling-pridge,historical,,division:2026mil,raw_pred_red_win_probability,7,9,0.7498896213445624,0.5555555555555556
historical-uncontrolled-reference,rolling-pridge,historical,,division:2026mil,raw_pred_red_win_probability,8,8,0.8479897785473652,0.5
historical-uncontrolled-reference,rolling-pridge,historical,,division:2026mil,raw_pred_red_win_probability,9,44,0.9910331919422238,0.7954545454545454
historical-uncontrolled-reference,rolling-pridge,historical,,division:2026mil,transferred_platt_red_win_probability,0,35,0.02015852729701431,0.2
historical-uncontrolled-reference,rolling-pridge,historical,,division:2026mil,transferred_platt_red_win_probability,1,9,0.13319753391751116,0.3333333333333333
historical-uncontrolled-reference,rolling-pridge,historical,,division:2026mil,transferred_platt_red_win_probability,2,9,0.23297455427814023,0.4444444444444444
historical-uncontrolled-reference,rolling-pridge,historical,,division:2026mil,transferred_platt_red_win_probability,3,5,0.34736964738923526,0.6
historical-uncontrolled-reference,rolling-pridge,historical,,division:2026mil,transferred_platt_red_win_probability,4,5,0.4464242900727638,0.4
historical-uncontrolled-reference,rolling-pridge,historical,,division:2026mil,transferred_platt_red_win_probability,5,7,0.539724383105179,0.42857142857142855
historical-uncontrolled-reference,rolling-pridge,historical,,division:2026mil,transferred_platt_red_win_probability,6,5,0.6575707485325525,0.6
historical-uncontrolled-reference,rolling-pridge,historical,,division:2026mil,transferred_platt_red_win_probability,7,9,0.7498896213445624,0.5555555555555556
historical-uncontrolled-reference,rolling-pridge,historical,,division:2026mil,transferred_platt_red_win_probability,8,8,0.8479897785473652,0.5
historical-uncontrolled-reference,rolling-pridge,historical,,division:2026mil,transferred_platt_red_win_probability,9,44,0.9910331919422238,0.7954545454545454
historical-uncontrolled-reference,rolling-pridge,historical,,division:2026mil,transferred_score_red_win_probability,0,35,0.02015852729701431,0.2
historical-uncontrolled-reference,rolling-pridge,historical,,division:2026mil,transferred_score_red_win_probability,1,9,0.13319753391751116,0.3333333333333333
historical-uncontrolled-reference,rolling-pridge,historical,,division:2026mil,transferred_score_red_win_probability,2,9,0.23297455427814023,0.4444444444444444
historical-uncontrolled-reference,rolling-pridge,historical,,division:2026mil,transferred_score_red_win_probability,3,5,0.34736964738923526,0.6
historical-uncontrolled-reference,rolling-pridge,historical,,division:2026mil,transferred_score_red_win_probability,4,5,0.4464242900727638,0.4
historical-uncontrolled-reference,rolling-pridge,historical,,division:2026mil,transferred_score_red_win_probability,5,7,0.539724383105179,0.42857142857142855
historical-uncontrolled-reference,rolling-pridge,historical,,division:2026mil,transferred_score_red_win_probability,6,5,0.6575707485325525,0.6
historical-uncontrolled-reference,rolling-pridge,historical,,division:2026mil,transferred_score_red_win_probability,7,9,0.7498896213445624,0.5555555555555556
historical-uncontrolled-reference,rolling-pridge,historical,,division:2026mil,transferred_score_red_win_probability,8,8,0.8479897785473652,0.5
historical-uncontrolled-reference,rolling-pridge,historical,,division:2026mil,transferred_score_red_win_probability,9,44,0.9910331919422238,0.7954545454545454
historical-uncontrolled-reference,rolling-pridge,historical,,division:2026new,raw_pred_red_win_probability,0,42,0.02614916341255286,0.19047619047619047
historical-uncontrolled-reference,rolling-pridge,historical,,division:2026new,raw_pred_red_win_probability,1,12,0.15600062570002995,0.3333333333333333
historical-uncontrolled-reference,rolling-pridge,historical,,division:2026new,raw_pred_red_win_probability,2,5,0.2311039183674525,0.8
historical-uncontrolled-reference,rolling-pridge,historical,,division:2026new,raw_pred_red_win_probability,3,9,0.3419754246499004,0.5555555555555556
historical-uncontrolled-reference,rolling-pridge,historical,,division:2026new,raw_pred_red_win_probability,4,4,0.4304284912975609,0.25
historical-uncontrolled-reference,rolling-pridge,historical,,division:2026new,raw_pred_red_win_probability,5,3,0.5549674187173655,1.0
historical-uncontrolled-reference,rolling-pridge,historical,,division:2026new,raw_pred_red_win_probability,6,4,0.6325253290693825,0.5
historical-uncontrolled-reference,rolling-pridge,historical,,division:2026new,raw_pred_red_win_probability,7,6,0.7432266602732756,0.6666666666666666
historical-uncontrolled-reference,rolling-pridge,historical,,division:2026new,raw_pred_red_win_probability,8,15,0.8358827776850891,0.5333333333333333
historical-uncontrolled-reference,rolling-pridge,historical,,division:2026new,raw_pred_red_win_probability,9,40,0.9772437362257527,0.85
historical-uncontrolled-reference,rolling-pridge,historical,,division:2026new,transferred_platt_red_win_probability,0,42,0.02614916341255286,0.19047619047619047
historical-uncontrolled-reference,rolling-pridge,historical,,division:2026new,transferred_platt_red_win_probability,1,12,0.15600062570002995,0.3333333333333333
historical-uncontrolled-reference,rolling-pridge,historical,,division:2026new,transferred_platt_red_win_probability,2,5,0.2311039183674525,0.8
historical-uncontrolled-reference,rolling-pridge,historical,,division:2026new,transferred_platt_red_win_probability,3,9,0.3419754246499004,0.5555555555555556
historical-uncontrolled-reference,rolling-pridge,historical,,division:2026new,transferred_platt_red_win_probability,4,4,0.4304284912975609,0.25
historical-uncontrolled-reference,rolling-pridge,historical,,division:2026new,transferred_platt_red_win_probability,5,3,0.5549674187173655,1.0
historical-uncontrolled-reference,rolling-pridge,historical,,division:2026new,transferred_platt_red_win_probability,6,4,0.6325253290693825,0.5
historical-uncontrolled-reference,rolling-pridge,historical,,division:2026new,transferred_platt_red_win_probability,7,6,0.7432266602732756,0.6666666666666666
historical-uncontrolled-reference,rolling-pridge,historical,,division:2026new,transferred_platt_red_win_probability,8,15,0.8358827776850891,0.5333333333333333
historical-uncontrolled-reference,rolling-pridge,historical,,division:2026new,transferred_platt_red_win_probability,9,40,0.9772437362257527,0.85
historical-uncontrolled-reference,rolling-pridge,historical,,division:2026new,transferred_score_red_win_probability,0,42,0.02614916341255286,0.19047619047619047
historical-uncontrolled-reference,rolling-pridge,historical,,division:2026new,transferred_score_red_win_probability,1,12,0.15600062570002995,0.3333333333333333
historical-uncontrolled-reference,rolling-pridge,historical,,division:2026new,transferred_score_red_win_probability,2,5,0.2311039183674525,0.8
historical-uncontrolled-reference,rolling-pridge,historical,,division:2026new,transferred_score_red_win_probability,3,9,0.3419754246499004,0.5555555555555556
historical-uncontrolled-reference,rolling-pridge,historical,,division:2026new,transferred_score_red_win_probability,4,4,0.4304284912975609,0.25
historical-uncontrolled-reference,rolling-pridge,historical,,division:2026new,transferred_score_red_win_probability,5,3,0.5549674187173655,1.0
historical-uncontrolled-reference,rolling-pridge,historical,,division:2026new,transferred_score_red_win_probability,6,4,0.6325253290693825,0.5
historical-uncontrolled-reference,rolling-pridge,historical,,division:2026new,transferred_score_red_win_probability,7,6,0.7432266602732756,0.6666666666666666
historical-uncontrolled-reference,rolling-pridge,historical,,division:2026new,transferred_score_red_win_probability,8,15,0.8358827776850891,0.5333333333333333
historical-uncontrolled-reference,rolling-pridge,historical,,division:2026new,transferred_score_red_win_probability,9,40,0.9772437362257527,0.85
historical-uncontrolled-reference,rolling-pridge,historical,,observation:high,raw_pred_red_win_probability,0,297,0.022985956448672157,0.2255892255892256
historical-uncontrolled-reference,rolling-pridge,historical,,observation:high,raw_pred_red_win_probability,1,77,0.14499316024729014,0.4025974025974026
historical-uncontrolled-reference,rolling-pridge,historical,,observation:high,raw_pred_red_win_probability,2,42,0.24228710367059283,0.5238095238095238
historical-uncontrolled-reference,rolling-pridge,historical,,observation:high,raw_pred_red_win_probability,3,41,0.3422214068630255,0.4634146341463415
historical-uncontrolled-reference,rolling-pridge,historical,,observation:high,raw_pred_red_win_probability,4,45,0.4504414861695889,0.37777777777777777
historical-uncontrolled-reference,rolling-pridge,historical,,observation:high,raw_pred_red_win_probability,5,37,0.5460948404877223,0.5945945945945946
historical-uncontrolled-reference,rolling-pridge,historical,,observation:high,raw_pred_red_win_probability,6,46,0.650983646713266,0.5434782608695652
historical-uncontrolled-reference,rolling-pridge,historical,,observation:high,raw_pred_red_win_probability,7,38,0.7520858882805337,0.5526315789473685
historical-uncontrolled-reference,rolling-pridge,historical,,observation:high,raw_pred_red_win_probability,8,81,0.8494513684770881,0.5925925925925926
historical-uncontrolled-reference,rolling-pridge,historical,,observation:high,raw_pred_red_win_probability,9,352,0.9823218405513411,0.7926136363636364
historical-uncontrolled-reference,rolling-pridge,historical,,observation:high,transferred_platt_red_win_probability,0,297,0.022985956448672157,0.2255892255892256
historical-uncontrolled-reference,rolling-pridge,historical,,observation:high,transferred_platt_red_win_probability,1,77,0.14499316024729014,0.4025974025974026
historical-uncontrolled-reference,rolling-pridge,historical,,observation:high,transferred_platt_red_win_probability,2,42,0.24228710367059283,0.5238095238095238
historical-uncontrolled-reference,rolling-pridge,historical,,observation:high,transferred_platt_red_win_probability,3,41,0.3422214068630255,0.4634146341463415
historical-uncontrolled-reference,rolling-pridge,historical,,observation:high,transferred_platt_red_win_probability,4,45,0.4504414861695889,0.37777777777777777
historical-uncontrolled-reference,rolling-pridge,historical,,observation:high,transferred_platt_red_win_probability,5,37,0.5460948404877223,0.5945945945945946
historical-uncontrolled-reference,rolling-pridge,historical,,observation:high,transferred_platt_red_win_probability,6,46,0.650983646713266,0.5434782608695652
historical-uncontrolled-reference,rolling-pridge,historical,,observation:high,transferred_platt_red_win_probability,7,38,0.7520858882805337,0.5526315789473685
historical-uncontrolled-reference,rolling-pridge,historical,,observation:high,transferred_platt_red_win_probability,8,81,0.8494513684770881,0.5925925925925926
historical-uncontrolled-reference,rolling-pridge,historical,,observation:high,transferred_platt_red_win_probability,9,352,0.9823218405513411,0.7926136363636364
historical-uncontrolled-reference,rolling-pridge,historical,,observation:high,transferred_score_red_win_probability,0,297,0.022985956448672157,0.2255892255892256
historical-uncontrolled-reference,rolling-pridge,historical,,observation:high,transferred_score_red_win_probability,1,77,0.14499316024729014,0.4025974025974026
historical-uncontrolled-reference,rolling-pridge,historical,,observation:high,transferred_score_red_win_probability,2,42,0.24228710367059283,0.5238095238095238
historical-uncontrolled-reference,rolling-pridge,historical,,observation:high,transferred_score_red_win_probability,3,41,0.3422214068630255,0.4634146341463415
historical-uncontrolled-reference,rolling-pridge,historical,,observation:high,transferred_score_red_win_probability,4,45,0.4504414861695889,0.37777777777777777
historical-uncontrolled-reference,rolling-pridge,historical,,observation:high,transferred_score_red_win_probability,5,37,0.5460948404877223,0.5945945945945946
historical-uncontrolled-reference,rolling-pridge,historical,,observation:high,transferred_score_red_win_probability,6,46,0.650983646713266,0.5434782608695652
historical-uncontrolled-reference,rolling-pridge,historical,,observation:high,transferred_score_red_win_probability,7,38,0.7520858882805337,0.5526315789473685
historical-uncontrolled-reference,rolling-pridge,historical,,observation:high,transferred_score_red_win_probability,8,81,0.8494513684770881,0.5925925925925926
historical-uncontrolled-reference,rolling-pridge,historical,,observation:high,transferred_score_red_win_probability,9,352,0.9823218405513411,0.7926136363636364
historical-uncontrolled-reference,rolling-pridge,historical,,observation:low,raw_pred_red_win_probability,0,0,,
historical-uncontrolled-reference,rolling-pridge,historical,,observation:low,raw_pred_red_win_probability,1,0,,
historical-uncontrolled-reference,rolling-pridge,historical,,observation:low,raw_pred_red_win_probability,2,0,,
historical-uncontrolled-reference,rolling-pridge,historical,,observation:low,raw_pred_red_win_probability,3,0,,
historical-uncontrolled-reference,rolling-pridge,historical,,observation:low,raw_pred_red_win_probability,4,0,,
historical-uncontrolled-reference,rolling-pridge,historical,,observation:low,raw_pred_red_win_probability,5,0,,
historical-uncontrolled-reference,rolling-pridge,historical,,observation:low,raw_pred_red_win_probability,6,0,,
historical-uncontrolled-reference,rolling-pridge,historical,,observation:low,raw_pred_red_win_probability,7,1,0.7042798465485353,0.0
historical-uncontrolled-reference,rolling-pridge,historical,,observation:low,raw_pred_red_win_probability,8,0,,
historical-uncontrolled-reference,rolling-pridge,historical,,observation:low,raw_pred_red_win_probability,9,1,0.9539283572082369,1.0
historical-uncontrolled-reference,rolling-pridge,historical,,observation:low,transferred_platt_red_win_probability,0,0,,
historical-uncontrolled-reference,rolling-pridge,historical,,observation:low,transferred_platt_red_win_probability,1,0,,
historical-uncontrolled-reference,rolling-pridge,historical,,observation:low,transferred_platt_red_win_probability,2,0,,
historical-uncontrolled-reference,rolling-pridge,historical,,observation:low,transferred_platt_red_win_probability,3,0,,
historical-uncontrolled-reference,rolling-pridge,historical,,observation:low,transferred_platt_red_win_probability,4,0,,
historical-uncontrolled-reference,rolling-pridge,historical,,observation:low,transferred_platt_red_win_probability,5,0,,
historical-uncontrolled-reference,rolling-pridge,historical,,observation:low,transferred_platt_red_win_probability,6,0,,
historical-uncontrolled-reference,rolling-pridge,historical,,observation:low,transferred_platt_red_win_probability,7,1,0.7042798465485353,0.0
historical-uncontrolled-reference,rolling-pridge,historical,,observation:low,transferred_platt_red_win_probability,8,0,,
historical-uncontrolled-reference,rolling-pridge,historical,,observation:low,transferred_platt_red_win_probability,9,1,0.9539283572082369,1.0
historical-uncontrolled-reference,rolling-pridge,historical,,observation:low,transferred_score_red_win_probability,0,0,,
historical-uncontrolled-reference,rolling-pridge,historical,,observation:low,transferred_score_red_win_probability,1,0,,
historical-uncontrolled-reference,rolling-pridge,historical,,observation:low,transferred_score_red_win_probability,2,0,,
historical-uncontrolled-reference,rolling-pridge,historical,,observation:low,transferred_score_red_win_probability,3,0,,
historical-uncontrolled-reference,rolling-pridge,historical,,observation:low,transferred_score_red_win_probability,4,0,,
historical-uncontrolled-reference,rolling-pridge,historical,,observation:low,transferred_score_red_win_probability,5,0,,
historical-uncontrolled-reference,rolling-pridge,historical,,observation:low,transferred_score_red_win_probability,6,0,,
historical-uncontrolled-reference,rolling-pridge,historical,,observation:low,transferred_score_red_win_probability,7,1,0.7042798465485353,0.0
historical-uncontrolled-reference,rolling-pridge,historical,,observation:low,transferred_score_red_win_probability,8,0,,
historical-uncontrolled-reference,rolling-pridge,historical,,observation:low,transferred_score_red_win_probability,9,1,0.9539283572082369,1.0
historical-uncontrolled-reference,rolling-pridge,historical,,observation:medium,raw_pred_red_win_probability,0,14,0.020134973008953373,0.5
historical-uncontrolled-reference,rolling-pridge,historical,,observation:medium,raw_pred_red_win_probability,1,6,0.11804847217015506,0.16666666666666666
historical-uncontrolled-reference,rolling-pridge,historical,,observation:medium,raw_pred_red_win_probability,2,3,0.26089548698488574,0.0
historical-uncontrolled-reference,rolling-pridge,historical,,observation:medium,raw_pred_red_win_probability,3,0,,
historical-uncontrolled-reference,rolling-pridge,historical,,observation:medium,raw_pred_red_win_probability,4,1,0.4744475189196137,1.0
historical-uncontrolled-reference,rolling-pridge,historical,,observation:medium,raw_pred_red_win_probability,5,3,0.5678881898406075,0.6666666666666666
historical-uncontrolled-reference,rolling-pridge,historical,,observation:medium,raw_pred_red_win_probability,6,1,0.622134789830746,1.0
historical-uncontrolled-reference,rolling-pridge,historical,,observation:medium,raw_pred_red_win_probability,7,1,0.7198814042730479,1.0
historical-uncontrolled-reference,rolling-pridge,historical,,observation:medium,raw_pred_red_win_probability,8,5,0.8539398853915798,0.2
historical-uncontrolled-reference,rolling-pridge,historical,,observation:medium,raw_pred_red_win_probability,9,14,0.9865601559911709,0.8571428571428571
historical-uncontrolled-reference,rolling-pridge,historical,,observation:medium,transferred_platt_red_win_probability,0,14,0.020134973008953373,0.5
historical-uncontrolled-reference,rolling-pridge,historical,,observation:medium,transferred_platt_red_win_probability,1,6,0.11804847217015506,0.16666666666666666
historical-uncontrolled-reference,rolling-pridge,historical,,observation:medium,transferred_platt_red_win_probability,2,3,0.26089548698488574,0.0
historical-uncontrolled-reference,rolling-pridge,historical,,observation:medium,transferred_platt_red_win_probability,3,0,,
historical-uncontrolled-reference,rolling-pridge,historical,,observation:medium,transferred_platt_red_win_probability,4,1,0.4744475189196137,1.0
historical-uncontrolled-reference,rolling-pridge,historical,,observation:medium,transferred_platt_red_win_probability,5,3,0.5678881898406075,0.6666666666666666
historical-uncontrolled-reference,rolling-pridge,historical,,observation:medium,transferred_platt_red_win_probability,6,1,0.622134789830746,1.0
historical-uncontrolled-reference,rolling-pridge,historical,,observation:medium,transferred_platt_red_win_probability,7,1,0.7198814042730479,1.0
historical-uncontrolled-reference,rolling-pridge,historical,,observation:medium,transferred_platt_red_win_probability,8,5,0.8539398853915798,0.2
historical-uncontrolled-reference,rolling-pridge,historical,,observation:medium,transferred_platt_red_win_probability,9,14,0.9865601559911709,0.8571428571428571
historical-uncontrolled-reference,rolling-pridge,historical,,observation:medium,transferred_score_red_win_probability,0,14,0.020134973008953373,0.5
historical-uncontrolled-reference,rolling-pridge,historical,,observation:medium,transferred_score_red_win_probability,1,6,0.11804847217015506,0.16666666666666666
historical-uncontrolled-reference,rolling-pridge,historical,,observation:medium,transferred_score_red_win_probability,2,3,0.26089548698488574,0.0
historical-uncontrolled-reference,rolling-pridge,historical,,observation:medium,transferred_score_red_win_probability,3,0,,
historical-uncontrolled-reference,rolling-pridge,historical,,observation:medium,transferred_score_red_win_probability,4,1,0.4744475189196137,1.0
historical-uncontrolled-reference,rolling-pridge,historical,,observation:medium,transferred_score_red_win_probability,5,3,0.5678881898406075,0.6666666666666666
historical-uncontrolled-reference,rolling-pridge,historical,,observation:medium,transferred_score_red_win_probability,6,1,0.622134789830746,1.0
historical-uncontrolled-reference,rolling-pridge,historical,,observation:medium,transferred_score_red_win_probability,7,1,0.7198814042730479,1.0
historical-uncontrolled-reference,rolling-pridge,historical,,observation:medium,transferred_score_red_win_probability,8,5,0.8539398853915798,0.2
historical-uncontrolled-reference,rolling-pridge,historical,,observation:medium,transferred_score_red_win_probability,9,14,0.9865601559911709,0.8571428571428571
historical-uncontrolled-reference,teammate-set,historical,,primary-clean,raw_pred_red_win_probability,0,14,0.07021765878784705,0.0
historical-uncontrolled-reference,teammate-set,historical,,primary-clean,raw_pred_red_win_probability,1,24,0.15385810291179458,0.041666666666666664
historical-uncontrolled-reference,teammate-set,historical,,primary-clean,raw_pred_red_win_probability,2,47,0.25004662539213734,0.1702127659574468
historical-uncontrolled-reference,teammate-set,historical,,primary-clean,raw_pred_red_win_probability,3,75,0.3531712826534565,0.14666666666666667
historical-uncontrolled-reference,teammate-set,historical,,primary-clean,raw_pred_red_win_probability,4,91,0.4545012356107342,0.31868131868131866
historical-uncontrolled-reference,teammate-set,historical,,primary-clean,raw_pred_red_win_probability,5,117,0.5573311735767368,0.3504273504273504
historical-uncontrolled-reference,teammate-set,historical,,primary-clean,raw_pred_red_win_probability,6,222,0.652178356598406,0.3783783783783784
historical-uncontrolled-reference,teammate-set,historical,,primary-clean,raw_pred_red_win_probability,7,242,0.749135489649494,0.6652892561983471
historical-uncontrolled-reference,teammate-set,historical,,primary-clean,raw_pred_red_win_probability,8,182,0.8480151761109207,0.8571428571428571
historical-uncontrolled-reference,teammate-set,historical,,primary-clean,raw_pred_red_win_probability,9,92,0.9398468934458172,0.9456521739130435
historical-uncontrolled-reference,teammate-set,historical,,primary-clean,transferred_platt_red_win_probability,0,14,0.07021765878784705,0.0
historical-uncontrolled-reference,teammate-set,historical,,primary-clean,transferred_platt_red_win_probability,1,24,0.15385810291179458,0.041666666666666664
historical-uncontrolled-reference,teammate-set,historical,,primary-clean,transferred_platt_red_win_probability,2,47,0.25004662539213734,0.1702127659574468
historical-uncontrolled-reference,teammate-set,historical,,primary-clean,transferred_platt_red_win_probability,3,75,0.3531712826534565,0.14666666666666667
historical-uncontrolled-reference,teammate-set,historical,,primary-clean,transferred_platt_red_win_probability,4,91,0.4545012356107342,0.31868131868131866
historical-uncontrolled-reference,teammate-set,historical,,primary-clean,transferred_platt_red_win_probability,5,117,0.5573311735767368,0.3504273504273504
historical-uncontrolled-reference,teammate-set,historical,,primary-clean,transferred_platt_red_win_probability,6,222,0.652178356598406,0.3783783783783784
historical-uncontrolled-reference,teammate-set,historical,,primary-clean,transferred_platt_red_win_probability,7,242,0.749135489649494,0.6652892561983471
historical-uncontrolled-reference,teammate-set,historical,,primary-clean,transferred_platt_red_win_probability,8,182,0.8480151761109207,0.8571428571428571
historical-uncontrolled-reference,teammate-set,historical,,primary-clean,transferred_platt_red_win_probability,9,92,0.9398468934458172,0.9456521739130435
historical-uncontrolled-reference,teammate-set,historical,,primary-clean,transferred_score_red_win_probability,0,14,0.07021765878784705,0.0
historical-uncontrolled-reference,teammate-set,historical,,primary-clean,transferred_score_red_win_probability,1,24,0.15385810291179458,0.041666666666666664
historical-uncontrolled-reference,teammate-set,historical,,primary-clean,transferred_score_red_win_probability,2,47,0.25004662539213734,0.1702127659574468
historical-uncontrolled-reference,teammate-set,historical,,primary-clean,transferred_score_red_win_probability,3,75,0.3531712826534565,0.14666666666666667
historical-uncontrolled-reference,teammate-set,historical,,primary-clean,transferred_score_red_win_probability,4,91,0.4545012356107342,0.31868131868131866
historical-uncontrolled-reference,teammate-set,historical,,primary-clean,transferred_score_red_win_probability,5,117,0.5573311735767368,0.3504273504273504
historical-uncontrolled-reference,teammate-set,historical,,primary-clean,transferred_score_red_win_probability,6,222,0.652178356598406,0.3783783783783784
historical-uncontrolled-reference,teammate-set,historical,,primary-clean,transferred_score_red_win_probability,7,242,0.749135489649494,0.6652892561983471
historical-uncontrolled-reference,teammate-set,historical,,primary-clean,transferred_score_red_win_probability,8,182,0.8480151761109207,0.8571428571428571
historical-uncontrolled-reference,teammate-set,historical,,primary-clean,transferred_score_red_win_probability,9,92,0.9398468934458172,0.9456521739130435
historical-uncontrolled-reference,teammate-set,historical,,all-official,raw_pred_red_win_probability,0,14,0.07021765878784705,0.0
historical-uncontrolled-reference,teammate-set,historical,,all-official,raw_pred_red_win_probability,1,24,0.15385810291179458,0.041666666666666664
historical-uncontrolled-reference,teammate-set,historical,,all-official,raw_pred_red_win_probability,2,47,0.25004662539213734,0.1702127659574468
historical-uncontrolled-reference,teammate-set,historical,,all-official,raw_pred_red_win_probability,3,75,0.3531712826534565,0.14666666666666667
historical-uncontrolled-reference,teammate-set,historical,,all-official,raw_pred_red_win_probability,4,91,0.4545012356107342,0.31868131868131866
historical-uncontrolled-reference,teammate-set,historical,,all-official,raw_pred_red_win_probability,5,117,0.5573311735767368,0.3504273504273504
historical-uncontrolled-reference,teammate-set,historical,,all-official,raw_pred_red_win_probability,6,222,0.652178356598406,0.3783783783783784
historical-uncontrolled-reference,teammate-set,historical,,all-official,raw_pred_red_win_probability,7,242,0.749135489649494,0.6652892561983471
historical-uncontrolled-reference,teammate-set,historical,,all-official,raw_pred_red_win_probability,8,182,0.8480151761109207,0.8571428571428571
historical-uncontrolled-reference,teammate-set,historical,,all-official,raw_pred_red_win_probability,9,92,0.9398468934458172,0.9456521739130435
historical-uncontrolled-reference,teammate-set,historical,,all-official,transferred_platt_red_win_probability,0,14,0.07021765878784705,0.0
historical-uncontrolled-reference,teammate-set,historical,,all-official,transferred_platt_red_win_probability,1,24,0.15385810291179458,0.041666666666666664
historical-uncontrolled-reference,teammate-set,historical,,all-official,transferred_platt_red_win_probability,2,47,0.25004662539213734,0.1702127659574468
historical-uncontrolled-reference,teammate-set,historical,,all-official,transferred_platt_red_win_probability,3,75,0.3531712826534565,0.14666666666666667
historical-uncontrolled-reference,teammate-set,historical,,all-official,transferred_platt_red_win_probability,4,91,0.4545012356107342,0.31868131868131866
historical-uncontrolled-reference,teammate-set,historical,,all-official,transferred_platt_red_win_probability,5,117,0.5573311735767368,0.3504273504273504
historical-uncontrolled-reference,teammate-set,historical,,all-official,transferred_platt_red_win_probability,6,222,0.652178356598406,0.3783783783783784
historical-uncontrolled-reference,teammate-set,historical,,all-official,transferred_platt_red_win_probability,7,242,0.749135489649494,0.6652892561983471
historical-uncontrolled-reference,teammate-set,historical,,all-official,transferred_platt_red_win_probability,8,182,0.8480151761109207,0.8571428571428571
historical-uncontrolled-reference,teammate-set,historical,,all-official,transferred_platt_red_win_probability,9,92,0.9398468934458172,0.9456521739130435
historical-uncontrolled-reference,teammate-set,historical,,all-official,transferred_score_red_win_probability,0,14,0.07021765878784705,0.0
historical-uncontrolled-reference,teammate-set,historical,,all-official,transferred_score_red_win_probability,1,24,0.15385810291179458,0.041666666666666664
historical-uncontrolled-reference,teammate-set,historical,,all-official,transferred_score_red_win_probability,2,47,0.25004662539213734,0.1702127659574468
historical-uncontrolled-reference,teammate-set,historical,,all-official,transferred_score_red_win_probability,3,75,0.3531712826534565,0.14666666666666667
historical-uncontrolled-reference,teammate-set,historical,,all-official,transferred_score_red_win_probability,4,91,0.4545012356107342,0.31868131868131866
historical-uncontrolled-reference,teammate-set,historical,,all-official,transferred_score_red_win_probability,5,117,0.5573311735767368,0.3504273504273504
historical-uncontrolled-reference,teammate-set,historical,,all-official,transferred_score_red_win_probability,6,222,0.652178356598406,0.3783783783783784
historical-uncontrolled-reference,teammate-set,historical,,all-official,transferred_score_red_win_probability,7,242,0.749135489649494,0.6652892561983471
historical-uncontrolled-reference,teammate-set,historical,,all-official,transferred_score_red_win_probability,8,182,0.8480151761109207,0.8571428571428571
historical-uncontrolled-reference,teammate-set,historical,,all-official,transferred_score_red_win_probability,9,92,0.9398468934458172,0.9456521739130435
historical-uncontrolled-reference,teammate-set,historical,,DQ-only,raw_pred_red_win_probability,0,0,,
historical-uncontrolled-reference,teammate-set,historical,,DQ-only,raw_pred_red_win_probability,1,0,,
historical-uncontrolled-reference,teammate-set,historical,,DQ-only,raw_pred_red_win_probability,2,0,,
historical-uncontrolled-reference,teammate-set,historical,,DQ-only,raw_pred_red_win_probability,3,0,,
historical-uncontrolled-reference,teammate-set,historical,,DQ-only,raw_pred_red_win_probability,4,0,,
historical-uncontrolled-reference,teammate-set,historical,,DQ-only,raw_pred_red_win_probability,5,0,,
historical-uncontrolled-reference,teammate-set,historical,,DQ-only,raw_pred_red_win_probability,6,0,,
historical-uncontrolled-reference,teammate-set,historical,,DQ-only,raw_pred_red_win_probability,7,0,,
historical-uncontrolled-reference,teammate-set,historical,,DQ-only,raw_pred_red_win_probability,8,0,,
historical-uncontrolled-reference,teammate-set,historical,,DQ-only,raw_pred_red_win_probability,9,0,,
historical-uncontrolled-reference,teammate-set,historical,,DQ-only,transferred_platt_red_win_probability,0,0,,
historical-uncontrolled-reference,teammate-set,historical,,DQ-only,transferred_platt_red_win_probability,1,0,,
historical-uncontrolled-reference,teammate-set,historical,,DQ-only,transferred_platt_red_win_probability,2,0,,
historical-uncontrolled-reference,teammate-set,historical,,DQ-only,transferred_platt_red_win_probability,3,0,,
historical-uncontrolled-reference,teammate-set,historical,,DQ-only,transferred_platt_red_win_probability,4,0,,
historical-uncontrolled-reference,teammate-set,historical,,DQ-only,transferred_platt_red_win_probability,5,0,,
historical-uncontrolled-reference,teammate-set,historical,,DQ-only,transferred_platt_red_win_probability,6,0,,
historical-uncontrolled-reference,teammate-set,historical,,DQ-only,transferred_platt_red_win_probability,7,0,,
historical-uncontrolled-reference,teammate-set,historical,,DQ-only,transferred_platt_red_win_probability,8,0,,
historical-uncontrolled-reference,teammate-set,historical,,DQ-only,transferred_platt_red_win_probability,9,0,,
historical-uncontrolled-reference,teammate-set,historical,,DQ-only,transferred_score_red_win_probability,0,0,,
historical-uncontrolled-reference,teammate-set,historical,,DQ-only,transferred_score_red_win_probability,1,0,,
historical-uncontrolled-reference,teammate-set,historical,,DQ-only,transferred_score_red_win_probability,2,0,,
historical-uncontrolled-reference,teammate-set,historical,,DQ-only,transferred_score_red_win_probability,3,0,,
historical-uncontrolled-reference,teammate-set,historical,,DQ-only,transferred_score_red_win_probability,4,0,,
historical-uncontrolled-reference,teammate-set,historical,,DQ-only,transferred_score_red_win_probability,5,0,,
historical-uncontrolled-reference,teammate-set,historical,,DQ-only,transferred_score_red_win_probability,6,0,,
historical-uncontrolled-reference,teammate-set,historical,,DQ-only,transferred_score_red_win_probability,7,0,,
historical-uncontrolled-reference,teammate-set,historical,,DQ-only,transferred_score_red_win_probability,8,0,,
historical-uncontrolled-reference,teammate-set,historical,,DQ-only,transferred_score_red_win_probability,9,0,,
historical-uncontrolled-reference,teammate-set,historical,,surrogate-only,raw_pred_red_win_probability,0,0,,
historical-uncontrolled-reference,teammate-set,historical,,surrogate-only,raw_pred_red_win_probability,1,1,0.17181039857459304,0.0
historical-uncontrolled-reference,teammate-set,historical,,surrogate-only,raw_pred_red_win_probability,2,0,,
historical-uncontrolled-reference,teammate-set,historical,,surrogate-only,raw_pred_red_win_probability,3,0,,
historical-uncontrolled-reference,teammate-set,historical,,surrogate-only,raw_pred_red_win_probability,4,0,,
historical-uncontrolled-reference,teammate-set,historical,,surrogate-only,raw_pred_red_win_probability,5,0,,
historical-uncontrolled-reference,teammate-set,historical,,surrogate-only,raw_pred_red_win_probability,6,1,0.6814572051242991,0.0
historical-uncontrolled-reference,teammate-set,historical,,surrogate-only,raw_pred_red_win_probability,7,1,0.779778072906141,1.0
historical-uncontrolled-reference,teammate-set,historical,,surrogate-only,raw_pred_red_win_probability,8,1,0.8055752071605419,1.0
historical-uncontrolled-reference,teammate-set,historical,,surrogate-only,raw_pred_red_win_probability,9,2,0.9178084434178068,1.0
historical-uncontrolled-reference,teammate-set,historical,,surrogate-only,transferred_platt_red_win_probability,0,0,,
historical-uncontrolled-reference,teammate-set,historical,,surrogate-only,transferred_platt_red_win_probability,1,1,0.17181039857459304,0.0
historical-uncontrolled-reference,teammate-set,historical,,surrogate-only,transferred_platt_red_win_probability,2,0,,
historical-uncontrolled-reference,teammate-set,historical,,surrogate-only,transferred_platt_red_win_probability,3,0,,
historical-uncontrolled-reference,teammate-set,historical,,surrogate-only,transferred_platt_red_win_probability,4,0,,
historical-uncontrolled-reference,teammate-set,historical,,surrogate-only,transferred_platt_red_win_probability,5,0,,
historical-uncontrolled-reference,teammate-set,historical,,surrogate-only,transferred_platt_red_win_probability,6,1,0.6814572051242991,0.0
historical-uncontrolled-reference,teammate-set,historical,,surrogate-only,transferred_platt_red_win_probability,7,1,0.779778072906141,1.0
historical-uncontrolled-reference,teammate-set,historical,,surrogate-only,transferred_platt_red_win_probability,8,1,0.8055752071605419,1.0
historical-uncontrolled-reference,teammate-set,historical,,surrogate-only,transferred_platt_red_win_probability,9,2,0.9178084434178068,1.0
historical-uncontrolled-reference,teammate-set,historical,,surrogate-only,transferred_score_red_win_probability,0,0,,
historical-uncontrolled-reference,teammate-set,historical,,surrogate-only,transferred_score_red_win_probability,1,1,0.17181039857459304,0.0
historical-uncontrolled-reference,teammate-set,historical,,surrogate-only,transferred_score_red_win_probability,2,0,,
historical-uncontrolled-reference,teammate-set,historical,,surrogate-only,transferred_score_red_win_probability,3,0,,
historical-uncontrolled-reference,teammate-set,historical,,surrogate-only,transferred_score_red_win_probability,4,0,,
historical-uncontrolled-reference,teammate-set,historical,,surrogate-only,transferred_score_red_win_probability,5,0,,
historical-uncontrolled-reference,teammate-set,historical,,surrogate-only,transferred_score_red_win_probability,6,1,0.6814572051242991,0.0
historical-uncontrolled-reference,teammate-set,historical,,surrogate-only,transferred_score_red_win_probability,7,1,0.779778072906141,1.0
historical-uncontrolled-reference,teammate-set,historical,,surrogate-only,transferred_score_red_win_probability,8,1,0.8055752071605419,1.0
historical-uncontrolled-reference,teammate-set,historical,,surrogate-only,transferred_score_red_win_probability,9,2,0.9178084434178068,1.0
historical-uncontrolled-reference,teammate-set,historical,,division:2026arc,raw_pred_red_win_probability,0,2,0.0794210812960002,0.0
historical-uncontrolled-reference,teammate-set,historical,,division:2026arc,raw_pred_red_win_probability,1,4,0.15199792939922213,0.0
historical-uncontrolled-reference,teammate-set,historical,,division:2026arc,raw_pred_red_win_probability,2,5,0.25449602415797146,0.2
historical-uncontrolled-reference,teammate-set,historical,,division:2026arc,raw_pred_red_win_probability,3,8,0.3487118413153343,0.25
historical-uncontrolled-reference,teammate-set,historical,,division:2026arc,raw_pred_red_win_probability,4,11,0.4411686411060959,0.6363636363636364
historical-uncontrolled-reference,teammate-set,historical,,division:2026arc,raw_pred_red_win_probability,5,11,0.549620566494334,0.18181818181818182
historical-uncontrolled-reference,teammate-set,historical,,division:2026arc,raw_pred_red_win_probability,6,30,0.6511654856712528,0.2
historical-uncontrolled-reference,teammate-set,historical,,division:2026arc,raw_pred_red_win_probability,7,33,0.7510246968152025,0.696969696969697
historical-uncontrolled-reference,teammate-set,historical,,division:2026arc,raw_pred_red_win_probability,8,26,0.8450668193357754,0.7692307692307693
historical-uncontrolled-reference,teammate-set,historical,,division:2026arc,raw_pred_red_win_probability,9,10,0.9475320751095587,0.9
historical-uncontrolled-reference,teammate-set,historical,,division:2026arc,transferred_platt_red_win_probability,0,2,0.0794210812960002,0.0
historical-uncontrolled-reference,teammate-set,historical,,division:2026arc,transferred_platt_red_win_probability,1,4,0.15199792939922213,0.0
historical-uncontrolled-reference,teammate-set,historical,,division:2026arc,transferred_platt_red_win_probability,2,5,0.25449602415797146,0.2
historical-uncontrolled-reference,teammate-set,historical,,division:2026arc,transferred_platt_red_win_probability,3,8,0.3487118413153343,0.25
historical-uncontrolled-reference,teammate-set,historical,,division:2026arc,transferred_platt_red_win_probability,4,11,0.4411686411060959,0.6363636363636364
historical-uncontrolled-reference,teammate-set,historical,,division:2026arc,transferred_platt_red_win_probability,5,11,0.549620566494334,0.18181818181818182
historical-uncontrolled-reference,teammate-set,historical,,division:2026arc,transferred_platt_red_win_probability,6,30,0.6511654856712528,0.2
historical-uncontrolled-reference,teammate-set,historical,,division:2026arc,transferred_platt_red_win_probability,7,33,0.7510246968152025,0.696969696969697
historical-uncontrolled-reference,teammate-set,historical,,division:2026arc,transferred_platt_red_win_probability,8,26,0.8450668193357754,0.7692307692307693
historical-uncontrolled-reference,teammate-set,historical,,division:2026arc,transferred_platt_red_win_probability,9,10,0.9475320751095587,0.9
historical-uncontrolled-reference,teammate-set,historical,,division:2026arc,transferred_score_red_win_probability,0,2,0.0794210812960002,0.0
historical-uncontrolled-reference,teammate-set,historical,,division:2026arc,transferred_score_red_win_probability,1,4,0.15199792939922213,0.0
historical-uncontrolled-reference,teammate-set,historical,,division:2026arc,transferred_score_red_win_probability,2,5,0.25449602415797146,0.2
historical-uncontrolled-reference,teammate-set,historical,,division:2026arc,transferred_score_red_win_probability,3,8,0.3487118413153343,0.25
historical-uncontrolled-reference,teammate-set,historical,,division:2026arc,transferred_score_red_win_probability,4,11,0.4411686411060959,0.6363636363636364
historical-uncontrolled-reference,teammate-set,historical,,division:2026arc,transferred_score_red_win_probability,5,11,0.549620566494334,0.18181818181818182
historical-uncontrolled-reference,teammate-set,historical,,division:2026arc,transferred_score_red_win_probability,6,30,0.6511654856712528,0.2
historical-uncontrolled-reference,teammate-set,historical,,division:2026arc,transferred_score_red_win_probability,7,33,0.7510246968152025,0.696969696969697
historical-uncontrolled-reference,teammate-set,historical,,division:2026arc,transferred_score_red_win_probability,8,26,0.8450668193357754,0.7692307692307693
historical-uncontrolled-reference,teammate-set,historical,,division:2026arc,transferred_score_red_win_probability,9,10,0.9475320751095587,0.9
historical-uncontrolled-reference,teammate-set,historical,,division:2026cur,raw_pred_red_win_probability,0,1,0.08671015449701291,0.0
historical-uncontrolled-reference,teammate-set,historical,,division:2026cur,raw_pred_red_win_probability,1,2,0.1394694206368878,0.5
historical-uncontrolled-reference,teammate-set,historical,,division:2026cur,raw_pred_red_win_probability,2,5,0.24495631905851795,0.0
historical-uncontrolled-reference,teammate-set,historical,,division:2026cur,raw_pred_red_win_probability,3,6,0.3684315895093455,0.0
historical-uncontrolled-reference,teammate-set,historical,,division:2026cur,raw_pred_red_win_probability,4,12,0.45344845745126566,0.16666666666666666
historical-uncontrolled-reference,teammate-set,historical,,division:2026cur,raw_pred_red_win_probability,5,22,0.5620870310525088,0.4090909090909091
historical-uncontrolled-reference,teammate-set,historical,,division:2026cur,raw_pred_red_win_probability,6,31,0.6670214063719544,0.41935483870967744
historical-uncontrolled-reference,teammate-set,historical,,division:2026cur,raw_pred_red_win_probability,7,27,0.745574796053233,0.7777777777777778
historical-uncontrolled-reference,teammate-set,historical,,division:2026cur,raw_pred_red_win_probability,8,22,0.8458328600030146,0.9545454545454546
historical-uncontrolled-reference,teammate-set,historical,,division:2026cur,raw_pred_red_win_probability,9,8,0.9351884618728501,1.0
historical-uncontrolled-reference,teammate-set,historical,,division:2026cur,transferred_platt_red_win_probability,0,1,0.08671015449701291,0.0
historical-uncontrolled-reference,teammate-set,historical,,division:2026cur,transferred_platt_red_win_probability,1,2,0.1394694206368878,0.5
historical-uncontrolled-reference,teammate-set,historical,,division:2026cur,transferred_platt_red_win_probability,2,5,0.24495631905851795,0.0
historical-uncontrolled-reference,teammate-set,historical,,division:2026cur,transferred_platt_red_win_probability,3,6,0.3684315895093455,0.0
historical-uncontrolled-reference,teammate-set,historical,,division:2026cur,transferred_platt_red_win_probability,4,12,0.45344845745126566,0.16666666666666666
historical-uncontrolled-reference,teammate-set,historical,,division:2026cur,transferred_platt_red_win_probability,5,22,0.5620870310525088,0.4090909090909091
historical-uncontrolled-reference,teammate-set,historical,,division:2026cur,transferred_platt_red_win_probability,6,31,0.6670214063719544,0.41935483870967744
historical-uncontrolled-reference,teammate-set,historical,,division:2026cur,transferred_platt_red_win_probability,7,27,0.745574796053233,0.7777777777777778
historical-uncontrolled-reference,teammate-set,historical,,division:2026cur,transferred_platt_red_win_probability,8,22,0.8458328600030146,0.9545454545454546
historical-uncontrolled-reference,teammate-set,historical,,division:2026cur,transferred_platt_red_win_probability,9,8,0.9351884618728501,1.0
historical-uncontrolled-reference,teammate-set,historical,,division:2026cur,transferred_score_red_win_probability,0,1,0.08671015449701291,0.0
historical-uncontrolled-reference,teammate-set,historical,,division:2026cur,transferred_score_red_win_probability,1,2,0.1394694206368878,0.5
historical-uncontrolled-reference,teammate-set,historical,,division:2026cur,transferred_score_red_win_probability,2,5,0.24495631905851795,0.0
historical-uncontrolled-reference,teammate-set,historical,,division:2026cur,transferred_score_red_win_probability,3,6,0.3684315895093455,0.0
historical-uncontrolled-reference,teammate-set,historical,,division:2026cur,transferred_score_red_win_probability,4,12,0.45344845745126566,0.16666666666666666
historical-uncontrolled-reference,teammate-set,historical,,division:2026cur,transferred_score_red_win_probability,5,22,0.5620870310525088,0.4090909090909091
historical-uncontrolled-reference,teammate-set,historical,,division:2026cur,transferred_score_red_win_probability,6,31,0.6670214063719544,0.41935483870967744
historical-uncontrolled-reference,teammate-set,historical,,division:2026cur,transferred_score_red_win_probability,7,27,0.745574796053233,0.7777777777777778
historical-uncontrolled-reference,teammate-set,historical,,division:2026cur,transferred_score_red_win_probability,8,22,0.8458328600030146,0.9545454545454546
historical-uncontrolled-reference,teammate-set,historical,,division:2026cur,transferred_score_red_win_probability,9,8,0.9351884618728501,1.0
historical-uncontrolled-reference,teammate-set,historical,,division:2026dal,raw_pred_red_win_probability,0,1,0.0998670549322714,0.0
historical-uncontrolled-reference,teammate-set,historical,,division:2026dal,raw_pred_red_win_probability,1,1,0.13490896793650756,0.0
historical-uncontrolled-reference,teammate-set,historical,,division:2026dal,raw_pred_red_win_probability,2,10,0.24537660664816854,0.1
historical-uncontrolled-reference,teammate-set,historical,,division:2026dal,raw_pred_red_win_probability,3,8,0.3497534284047583,0.125
historical-uncontrolled-reference,teammate-set,historical,,division:2026dal,raw_pred_red_win_probability,4,9,0.46248500147753036,0.2222222222222222
historical-uncontrolled-reference,teammate-set,historical,,division:2026dal,raw_pred_red_win_probability,5,17,0.5587920956916754,0.29411764705882354
historical-uncontrolled-reference,teammate-set,historical,,division:2026dal,raw_pred_red_win_probability,6,31,0.6513938339201982,0.2903225806451613
historical-uncontrolled-reference,teammate-set,historical,,division:2026dal,raw_pred_red_win_probability,7,31,0.748133189088695,0.6129032258064516
historical-uncontrolled-reference,teammate-set,historical,,division:2026dal,raw_pred_red_win_probability,8,19,0.8551260246341092,0.9473684210526315
historical-uncontrolled-reference,teammate-set,historical,,division:2026dal,raw_pred_red_win_probability,9,11,0.9308883404880656,1.0
historical-uncontrolled-reference,teammate-set,historical,,division:2026dal,transferred_platt_red_win_probability,0,1,0.0998670549322714,0.0
historical-uncontrolled-reference,teammate-set,historical,,division:2026dal,transferred_platt_red_win_probability,1,1,0.13490896793650756,0.0
historical-uncontrolled-reference,teammate-set,historical,,division:2026dal,transferred_platt_red_win_probability,2,10,0.24537660664816854,0.1
historical-uncontrolled-reference,teammate-set,historical,,division:2026dal,transferred_platt_red_win_probability,3,8,0.3497534284047583,0.125
historical-uncontrolled-reference,teammate-set,historical,,division:2026dal,transferred_platt_red_win_probability,4,9,0.46248500147753036,0.2222222222222222
historical-uncontrolled-reference,teammate-set,historical,,division:2026dal,transferred_platt_red_win_probability,5,17,0.5587920956916754,0.29411764705882354
historical-uncontrolled-reference,teammate-set,historical,,division:2026dal,transferred_platt_red_win_probability,6,31,0.6513938339201982,0.2903225806451613
historical-uncontrolled-reference,teammate-set,historical,,division:2026dal,transferred_platt_red_win_probability,7,31,0.748133189088695,0.6129032258064516
historical-uncontrolled-reference,teammate-set,historical,,division:2026dal,transferred_platt_red_win_probability,8,19,0.8551260246341092,0.9473684210526315
historical-uncontrolled-reference,teammate-set,historical,,division:2026dal,transferred_platt_red_win_probability,9,11,0.9308883404880656,1.0
historical-uncontrolled-reference,teammate-set,historical,,division:2026dal,transferred_score_red_win_probability,0,1,0.0998670549322714,0.0
historical-uncontrolled-reference,teammate-set,historical,,division:2026dal,transferred_score_red_win_probability,1,1,0.13490896793650756,0.0
historical-uncontrolled-reference,teammate-set,historical,,division:2026dal,transferred_score_red_win_probability,2,10,0.24537660664816854,0.1
historical-uncontrolled-reference,teammate-set,historical,,division:2026dal,transferred_score_red_win_probability,3,8,0.3497534284047583,0.125
historical-uncontrolled-reference,teammate-set,historical,,division:2026dal,transferred_score_red_win_probability,4,9,0.46248500147753036,0.2222222222222222
historical-uncontrolled-reference,teammate-set,historical,,division:2026dal,transferred_score_red_win_probability,5,17,0.5587920956916754,0.29411764705882354
historical-uncontrolled-reference,teammate-set,historical,,division:2026dal,transferred_score_red_win_probability,6,31,0.6513938339201982,0.2903225806451613
historical-uncontrolled-reference,teammate-set,historical,,division:2026dal,transferred_score_red_win_probability,7,31,0.748133189088695,0.6129032258064516
historical-uncontrolled-reference,teammate-set,historical,,division:2026dal,transferred_score_red_win_probability,8,19,0.8551260246341092,0.9473684210526315
historical-uncontrolled-reference,teammate-set,historical,,division:2026dal,transferred_score_red_win_probability,9,11,0.9308883404880656,1.0
historical-uncontrolled-reference,teammate-set,historical,,division:2026gal,raw_pred_red_win_probability,0,3,0.06950085330312279,0.0
historical-uncontrolled-reference,teammate-set,historical,,division:2026gal,raw_pred_red_win_probability,1,4,0.14552705734404023,0.0
historical-uncontrolled-reference,teammate-set,historical,,division:2026gal,raw_pred_red_win_probability,2,5,0.2531934165633588,0.4
historical-uncontrolled-reference,teammate-set,historical,,division:2026gal,raw_pred_red_win_probability,3,11,0.3477073770808461,0.18181818181818182
historical-uncontrolled-reference,teammate-set,historical,,division:2026gal,raw_pred_red_win_probability,4,9,0.43999036658936586,0.7777777777777778
historical-uncontrolled-reference,teammate-set,historical,,division:2026gal,raw_pred_red_win_probability,5,16,0.5476318426262097,0.25
historical-uncontrolled-reference,teammate-set,historical,,division:2026gal,raw_pred_red_win_probability,6,17,0.6401202251412202,0.47058823529411764
historical-uncontrolled-reference,teammate-set,historical,,division:2026gal,raw_pred_red_win_probability,7,28,0.7486496574015545,0.75
historical-uncontrolled-reference,teammate-set,historical,,division:2026gal,raw_pred_red_win_probability,8,35,0.8451489473193392,0.8
historical-uncontrolled-reference,teammate-set,historical,,division:2026gal,raw_pred_red_win_probability,9,10,0.9501326068941782,0.8
historical-uncontrolled-reference,teammate-set,historical,,division:2026gal,transferred_platt_red_win_probability,0,3,0.06950085330312279,0.0
historical-uncontrolled-reference,teammate-set,historical,,division:2026gal,transferred_platt_red_win_probability,1,4,0.14552705734404023,0.0
historical-uncontrolled-reference,teammate-set,historical,,division:2026gal,transferred_platt_red_win_probability,2,5,0.2531934165633588,0.4
historical-uncontrolled-reference,teammate-set,historical,,division:2026gal,transferred_platt_red_win_probability,3,11,0.3477073770808461,0.18181818181818182
historical-uncontrolled-reference,teammate-set,historical,,division:2026gal,transferred_platt_red_win_probability,4,9,0.43999036658936586,0.7777777777777778
historical-uncontrolled-reference,teammate-set,historical,,division:2026gal,transferred_platt_red_win_probability,5,16,0.5476318426262097,0.25
historical-uncontrolled-reference,teammate-set,historical,,division:2026gal,transferred_platt_red_win_probability,6,17,0.6401202251412202,0.47058823529411764
historical-uncontrolled-reference,teammate-set,historical,,division:2026gal,transferred_platt_red_win_probability,7,28,0.7486496574015545,0.75
historical-uncontrolled-reference,teammate-set,historical,,division:2026gal,transferred_platt_red_win_probability,8,35,0.8451489473193392,0.8
historical-uncontrolled-reference,teammate-set,historical,,division:2026gal,transferred_platt_red_win_probability,9,10,0.9501326068941782,0.8
historical-uncontrolled-reference,teammate-set,historical,,division:2026gal,transferred_score_red_win_probability,0,3,0.06950085330312279,0.0
historical-uncontrolled-reference,teammate-set,historical,,division:2026gal,transferred_score_red_win_probability,1,4,0.14552705734404023,0.0
historical-uncontrolled-reference,teammate-set,historical,,division:2026gal,transferred_score_red_win_probability,2,5,0.2531934165633588,0.4
historical-uncontrolled-reference,teammate-set,historical,,division:2026gal,transferred_score_red_win_probability,3,11,0.3477073770808461,0.18181818181818182
historical-uncontrolled-reference,teammate-set,historical,,division:2026gal,transferred_score_red_win_probability,4,9,0.43999036658936586,0.7777777777777778
historical-uncontrolled-reference,teammate-set,historical,,division:2026gal,transferred_score_red_win_probability,5,16,0.5476318426262097,0.25
historical-uncontrolled-reference,teammate-set,historical,,division:2026gal,transferred_score_red_win_probability,6,17,0.6401202251412202,0.47058823529411764
historical-uncontrolled-reference,teammate-set,historical,,division:2026gal,transferred_score_red_win_probability,7,28,0.7486496574015545,0.75
historical-uncontrolled-reference,teammate-set,historical,,division:2026gal,transferred_score_red_win_probability,8,35,0.8451489473193392,0.8
historical-uncontrolled-reference,teammate-set,historical,,division:2026gal,transferred_score_red_win_probability,9,10,0.9501326068941782,0.8
historical-uncontrolled-reference,teammate-set,historical,,division:2026hop,raw_pred_red_win_probability,0,3,0.0561945484426189,0.0
historical-uncontrolled-reference,teammate-set,historical,,division:2026hop,raw_pred_red_win_probability,1,2,0.15058320774185502,0.0
historical-uncontrolled-reference,teammate-set,historical,,division:2026hop,raw_pred_red_win_probability,2,6,0.24645503837598315,0.3333333333333333
historical-uncontrolled-reference,teammate-set,historical,,division:2026hop,raw_pred_red_win_probability,3,10,0.3607982432064463,0.1
historical-uncontrolled-reference,teammate-set,historical,,division:2026hop,raw_pred_red_win_probability,4,12,0.4671240133969971,0.16666666666666666
historical-uncontrolled-reference,teammate-set,historical,,division:2026hop,raw_pred_red_win_probability,5,10,0.5661357299185396,0.3
historical-uncontrolled-reference,teammate-set,historical,,division:2026hop,raw_pred_red_win_probability,6,31,0.6499381401446519,0.3870967741935484
historical-uncontrolled-reference,teammate-set,historical,,division:2026hop,raw_pred_red_win_probability,7,35,0.7487073412535576,0.6285714285714286
historical-uncontrolled-reference,teammate-set,historical,,division:2026hop,raw_pred_red_win_probability,8,20,0.8514439131146825,0.8
historical-uncontrolled-reference,teammate-set,historical,,division:2026hop,raw_pred_red_win_probability,9,11,0.9351834640060978,1.0
historical-uncontrolled-reference,teammate-set,historical,,division:2026hop,transferred_platt_red_win_probability,0,3,0.0561945484426189,0.0
historical-uncontrolled-reference,teammate-set,historical,,division:2026hop,transferred_platt_red_win_probability,1,2,0.15058320774185502,0.0
historical-uncontrolled-reference,teammate-set,historical,,division:2026hop,transferred_platt_red_win_probability,2,6,0.24645503837598315,0.3333333333333333
historical-uncontrolled-reference,teammate-set,historical,,division:2026hop,transferred_platt_red_win_probability,3,10,0.3607982432064463,0.1
historical-uncontrolled-reference,teammate-set,historical,,division:2026hop,transferred_platt_red_win_probability,4,12,0.4671240133969971,0.16666666666666666
historical-uncontrolled-reference,teammate-set,historical,,division:2026hop,transferred_platt_red_win_probability,5,10,0.5661357299185396,0.3
historical-uncontrolled-reference,teammate-set,historical,,division:2026hop,transferred_platt_red_win_probability,6,31,0.6499381401446519,0.3870967741935484
historical-uncontrolled-reference,teammate-set,historical,,division:2026hop,transferred_platt_red_win_probability,7,35,0.7487073412535576,0.6285714285714286
historical-uncontrolled-reference,teammate-set,historical,,division:2026hop,transferred_platt_red_win_probability,8,20,0.8514439131146825,0.8
historical-uncontrolled-reference,teammate-set,historical,,division:2026hop,transferred_platt_red_win_probability,9,11,0.9351834640060978,1.0
historical-uncontrolled-reference,teammate-set,historical,,division:2026hop,transferred_score_red_win_probability,0,3,0.0561945484426189,0.0
historical-uncontrolled-reference,teammate-set,historical,,division:2026hop,transferred_score_red_win_probability,1,2,0.15058320774185502,0.0
historical-uncontrolled-reference,teammate-set,historical,,division:2026hop,transferred_score_red_win_probability,2,6,0.24645503837598315,0.3333333333333333
historical-uncontrolled-reference,teammate-set,historical,,division:2026hop,transferred_score_red_win_probability,3,10,0.3607982432064463,0.1
historical-uncontrolled-reference,teammate-set,historical,,division:2026hop,transferred_score_red_win_probability,4,12,0.4671240133969971,0.16666666666666666
historical-uncontrolled-reference,teammate-set,historical,,division:2026hop,transferred_score_red_win_probability,5,10,0.5661357299185396,0.3
historical-uncontrolled-reference,teammate-set,historical,,division:2026hop,transferred_score_red_win_probability,6,31,0.6499381401446519,0.3870967741935484
historical-uncontrolled-reference,teammate-set,historical,,division:2026hop,transferred_score_red_win_probability,7,35,0.7487073412535576,0.6285714285714286
historical-uncontrolled-reference,teammate-set,historical,,division:2026hop,transferred_score_red_win_probability,8,20,0.8514439131146825,0.8
historical-uncontrolled-reference,teammate-set,historical,,division:2026hop,transferred_score_red_win_probability,9,11,0.9351834640060978,1.0
historical-uncontrolled-reference,teammate-set,historical,,division:2026joh,raw_pred_red_win_probability,0,1,0.09068314772835216,0.0
historical-uncontrolled-reference,teammate-set,historical,,division:2026joh,raw_pred_red_win_probability,1,4,0.1733640646932225,0.0
historical-uncontrolled-reference,teammate-set,historical,,division:2026joh,raw_pred_red_win_probability,2,6,0.26718556022638584,0.0
historical-uncontrolled-reference,teammate-set,historical,,division:2026joh,raw_pred_red_win_probability,3,12,0.35301216184176254,0.25
historical-uncontrolled-reference,teammate-set,historical,,division:2026joh,raw_pred_red_win_probability,4,12,0.46188522232977064,0.16666666666666666
historical-uncontrolled-reference,teammate-set,historical,,division:2026joh,raw_pred_red_win_probability,5,10,0.551302535064542,0.5
historical-uncontrolled-reference,teammate-set,historical,,division:2026joh,raw_pred_red_win_probability,6,27,0.6561085651347197,0.4444444444444444
historical-uncontrolled-reference,teammate-set,historical,,division:2026joh,raw_pred_red_win_probability,7,34,0.7449919804538453,0.7058823529411765
historical-uncontrolled-reference,teammate-set,historical,,division:2026joh,raw_pred_red_win_probability,8,18,0.8473162942565347,0.9444444444444444
historical-uncontrolled-reference,teammate-set,historical,,division:2026joh,raw_pred_red_win_probability,9,14,0.932478856035547,0.9285714285714286
historical-uncontrolled-reference,teammate-set,historical,,division:2026joh,transferred_platt_red_win_probability,0,1,0.09068314772835216,0.0
historical-uncontrolled-reference,teammate-set,historical,,division:2026joh,transferred_platt_red_win_probability,1,4,0.1733640646932225,0.0
historical-uncontrolled-reference,teammate-set,historical,,division:2026joh,transferred_platt_red_win_probability,2,6,0.26718556022638584,0.0
historical-uncontrolled-reference,teammate-set,historical,,division:2026joh,transferred_platt_red_win_probability,3,12,0.35301216184176254,0.25
historical-uncontrolled-reference,teammate-set,historical,,division:2026joh,transferred_platt_red_win_probability,4,12,0.46188522232977064,0.16666666666666666
historical-uncontrolled-reference,teammate-set,historical,,division:2026joh,transferred_platt_red_win_probability,5,10,0.551302535064542,0.5
historical-uncontrolled-reference,teammate-set,historical,,division:2026joh,transferred_platt_red_win_probability,6,27,0.6561085651347197,0.4444444444444444
historical-uncontrolled-reference,teammate-set,historical,,division:2026joh,transferred_platt_red_win_probability,7,34,0.7449919804538453,0.7058823529411765
historical-uncontrolled-reference,teammate-set,historical,,division:2026joh,transferred_platt_red_win_probability,8,18,0.8473162942565347,0.9444444444444444
historical-uncontrolled-reference,teammate-set,historical,,division:2026joh,transferred_platt_red_win_probability,9,14,0.932478856035547,0.9285714285714286
historical-uncontrolled-reference,teammate-set,historical,,division:2026joh,transferred_score_red_win_probability,0,1,0.09068314772835216,0.0
historical-uncontrolled-reference,teammate-set,historical,,division:2026joh,transferred_score_red_win_probability,1,4,0.1733640646932225,0.0
historical-uncontrolled-reference,teammate-set,historical,,division:2026joh,transferred_score_red_win_probability,2,6,0.26718556022638584,0.0
historical-uncontrolled-reference,teammate-set,historical,,division:2026joh,transferred_score_red_win_probability,3,12,0.35301216184176254,0.25
historical-uncontrolled-reference,teammate-set,historical,,division:2026joh,transferred_score_red_win_probability,4,12,0.46188522232977064,0.16666666666666666
historical-uncontrolled-reference,teammate-set,historical,,division:2026joh,transferred_score_red_win_probability,5,10,0.551302535064542,0.5
historical-uncontrolled-reference,teammate-set,historical,,division:2026joh,transferred_score_red_win_probability,6,27,0.6561085651347197,0.4444444444444444
historical-uncontrolled-reference,teammate-set,historical,,division:2026joh,transferred_score_red_win_probability,7,34,0.7449919804538453,0.7058823529411765
historical-uncontrolled-reference,teammate-set,historical,,division:2026joh,transferred_score_red_win_probability,8,18,0.8473162942565347,0.9444444444444444
historical-uncontrolled-reference,teammate-set,historical,,division:2026joh,transferred_score_red_win_probability,9,14,0.932478856035547,0.9285714285714286
historical-uncontrolled-reference,teammate-set,historical,,division:2026mil,raw_pred_red_win_probability,0,2,0.06156632642882169,0.0
historical-uncontrolled-reference,teammate-set,historical,,division:2026mil,raw_pred_red_win_probability,1,4,0.16608734407159348,0.0
historical-uncontrolled-reference,teammate-set,historical,,division:2026mil,raw_pred_red_win_probability,2,5,0.23592826387268015,0.0
historical-uncontrolled-reference,teammate-set,historical,,division:2026mil,raw_pred_red_win_probability,3,14,0.3514312921864485,0.14285714285714285
historical-uncontrolled-reference,teammate-set,historical,,division:2026mil,raw_pred_red_win_probability,4,15,0.4510344019677749,0.26666666666666666
historical-uncontrolled-reference,teammate-set,historical,,division:2026mil,raw_pred_red_win_probability,5,17,0.5580764936891257,0.4117647058823529
historical-uncontrolled-reference,teammate-set,historical,,division:2026mil,raw_pred_red_win_probability,6,18,0.6476040897977967,0.3888888888888889
historical-uncontrolled-reference,teammate-set,historical,,division:2026mil,raw_pred_red_win_probability,7,24,0.753035460820931,0.625
historical-uncontrolled-reference,teammate-set,historical,,division:2026mil,raw_pred_red_win_probability,8,20,0.8476355862947514,0.85
historical-uncontrolled-reference,teammate-set,historical,,division:2026mil,raw_pred_red_win_probability,9,17,0.9454460034657534,1.0
historical-uncontrolled-reference,teammate-set,historical,,division:2026mil,transferred_platt_red_win_probability,0,2,0.06156632642882169,0.0
historical-uncontrolled-reference,teammate-set,historical,,division:2026mil,transferred_platt_red_win_probability,1,4,0.16608734407159348,0.0
historical-uncontrolled-reference,teammate-set,historical,,division:2026mil,transferred_platt_red_win_probability,2,5,0.23592826387268015,0.0
historical-uncontrolled-reference,teammate-set,historical,,division:2026mil,transferred_platt_red_win_probability,3,14,0.3514312921864485,0.14285714285714285
historical-uncontrolled-reference,teammate-set,historical,,division:2026mil,transferred_platt_red_win_probability,4,15,0.4510344019677749,0.26666666666666666
historical-uncontrolled-reference,teammate-set,historical,,division:2026mil,transferred_platt_red_win_probability,5,17,0.5580764936891257,0.4117647058823529
historical-uncontrolled-reference,teammate-set,historical,,division:2026mil,transferred_platt_red_win_probability,6,18,0.6476040897977967,0.3888888888888889
historical-uncontrolled-reference,teammate-set,historical,,division:2026mil,transferred_platt_red_win_probability,7,24,0.753035460820931,0.625
historical-uncontrolled-reference,teammate-set,historical,,division:2026mil,transferred_platt_red_win_probability,8,20,0.8476355862947514,0.85
historical-uncontrolled-reference,teammate-set,historical,,division:2026mil,transferred_platt_red_win_probability,9,17,0.9454460034657534,1.0
historical-uncontrolled-reference,teammate-set,historical,,division:2026mil,transferred_score_red_win_probability,0,2,0.06156632642882169,0.0
historical-uncontrolled-reference,teammate-set,historical,,division:2026mil,transferred_score_red_win_probability,1,4,0.16608734407159348,0.0
historical-uncontrolled-reference,teammate-set,historical,,division:2026mil,transferred_score_red_win_probability,2,5,0.23592826387268015,0.0
historical-uncontrolled-reference,teammate-set,historical,,division:2026mil,transferred_score_red_win_probability,3,14,0.3514312921864485,0.14285714285714285
historical-uncontrolled-reference,teammate-set,historical,,division:2026mil,transferred_score_red_win_probability,4,15,0.4510344019677749,0.26666666666666666
historical-uncontrolled-reference,teammate-set,historical,,division:2026mil,transferred_score_red_win_probability,5,17,0.5580764936891257,0.4117647058823529
historical-uncontrolled-reference,teammate-set,historical,,division:2026mil,transferred_score_red_win_probability,6,18,0.6476040897977967,0.3888888888888889
historical-uncontrolled-reference,teammate-set,historical,,division:2026mil,transferred_score_red_win_probability,7,24,0.753035460820931,0.625
historical-uncontrolled-reference,teammate-set,historical,,division:2026mil,transferred_score_red_win_probability,8,20,0.8476355862947514,0.85
historical-uncontrolled-reference,teammate-set,historical,,division:2026mil,transferred_score_red_win_probability,9,17,0.9454460034657534,1.0
historical-uncontrolled-reference,teammate-set,historical,,division:2026new,raw_pred_red_win_probability,0,1,0.04672584518535349,0.0
historical-uncontrolled-reference,teammate-set,historical,,division:2026new,raw_pred_red_win_probability,1,3,0.14322488771892103,0.0
historical-uncontrolled-reference,teammate-set,historical,,division:2026new,raw_pred_red_win_probability,2,5,0.25474232341438263,0.4
historical-uncontrolled-reference,teammate-set,historical,,division:2026new,raw_pred_red_win_probability,3,6,0.3500978152545369,0.0
historical-uncontrolled-reference,teammate-set,historical,,division:2026new,raw_pred_red_win_probability,4,11,0.45722461165042483,0.2727272727272727
historical-uncontrolled-reference,teammate-set,historical,,division:2026new,raw_pred_red_win_probability,5,14,0.5623391601829683,0.42857142857142855
historical-uncontrolled-reference,teammate-set,historical,,division:2026new,raw_pred_red_win_probability,6,37,0.6479953269937594,0.4594594594594595
historical-uncontrolled-reference,teammate-set,historical,,division:2026new,raw_pred_red_win_probability,7,30,0.7538266466279296,0.5333333333333333
historical-uncontrolled-reference,teammate-set,historical,,division:2026new,raw_pred_red_win_probability,8,22,0.8499004963799943,0.8636363636363636
historical-uncontrolled-reference,teammate-set,historical,,division:2026new,raw_pred_red_win_probability,9,11,0.9412439808312487,0.9090909090909091
historical-uncontrolled-reference,teammate-set,historical,,division:2026new,transferred_platt_red_win_probability,0,1,0.04672584518535349,0.0
historical-uncontrolled-reference,teammate-set,historical,,division:2026new,transferred_platt_red_win_probability,1,3,0.14322488771892103,0.0
historical-uncontrolled-reference,teammate-set,historical,,division:2026new,transferred_platt_red_win_probability,2,5,0.25474232341438263,0.4
historical-uncontrolled-reference,teammate-set,historical,,division:2026new,transferred_platt_red_win_probability,3,6,0.3500978152545369,0.0
historical-uncontrolled-reference,teammate-set,historical,,division:2026new,transferred_platt_red_win_probability,4,11,0.45722461165042483,0.2727272727272727
historical-uncontrolled-reference,teammate-set,historical,,division:2026new,transferred_platt_red_win_probability,5,14,0.5623391601829683,0.42857142857142855
historical-uncontrolled-reference,teammate-set,historical,,division:2026new,transferred_platt_red_win_probability,6,37,0.6479953269937594,0.4594594594594595
historical-uncontrolled-reference,teammate-set,historical,,division:2026new,transferred_platt_red_win_probability,7,30,0.7538266466279296,0.5333333333333333
historical-uncontrolled-reference,teammate-set,historical,,division:2026new,transferred_platt_red_win_probability,8,22,0.8499004963799943,0.8636363636363636
historical-uncontrolled-reference,teammate-set,historical,,division:2026new,transferred_platt_red_win_probability,9,11,0.9412439808312487,0.9090909090909091
historical-uncontrolled-reference,teammate-set,historical,,division:2026new,transferred_score_red_win_probability,0,1,0.04672584518535349,0.0
historical-uncontrolled-reference,teammate-set,historical,,division:2026new,transferred_score_red_win_probability,1,3,0.14322488771892103,0.0
historical-uncontrolled-reference,teammate-set,historical,,division:2026new,transferred_score_red_win_probability,2,5,0.25474232341438263,0.4
historical-uncontrolled-reference,teammate-set,historical,,division:2026new,transferred_score_red_win_probability,3,6,0.3500978152545369,0.0
historical-uncontrolled-reference,teammate-set,historical,,division:2026new,transferred_score_red_win_probability,4,11,0.45722461165042483,0.2727272727272727
historical-uncontrolled-reference,teammate-set,historical,,division:2026new,transferred_score_red_win_probability,5,14,0.5623391601829683,0.42857142857142855
historical-uncontrolled-reference,teammate-set,historical,,division:2026new,transferred_score_red_win_probability,6,37,0.6479953269937594,0.4594594594594595
historical-uncontrolled-reference,teammate-set,historical,,division:2026new,transferred_score_red_win_probability,7,30,0.7538266466279296,0.5333333333333333
historical-uncontrolled-reference,teammate-set,historical,,division:2026new,transferred_score_red_win_probability,8,22,0.8499004963799943,0.8636363636363636
historical-uncontrolled-reference,teammate-set,historical,,division:2026new,transferred_score_red_win_probability,9,11,0.9412439808312487,0.9090909090909091
historical-uncontrolled-reference,teammate-set,historical,,observation:high,raw_pred_red_win_probability,0,11,0.07165755633695471,0.0
historical-uncontrolled-reference,teammate-set,historical,,observation:high,raw_pred_red_win_probability,1,21,0.15560204036139416,0.0
historical-uncontrolled-reference,teammate-set,historical,,observation:high,raw_pred_red_win_probability,2,43,0.250201436457481,0.13953488372093023
historical-uncontrolled-reference,teammate-set,historical,,observation:high,raw_pred_red_win_probability,3,72,0.3532327379040572,0.1527777777777778
historical-uncontrolled-reference,teammate-set,historical,,observation:high,raw_pred_red_win_probability,4,89,0.45408721529638363,0.3258426966292135
historical-uncontrolled-reference,teammate-set,historical,,observation:high,raw_pred_red_win_probability,5,115,0.5579736124229245,0.3565217391304348
historical-uncontrolled-reference,teammate-set,historical,,observation:high,raw_pred_red_win_probability,6,213,0.6521229887373406,0.3755868544600939
historical-uncontrolled-reference,teammate-set,historical,,observation:high,raw_pred_red_win_probability,7,235,0.7494746527072494,0.6680851063829787
historical-uncontrolled-reference,teammate-set,historical,,observation:high,raw_pred_red_win_probability,8,173,0.8478841184911253,0.8554913294797688
historical-uncontrolled-reference,teammate-set,historical,,observation:high,raw_pred_red_win_probability,9,84,0.9390365714188912,0.9404761904761905
historical-uncontrolled-reference,teammate-set,historical,,observation:high,transferred_platt_red_win_probability,0,11,0.07165755633695471,0.0
historical-uncontrolled-reference,teammate-set,historical,,observation:high,transferred_platt_red_win_probability,1,21,0.15560204036139416,0.0
historical-uncontrolled-reference,teammate-set,historical,,observation:high,transferred_platt_red_win_probability,2,43,0.250201436457481,0.13953488372093023
historical-uncontrolled-reference,teammate-set,historical,,observation:high,transferred_platt_red_win_probability,3,72,0.3532327379040572,0.1527777777777778
historical-uncontrolled-reference,teammate-set,historical,,observation:high,transferred_platt_red_win_probability,4,89,0.45408721529638363,0.3258426966292135
historical-uncontrolled-reference,teammate-set,historical,,observation:high,transferred_platt_red_win_probability,5,115,0.5579736124229245,0.3565217391304348
historical-uncontrolled-reference,teammate-set,historical,,observation:high,transferred_platt_red_win_probability,6,213,0.6521229887373406,0.3755868544600939
historical-uncontrolled-reference,teammate-set,historical,,observation:high,transferred_platt_red_win_probability,7,235,0.7494746527072494,0.6680851063829787
historical-uncontrolled-reference,teammate-set,historical,,observation:high,transferred_platt_red_win_probability,8,173,0.8478841184911253,0.8554913294797688
historical-uncontrolled-reference,teammate-set,historical,,observation:high,transferred_platt_red_win_probability,9,84,0.9390365714188912,0.9404761904761905
historical-uncontrolled-reference,teammate-set,historical,,observation:high,transferred_score_red_win_probability,0,11,0.07165755633695471,0.0
historical-uncontrolled-reference,teammate-set,historical,,observation:high,transferred_score_red_win_probability,1,21,0.15560204036139416,0.0
historical-uncontrolled-reference,teammate-set,historical,,observation:high,transferred_score_red_win_probability,2,43,0.250201436457481,0.13953488372093023
historical-uncontrolled-reference,teammate-set,historical,,observation:high,transferred_score_red_win_probability,3,72,0.3532327379040572,0.1527777777777778
historical-uncontrolled-reference,teammate-set,historical,,observation:high,transferred_score_red_win_probability,4,89,0.45408721529638363,0.3258426966292135
historical-uncontrolled-reference,teammate-set,historical,,observation:high,transferred_score_red_win_probability,5,115,0.5579736124229245,0.3565217391304348
historical-uncontrolled-reference,teammate-set,historical,,observation:high,transferred_score_red_win_probability,6,213,0.6521229887373406,0.3755868544600939
historical-uncontrolled-reference,teammate-set,historical,,observation:high,transferred_score_red_win_probability,7,235,0.7494746527072494,0.6680851063829787
historical-uncontrolled-reference,teammate-set,historical,,observation:high,transferred_score_red_win_probability,8,173,0.8478841184911253,0.8554913294797688
historical-uncontrolled-reference,teammate-set,historical,,observation:high,transferred_score_red_win_probability,9,84,0.9390365714188912,0.9404761904761905
historical-uncontrolled-reference,teammate-set,historical,,observation:low,raw_pred_red_win_probability,0,0,,
historical-uncontrolled-reference,teammate-set,historical,,observation:low,raw_pred_red_win_probability,1,0,,
historical-uncontrolled-reference,teammate-set,historical,,observation:low,raw_pred_red_win_probability,2,0,,
historical-uncontrolled-reference,teammate-set,historical,,observation:low,raw_pred_red_win_probability,3,0,,
historical-uncontrolled-reference,teammate-set,historical,,observation:low,raw_pred_red_win_probability,4,0,,
historical-uncontrolled-reference,teammate-set,historical,,observation:low,raw_pred_red_win_probability,5,0,,
historical-uncontrolled-reference,teammate-set,historical,,observation:low,raw_pred_red_win_probability,6,1,0.6403983247169575,0.0
historical-uncontrolled-reference,teammate-set,historical,,observation:low,raw_pred_red_win_probability,7,0,,
historical-uncontrolled-reference,teammate-set,historical,,observation:low,raw_pred_red_win_probability,8,0,,
historical-uncontrolled-reference,teammate-set,historical,,observation:low,raw_pred_red_win_probability,9,1,0.9556789675899385,1.0
historical-uncontrolled-reference,teammate-set,historical,,observation:low,transferred_platt_red_win_probability,0,0,,
historical-uncontrolled-reference,teammate-set,historical,,observation:low,transferred_platt_red_win_probability,1,0,,
historical-uncontrolled-reference,teammate-set,historical,,observation:low,transferred_platt_red_win_probability,2,0,,
historical-uncontrolled-reference,teammate-set,historical,,observation:low,transferred_platt_red_win_probability,3,0,,
historical-uncontrolled-reference,teammate-set,historical,,observation:low,transferred_platt_red_win_probability,4,0,,
historical-uncontrolled-reference,teammate-set,historical,,observation:low,transferred_platt_red_win_probability,5,0,,
historical-uncontrolled-reference,teammate-set,historical,,observation:low,transferred_platt_red_win_probability,6,1,0.6403983247169575,0.0
historical-uncontrolled-reference,teammate-set,historical,,observation:low,transferred_platt_red_win_probability,7,0,,
historical-uncontrolled-reference,teammate-set,historical,,observation:low,transferred_platt_red_win_probability,8,0,,
historical-uncontrolled-reference,teammate-set,historical,,observation:low,transferred_platt_red_win_probability,9,1,0.9556789675899385,1.0
historical-uncontrolled-reference,teammate-set,historical,,observation:low,transferred_score_red_win_probability,0,0,,
historical-uncontrolled-reference,teammate-set,historical,,observation:low,transferred_score_red_win_probability,1,0,,
historical-uncontrolled-reference,teammate-set,historical,,observation:low,transferred_score_red_win_probability,2,0,,
historical-uncontrolled-reference,teammate-set,historical,,observation:low,transferred_score_red_win_probability,3,0,,
historical-uncontrolled-reference,teammate-set,historical,,observation:low,transferred_score_red_win_probability,4,0,,
historical-uncontrolled-reference,teammate-set,historical,,observation:low,transferred_score_red_win_probability,5,0,,
historical-uncontrolled-reference,teammate-set,historical,,observation:low,transferred_score_red_win_probability,6,1,0.6403983247169575,0.0
historical-uncontrolled-reference,teammate-set,historical,,observation:low,transferred_score_red_win_probability,7,0,,
historical-uncontrolled-reference,teammate-set,historical,,observation:low,transferred_score_red_win_probability,8,0,,
historical-uncontrolled-reference,teammate-set,historical,,observation:low,transferred_score_red_win_probability,9,1,0.9556789675899385,1.0
historical-uncontrolled-reference,teammate-set,historical,,observation:medium,raw_pred_red_win_probability,0,3,0.06493803444111902,0.0
historical-uncontrolled-reference,teammate-set,historical,,observation:medium,raw_pred_red_win_probability,1,3,0.1416505407645975,0.3333333333333333
historical-uncontrolled-reference,teammate-set,historical,,observation:medium,raw_pred_red_win_probability,2,4,0.24838240643969378,0.5
historical-uncontrolled-reference,teammate-set,historical,,observation:medium,raw_pred_red_win_probability,3,3,0.3516963566390383,0.0
historical-uncontrolled-reference,teammate-set,historical,,observation:medium,raw_pred_red_win_probability,4,2,0.4729251395993386,0.0
historical-uncontrolled-reference,teammate-set,historical,,observation:medium,raw_pred_red_win_probability,5,2,0.520390939920947,0.0
historical-uncontrolled-reference,teammate-set,historical,,observation:medium,raw_pred_red_win_probability,6,8,0.6551250298844524,0.5
historical-uncontrolled-reference,teammate-set,historical,,observation:medium,raw_pred_red_win_probability,7,7,0.7377493012819868,0.5714285714285714
historical-uncontrolled-reference,teammate-set,historical,,observation:medium,raw_pred_red_win_probability,8,9,0.8505343948025454,0.8888888888888888
historical-uncontrolled-reference,teammate-set,historical,,observation:medium,raw_pred_red_win_probability,9,7,0.9473090328911956,1.0
historical-uncontrolled-reference,teammate-set,historical,,observation:medium,transferred_platt_red_win_probability,0,3,0.06493803444111902,0.0
historical-uncontrolled-reference,teammate-set,historical,,observation:medium,transferred_platt_red_win_probability,1,3,0.1416505407645975,0.3333333333333333
historical-uncontrolled-reference,teammate-set,historical,,observation:medium,transferred_platt_red_win_probability,2,4,0.24838240643969378,0.5
historical-uncontrolled-reference,teammate-set,historical,,observation:medium,transferred_platt_red_win_probability,3,3,0.3516963566390383,0.0
historical-uncontrolled-reference,teammate-set,historical,,observation:medium,transferred_platt_red_win_probability,4,2,0.4729251395993386,0.0
historical-uncontrolled-reference,teammate-set,historical,,observation:medium,transferred_platt_red_win_probability,5,2,0.520390939920947,0.0
historical-uncontrolled-reference,teammate-set,historical,,observation:medium,transferred_platt_red_win_probability,6,8,0.6551250298844524,0.5
historical-uncontrolled-reference,teammate-set,historical,,observation:medium,transferred_platt_red_win_probability,7,7,0.7377493012819868,0.5714285714285714
historical-uncontrolled-reference,teammate-set,historical,,observation:medium,transferred_platt_red_win_probability,8,9,0.8505343948025454,0.8888888888888888
historical-uncontrolled-reference,teammate-set,historical,,observation:medium,transferred_platt_red_win_probability,9,7,0.9473090328911956,1.0
historical-uncontrolled-reference,teammate-set,historical,,observation:medium,transferred_score_red_win_probability,0,3,0.06493803444111902,0.0
historical-uncontrolled-reference,teammate-set,historical,,observation:medium,transferred_score_red_win_probability,1,3,0.1416505407645975,0.3333333333333333
historical-uncontrolled-reference,teammate-set,historical,,observation:medium,transferred_score_red_win_probability,2,4,0.24838240643969378,0.5
historical-uncontrolled-reference,teammate-set,historical,,observation:medium,transferred_score_red_win_probability,3,3,0.3516963566390383,0.0
historical-uncontrolled-reference,teammate-set,historical,,observation:medium,transferred_score_red_win_probability,4,2,0.4729251395993386,0.0
historical-uncontrolled-reference,teammate-set,historical,,observation:medium,transferred_score_red_win_probability,5,2,0.520390939920947,0.0
historical-uncontrolled-reference,teammate-set,historical,,observation:medium,transferred_score_red_win_probability,6,8,0.6551250298844524,0.5
historical-uncontrolled-reference,teammate-set,historical,,observation:medium,transferred_score_red_win_probability,7,7,0.7377493012819868,0.5714285714285714
historical-uncontrolled-reference,teammate-set,historical,,observation:medium,transferred_score_red_win_probability,8,9,0.8505343948025454,0.8888888888888888
historical-uncontrolled-reference,teammate-set,historical,,observation:medium,transferred_score_red_win_probability,9,7,0.9473090328911956,1.0
official-total-core,additive,2026,100.0,primary-clean,raw_pred_red_win_probability,0,309,0.024832986932411105,0.21035598705501618
official-total-core,additive,2026,100.0,primary-clean,raw_pred_red_win_probability,1,83,0.1469807084425386,0.39759036144578314
official-total-core,additive,2026,100.0,primary-clean,raw_pred_red_win_probability,2,52,0.25210291147232056,0.46153846153846156
official-total-core,additive,2026,100.0,primary-clean,raw_pred_red_win_probability,3,40,0.3477167166769505,0.4
official-total-core,additive,2026,100.0,primary-clean,raw_pred_red_win_probability,4,50,0.4591778641939163,0.52
official-total-core,additive,2026,100.0,primary-clean,raw_pred_red_win_probability,5,50,0.5477208137512207,0.54
official-total-core,additive,2026,100.0,primary-clean,raw_pred_red_win_probability,6,50,0.6525173318386078,0.52
official-total-core,additive,2026,100.0,primary-clean,raw_pred_red_win_probability,7,39,0.7601543313417679,0.5384615384615384
official-total-core,additive,2026,100.0,primary-clean,raw_pred_red_win_probability,8,77,0.8492264376058207,0.6753246753246753
official-total-core,additive,2026,100.0,primary-clean,raw_pred_red_win_probability,9,356,0.9743015997195512,0.8089887640449438
official-total-core,additive,2026,100.0,primary-clean,transferred_platt_red_win_probability,0,45,0.06576565300764854,0.06666666666666667
official-total-core,additive,2026,100.0,primary-clean,transferred_platt_red_win_probability,1,91,0.15568790498167082,0.21978021978021978
official-total-core,additive,2026,100.0,primary-clean,transferred_platt_red_win_probability,2,106,0.24704672400616814,0.25471698113207547
official-total-core,additive,2026,100.0,primary-clean,transferred_platt_red_win_probability,3,135,0.3540978107566697,0.3037037037037037
official-total-core,additive,2026,100.0,primary-clean,transferred_platt_red_win_probability,4,114,0.4493742340803209,0.43859649122807015
official-total-core,additive,2026,100.0,primary-clean,transferred_platt_red_win_probability,5,152,0.5452480346941637,0.5394736842105263
official-total-core,additive,2026,100.0,primary-clean,transferred_platt_red_win_probability,6,128,0.6525443182745572,0.625
official-total-core,additive,2026,100.0,primary-clean,transferred_platt_red_win_probability,7,143,0.7467364236700069,0.6993006993006993
official-total-core,additive,2026,100.0,primary-clean,transferred_platt_red_win_probability,8,120,0.8467374095628656,0.875
official-total-core,additive,2026,100.0,primary-clean,transferred_platt_red_win_probability,9,72,0.9365729350325674,0.9722222222222222
official-total-core,additive,2026,100.0,primary-clean,transferred_score_red_win_probability,0,129,0.04953724470328953,0.07751937984496124
official-total-core,additive,2026,100.0,primary-clean,transferred_score_red_win_probability,1,96,0.15306147311681137,0.3020833333333333
official-total-core,additive,2026,100.0,primary-clean,transferred_score_red_win_probability,2,92,0.24848441643228183,0.30434782608695654
official-total-core,additive,2026,100.0,primary-clean,transferred_score_red_win_probability,3,83,0.35168460497291015,0.3493975903614458
official-total-core,additive,2026,100.0,primary-clean,transferred_score_red_win_probability,4,76,0.4561732695219465,0.3815789473684211
official-total-core,additive,2026,100.0,primary-clean,transferred_score_red_win_probability,5,76,0.5471419284941671,0.4342105263157895
official-total-core,additive,2026,100.0,primary-clean,transferred_score_red_win_probability,6,100,0.6486482061238195,0.59
official-total-core,additive,2026,100.0,primary-clean,transferred_score_red_win_probability,7,112,0.7489968038256195,0.625
official-total-core,additive,2026,100.0,primary-clean,transferred_score_red_win_probability,8,137,0.8528350921776701,0.7591240875912408
official-total-core,additive,2026,100.0,primary-clean,transferred_score_red_win_probability,9,205,0.9566902501860958,0.9121951219512195
official-total-core,additive,2026,100.0,all-official,raw_pred_red_win_probability,0,309,0.024832986932411105,0.21035598705501618
official-total-core,additive,2026,100.0,all-official,raw_pred_red_win_probability,1,83,0.1469807084425386,0.39759036144578314
official-total-core,additive,2026,100.0,all-official,raw_pred_red_win_probability,2,52,0.25210291147232056,0.46153846153846156
official-total-core,additive,2026,100.0,all-official,raw_pred_red_win_probability,3,40,0.3477167166769505,0.4
official-total-core,additive,2026,100.0,all-official,raw_pred_red_win_probability,4,50,0.4591778641939163,0.52
official-total-core,additive,2026,100.0,all-official,raw_pred_red_win_probability,5,50,0.5477208137512207,0.54
official-total-core,additive,2026,100.0,all-official,raw_pred_red_win_probability,6,50,0.6525173318386078,0.52
official-total-core,additive,2026,100.0,all-official,raw_pred_red_win_probability,7,39,0.7601543313417679,0.5384615384615384
official-total-core,additive,2026,100.0,all-official,raw_pred_red_win_probability,8,77,0.8492264376058207,0.6753246753246753
official-total-core,additive,2026,100.0,all-official,raw_pred_red_win_probability,9,356,0.9743015997195512,0.8089887640449438
official-total-core,additive,2026,100.0,all-official,transferred_platt_red_win_probability,0,45,0.06576565300764854,0.06666666666666667
official-total-core,additive,2026,100.0,all-official,transferred_platt_red_win_probability,1,91,0.15568790498167082,0.21978021978021978
official-total-core,additive,2026,100.0,all-official,transferred_platt_red_win_probability,2,106,0.24704672400616814,0.25471698113207547
official-total-core,additive,2026,100.0,all-official,transferred_platt_red_win_probability,3,135,0.3540978107566697,0.3037037037037037
official-total-core,additive,2026,100.0,all-official,transferred_platt_red_win_probability,4,114,0.4493742340803209,0.43859649122807015
official-total-core,additive,2026,100.0,all-official,transferred_platt_red_win_probability,5,152,0.5452480346941637,0.5394736842105263
official-total-core,additive,2026,100.0,all-official,transferred_platt_red_win_probability,6,128,0.6525443182745572,0.625
official-total-core,additive,2026,100.0,all-official,transferred_platt_red_win_probability,7,143,0.7467364236700069,0.6993006993006993
official-total-core,additive,2026,100.0,all-official,transferred_platt_red_win_probability,8,120,0.8467374095628656,0.875
official-total-core,additive,2026,100.0,all-official,transferred_platt_red_win_probability,9,72,0.9365729350325674,0.9722222222222222
official-total-core,additive,2026,100.0,all-official,transferred_score_red_win_probability,0,129,0.04953724470328953,0.07751937984496124
official-total-core,additive,2026,100.0,all-official,transferred_score_red_win_probability,1,96,0.15306147311681137,0.3020833333333333
official-total-core,additive,2026,100.0,all-official,transferred_score_red_win_probability,2,92,0.24848441643228183,0.30434782608695654
official-total-core,additive,2026,100.0,all-official,transferred_score_red_win_probability,3,83,0.35168460497291015,0.3493975903614458
official-total-core,additive,2026,100.0,all-official,transferred_score_red_win_probability,4,76,0.4561732695219465,0.3815789473684211
official-total-core,additive,2026,100.0,all-official,transferred_score_red_win_probability,5,76,0.5471419284941671,0.4342105263157895
official-total-core,additive,2026,100.0,all-official,transferred_score_red_win_probability,6,100,0.6486482061238195,0.59
official-total-core,additive,2026,100.0,all-official,transferred_score_red_win_probability,7,112,0.7489968038256195,0.625
official-total-core,additive,2026,100.0,all-official,transferred_score_red_win_probability,8,137,0.8528350921776701,0.7591240875912408
official-total-core,additive,2026,100.0,all-official,transferred_score_red_win_probability,9,205,0.9566902501860958,0.9121951219512195
official-total-core,additive,2026,100.0,DQ-only,raw_pred_red_win_probability,0,0,,
official-total-core,additive,2026,100.0,DQ-only,raw_pred_red_win_probability,1,0,,
official-total-core,additive,2026,100.0,DQ-only,raw_pred_red_win_probability,2,0,,
official-total-core,additive,2026,100.0,DQ-only,raw_pred_red_win_probability,3,0,,
official-total-core,additive,2026,100.0,DQ-only,raw_pred_red_win_probability,4,0,,
official-total-core,additive,2026,100.0,DQ-only,raw_pred_red_win_probability,5,0,,
official-total-core,additive,2026,100.0,DQ-only,raw_pred_red_win_probability,6,0,,
official-total-core,additive,2026,100.0,DQ-only,raw_pred_red_win_probability,7,0,,
official-total-core,additive,2026,100.0,DQ-only,raw_pred_red_win_probability,8,0,,
official-total-core,additive,2026,100.0,DQ-only,raw_pred_red_win_probability,9,0,,
official-total-core,additive,2026,100.0,DQ-only,transferred_platt_red_win_probability,0,0,,
official-total-core,additive,2026,100.0,DQ-only,transferred_platt_red_win_probability,1,0,,
official-total-core,additive,2026,100.0,DQ-only,transferred_platt_red_win_probability,2,0,,
official-total-core,additive,2026,100.0,DQ-only,transferred_platt_red_win_probability,3,0,,
official-total-core,additive,2026,100.0,DQ-only,transferred_platt_red_win_probability,4,0,,
official-total-core,additive,2026,100.0,DQ-only,transferred_platt_red_win_probability,5,0,,
official-total-core,additive,2026,100.0,DQ-only,transferred_platt_red_win_probability,6,0,,
official-total-core,additive,2026,100.0,DQ-only,transferred_platt_red_win_probability,7,0,,
official-total-core,additive,2026,100.0,DQ-only,transferred_platt_red_win_probability,8,0,,
official-total-core,additive,2026,100.0,DQ-only,transferred_platt_red_win_probability,9,0,,
official-total-core,additive,2026,100.0,DQ-only,transferred_score_red_win_probability,0,0,,
official-total-core,additive,2026,100.0,DQ-only,transferred_score_red_win_probability,1,0,,
official-total-core,additive,2026,100.0,DQ-only,transferred_score_red_win_probability,2,0,,
official-total-core,additive,2026,100.0,DQ-only,transferred_score_red_win_probability,3,0,,
official-total-core,additive,2026,100.0,DQ-only,transferred_score_red_win_probability,4,0,,
official-total-core,additive,2026,100.0,DQ-only,transferred_score_red_win_probability,5,0,,
official-total-core,additive,2026,100.0,DQ-only,transferred_score_red_win_probability,6,0,,
official-total-core,additive,2026,100.0,DQ-only,transferred_score_red_win_probability,7,0,,
official-total-core,additive,2026,100.0,DQ-only,transferred_score_red_win_probability,8,0,,
official-total-core,additive,2026,100.0,DQ-only,transferred_score_red_win_probability,9,0,,
official-total-core,additive,2026,100.0,surrogate-only,raw_pred_red_win_probability,0,1,5.277090531308204e-05,0.0
official-total-core,additive,2026,100.0,surrogate-only,raw_pred_red_win_probability,1,0,,
official-total-core,additive,2026,100.0,surrogate-only,raw_pred_red_win_probability,2,1,0.2985064685344696,0.0
official-total-core,additive,2026,100.0,surrogate-only,raw_pred_red_win_probability,3,0,,
official-total-core,additive,2026,100.0,surrogate-only,raw_pred_red_win_probability,4,0,,
official-total-core,additive,2026,100.0,surrogate-only,raw_pred_red_win_probability,5,0,,
official-total-core,additive,2026,100.0,surrogate-only,raw_pred_red_win_probability,6,0,,
official-total-core,additive,2026,100.0,surrogate-only,raw_pred_red_win_probability,7,0,,
official-total-core,additive,2026,100.0,surrogate-only,raw_pred_red_win_probability,8,0,,
official-total-core,additive,2026,100.0,surrogate-only,raw_pred_red_win_probability,9,4,0.9599776864051819,1.0
official-total-core,additive,2026,100.0,surrogate-only,transferred_platt_red_win_probability,0,1,0.046975300169716815,0.0
official-total-core,additive,2026,100.0,surrogate-only,transferred_platt_red_win_probability,1,0,,
official-total-core,additive,2026,100.0,surrogate-only,transferred_platt_red_win_probability,2,0,,
official-total-core,additive,2026,100.0,surrogate-only,transferred_platt_red_win_probability,3,0,,
official-total-core,additive,2026,100.0,surrogate-only,transferred_platt_red_win_probability,4,1,0.4556565453986969,0.0
official-total-core,additive,2026,100.0,surrogate-only,transferred_platt_red_win_probability,5,0,,
official-total-core,additive,2026,100.0,surrogate-only,transferred_platt_red_win_probability,6,0,,
official-total-core,additive,2026,100.0,surrogate-only,transferred_platt_red_win_probability,7,4,0.753265637284387,1.0
official-total-core,additive,2026,100.0,surrogate-only,transferred_platt_red_win_probability,8,0,,
official-total-core,additive,2026,100.0,surrogate-only,transferred_platt_red_win_probability,9,0,,
official-total-core,additive,2026,100.0,surrogate-only,transferred_score_red_win_probability,0,1,0.009878402574524905,0.0
official-total-core,additive,2026,100.0,surrogate-only,transferred_score_red_win_probability,1,0,,
official-total-core,additive,2026,100.0,surrogate-only,transferred_score_red_win_probability,2,0,,
official-total-core,additive,2026,100.0,surrogate-only,transferred_score_red_win_probability,3,0,,
official-total-core,additive,2026,100.0,surrogate-only,transferred_score_red_win_probability,4,1,0.4761686041878024,0.0
official-total-core,additive,2026,100.0,surrogate-only,transferred_score_red_win_probability,5,0,,
official-total-core,additive,2026,100.0,surrogate-only,transferred_score_red_win_probability,6,0,,
official-total-core,additive,2026,100.0,surrogate-only,transferred_score_red_win_probability,7,0,,
official-total-core,additive,2026,100.0,surrogate-only,transferred_score_red_win_probability,8,2,0.8709913016057909,1.0
official-total-core,additive,2026,100.0,surrogate-only,transferred_score_red_win_probability,9,2,0.9126976609695391,1.0
official-total-core,additive,2026,100.0,division:2026arc,raw_pred_red_win_probability,0,36,0.022191531269596807,0.2777777777777778
official-total-core,additive,2026,100.0,division:2026arc,raw_pred_red_win_probability,1,6,0.1416724200050036,0.16666666666666666
official-total-core,additive,2026,100.0,division:2026arc,raw_pred_red_win_probability,2,1,0.2368478775024414,1.0
official-total-core,additive,2026,100.0,division:2026arc,raw_pred_red_win_probability,3,3,0.3393881022930145,0.3333333333333333
official-total-core,additive,2026,100.0,division:2026arc,raw_pred_red_win_probability,4,10,0.45696098208427427,0.5
official-total-core,additive,2026,100.0,division:2026arc,raw_pred_red_win_probability,5,10,0.545788186788559,0.4
official-total-core,additive,2026,100.0,division:2026arc,raw_pred_red_win_probability,6,6,0.6561285157998403,0.16666666666666666
official-total-core,additive,2026,100.0,division:2026arc,raw_pred_red_win_probability,7,11,0.7602295875549316,0.36363636363636365
official-total-core,additive,2026,100.0,division:2026arc,raw_pred_red_win_probability,8,11,0.8442537405274131,0.7272727272727273
official-total-core,additive,2026,100.0,division:2026arc,raw_pred_red_win_probability,9,46,0.9798382417015408,0.7608695652173914
official-total-core,additive,2026,100.0,division:2026arc,transferred_platt_red_win_probability,0,8,0.06901609955390889,0.0
official-total-core,additive,2026,100.0,division:2026arc,transferred_platt_red_win_probability,1,10,0.14750128318479755,0.5
official-total-core,additive,2026,100.0,division:2026arc,transferred_platt_red_win_probability,2,10,0.2572056263746851,0.3
official-total-core,additive,2026,100.0,division:2026arc,transferred_platt_red_win_probability,3,14,0.3443670151710127,0.21428571428571427
official-total-core,additive,2026,100.0,division:2026arc,transferred_platt_red_win_probability,4,6,0.47261144774819547,0.5
official-total-core,additive,2026,100.0,division:2026arc,transferred_platt_red_win_probability,5,25,0.5400725616357088,0.36
official-total-core,additive,2026,100.0,division:2026arc,transferred_platt_red_win_probability,6,24,0.6416745474364979,0.5833333333333334
official-total-core,additive,2026,100.0,division:2026arc,transferred_platt_red_win_probability,7,18,0.7671369680927023,0.6111111111111112
official-total-core,additive,2026,100.0,division:2026arc,transferred_platt_red_win_probability,8,13,0.8478999930470679,0.8461538461538461
official-total-core,additive,2026,100.0,division:2026arc,transferred_platt_red_win_probability,9,12,0.9480306989534665,0.9166666666666666
official-total-core,additive,2026,100.0,division:2026arc,transferred_score_red_win_probability,0,17,0.047075273240248454,0.058823529411764705
official-total-core,additive,2026,100.0,division:2026arc,transferred_score_red_win_probability,1,8,0.15044144227454076,0.625
official-total-core,additive,2026,100.0,division:2026arc,transferred_score_red_win_probability,2,8,0.2571877079397047,0.25
official-total-core,additive,2026,100.0,division:2026arc,transferred_score_red_win_probability,3,15,0.35529114665337563,0.26666666666666666
official-total-core,additive,2026,100.0,division:2026arc,transferred_score_red_win_probability,4,8,0.4627086058148726,0.25
official-total-core,additive,2026,100.0,division:2026arc,transferred_score_red_win_probability,5,11,0.5504146812795998,0.18181818181818182
official-total-core,additive,2026,100.0,division:2026arc,transferred_score_red_win_probability,6,13,0.6561912633564041,0.5384615384615384
official-total-core,additive,2026,100.0,division:2026arc,transferred_score_red_win_probability,7,8,0.7599286871271124,0.625
official-total-core,additive,2026,100.0,division:2026arc,transferred_score_red_win_probability,8,22,0.8547097403488539,0.7727272727272727
official-total-core,additive,2026,100.0,division:2026arc,transferred_score_red_win_probability,9,30,0.9580789788339441,0.8333333333333334
official-total-core,additive,2026,100.0,division:2026cur,raw_pred_red_win_probability,0,34,0.028100608305762494,0.20588235294117646
official-total-core,additive,2026,100.0,division:2026cur,raw_pred_red_win_probability,1,10,0.15920775830745698,0.4
official-total-core,additive,2026,100.0,division:2026cur,raw_pred_red_win_probability,2,8,0.2510204389691353,0.5
official-total-core,additive,2026,100.0,division:2026cur,raw_pred_red_win_probability,3,7,0.3554143990789141,0.42857142857142855
official-total-core,additive,2026,100.0,division:2026cur,raw_pred_red_win_probability,4,6,0.4706288625796636,0.6666666666666666
official-total-core,additive,2026,100.0,division:2026cur,raw_pred_red_win_probability,5,5,0.5393187642097473,0.4
official-total-core,additive,2026,100.0,division:2026cur,raw_pred_red_win_probability,6,9,0.6484285725487603,0.4444444444444444
official-total-core,additive,2026,100.0,division:2026cur,raw_pred_red_win_probability,7,4,0.7750810831785202,0.75
official-total-core,additive,2026,100.0,division:2026cur,raw_pred_red_win_probability,8,12,0.8462111304203669,0.75
official-total-core,additive,2026,100.0,division:2026cur,raw_pred_red_win_probability,9,41,0.9724841961046544,0.8536585365853658
official-total-core,additive,2026,100.0,division:2026cur,transferred_platt_red_win_probability,0,6,0.079836933460939,0.16666666666666666
official-total-core,additive,2026,100.0,division:2026cur,transferred_platt_red_win_probability,1,8,0.1652293044903831,0.0
official-total-core,additive,2026,100.0,division:2026cur,transferred_platt_red_win_probability,2,12,0.2573157159136502,0.4166666666666667
official-total-core,additive,2026,100.0,division:2026cur,transferred_platt_red_win_probability,3,15,0.35560004135753714,0.26666666666666666
official-total-core,additive,2026,100.0,division:2026cur,transferred_platt_red_win_probability,4,19,0.449888874335516,0.42105263157894735
official-total-core,additive,2026,100.0,division:2026cur,transferred_platt_red_win_probability,5,20,0.549617231228083,0.55
official-total-core,additive,2026,100.0,division:2026cur,transferred_platt_red_win_probability,6,17,0.6536577980718161,0.7058823529411765
official-total-core,additive,2026,100.0,division:2026cur,transferred_platt_red_win_probability,7,18,0.7412381979675479,0.7222222222222222
official-total-core,additive,2026,100.0,division:2026cur,transferred_platt_red_win_probability,8,17,0.8545268155326182,1.0
official-total-core,additive,2026,100.0,division:2026cur,transferred_platt_red_win_probability,9,4,0.9266886150322409,1.0
official-total-core,additive,2026,100.0,division:2026cur,transferred_score_red_win_probability,0,12,0.03805360162890434,0.08333333333333333
official-total-core,additive,2026,100.0,division:2026cur,transferred_score_red_win_probability,1,12,0.15130424988764435,0.25
official-total-core,additive,2026,100.0,division:2026cur,transferred_score_red_win_probability,2,14,0.23786432387972564,0.2857142857142857
official-total-core,additive,2026,100.0,division:2026cur,transferred_score_red_win_probability,3,11,0.3624130328357231,0.36363636363636365
official-total-core,additive,2026,100.0,division:2026cur,transferred_score_red_win_probability,4,13,0.45301175545805283,0.46153846153846156
official-total-core,additive,2026,100.0,division:2026cur,transferred_score_red_win_probability,5,9,0.5514261430138786,0.6666666666666666
official-total-core,additive,2026,100.0,division:2026cur,transferred_score_red_win_probability,6,11,0.6405276940842071,0.36363636363636365
official-total-core,additive,2026,100.0,division:2026cur,transferred_score_red_win_probability,7,14,0.7544890725381698,0.7142857142857143
official-total-core,additive,2026,100.0,division:2026cur,transferred_score_red_win_probability,8,16,0.8526010286655009,0.875
official-total-core,additive,2026,100.0,division:2026cur,transferred_score_red_win_probability,9,24,0.9632604991637242,0.9583333333333334
official-total-core,additive,2026,100.0,division:2026dal,raw_pred_red_win_probability,0,42,0.03201071926746192,0.11904761904761904
official-total-core,additive,2026,100.0,division:2026dal,raw_pred_red_win_probability,1,11,0.14846330948851325,0.5454545454545454
official-total-core,additive,2026,100.0,division:2026dal,raw_pred_red_win_probability,2,9,0.2585534155368805,0.4444444444444444
official-total-core,additive,2026,100.0,division:2026dal,raw_pred_red_win_probability,3,7,0.36362179688044954,0.2857142857142857
official-total-core,additive,2026,100.0,division:2026dal,raw_pred_red_win_probability,4,4,0.4611927196383476,0.25
official-total-core,additive,2026,100.0,division:2026dal,raw_pred_red_win_probability,5,7,0.5540648869105748,0.7142857142857143
official-total-core,additive,2026,100.0,division:2026dal,raw_pred_red_win_probability,6,5,0.6642259001731873,0.6
official-total-core,additive,2026,100.0,division:2026dal,raw_pred_red_win_probability,7,4,0.7479385435581207,0.5
official-total-core,additive,2026,100.0,division:2026dal,raw_pred_red_win_probability,8,6,0.8499349057674408,0.6666666666666666
official-total-core,additive,2026,100.0,division:2026dal,raw_pred_red_win_probability,9,43,0.9724875286568043,0.7906976744186046
official-total-core,additive,2026,100.0,division:2026dal,transferred_platt_red_win_probability,0,4,0.05080952743088774,0.0
official-total-core,additive,2026,100.0,division:2026dal,transferred_platt_red_win_probability,1,10,0.1717647618292282,0.2
official-total-core,additive,2026,100.0,division:2026dal,transferred_platt_red_win_probability,2,17,0.24610677853672355,0.11764705882352941
official-total-core,additive,2026,100.0,division:2026dal,transferred_platt_red_win_probability,3,20,0.35671700153151575,0.3
official-total-core,additive,2026,100.0,division:2026dal,transferred_platt_red_win_probability,4,18,0.4507501306040173,0.3888888888888889
official-total-core,additive,2026,100.0,division:2026dal,transferred_platt_red_win_probability,5,18,0.5498793705147301,0.5555555555555556
official-total-core,additive,2026,100.0,division:2026dal,transferred_platt_red_win_probability,6,11,0.6581866427850891,0.6363636363636364
official-total-core,additive,2026,100.0,division:2026dal,transferred_platt_red_win_probability,7,17,0.745083439430195,0.5882352941176471
official-total-core,additive,2026,100.0,division:2026dal,transferred_platt_red_win_probability,8,11,0.8394369629794155,0.9090909090909091
official-total-core,additive,2026,100.0,division:2026dal,transferred_platt_red_win_probability,9,12,0.947513094730006,1.0
official-total-core,additive,2026,100.0,division:2026dal,transferred_score_red_win_probability,0,14,0.058153063097371074,0.0
official-total-core,additive,2026,100.0,division:2026dal,transferred_score_red_win_probability,1,12,0.1536418614247348,0.16666666666666666
official-total-core,additive,2026,100.0,division:2026dal,transferred_score_red_win_probability,2,12,0.23831086133407517,0.16666666666666666
official-total-core,additive,2026,100.0,division:2026dal,transferred_score_red_win_probability,3,12,0.35220446512910947,0.4166666666666667
official-total-core,additive,2026,100.0,division:2026dal,transferred_score_red_win_probability,4,10,0.4510474414879753,0.4
official-total-core,additive,2026,100.0,division:2026dal,transferred_score_red_win_probability,5,15,0.5483798255356959,0.3333333333333333
official-total-core,additive,2026,100.0,division:2026dal,transferred_score_red_win_probability,6,9,0.6497944367457441,0.5555555555555556
official-total-core,additive,2026,100.0,division:2026dal,transferred_score_red_win_probability,7,19,0.7496718039933609,0.5789473684210527
official-total-core,additive,2026,100.0,division:2026dal,transferred_score_red_win_probability,8,10,0.8303252861828403,0.7
official-total-core,additive,2026,100.0,division:2026dal,transferred_score_red_win_probability,9,25,0.9665241653690774,1.0
official-total-core,additive,2026,100.0,division:2026gal,raw_pred_red_win_probability,0,34,0.026260882035170224,0.2647058823529412
official-total-core,additive,2026,100.0,division:2026gal,raw_pred_red_win_probability,1,13,0.1306506601663736,0.6153846153846154
official-total-core,additive,2026,100.0,division:2026gal,raw_pred_red_win_probability,2,6,0.25111111005147296,0.3333333333333333
official-total-core,additive,2026,100.0,division:2026gal,raw_pred_red_win_probability,3,4,0.3409287706017494,0.5
official-total-core,additive,2026,100.0,division:2026gal,raw_pred_red_win_probability,4,2,0.49185220897197723,0.5
official-total-core,additive,2026,100.0,division:2026gal,raw_pred_red_win_probability,5,9,0.5435462726487054,0.5555555555555556
official-total-core,additive,2026,100.0,division:2026gal,raw_pred_red_win_probability,6,10,0.646879893541336,0.7
official-total-core,additive,2026,100.0,division:2026gal,raw_pred_red_win_probability,7,7,0.7548870614596775,0.42857142857142855
official-total-core,additive,2026,100.0,division:2026gal,raw_pred_red_win_probability,8,14,0.8494566466127124,0.7142857142857143
official-total-core,additive,2026,100.0,division:2026gal,raw_pred_red_win_probability,9,39,0.9738160570462545,0.8461538461538461
official-total-core,additive,2026,100.0,division:2026gal,transferred_platt_red_win_probability,0,4,0.07159561359909344,0.0
official-total-core,additive,2026,100.0,division:2026gal,transferred_platt_red_win_probability,1,9,0.1401329790617557,0.3333333333333333
official-total-core,additive,2026,100.0,division:2026gal,transferred_platt_red_win_probability,2,12,0.24193164490772703,0.25
official-total-core,additive,2026,100.0,division:2026gal,transferred_platt_red_win_probability,3,21,0.35235179008959117,0.5238095238095238
official-total-core,additive,2026,100.0,division:2026gal,transferred_platt_red_win_probability,4,11,0.4459911513010386,0.36363636363636365
official-total-core,additive,2026,100.0,division:2026gal,transferred_platt_red_win_probability,5,23,0.5548511665545613,0.6086956521739131
official-total-core,additive,2026,100.0,division:2026gal,transferred_platt_red_win_probability,6,20,0.6470707732855068,0.65
official-total-core,additive,2026,100.0,division:2026gal,transferred_platt_red_win_probability,7,16,0.7376945066030225,0.8125
official-total-core,additive,2026,100.0,division:2026gal,transferred_platt_red_win_probability,8,16,0.8442130025281925,0.8125
official-total-core,additive,2026,100.0,division:2026gal,transferred_platt_red_win_probability,9,6,0.926778184249713,1.0
official-total-core,additive,2026,100.0,division:2026gal,transferred_score_red_win_probability,0,16,0.0599462849897777,0.125
official-total-core,additive,2026,100.0,division:2026gal,transferred_score_red_win_probability,1,12,0.15203023814590766,0.3333333333333333
official-total-core,additive,2026,100.0,division:2026gal,transferred_score_red_win_probability,2,10,0.2702201596945114,0.6
official-total-core,additive,2026,100.0,division:2026gal,transferred_score_red_win_probability,3,10,0.34868414040416934,0.5
official-total-core,additive,2026,100.0,division:2026gal,transferred_score_red_win_probability,4,7,0.4586004416764259,0.5714285714285714
official-total-core,additive,2026,100.0,division:2026gal,transferred_score_red_win_probability,5,8,0.5371877369386998,0.625
official-total-core,additive,2026,100.0,division:2026gal,transferred_score_red_win_probability,6,17,0.651478854964486,0.5882352941176471
official-total-core,additive,2026,100.0,division:2026gal,transferred_score_red_win_probability,7,16,0.7292929679903086,0.625
official-total-core,additive,2026,100.0,division:2026gal,transferred_score_red_win_probability,8,21,0.854781714092579,0.7619047619047619
official-total-core,additive,2026,100.0,division:2026gal,transferred_score_red_win_probability,9,21,0.9460751449461827,0.8571428571428571
official-total-core,additive,2026,100.0,division:2026hop,raw_pred_red_win_probability,0,40,0.02527518233456476,0.175
official-total-core,additive,2026,100.0,division:2026hop,raw_pred_red_win_probability,1,9,0.1593208760023117,0.2222222222222222
official-total-core,additive,2026,100.0,division:2026hop,raw_pred_red_win_probability,2,9,0.2661581320895089,0.4444444444444444
official-total-core,additive,2026,100.0,division:2026hop,raw_pred_red_win_probability,3,5,0.34330933094024657,0.2
official-total-core,additive,2026,100.0,division:2026hop,raw_pred_red_win_probability,4,6,0.4343949506680171,0.5
official-total-core,additive,2026,100.0,division:2026hop,raw_pred_red_win_probability,5,3,0.5381053884824117,0.6666666666666666
official-total-core,additive,2026,100.0,division:2026hop,raw_pred_red_win_probability,6,6,0.654496302207311,0.5
official-total-core,additive,2026,100.0,division:2026hop,raw_pred_red_win_probability,7,3,0.7623406648635864,0.6666666666666666
official-total-core,additive,2026,100.0,division:2026hop,raw_pred_red_win_probability,8,7,0.8418374742780413,0.14285714285714285
official-total-core,additive,2026,100.0,division:2026hop,raw_pred_red_win_probability,9,52,0.9714632653273069,0.8461538461538461
official-total-core,additive,2026,100.0,division:2026hop,transferred_platt_red_win_probability,0,7,0.0640631029239421,0.14285714285714285
official-total-core,additive,2026,100.0,division:2026hop,transferred_platt_red_win_probability,1,14,0.1582239296293028,0.14285714285714285
official-total-core,additive,2026,100.0,division:2026hop,transferred_platt_red_win_probability,2,8,0.24329186241280815,0.125
official-total-core,additive,2026,100.0,division:2026hop,transferred_platt_red_win_probability,3,16,0.34275021157031255,0.1875
official-total-core,additive,2026,100.0,division:2026hop,transferred_platt_red_win_probability,4,21,0.4503626614931423,0.42857142857142855
official-total-core,additive,2026,100.0,division:2026hop,transferred_platt_red_win_probability,5,12,0.5473894854175027,0.5
official-total-core,additive,2026,100.0,division:2026hop,transferred_platt_red_win_probability,6,15,0.6583521117416843,0.4666666666666667
official-total-core,additive,2026,100.0,division:2026hop,transferred_platt_red_win_probability,7,19,0.7437488736740205,0.7368421052631579
official-total-core,additive,2026,100.0,division:2026hop,transferred_platt_red_win_probability,8,20,0.8413882062059704,0.9
official-total-core,additive,2026,100.0,division:2026hop,transferred_platt_red_win_probability,9,8,0.9344949302551258,1.0
official-total-core,additive,2026,100.0,division:2026hop,transferred_score_red_win_probability,0,18,0.04801773712300508,0.1111111111111111
official-total-core,additive,2026,100.0,division:2026hop,transferred_score_red_win_probability,1,12,0.1607744149222269,0.16666666666666666
official-total-core,additive,2026,100.0,division:2026hop,transferred_score_red_win_probability,2,15,0.2427573721662191,0.3333333333333333
official-total-core,additive,2026,100.0,division:2026hop,transferred_score_red_win_probability,3,5,0.359455838848106,0.0
official-total-core,additive,2026,100.0,division:2026hop,transferred_score_red_win_probability,4,10,0.46563525039074694,0.4
official-total-core,additive,2026,100.0,division:2026hop,transferred_score_red_win_probability,5,12,0.5386437533781671,0.4166666666666667
official-total-core,additive,2026,100.0,division:2026hop,transferred_score_red_win_probability,6,11,0.6579250281291608,0.7272727272727273
official-total-core,additive,2026,100.0,division:2026hop,transferred_score_red_win_probability,7,9,0.7548789271441457,0.3333333333333333
official-total-core,additive,2026,100.0,division:2026hop,transferred_score_red_win_probability,8,18,0.8564151712733101,0.6666666666666666
official-total-core,additive,2026,100.0,division:2026hop,transferred_score_red_win_probability,9,30,0.953922417582962,0.9333333333333333
official-total-core,additive,2026,100.0,division:2026joh,raw_pred_red_win_probability,0,42,0.020257467954679885,0.21428571428571427
official-total-core,additive,2026,100.0,division:2026joh,raw_pred_red_win_probability,1,11,0.14682643792845987,0.45454545454545453
official-total-core,additive,2026,100.0,division:2026joh,raw_pred_red_win_probability,2,6,0.2674984335899353,0.5
official-total-core,additive,2026,100.0,division:2026joh,raw_pred_red_win_probability,3,4,0.33103496581315994,0.75
official-total-core,additive,2026,100.0,division:2026joh,raw_pred_red_win_probability,4,8,0.4656534753739834,0.625
official-total-core,additive,2026,100.0,division:2026joh,raw_pred_red_win_probability,5,3,0.5445414781570435,0.6666666666666666
official-total-core,additive,2026,100.0,division:2026joh,raw_pred_red_win_probability,6,6,0.6571350991725922,0.5
official-total-core,additive,2026,100.0,division:2026joh,raw_pred_red_win_probability,7,4,0.751505434513092,1.0
official-total-core,additive,2026,100.0,division:2026joh,raw_pred_red_win_probability,8,4,0.8737065643072128,0.75
official-total-core,additive,2026,100.0,division:2026joh,raw_pred_red_win_probability,9,50,0.974447934627533,0.78
official-total-core,additive,2026,100.0,division:2026joh,transferred_platt_red_win_probability,0,7,0.05413660896718701,0.0
official-total-core,additive,2026,100.0,division:2026joh,transferred_platt_red_win_probability,1,13,0.15302483813423023,0.23076923076923078
official-total-core,additive,2026,100.0,division:2026joh,transferred_platt_red_win_probability,2,16,0.24361431222130944,0.375
official-total-core,additive,2026,100.0,division:2026joh,transferred_platt_red_win_probability,3,16,0.3629398906375044,0.3125
official-total-core,additive,2026,100.0,division:2026joh,transferred_platt_red_win_probability,4,11,0.449319368652078,0.5454545454545454
official-total-core,additive,2026,100.0,division:2026joh,transferred_platt_red_win_probability,5,19,0.5442012610691248,0.631578947368421
official-total-core,additive,2026,100.0,division:2026joh,transferred_platt_red_win_probability,6,8,0.6635077218250808,0.75
official-total-core,additive,2026,100.0,division:2026joh,transferred_platt_red_win_probability,7,23,0.7483334303185051,0.782608695652174
official-total-core,additive,2026,100.0,division:2026joh,transferred_platt_red_win_probability,8,15,0.8509964889923798,0.7333333333333333
official-total-core,additive,2026,100.0,division:2026joh,transferred_platt_red_win_probability,9,10,0.9238917874520544,0.9
official-total-core,additive,2026,100.0,division:2026joh,transferred_score_red_win_probability,0,20,0.0425757248737682,0.1
official-total-core,additive,2026,100.0,division:2026joh,transferred_score_red_win_probability,1,13,0.1456227475439377,0.38461538461538464
official-total-core,additive,2026,100.0,division:2026joh,transferred_score_red_win_probability,2,10,0.24538406503643703,0.2
official-total-core,additive,2026,100.0,division:2026joh,transferred_score_red_win_probability,3,7,0.34777756576365565,0.2857142857142857
official-total-core,additive,2026,100.0,division:2026joh,transferred_score_red_win_probability,4,6,0.4383272332158346,0.16666666666666666
official-total-core,additive,2026,100.0,division:2026joh,transferred_score_red_win_probability,5,8,0.571917274403605,0.75
official-total-core,additive,2026,100.0,division:2026joh,transferred_score_red_win_probability,6,14,0.6453573258535424,0.8571428571428571
official-total-core,additive,2026,100.0,division:2026joh,transferred_score_red_win_probability,7,21,0.7507445332677039,0.6666666666666666
official-total-core,additive,2026,100.0,division:2026joh,transferred_score_red_win_probability,8,13,0.8581127860160401,0.7692307692307693
official-total-core,additive,2026,100.0,division:2026joh,transferred_score_red_win_probability,9,26,0.9559851106958631,0.8461538461538461
official-total-core,additive,2026,100.0,division:2026mil,raw_pred_red_win_probability,0,46,0.016760485655654717,0.2391304347826087
official-total-core,additive,2026,100.0,division:2026mil,raw_pred_red_win_probability,1,8,0.15567312203347683,0.25
official-total-core,additive,2026,100.0,division:2026mil,raw_pred_red_win_probability,2,5,0.22128786742687226,0.4
official-total-core,additive,2026,100.0,division:2026mil,raw_pred_red_win_probability,3,8,0.3418279103934765,0.375
official-total-core,additive,2026,100.0,division:2026mil,raw_pred_red_win_probability,4,6,0.4526170442501704,0.6666666666666666
official-total-core,additive,2026,100.0,division:2026mil,raw_pred_red_win_probability,5,6,0.5520971318085989,0.3333333333333333
official-total-core,additive,2026,100.0,division:2026mil,raw_pred_red_win_probability,6,3,0.655059019724528,1.0
official-total-core,additive,2026,100.0,division:2026mil,raw_pred_red_win_probability,7,0,,
official-total-core,additive,2026,100.0,division:2026mil,raw_pred_red_win_probability,8,10,0.8514279007911683,0.8
official-total-core,additive,2026,100.0,division:2026mil,raw_pred_red_win_probability,9,44,0.9777595969763669,0.7727272727272727
official-total-core,additive,2026,100.0,division:2026mil,transferred_platt_red_win_probability,0,5,0.07396204010780622,0.0
official-total-core,additive,2026,100.0,division:2026mil,transferred_platt_red_win_probability,1,17,0.15652872343234905,0.17647058823529413
official-total-core,additive,2026,100.0,division:2026mil,transferred_platt_red_win_probability,2,19,0.2354755971522261,0.2631578947368421
official-total-core,additive,2026,100.0,division:2026mil,transferred_platt_red_win_probability,3,12,0.3610663018238382,0.3333333333333333
official-total-core,additive,2026,100.0,division:2026mil,transferred_platt_red_win_probability,4,15,0.45260876159270286,0.4
official-total-core,additive,2026,100.0,division:2026mil,transferred_platt_red_win_probability,5,14,0.5358813835353958,0.6428571428571429
official-total-core,additive,2026,100.0,division:2026mil,transferred_platt_red_win_probability,6,13,0.6645930188826893,0.6923076923076923
official-total-core,additive,2026,100.0,division:2026mil,transferred_platt_red_win_probability,7,14,0.7481188752799862,0.5714285714285714
official-total-core,additive,2026,100.0,division:2026mil,transferred_platt_red_win_probability,8,14,0.8497518931206967,0.8571428571428571
official-total-core,additive,2026,100.0,division:2026mil,transferred_platt_red_win_probability,9,13,0.9380034018306578,1.0
official-total-core,additive,2026,100.0,division:2026mil,transferred_score_red_win_probability,0,19,0.047802422981131444,0.05263157894736842
official-total-core,additive,2026,100.0,division:2026mil,transferred_score_red_win_probability,1,15,0.15460349178211494,0.4
official-total-core,additive,2026,100.0,division:2026mil,transferred_score_red_win_probability,2,11,0.25341651344010735,0.2727272727272727
official-total-core,additive,2026,100.0,division:2026mil,transferred_score_red_win_probability,3,10,0.3509950265515437,0.3
official-total-core,additive,2026,100.0,division:2026mil,transferred_score_red_win_probability,4,14,0.453704186303522,0.21428571428571427
official-total-core,additive,2026,100.0,division:2026mil,transferred_score_red_win_probability,5,8,0.5415540306781079,0.25
official-total-core,additive,2026,100.0,division:2026mil,transferred_score_red_win_probability,6,5,0.6615042817712691,0.8
official-total-core,additive,2026,100.0,division:2026mil,transferred_score_red_win_probability,7,10,0.7468881068206961,0.7
official-total-core,additive,2026,100.0,division:2026mil,transferred_score_red_win_probability,8,17,0.8534640839665131,0.8235294117647058
official-total-core,additive,2026,100.0,division:2026mil,transferred_score_red_win_probability,9,27,0.9619381161484617,0.9629629629629629
official-total-core,additive,2026,100.0,division:2026new,raw_pred_red_win_probability,0,35,0.02997010479843344,0.2
official-total-core,additive,2026,100.0,division:2026new,raw_pred_red_win_probability,1,15,0.1420912022391955,0.3333333333333333
official-total-core,additive,2026,100.0,division:2026new,raw_pred_red_win_probability,2,8,0.24047993496060371,0.5
official-total-core,additive,2026,100.0,division:2026new,raw_pred_red_win_probability,3,2,0.35911305248737335,0.5
official-total-core,additive,2026,100.0,division:2026new,raw_pred_red_win_probability,4,8,0.46121689304709435,0.375
official-total-core,additive,2026,100.0,division:2026new,raw_pred_red_win_probability,5,7,0.5572387065206256,0.7142857142857143
official-total-core,additive,2026,100.0,division:2026new,raw_pred_red_win_probability,6,5,0.645668888092041,0.4
official-total-core,additive,2026,100.0,division:2026new,raw_pred_red_win_probability,7,6,0.7690269649028778,0.5
official-total-core,additive,2026,100.0,division:2026new,raw_pred_red_win_probability,8,13,0.8503954548102158,0.6923076923076923
official-total-core,additive,2026,100.0,division:2026new,raw_pred_red_win_probability,9,41,0.9719819411998842,0.8292682926829268
official-total-core,additive,2026,100.0,division:2026new,transferred_platt_red_win_probability,0,4,0.06036881006260485,0.25
official-total-core,additive,2026,100.0,division:2026new,transferred_platt_red_win_probability,1,10,0.1526461446807756,0.2
official-total-core,additive,2026,100.0,division:2026new,transferred_platt_red_win_probability,2,12,0.2601593895992026,0.16666666666666666
official-total-core,additive,2026,100.0,division:2026new,transferred_platt_red_win_probability,3,21,0.3566905114128722,0.23809523809523808
official-total-core,additive,2026,100.0,division:2026new,transferred_platt_red_win_probability,4,13,0.43357230774534455,0.5384615384615384
official-total-core,additive,2026,100.0,division:2026new,transferred_platt_red_win_probability,5,21,0.5387285692009292,0.5238095238095238
official-total-core,additive,2026,100.0,division:2026new,transferred_platt_red_win_probability,6,20,0.6504389900449752,0.6
official-total-core,additive,2026,100.0,division:2026new,transferred_platt_red_win_probability,7,18,0.7414701815951665,0.7222222222222222
official-total-core,additive,2026,100.0,division:2026new,transferred_platt_red_win_probability,8,14,0.8448843412827121,0.9285714285714286
official-total-core,additive,2026,100.0,division:2026new,transferred_platt_red_win_probability,9,7,0.9300543845936909,1.0
official-total-core,additive,2026,100.0,division:2026new,transferred_score_red_win_probability,0,13,0.056616804350975616,0.07692307692307693
official-total-core,additive,2026,100.0,division:2026new,transferred_score_red_win_probability,1,12,0.1554343844707071,0.16666666666666666
official-total-core,additive,2026,100.0,division:2026new,transferred_score_red_win_probability,2,12,0.25235410835694,0.3333333333333333
official-total-core,additive,2026,100.0,division:2026new,transferred_score_red_win_probability,3,13,0.33991878815887644,0.46153846153846156
official-total-core,additive,2026,100.0,division:2026new,transferred_score_red_win_probability,4,8,0.46493684976596866,0.625
official-total-core,additive,2026,100.0,division:2026new,transferred_score_red_win_probability,5,5,0.5341390049238909,0.4
official-total-core,additive,2026,100.0,division:2026new,transferred_score_red_win_probability,6,20,0.6392769904243869,0.45
official-total-core,additive,2026,100.0,division:2026new,transferred_score_red_win_probability,7,15,0.7536324760715509,0.6666666666666666
official-total-core,additive,2026,100.0,division:2026new,transferred_score_red_win_probability,8,20,0.852983964784331,0.7
official-total-core,additive,2026,100.0,division:2026new,transferred_score_red_win_probability,9,22,0.9447537828870637,0.9090909090909091
official-total-core,additive,2026,100.0,observation:high,raw_pred_red_win_probability,0,292,0.025021058894297264,0.2054794520547945
official-total-core,additive,2026,100.0,observation:high,raw_pred_red_win_probability,1,79,0.14711849598944943,0.4050632911392405
official-total-core,additive,2026,100.0,observation:high,raw_pred_red_win_probability,2,49,0.2514858282342249,0.46938775510204084
official-total-core,additive,2026,100.0,observation:high,raw_pred_red_win_probability,3,40,0.3477167166769505,0.4
official-total-core,additive,2026,100.0,observation:high,raw_pred_red_win_probability,4,47,0.4586304971512328,0.5319148936170213
official-total-core,additive,2026,100.0,observation:high,raw_pred_red_win_probability,5,47,0.548227404026275,0.5319148936170213
official-total-core,additive,2026,100.0,observation:high,raw_pred_red_win_probability,6,49,0.6526204590894737,0.5102040816326531
official-total-core,additive,2026,100.0,observation:high,raw_pred_red_win_probability,7,37,0.7596299567738095,0.5405405405405406
official-total-core,additive,2026,100.0,observation:high,raw_pred_red_win_probability,8,74,0.8507024347782135,0.6891891891891891
official-total-core,additive,2026,100.0,observation:high,raw_pred_red_win_probability,9,342,0.9738616087631873,0.8011695906432749
official-total-core,additive,2026,100.0,observation:high,transferred_platt_red_win_probability,0,43,0.06496109131971087,0.046511627906976744
official-total-core,additive,2026,100.0,observation:high,transferred_platt_red_win_probability,1,84,0.15656301342153528,0.20238095238095238
official-total-core,additive,2026,100.0,observation:high,transferred_platt_red_win_probability,2,101,0.24728202280398603,0.25742574257425743
official-total-core,additive,2026,100.0,observation:high,transferred_platt_red_win_probability,3,129,0.35400113056200694,0.31007751937984496
official-total-core,additive,2026,100.0,observation:high,transferred_platt_red_win_probability,4,110,0.4500211170506813,0.44545454545454544
official-total-core,additive,2026,100.0,observation:high,transferred_platt_red_win_probability,5,145,0.5459558356194968,0.5379310344827586
official-total-core,additive,2026,100.0,observation:high,transferred_platt_red_win_probability,6,123,0.6535719262411601,0.6341463414634146
official-total-core,additive,2026,100.0,observation:high,transferred_platt_red_win_probability,7,140,0.7470548581883129,0.6928571428571428
official-total-core,additive,2026,100.0,observation:high,transferred_platt_red_win_probability,8,114,0.8472635066153852,0.868421052631579
official-total-core,additive,2026,100.0,observation:high,transferred_platt_red_win_probability,9,67,0.9367124795092637,0.9701492537313433
official-total-core,additive,2026,100.0,observation:high,transferred_score_red_win_probability,0,120,0.050239010561379055,0.075
official-total-core,additive,2026,100.0,observation:high,transferred_score_red_win_probability,1,90,0.15280727775425212,0.28888888888888886
official-total-core,additive,2026,100.0,observation:high,transferred_score_red_win_probability,2,91,0.24898192331743438,0.3076923076923077
official-total-core,additive,2026,100.0,observation:high,transferred_score_red_win_probability,3,80,0.35206318725917257,0.35
official-total-core,additive,2026,100.0,observation:high,transferred_score_red_win_probability,4,74,0.45646286998991115,0.3783783783783784
official-total-core,additive,2026,100.0,observation:high,transferred_score_red_win_probability,5,72,0.546822052105498,0.4305555555555556
official-total-core,additive,2026,100.0,observation:high,transferred_score_red_win_probability,6,96,0.6488460344738273,0.59375
official-total-core,additive,2026,100.0,observation:high,transferred_score_red_win_probability,7,101,0.7491194307402307,0.6237623762376238
official-total-core,additive,2026,100.0,observation:high,transferred_score_red_win_probability,8,135,0.8525809101626175,0.7555555555555555
official-total-core,additive,2026,100.0,observation:high,transferred_score_red_win_probability,9,197,0.9566627831385109,0.9086294416243654
official-total-core,additive,2026,100.0,observation:low,raw_pred_red_win_probability,0,0,,
official-total-core,additive,2026,100.0,observation:low,raw_pred_red_win_probability,1,1,0.17546340823173523,0.0
official-total-core,additive,2026,100.0,observation:low,raw_pred_red_win_probability,2,0,,
official-total-core,additive,2026,100.0,observation:low,raw_pred_red_win_probability,3,0,,
official-total-core,additive,2026,100.0,observation:low,raw_pred_red_win_probability,4,0,,
official-total-core,additive,2026,100.0,observation:low,raw_pred_red_win_probability,5,0,,
official-total-core,additive,2026,100.0,observation:low,raw_pred_red_win_probability,6,0,,
official-total-core,additive,2026,100.0,observation:low,raw_pred_red_win_probability,7,0,,
official-total-core,additive,2026,100.0,observation:low,raw_pred_red_win_probability,8,0,,
official-total-core,additive,2026,100.0,observation:low,raw_pred_red_win_probability,9,1,0.9890154004096985,1.0
official-total-core,additive,2026,100.0,observation:low,transferred_platt_red_win_probability,0,0,,
official-total-core,additive,2026,100.0,observation:low,transferred_platt_red_win_probability,1,0,,
official-total-core,additive,2026,100.0,observation:low,transferred_platt_red_win_probability,2,0,,
official-total-core,additive,2026,100.0,observation:low,transferred_platt_red_win_probability,3,0,,
official-total-core,additive,2026,100.0,observation:low,transferred_platt_red_win_probability,4,1,0.4022668033180402,0.0
official-total-core,additive,2026,100.0,observation:low,transferred_platt_red_win_probability,5,0,,
official-total-core,additive,2026,100.0,observation:low,transferred_platt_red_win_probability,6,0,,
official-total-core,additive,2026,100.0,observation:low,transferred_platt_red_win_probability,7,0,,
official-total-core,additive,2026,100.0,observation:low,transferred_platt_red_win_probability,8,1,0.818781265628667,1.0
official-total-core,additive,2026,100.0,observation:low,transferred_platt_red_win_probability,9,0,,
official-total-core,additive,2026,100.0,observation:low,transferred_score_red_win_probability,0,0,,
official-total-core,additive,2026,100.0,observation:low,transferred_score_red_win_probability,1,0,,
official-total-core,additive,2026,100.0,observation:low,transferred_score_red_win_probability,2,0,,
official-total-core,additive,2026,100.0,observation:low,transferred_score_red_win_probability,3,0,,
official-total-core,additive,2026,100.0,observation:low,transferred_score_red_win_probability,4,0,,
official-total-core,additive,2026,100.0,observation:low,transferred_score_red_win_probability,5,0,,
official-total-core,additive,2026,100.0,observation:low,transferred_score_red_win_probability,6,1,0.6345852233574781,0.0
official-total-core,additive,2026,100.0,observation:low,transferred_score_red_win_probability,7,0,,
official-total-core,additive,2026,100.0,observation:low,transferred_score_red_win_probability,8,0,,
official-total-core,additive,2026,100.0,observation:low,transferred_score_red_win_probability,9,1,0.9417874070763387,1.0
official-total-core,additive,2026,100.0,observation:medium,raw_pred_red_win_probability,0,17,0.02160257441060179,0.29411764705882354
official-total-core,additive,2026,100.0,observation:medium,raw_pred_red_win_probability,1,3,0.1338580697774887,0.3333333333333333
official-total-core,additive,2026,100.0,observation:medium,raw_pred_red_win_probability,2,3,0.26218193769454956,0.3333333333333333
official-total-core,additive,2026,100.0,observation:medium,raw_pred_red_win_probability,3,0,,
official-total-core,additive,2026,100.0,observation:medium,raw_pred_red_win_probability,4,3,0.46775328119595844,0.3333333333333333
official-total-core,additive,2026,100.0,observation:medium,raw_pred_red_win_probability,5,3,0.5397842327753702,0.6666666666666666
official-total-core,additive,2026,100.0,observation:medium,raw_pred_red_win_probability,6,1,0.6474640965461731,1.0
official-total-core,additive,2026,100.0,observation:medium,raw_pred_red_win_probability,7,2,0.769855260848999,0.5
official-total-core,additive,2026,100.0,observation:medium,raw_pred_red_win_probability,8,3,0.8128185073534647,0.3333333333333333
official-total-core,additive,2026,100.0,observation:medium,raw_pred_red_win_probability,9,13,0.9847449155954214,1.0
official-total-core,additive,2026,100.0,observation:medium,transferred_platt_red_win_probability,0,2,0.08306372929830858,0.5
official-total-core,additive,2026,100.0,observation:medium,transferred_platt_red_win_probability,1,7,0.14518660370329703,0.42857142857142855
official-total-core,additive,2026,100.0,observation:medium,transferred_platt_red_win_probability,2,5,0.24229368829024703,0.2
official-total-core,additive,2026,100.0,observation:medium,transferred_platt_red_win_probability,3,6,0.356176434941921,0.16666666666666666
official-total-core,additive,2026,100.0,observation:medium,transferred_platt_red_win_probability,4,3,0.4413576687545325,0.3333333333333333
official-total-core,additive,2026,100.0,observation:medium,transferred_platt_red_win_probability,5,7,0.5305864440979794,0.5714285714285714
official-total-core,additive,2026,100.0,observation:medium,transferred_platt_red_win_probability,6,5,0.6272651622961244,0.4
official-total-core,additive,2026,100.0,observation:medium,transferred_platt_red_win_probability,7,3,0.7318761461490654,1.0
official-total-core,additive,2026,100.0,observation:medium,transferred_platt_red_win_probability,8,5,0.8403336255522558,1.0
official-total-core,additive,2026,100.0,observation:medium,transferred_platt_red_win_probability,9,5,0.9347030390448344,1.0
official-total-core,additive,2026,100.0,observation:medium,transferred_score_red_win_probability,0,9,0.04018036659542933,0.1111111111111111
official-total-core,additive,2026,100.0,observation:medium,transferred_score_red_win_probability,1,6,0.15687440355519963,0.5
official-total-core,additive,2026,100.0,observation:medium,transferred_score_red_win_probability,2,1,0.2032112898833999,0.0
official-total-core,additive,2026,100.0,observation:medium,transferred_score_red_win_probability,3,3,0.3415890773392467,0.3333333333333333
official-total-core,additive,2026,100.0,observation:medium,transferred_score_red_win_probability,4,2,0.4454580522072552,0.5
official-total-core,additive,2026,100.0,observation:medium,transferred_score_red_win_probability,5,4,0.5528997034902138,0.5
official-total-core,additive,2026,100.0,observation:medium,transferred_score_red_win_probability,6,3,0.647005359845679,0.6666666666666666
official-total-core,additive,2026,100.0,observation:medium,transferred_score_red_win_probability,7,11,0.7478708657914648,0.6363636363636364
official-total-core,additive,2026,100.0,observation:medium,transferred_score_red_win_probability,8,2,0.869992378193724,1.0
official-total-core,additive,2026,100.0,observation:medium,transferred_score_red_win_probability,9,7,0.9595922289695248,1.0
official-total-core,full-match,2026,100.0,primary-clean,raw_pred_red_win_probability,0,424,0.01145215459981195,0.3231132075471698
official-total-core,full-match,2026,100.0,primary-clean,raw_pred_red_win_probability,1,39,0.14371758317336059,0.5128205128205128
official-total-core,full-match,2026,100.0,primary-clean,raw_pred_red_win_probability,2,34,0.24462882517015233,0.47058823529411764
official-total-core,full-match,2026,100.0,primary-clean,raw_pred_red_win_probability,3,22,0.3502911640839143,0.36363636363636365
official-total-core,full-match,2026,100.0,primary-clean,raw_pred_red_win_probability,4,21,0.4441042159284864,0.3333333333333333
official-total-core,full-match,2026,100.0,primary-clean,raw_pred_red_win_probability,5,29,0.5439354674569492,0.4827586206896552
official-total-core,full-match,2026,100.0,primary-clean,raw_pred_red_win_probability,6,22,0.6501780125227842,0.4090909090909091
official-total-core,full-match,2026,100.0,primary-clean,raw_pred_red_win_probability,7,24,0.7453446884950002,0.625
official-total-core,full-match,2026,100.0,primary-clean,raw_pred_red_win_probability,8,43,0.8592235030129899,0.6744186046511628
official-total-core,full-match,2026,100.0,primary-clean,raw_pred_red_win_probability,9,448,0.9868155314720103,0.7209821428571429
official-total-core,full-match,2026,100.0,primary-clean,transferred_platt_red_win_probability,0,4,0.09166430570501508,0.0
official-total-core,full-match,2026,100.0,primary-clean,transferred_platt_red_win_probability,1,116,0.15638357952974652,0.1810344827586207
official-total-core,full-match,2026,100.0,primary-clean,transferred_platt_red_win_probability,2,132,0.2506500913241641,0.32575757575757575
official-total-core,full-match,2026,100.0,primary-clean,transferred_platt_red_win_probability,3,125,0.3551956424159607,0.416
official-total-core,full-match,2026,100.0,primary-clean,transferred_platt_red_win_probability,4,124,0.45428367869087505,0.47580645161290325
official-total-core,full-match,2026,100.0,primary-clean,transferred_platt_red_win_probability,5,140,0.5500598409887463,0.4928571428571429
official-total-core,full-match,2026,100.0,primary-clean,transferred_platt_red_win_probability,6,153,0.6519078670357626,0.6862745098039216
official-total-core,full-match,2026,100.0,primary-clean,transferred_platt_red_win_probability,7,138,0.7522007708596645,0.6086956521739131
official-total-core,full-match,2026,100.0,primary-clean,transferred_platt_red_win_probability,8,156,0.8501435269950566,0.8141025641025641
official-total-core,full-match,2026,100.0,primary-clean,transferred_platt_red_win_probability,9,18,0.9110407834337114,1.0
official-total-core,full-match,2026,100.0,primary-clean,transferred_score_red_win_probability,0,73,0.0656874053070797,0.136986301369863
official-total-core,full-match,2026,100.0,primary-clean,transferred_score_red_win_probability,1,100,0.15394640883481694,0.23
official-total-core,full-match,2026,100.0,primary-clean,transferred_score_red_win_probability,2,103,0.24915107705342932,0.32038834951456313
official-total-core,full-match,2026,100.0,primary-clean,transferred_score_red_win_probability,3,89,0.3492266372503946,0.33707865168539325
official-total-core,full-match,2026,100.0,primary-clean,transferred_score_red_win_probability,4,105,0.4504646071384557,0.4857142857142857
official-total-core,full-match,2026,100.0,primary-clean,transferred_score_red_win_probability,5,114,0.5522179424929812,0.5087719298245614
official-total-core,full-match,2026,100.0,primary-clean,transferred_score_red_win_probability,6,134,0.6540486651000121,0.6044776119402985
official-total-core,full-match,2026,100.0,primary-clean,transferred_score_red_win_probability,7,127,0.7528996834025128,0.6771653543307087
official-total-core,full-match,2026,100.0,primary-clean,transferred_score_red_win_probability,8,125,0.857275816883728,0.76
official-total-core,full-match,2026,100.0,primary-clean,transferred_score_red_win_probability,9,136,0.9443791698665622,0.8161764705882353
official-total-core,full-match,2026,100.0,all-official,raw_pred_red_win_probability,0,424,0.01145215459981195,0.3231132075471698
official-total-core,full-match,2026,100.0,all-official,raw_pred_red_win_probability,1,39,0.14371758317336059,0.5128205128205128
official-total-core,full-match,2026,100.0,all-official,raw_pred_red_win_probability,2,34,0.24462882517015233,0.47058823529411764
official-total-core,full-match,2026,100.0,all-official,raw_pred_red_win_probability,3,22,0.3502911640839143,0.36363636363636365
official-total-core,full-match,2026,100.0,all-official,raw_pred_red_win_probability,4,21,0.4441042159284864,0.3333333333333333
official-total-core,full-match,2026,100.0,all-official,raw_pred_red_win_probability,5,29,0.5439354674569492,0.4827586206896552
official-total-core,full-match,2026,100.0,all-official,raw_pred_red_win_probability,6,22,0.6501780125227842,0.4090909090909091
official-total-core,full-match,2026,100.0,all-official,raw_pred_red_win_probability,7,24,0.7453446884950002,0.625
official-total-core,full-match,2026,100.0,all-official,raw_pred_red_win_probability,8,43,0.8592235030129899,0.6744186046511628
official-total-core,full-match,2026,100.0,all-official,raw_pred_red_win_probability,9,448,0.9868155314720103,0.7209821428571429
official-total-core,full-match,2026,100.0,all-official,transferred_platt_red_win_probability,0,4,0.09166430570501508,0.0
official-total-core,full-match,2026,100.0,all-official,transferred_platt_red_win_probability,1,116,0.15638357952974652,0.1810344827586207
official-total-core,full-match,2026,100.0,all-official,transferred_platt_red_win_probability,2,132,0.2506500913241641,0.32575757575757575
official-total-core,full-match,2026,100.0,all-official,transferred_platt_red_win_probability,3,125,0.3551956424159607,0.416
official-total-core,full-match,2026,100.0,all-official,transferred_platt_red_win_probability,4,124,0.45428367869087505,0.47580645161290325
official-total-core,full-match,2026,100.0,all-official,transferred_platt_red_win_probability,5,140,0.5500598409887463,0.4928571428571429
official-total-core,full-match,2026,100.0,all-official,transferred_platt_red_win_probability,6,153,0.6519078670357626,0.6862745098039216
official-total-core,full-match,2026,100.0,all-official,transferred_platt_red_win_probability,7,138,0.7522007708596645,0.6086956521739131
official-total-core,full-match,2026,100.0,all-official,transferred_platt_red_win_probability,8,156,0.8501435269950566,0.8141025641025641
official-total-core,full-match,2026,100.0,all-official,transferred_platt_red_win_probability,9,18,0.9110407834337114,1.0
official-total-core,full-match,2026,100.0,all-official,transferred_score_red_win_probability,0,73,0.0656874053070797,0.136986301369863
official-total-core,full-match,2026,100.0,all-official,transferred_score_red_win_probability,1,100,0.15394640883481694,0.23
official-total-core,full-match,2026,100.0,all-official,transferred_score_red_win_probability,2,103,0.24915107705342932,0.32038834951456313
official-total-core,full-match,2026,100.0,all-official,transferred_score_red_win_probability,3,89,0.3492266372503946,0.33707865168539325
official-total-core,full-match,2026,100.0,all-official,transferred_score_red_win_probability,4,105,0.4504646071384557,0.4857142857142857
official-total-core,full-match,2026,100.0,all-official,transferred_score_red_win_probability,5,114,0.5522179424929812,0.5087719298245614
official-total-core,full-match,2026,100.0,all-official,transferred_score_red_win_probability,6,134,0.6540486651000121,0.6044776119402985
official-total-core,full-match,2026,100.0,all-official,transferred_score_red_win_probability,7,127,0.7528996834025128,0.6771653543307087
official-total-core,full-match,2026,100.0,all-official,transferred_score_red_win_probability,8,125,0.857275816883728,0.76
official-total-core,full-match,2026,100.0,all-official,transferred_score_red_win_probability,9,136,0.9443791698665622,0.8161764705882353
official-total-core,full-match,2026,100.0,DQ-only,raw_pred_red_win_probability,0,0,,
official-total-core,full-match,2026,100.0,DQ-only,raw_pred_red_win_probability,1,0,,
official-total-core,full-match,2026,100.0,DQ-only,raw_pred_red_win_probability,2,0,,
official-total-core,full-match,2026,100.0,DQ-only,raw_pred_red_win_probability,3,0,,
official-total-core,full-match,2026,100.0,DQ-only,raw_pred_red_win_probability,4,0,,
official-total-core,full-match,2026,100.0,DQ-only,raw_pred_red_win_probability,5,0,,
official-total-core,full-match,2026,100.0,DQ-only,raw_pred_red_win_probability,6,0,,
official-total-core,full-match,2026,100.0,DQ-only,raw_pred_red_win_probability,7,0,,
official-total-core,full-match,2026,100.0,DQ-only,raw_pred_red_win_probability,8,0,,
official-total-core,full-match,2026,100.0,DQ-only,raw_pred_red_win_probability,9,0,,
official-total-core,full-match,2026,100.0,DQ-only,transferred_platt_red_win_probability,0,0,,
official-total-core,full-match,2026,100.0,DQ-only,transferred_platt_red_win_probability,1,0,,
official-total-core,full-match,2026,100.0,DQ-only,transferred_platt_red_win_probability,2,0,,
official-total-core,full-match,2026,100.0,DQ-only,transferred_platt_red_win_probability,3,0,,
official-total-core,full-match,2026,100.0,DQ-only,transferred_platt_red_win_probability,4,0,,
official-total-core,full-match,2026,100.0,DQ-only,transferred_platt_red_win_probability,5,0,,
official-total-core,full-match,2026,100.0,DQ-only,transferred_platt_red_win_probability,6,0,,
official-total-core,full-match,2026,100.0,DQ-only,transferred_platt_red_win_probability,7,0,,
official-total-core,full-match,2026,100.0,DQ-only,transferred_platt_red_win_probability,8,0,,
official-total-core,full-match,2026,100.0,DQ-only,transferred_platt_red_win_probability,9,0,,
official-total-core,full-match,2026,100.0,DQ-only,transferred_score_red_win_probability,0,0,,
official-total-core,full-match,2026,100.0,DQ-only,transferred_score_red_win_probability,1,0,,
official-total-core,full-match,2026,100.0,DQ-only,transferred_score_red_win_probability,2,0,,
official-total-core,full-match,2026,100.0,DQ-only,transferred_score_red_win_probability,3,0,,
official-total-core,full-match,2026,100.0,DQ-only,transferred_score_red_win_probability,4,0,,
official-total-core,full-match,2026,100.0,DQ-only,transferred_score_red_win_probability,5,0,,
official-total-core,full-match,2026,100.0,DQ-only,transferred_score_red_win_probability,6,0,,
official-total-core,full-match,2026,100.0,DQ-only,transferred_score_red_win_probability,7,0,,
official-total-core,full-match,2026,100.0,DQ-only,transferred_score_red_win_probability,8,0,,
official-total-core,full-match,2026,100.0,DQ-only,transferred_score_red_win_probability,9,0,,
official-total-core,full-match,2026,100.0,surrogate-only,raw_pred_red_win_probability,0,1,2.5808443751884624e-05,0.0
official-total-core,full-match,2026,100.0,surrogate-only,raw_pred_red_win_probability,1,0,,
official-total-core,full-match,2026,100.0,surrogate-only,raw_pred_red_win_probability,2,0,,
official-total-core,full-match,2026,100.0,surrogate-only,raw_pred_red_win_probability,3,0,,
official-total-core,full-match,2026,100.0,surrogate-only,raw_pred_red_win_probability,4,1,0.49697381258010864,1.0
official-total-core,full-match,2026,100.0,surrogate-only,raw_pred_red_win_probability,5,0,,
official-total-core,full-match,2026,100.0,surrogate-only,raw_pred_red_win_probability,6,0,,
official-total-core,full-match,2026,100.0,surrogate-only,raw_pred_red_win_probability,7,0,,
official-total-core,full-match,2026,100.0,surrogate-only,raw_pred_red_win_probability,8,0,,
official-total-core,full-match,2026,100.0,surrogate-only,raw_pred_red_win_probability,9,4,0.9855525195598602,0.75
official-total-core,full-match,2026,100.0,surrogate-only,transferred_platt_red_win_probability,0,0,,
official-total-core,full-match,2026,100.0,surrogate-only,transferred_platt_red_win_probability,1,1,0.17602933434110601,0.0
official-total-core,full-match,2026,100.0,surrogate-only,transferred_platt_red_win_probability,2,0,,
official-total-core,full-match,2026,100.0,surrogate-only,transferred_platt_red_win_probability,3,0,,
official-total-core,full-match,2026,100.0,surrogate-only,transferred_platt_red_win_probability,4,0,,
official-total-core,full-match,2026,100.0,surrogate-only,transferred_platt_red_win_probability,5,1,0.5290952216550378,1.0
official-total-core,full-match,2026,100.0,surrogate-only,transferred_platt_red_win_probability,6,1,0.6362312124395274,0.0
official-total-core,full-match,2026,100.0,surrogate-only,transferred_platt_red_win_probability,7,0,,
official-total-core,full-match,2026,100.0,surrogate-only,transferred_platt_red_win_probability,8,3,0.8213512173278433,1.0
official-total-core,full-match,2026,100.0,surrogate-only,transferred_platt_red_win_probability,9,0,,
official-total-core,full-match,2026,100.0,surrogate-only,transferred_score_red_win_probability,0,1,0.09705858533974855,0.0
official-total-core,full-match,2026,100.0,surrogate-only,transferred_score_red_win_probability,1,0,,
official-total-core,full-match,2026,100.0,surrogate-only,transferred_score_red_win_probability,2,0,,
official-total-core,full-match,2026,100.0,surrogate-only,transferred_score_red_win_probability,3,0,,
official-total-core,full-match,2026,100.0,surrogate-only,transferred_score_red_win_probability,4,0,,
official-total-core,full-match,2026,100.0,surrogate-only,transferred_score_red_win_probability,5,0,,
official-total-core,full-match,2026,100.0,surrogate-only,transferred_score_red_win_probability,6,1,0.694327044703911,0.0
official-total-core,full-match,2026,100.0,surrogate-only,transferred_score_red_win_probability,7,1,0.7528664987401258,1.0
official-total-core,full-match,2026,100.0,surrogate-only,transferred_score_red_win_probability,8,2,0.8286829948057126,1.0
official-total-core,full-match,2026,100.0,surrogate-only,transferred_score_red_win_probability,9,1,0.9127203447791047,1.0
official-total-core,full-match,2026,100.0,division:2026arc,raw_pred_red_win_probability,0,55,0.013239896322710882,0.36363636363636365
official-total-core,full-match,2026,100.0,division:2026arc,raw_pred_red_win_probability,1,5,0.14728357046842575,0.4
official-total-core,full-match,2026,100.0,division:2026arc,raw_pred_red_win_probability,2,3,0.24754484991232553,0.0
official-total-core,full-match,2026,100.0,division:2026arc,raw_pred_red_win_probability,3,1,0.3246804177761078,0.0
official-total-core,full-match,2026,100.0,division:2026arc,raw_pred_red_win_probability,4,2,0.48243117332458496,0.0
official-total-core,full-match,2026,100.0,division:2026arc,raw_pred_red_win_probability,5,3,0.5161956747372946,0.3333333333333333
official-total-core,full-match,2026,100.0,division:2026arc,raw_pred_red_win_probability,6,5,0.6363296985626221,0.4
official-total-core,full-match,2026,100.0,division:2026arc,raw_pred_red_win_probability,7,0,,
official-total-core,full-match,2026,100.0,division:2026arc,raw_pred_red_win_probability,8,5,0.8698591589927673,0.8
official-total-core,full-match,2026,100.0,division:2026arc,raw_pred_red_win_probability,9,61,0.9891744803209774,0.6721311475409836
official-total-core,full-match,2026,100.0,division:2026arc,transferred_platt_red_win_probability,0,0,,
official-total-core,full-match,2026,100.0,division:2026arc,transferred_platt_red_win_probability,1,15,0.1619784574007144,0.2
official-total-core,full-match,2026,100.0,division:2026arc,transferred_platt_red_win_probability,2,14,0.24351014480687153,0.35714285714285715
official-total-core,full-match,2026,100.0,division:2026arc,transferred_platt_red_win_probability,3,18,0.34969563867492015,0.3888888888888889
official-total-core,full-match,2026,100.0,division:2026arc,transferred_platt_red_win_probability,4,16,0.44653989756275675,0.4375
official-total-core,full-match,2026,100.0,division:2026arc,transferred_platt_red_win_probability,5,13,0.5461558018874912,0.3076923076923077
official-total-core,full-match,2026,100.0,division:2026arc,transferred_platt_red_win_probability,6,19,0.6524478007543738,0.7894736842105263
official-total-core,full-match,2026,100.0,division:2026arc,transferred_platt_red_win_probability,7,23,0.7481308907427737,0.43478260869565216
official-total-core,full-match,2026,100.0,division:2026arc,transferred_platt_red_win_probability,8,21,0.8524429543825252,0.8571428571428571
official-total-core,full-match,2026,100.0,division:2026arc,transferred_platt_red_win_probability,9,1,0.9253394797524496,1.0
official-total-core,full-match,2026,100.0,division:2026arc,transferred_score_red_win_probability,0,11,0.06289180618419424,0.18181818181818182
official-total-core,full-match,2026,100.0,division:2026arc,transferred_score_red_win_probability,1,12,0.15033830002110615,0.4166666666666667
official-total-core,full-match,2026,100.0,division:2026arc,transferred_score_red_win_probability,2,14,0.2446857759684884,0.35714285714285715
official-total-core,full-match,2026,100.0,division:2026arc,transferred_score_red_win_probability,3,11,0.3430007358802472,0.18181818181818182
official-total-core,full-match,2026,100.0,division:2026arc,transferred_score_red_win_probability,4,12,0.4662304659549022,0.5
official-total-core,full-match,2026,100.0,division:2026arc,transferred_score_red_win_probability,5,14,0.5510848260284174,0.2857142857142857
official-total-core,full-match,2026,100.0,division:2026arc,transferred_score_red_win_probability,6,9,0.6512843677252853,0.8888888888888888
official-total-core,full-match,2026,100.0,division:2026arc,transferred_score_red_win_probability,7,15,0.7488209538666581,0.4
official-total-core,full-match,2026,100.0,division:2026arc,transferred_score_red_win_probability,8,16,0.8634063166917324,0.625
official-total-core,full-match,2026,100.0,division:2026arc,transferred_score_red_win_probability,9,26,0.944679431015408,0.8461538461538461
official-total-core,full-match,2026,100.0,division:2026cur,raw_pred_red_win_probability,0,52,0.009581825894396335,0.25
official-total-core,full-match,2026,100.0,division:2026cur,raw_pred_red_win_probability,1,4,0.1552770435810089,1.0
official-total-core,full-match,2026,100.0,division:2026cur,raw_pred_red_win_probability,2,8,0.2538893409073353,0.75
official-total-core,full-match,2026,100.0,division:2026cur,raw_pred_red_win_probability,3,3,0.36602018276850384,0.6666666666666666
official-total-core,full-match,2026,100.0,division:2026cur,raw_pred_red_win_probability,4,3,0.45320778091748554,0.6666666666666666
official-total-core,full-match,2026,100.0,division:2026cur,raw_pred_red_win_probability,5,2,0.5453580319881439,0.5
official-total-core,full-match,2026,100.0,division:2026cur,raw_pred_red_win_probability,6,1,0.6166890859603882,0.0
official-total-core,full-match,2026,100.0,division:2026cur,raw_pred_red_win_probability,7,4,0.73698490858078,1.0
official-total-core,full-match,2026,100.0,division:2026cur,raw_pred_red_win_probability,8,4,0.8631155341863632,0.75
official-total-core,full-match,2026,100.0,division:2026cur,raw_pred_red_win_probability,9,55,0.9783117175102234,0.7272727272727273
official-total-core,full-match,2026,100.0,division:2026cur,transferred_platt_red_win_probability,0,0,,
official-total-core,full-match,2026,100.0,division:2026cur,transferred_platt_red_win_probability,1,11,0.16240526269364391,0.18181818181818182
official-total-core,full-match,2026,100.0,division:2026cur,transferred_platt_red_win_probability,2,16,0.2639155151366784,0.25
official-total-core,full-match,2026,100.0,division:2026cur,transferred_platt_red_win_probability,3,21,0.3540412357647264,0.3333333333333333
official-total-core,full-match,2026,100.0,division:2026cur,transferred_platt_red_win_probability,4,16,0.46307389473187255,0.625
official-total-core,full-match,2026,100.0,division:2026cur,transferred_platt_red_win_probability,5,15,0.5455205629729728,0.7333333333333333
official-total-core,full-match,2026,100.0,division:2026cur,transferred_platt_red_win_probability,6,23,0.6416013891675109,0.6521739130434783
official-total-core,full-match,2026,100.0,division:2026cur,transferred_platt_red_win_probability,7,20,0.7546325814737164,0.7
official-total-core,full-match,2026,100.0,division:2026cur,transferred_platt_red_win_probability,8,11,0.8385916335396857,0.8181818181818182
official-total-core,full-match,2026,100.0,division:2026cur,transferred_platt_red_win_probability,9,3,0.9202005752388503,1.0
official-total-core,full-match,2026,100.0,division:2026cur,transferred_score_red_win_probability,0,6,0.05882432190225106,0.0
official-total-core,full-match,2026,100.0,division:2026cur,transferred_score_red_win_probability,1,12,0.15705238784538114,0.16666666666666666
official-total-core,full-match,2026,100.0,division:2026cur,transferred_score_red_win_probability,2,8,0.26706081124969816,0.25
official-total-core,full-match,2026,100.0,division:2026cur,transferred_score_red_win_probability,3,14,0.3515678270970955,0.2857142857142857
official-total-core,full-match,2026,100.0,division:2026cur,transferred_score_red_win_probability,4,12,0.4407411836230972,0.5833333333333334
official-total-core,full-match,2026,100.0,division:2026cur,transferred_score_red_win_probability,5,20,0.5490880403924684,0.65
official-total-core,full-match,2026,100.0,division:2026cur,transferred_score_red_win_probability,6,18,0.653224729916498,0.3888888888888889
official-total-core,full-match,2026,100.0,division:2026cur,transferred_score_red_win_probability,7,21,0.752556507573145,0.7142857142857143
official-total-core,full-match,2026,100.0,division:2026cur,transferred_score_red_win_probability,8,9,0.8431869515250385,1.0
official-total-core,full-match,2026,100.0,division:2026cur,transferred_score_red_win_probability,9,16,0.942964659288846,1.0
official-total-core,full-match,2026,100.0,division:2026dal,raw_pred_red_win_probability,0,51,0.008888421747494525,0.2549019607843137
official-total-core,full-match,2026,100.0,division:2026dal,raw_pred_red_win_probability,1,7,0.14213996593441283,0.5714285714285714
official-total-core,full-match,2026,100.0,division:2026dal,raw_pred_red_win_probability,2,1,0.20959623157978058,0.0
official-total-core,full-match,2026,100.0,division:2026dal,raw_pred_red_win_probability,3,1,0.3752414286136627,0.0
official-total-core,full-match,2026,100.0,division:2026dal,raw_pred_red_win_probability,4,3,0.4476494987805684,0.3333333333333333
official-total-core,full-match,2026,100.0,division:2026dal,raw_pred_red_win_probability,5,6,0.5651867787043253,0.5
official-total-core,full-match,2026,100.0,division:2026dal,raw_pred_red_win_probability,6,2,0.667319267988205,1.0
official-total-core,full-match,2026,100.0,division:2026dal,raw_pred_red_win_probability,7,1,0.7171835899353027,1.0
official-total-core,full-match,2026,100.0,division:2026dal,raw_pred_red_win_probability,8,8,0.8602189943194389,0.375
official-total-core,full-match,2026,100.0,division:2026dal,raw_pred_red_win_probability,9,58,0.9885412639585035,0.6724137931034483
official-total-core,full-match,2026,100.0,division:2026dal,transferred_platt_red_win_probability,0,0,,
official-total-core,full-match,2026,100.0,division:2026dal,transferred_platt_red_win_probability,1,14,0.1524030992857912,0.21428571428571427
official-total-core,full-match,2026,100.0,division:2026dal,transferred_platt_red_win_probability,2,16,0.2473395062418929,0.1875
official-total-core,full-match,2026,100.0,division:2026dal,transferred_platt_red_win_probability,3,17,0.3480641908895548,0.35294117647058826
official-total-core,full-match,2026,100.0,division:2026dal,transferred_platt_red_win_probability,4,12,0.44756776566783474,0.4166666666666667
official-total-core,full-match,2026,100.0,division:2026dal,transferred_platt_red_win_probability,5,17,0.5515855415968877,0.5294117647058824
official-total-core,full-match,2026,100.0,division:2026dal,transferred_platt_red_win_probability,6,18,0.6449774254138193,0.5
official-total-core,full-match,2026,100.0,division:2026dal,transferred_platt_red_win_probability,7,27,0.7555558199451482,0.7037037037037037
official-total-core,full-match,2026,100.0,division:2026dal,transferred_platt_red_win_probability,8,15,0.8483815558360643,0.6666666666666666
official-total-core,full-match,2026,100.0,division:2026dal,transferred_platt_red_win_probability,9,2,0.9012737049833872,1.0
official-total-core,full-match,2026,100.0,division:2026dal,transferred_score_red_win_probability,0,9,0.07728804860779638,0.1111111111111111
official-total-core,full-match,2026,100.0,division:2026dal,transferred_score_red_win_probability,1,18,0.16159860264027204,0.05555555555555555
official-total-core,full-match,2026,100.0,division:2026dal,transferred_score_red_win_probability,2,10,0.24561200333603894,0.3
official-total-core,full-match,2026,100.0,division:2026dal,transferred_score_red_win_probability,3,7,0.3596603552546163,0.42857142857142855
official-total-core,full-match,2026,100.0,division:2026dal,transferred_score_red_win_probability,4,16,0.4503571474794037,0.5
official-total-core,full-match,2026,100.0,division:2026dal,transferred_score_red_win_probability,5,12,0.5436032328535897,0.6666666666666666
official-total-core,full-match,2026,100.0,division:2026dal,transferred_score_red_win_probability,6,16,0.6565689603571,0.375
official-total-core,full-match,2026,100.0,division:2026dal,transferred_score_red_win_probability,7,16,0.74579485848316,0.6875
official-total-core,full-match,2026,100.0,division:2026dal,transferred_score_red_win_probability,8,14,0.8662489941539588,0.7142857142857143
official-total-core,full-match,2026,100.0,division:2026dal,transferred_score_red_win_probability,9,20,0.944706209900932,0.75
official-total-core,full-match,2026,100.0,division:2026gal,raw_pred_red_win_probability,0,53,0.008247227431904734,0.39622641509433965
official-total-core,full-match,2026,100.0,division:2026gal,raw_pred_red_win_probability,1,5,0.13650100380182267,0.4
official-total-core,full-match,2026,100.0,division:2026gal,raw_pred_red_win_probability,2,4,0.25096146017313004,0.5
official-total-core,full-match,2026,100.0,division:2026gal,raw_pred_red_win_probability,3,6,0.32995813091595966,0.5
official-total-core,full-match,2026,100.0,division:2026gal,raw_pred_red_win_probability,4,1,0.40016257762908936,0.0
official-total-core,full-match,2026,100.0,division:2026gal,raw_pred_red_win_probability,5,7,0.5349568213735308,0.5714285714285714
official-total-core,full-match,2026,100.0,division:2026gal,raw_pred_red_win_probability,6,3,0.6547380089759827,0.3333333333333333
official-total-core,full-match,2026,100.0,division:2026gal,raw_pred_red_win_probability,7,4,0.743203192949295,0.25
official-total-core,full-match,2026,100.0,division:2026gal,raw_pred_red_win_probability,8,5,0.8634998559951782,0.8
official-total-core,full-match,2026,100.0,division:2026gal,raw_pred_red_win_probability,9,50,0.9835412418842315,0.84
official-total-core,full-match,2026,100.0,division:2026gal,transferred_platt_red_win_probability,0,0,,
official-total-core,full-match,2026,100.0,division:2026gal,transferred_platt_red_win_probability,1,14,0.1604432564918317,0.14285714285714285
official-total-core,full-match,2026,100.0,division:2026gal,transferred_platt_red_win_probability,2,22,0.2545268998519671,0.45454545454545453
official-total-core,full-match,2026,100.0,division:2026gal,transferred_platt_red_win_probability,3,13,0.35030166252112005,0.6153846153846154
official-total-core,full-match,2026,100.0,division:2026gal,transferred_platt_red_win_probability,4,15,0.46160621498214754,0.4
official-total-core,full-match,2026,100.0,division:2026gal,transferred_platt_red_win_probability,5,23,0.5484164858843551,0.4782608695652174
official-total-core,full-match,2026,100.0,division:2026gal,transferred_platt_red_win_probability,6,20,0.6532340549920848,0.95
official-total-core,full-match,2026,100.0,division:2026gal,transferred_platt_red_win_probability,7,11,0.753850172025111,0.6363636363636364
official-total-core,full-match,2026,100.0,division:2026gal,transferred_platt_red_win_probability,8,18,0.8505927177342739,0.8333333333333334
official-total-core,full-match,2026,100.0,division:2026gal,transferred_platt_red_win_probability,9,2,0.9058869813500856,1.0
official-total-core,full-match,2026,100.0,division:2026gal,transferred_score_red_win_probability,0,11,0.0700665990328839,0.09090909090909091
official-total-core,full-match,2026,100.0,division:2026gal,transferred_score_red_win_probability,1,7,0.13992515567261915,0.2857142857142857
official-total-core,full-match,2026,100.0,division:2026gal,transferred_score_red_win_probability,2,18,0.24425472411789562,0.3888888888888889
official-total-core,full-match,2026,100.0,division:2026gal,transferred_score_red_win_probability,3,16,0.34478264006936477,0.6875
official-total-core,full-match,2026,100.0,division:2026gal,transferred_score_red_win_probability,4,9,0.44106881984124224,0.1111111111111111
official-total-core,full-match,2026,100.0,division:2026gal,transferred_score_red_win_probability,5,12,0.5468163563082534,0.6666666666666666
official-total-core,full-match,2026,100.0,division:2026gal,transferred_score_red_win_probability,6,19,0.6528840275369634,0.631578947368421
official-total-core,full-match,2026,100.0,division:2026gal,transferred_score_red_win_probability,7,17,0.7651801978270041,0.8823529411764706
official-total-core,full-match,2026,100.0,division:2026gal,transferred_score_red_win_probability,8,11,0.8510200071904623,0.7272727272727273
official-total-core,full-match,2026,100.0,division:2026gal,transferred_score_red_win_probability,9,18,0.950961047979669,0.8333333333333334
official-total-core,full-match,2026,100.0,division:2026hop,raw_pred_red_win_probability,0,52,0.01343708683539874,0.28846153846153844
official-total-core,full-match,2026,100.0,division:2026hop,raw_pred_red_win_probability,1,4,0.14534644410014153,0.25
official-total-core,full-match,2026,100.0,division:2026hop,raw_pred_red_win_probability,2,3,0.2646629214286804,1.0
official-total-core,full-match,2026,100.0,division:2026hop,raw_pred_red_win_probability,3,2,0.38241393864154816,0.0
official-total-core,full-match,2026,100.0,division:2026hop,raw_pred_red_win_probability,4,3,0.44393595059712726,0.3333333333333333
official-total-core,full-match,2026,100.0,division:2026hop,raw_pred_red_win_probability,5,4,0.5580101609230042,0.5
official-total-core,full-match,2026,100.0,division:2026hop,raw_pred_red_win_probability,6,3,0.6436135768890381,0.3333333333333333
official-total-core,full-match,2026,100.0,division:2026hop,raw_pred_red_win_probability,7,6,0.7441385090351105,0.5
official-total-core,full-match,2026,100.0,division:2026hop,raw_pred_red_win_probability,8,1,0.8231427073478699,1.0
official-total-core,full-match,2026,100.0,division:2026hop,raw_pred_red_win_probability,9,62,0.9907109285554578,0.6774193548387096
official-total-core,full-match,2026,100.0,division:2026hop,transferred_platt_red_win_probability,0,1,0.09333848177745893,0.0
official-total-core,full-match,2026,100.0,division:2026hop,transferred_platt_red_win_probability,1,16,0.1555126390371619,0.1875
official-total-core,full-match,2026,100.0,division:2026hop,transferred_platt_red_win_probability,2,18,0.2448174976645696,0.2222222222222222
official-total-core,full-match,2026,100.0,division:2026hop,transferred_platt_red_win_probability,3,9,0.3567489724572297,0.3333333333333333
official-total-core,full-match,2026,100.0,division:2026hop,transferred_platt_red_win_probability,4,15,0.4480768733595405,0.6
official-total-core,full-match,2026,100.0,division:2026hop,transferred_platt_red_win_probability,5,19,0.5481191713085993,0.42105263157894735
official-total-core,full-match,2026,100.0,division:2026hop,transferred_platt_red_win_probability,6,13,0.6619614593485955,0.5384615384615384
official-total-core,full-match,2026,100.0,division:2026hop,transferred_platt_red_win_probability,7,21,0.7514977228063948,0.5714285714285714
official-total-core,full-match,2026,100.0,division:2026hop,transferred_platt_red_win_probability,8,26,0.8487884711504179,0.8076923076923077
official-total-core,full-match,2026,100.0,division:2026hop,transferred_platt_red_win_probability,9,2,0.9131269875580661,1.0
official-total-core,full-match,2026,100.0,division:2026hop,transferred_score_red_win_probability,0,11,0.063766927234636,0.09090909090909091
official-total-core,full-match,2026,100.0,division:2026hop,transferred_score_red_win_probability,1,12,0.1598283191916676,0.3333333333333333
official-total-core,full-match,2026,100.0,division:2026hop,transferred_score_red_win_probability,2,10,0.2505581086715993,0.1
official-total-core,full-match,2026,100.0,division:2026hop,transferred_score_red_win_probability,3,8,0.3532481611789495,0.0
official-total-core,full-match,2026,100.0,division:2026hop,transferred_score_red_win_probability,4,15,0.4488070755199204,0.4666666666666667
official-total-core,full-match,2026,100.0,division:2026hop,transferred_score_red_win_probability,5,18,0.5568073149871207,0.5555555555555556
official-total-core,full-match,2026,100.0,division:2026hop,transferred_score_red_win_probability,6,13,0.6431241009577181,0.6923076923076923
official-total-core,full-match,2026,100.0,division:2026hop,transferred_score_red_win_probability,7,15,0.7618585099138055,0.6666666666666666
official-total-core,full-match,2026,100.0,division:2026hop,transferred_score_red_win_probability,8,22,0.8613945628055751,0.6363636363636364
official-total-core,full-match,2026,100.0,division:2026hop,transferred_score_red_win_probability,9,16,0.942351145879591,0.8125
official-total-core,full-match,2026,100.0,division:2026joh,raw_pred_red_win_probability,0,60,0.01378109916002814,0.38333333333333336
official-total-core,full-match,2026,100.0,division:2026joh,raw_pred_red_win_probability,1,5,0.13405811190605163,0.2
official-total-core,full-match,2026,100.0,division:2026joh,raw_pred_red_win_probability,2,2,0.23023203015327454,0.0
official-total-core,full-match,2026,100.0,division:2026joh,raw_pred_red_win_probability,3,3,0.35904644926389057,0.6666666666666666
official-total-core,full-match,2026,100.0,division:2026joh,raw_pred_red_win_probability,4,1,0.438514769077301,1.0
official-total-core,full-match,2026,100.0,division:2026joh,raw_pred_red_win_probability,5,1,0.5188280940055847,1.0
official-total-core,full-match,2026,100.0,division:2026joh,raw_pred_red_win_probability,6,3,0.6684238314628601,0.3333333333333333
official-total-core,full-match,2026,100.0,division:2026joh,raw_pred_red_win_probability,7,1,0.7685214281082153,1.0
official-total-core,full-match,2026,100.0,division:2026joh,raw_pred_red_win_probability,8,5,0.85399911403656,0.6
official-total-core,full-match,2026,100.0,division:2026joh,raw_pred_red_win_probability,9,57,0.9863735824300531,0.7543859649122807
official-total-core,full-match,2026,100.0,division:2026joh,transferred_platt_red_win_probability,0,1,0.08188159053238248,0.0
official-total-core,full-match,2026,100.0,division:2026joh,transferred_platt_red_win_probability,1,16,0.14217025687764012,0.125
official-total-core,full-match,2026,100.0,division:2026joh,transferred_platt_red_win_probability,2,14,0.2571689778758491,0.5714285714285714
official-total-core,full-match,2026,100.0,division:2026joh,transferred_platt_red_win_probability,3,21,0.36015323343842304,0.42857142857142855
official-total-core,full-match,2026,100.0,division:2026joh,transferred_platt_red_win_probability,4,16,0.44630623186746865,0.375
official-total-core,full-match,2026,100.0,division:2026joh,transferred_platt_red_win_probability,5,12,0.5590960237958891,0.5833333333333334
official-total-core,full-match,2026,100.0,division:2026joh,transferred_platt_red_win_probability,6,25,0.6628039165728561,0.72
official-total-core,full-match,2026,100.0,division:2026joh,transferred_platt_red_win_probability,7,7,0.7347999518502741,0.7142857142857143
official-total-core,full-match,2026,100.0,division:2026joh,transferred_platt_red_win_probability,8,24,0.8487116382124138,0.7916666666666666
official-total-core,full-match,2026,100.0,division:2026joh,transferred_platt_red_win_probability,9,2,0.9115094545335767,1.0
official-total-core,full-match,2026,100.0,division:2026joh,transferred_score_red_win_probability,0,9,0.06021631501510259,0.3333333333333333
official-total-core,full-match,2026,100.0,division:2026joh,transferred_score_red_win_probability,1,13,0.1391627452196428,0.0
official-total-core,full-match,2026,100.0,division:2026joh,transferred_score_red_win_probability,2,16,0.255389852417618,0.375
official-total-core,full-match,2026,100.0,division:2026joh,transferred_score_red_win_probability,3,14,0.3571124767428175,0.2857142857142857
official-total-core,full-match,2026,100.0,division:2026joh,transferred_score_red_win_probability,4,17,0.4542490559735397,0.6470588235294118
official-total-core,full-match,2026,100.0,division:2026joh,transferred_score_red_win_probability,5,8,0.5365284547031117,0.625
official-total-core,full-match,2026,100.0,division:2026joh,transferred_score_red_win_probability,6,19,0.6583614395133407,0.7368421052631579
official-total-core,full-match,2026,100.0,division:2026joh,transferred_score_red_win_probability,7,15,0.7573223855018643,0.8
official-total-core,full-match,2026,100.0,division:2026joh,transferred_score_red_win_probability,8,16,0.8610909767489369,0.875
official-total-core,full-match,2026,100.0,division:2026joh,transferred_score_red_win_probability,9,11,0.9340545415047476,0.6363636363636364
official-total-core,full-match,2026,100.0,division:2026mil,raw_pred_red_win_probability,0,54,0.008954853968742729,0.3333333333333333
official-total-core,full-match,2026,100.0,division:2026mil,raw_pred_red_win_probability,1,7,0.15110735488789423,0.5714285714285714
official-total-core,full-match,2026,100.0,division:2026mil,raw_pred_red_win_probability,2,7,0.23879488025392806,0.42857142857142855
official-total-core,full-match,2026,100.0,division:2026mil,raw_pred_red_win_probability,3,3,0.3369658390680949,0.3333333333333333
official-total-core,full-match,2026,100.0,division:2026mil,raw_pred_red_win_probability,4,4,0.43768931925296783,0.0
official-total-core,full-match,2026,100.0,division:2026mil,raw_pred_red_win_probability,5,3,0.5213121175765991,0.6666666666666666
official-total-core,full-match,2026,100.0,division:2026mil,raw_pred_red_win_probability,6,1,0.6678798794746399,1.0
official-total-core,full-match,2026,100.0,division:2026mil,raw_pred_red_win_probability,7,4,0.7452501654624939,0.75
official-total-core,full-match,2026,100.0,division:2026mil,raw_pred_red_win_probability,8,6,0.8593734403451284,0.8333333333333334
official-total-core,full-match,2026,100.0,division:2026mil,raw_pred_red_win_probability,9,47,0.9886404047621057,0.6808510638297872
official-total-core,full-match,2026,100.0,division:2026mil,transferred_platt_red_win_probability,0,1,0.09202549549452943,0.0
official-total-core,full-match,2026,100.0,division:2026mil,transferred_platt_red_win_probability,1,21,0.15833874107088175,0.19047619047619047
official-total-core,full-match,2026,100.0,division:2026mil,transferred_platt_red_win_probability,2,16,0.24907013525173977,0.375
official-total-core,full-match,2026,100.0,division:2026mil,transferred_platt_red_win_probability,3,12,0.35518841992126693,0.5
official-total-core,full-match,2026,100.0,division:2026mil,transferred_platt_red_win_probability,4,19,0.46524309956409315,0.47368421052631576
official-total-core,full-match,2026,100.0,division:2026mil,transferred_platt_red_win_probability,5,18,0.5508207344305487,0.6111111111111112
official-total-core,full-match,2026,100.0,division:2026mil,transferred_platt_red_win_probability,6,14,0.6470525767753538,0.42857142857142855
official-total-core,full-match,2026,100.0,division:2026mil,transferred_platt_red_win_probability,7,9,0.7490954202543606,0.3333333333333333
official-total-core,full-match,2026,100.0,division:2026mil,transferred_platt_red_win_probability,8,21,0.8609040170769036,0.9047619047619048
official-total-core,full-match,2026,100.0,division:2026mil,transferred_platt_red_win_probability,9,5,0.9077334205096361,1.0
official-total-core,full-match,2026,100.0,division:2026mil,transferred_score_red_win_probability,0,8,0.07172432841017891,0.125
official-total-core,full-match,2026,100.0,division:2026mil,transferred_score_red_win_probability,1,18,0.15178205943112222,0.2777777777777778
official-total-core,full-match,2026,100.0,division:2026mil,transferred_score_red_win_probability,2,15,0.2558871300422196,0.4666666666666667
official-total-core,full-match,2026,100.0,division:2026mil,transferred_score_red_win_probability,3,9,0.34439145326032766,0.4444444444444444
official-total-core,full-match,2026,100.0,division:2026mil,transferred_score_red_win_probability,4,11,0.4422438147368117,0.36363636363636365
official-total-core,full-match,2026,100.0,division:2026mil,transferred_score_red_win_probability,5,15,0.5667706107201292,0.3333333333333333
official-total-core,full-match,2026,100.0,division:2026mil,transferred_score_red_win_probability,6,16,0.6600253713402497,0.75
official-total-core,full-match,2026,100.0,division:2026mil,transferred_score_red_win_probability,7,9,0.7549110772477545,0.6666666666666666
official-total-core,full-match,2026,100.0,division:2026mil,transferred_score_red_win_probability,8,19,0.8547020974241519,0.6842105263157895
official-total-core,full-match,2026,100.0,division:2026mil,transferred_score_red_win_probability,9,16,0.9454512967006443,0.75
official-total-core,full-match,2026,100.0,division:2026new,raw_pred_red_win_probability,0,47,0.015525429014784178,0.2978723404255319
official-total-core,full-match,2026,100.0,division:2026new,raw_pred_red_win_probability,1,2,0.13027355819940567,1.0
official-total-core,full-match,2026,100.0,division:2026new,raw_pred_red_win_probability,2,6,0.23402862002452215,0.3333333333333333
official-total-core,full-match,2026,100.0,division:2026new,raw_pred_red_win_probability,3,3,0.35860322912534076,0.0
official-total-core,full-match,2026,100.0,division:2026new,raw_pred_red_win_probability,4,4,0.4343779683113098,0.5
official-total-core,full-match,2026,100.0,division:2026new,raw_pred_red_win_probability,5,3,0.5614006519317627,0.0
official-total-core,full-match,2026,100.0,division:2026new,raw_pred_red_win_probability,6,4,0.6506835073232651,0.25
official-total-core,full-match,2026,100.0,division:2026new,raw_pred_red_win_probability,7,4,0.758995845913887,0.5
official-total-core,full-match,2026,100.0,division:2026new,raw_pred_red_win_probability,8,9,0.8551358381907145,0.6666666666666666
official-total-core,full-match,2026,100.0,division:2026new,raw_pred_red_win_probability,9,58,0.9882869679352333,0.7586206896551724
official-total-core,full-match,2026,100.0,division:2026new,transferred_platt_red_win_probability,0,1,0.09941165501568945,0.0
official-total-core,full-match,2026,100.0,division:2026new,transferred_platt_red_win_probability,1,9,0.16183017742197017,0.2222222222222222
official-total-core,full-match,2026,100.0,division:2026new,transferred_platt_red_win_probability,2,16,0.244049692277567,0.1875
official-total-core,full-match,2026,100.0,division:2026new,transferred_platt_red_win_probability,3,14,0.3687739502509369,0.42857142857142855
official-total-core,full-match,2026,100.0,division:2026new,transferred_platt_red_win_probability,4,15,0.4520518244145225,0.4666666666666667
official-total-core,full-match,2026,100.0,division:2026new,transferred_platt_red_win_probability,5,23,0.552035683767014,0.34782608695652173
official-total-core,full-match,2026,100.0,division:2026new,transferred_platt_red_win_probability,6,21,0.651426465394633,0.7619047619047619
official-total-core,full-match,2026,100.0,division:2026new,transferred_platt_red_win_probability,7,20,0.757238730355245,0.7
official-total-core,full-match,2026,100.0,division:2026new,transferred_platt_red_win_probability,8,20,0.8471812008938796,0.8
official-total-core,full-match,2026,100.0,division:2026new,transferred_platt_red_win_probability,9,1,0.9105315369393906,1.0
official-total-core,full-match,2026,100.0,division:2026new,transferred_score_red_win_probability,0,8,0.058365262393366764,0.125
official-total-core,full-match,2026,100.0,division:2026new,transferred_score_red_win_probability,1,8,0.1698211379918814,0.5
official-total-core,full-match,2026,100.0,division:2026new,transferred_score_red_win_probability,2,12,0.23480356995275897,0.16666666666666666
official-total-core,full-match,2026,100.0,division:2026new,transferred_score_red_win_probability,3,10,0.34269852701769254,0.2
official-total-core,full-match,2026,100.0,division:2026new,transferred_score_red_win_probability,4,13,0.45544370537740836,0.5384615384615384
official-total-core,full-match,2026,100.0,division:2026new,transferred_score_red_win_probability,5,15,0.5569695689210348,0.3333333333333333
official-total-core,full-match,2026,100.0,division:2026new,transferred_score_red_win_probability,6,24,0.6534637575755582,0.5416666666666666
official-total-core,full-match,2026,100.0,division:2026new,transferred_score_red_win_probability,7,19,0.739977084201513,0.5789473684210527
official-total-core,full-match,2026,100.0,division:2026new,transferred_score_red_win_probability,8,18,0.8500062012032166,0.9444444444444444
official-total-core,full-match,2026,100.0,division:2026new,transferred_score_red_win_probability,9,13,0.9458157882570473,0.8461538461538461
official-total-core,full-match,2026,100.0,observation:high,raw_pred_red_win_probability,0,404,0.011767708182946188,0.31683168316831684
official-total-core,full-match,2026,100.0,observation:high,raw_pred_red_win_probability,1,38,0.1437230149382039,0.5263157894736842
official-total-core,full-match,2026,100.0,observation:high,raw_pred_red_win_probability,2,33,0.24456496401266617,0.48484848484848486
official-total-core,full-match,2026,100.0,observation:high,raw_pred_red_win_probability,3,22,0.3502911640839143,0.36363636363636365
official-total-core,full-match,2026,100.0,observation:high,raw_pred_red_win_probability,4,21,0.4441042159284864,0.3333333333333333
official-total-core,full-match,2026,100.0,observation:high,raw_pred_red_win_probability,5,27,0.5424580220822934,0.4444444444444444
official-total-core,full-match,2026,100.0,observation:high,raw_pred_red_win_probability,6,21,0.6493800083796183,0.42857142857142855
official-total-core,full-match,2026,100.0,observation:high,raw_pred_red_win_probability,7,23,0.7469334706016209,0.6521739130434783
official-total-core,full-match,2026,100.0,observation:high,raw_pred_red_win_probability,8,41,0.858966317118668,0.6585365853658537
official-total-core,full-match,2026,100.0,observation:high,raw_pred_red_win_probability,9,426,0.9869895457102099,0.7253521126760564
official-total-core,full-match,2026,100.0,observation:high,transferred_platt_red_win_probability,0,2,0.0963750683965742,0.0
official-total-core,full-match,2026,100.0,observation:high,transferred_platt_red_win_probability,1,111,0.1571664618668411,0.18018018018018017
official-total-core,full-match,2026,100.0,observation:high,transferred_platt_red_win_probability,2,124,0.2509772851611424,0.3225806451612903
official-total-core,full-match,2026,100.0,observation:high,transferred_platt_red_win_probability,3,121,0.3551958074308845,0.39669421487603307
official-total-core,full-match,2026,100.0,observation:high,transferred_platt_red_win_probability,4,121,0.45432162121353475,0.4793388429752066
official-total-core,full-match,2026,100.0,observation:high,transferred_platt_red_win_probability,5,135,0.5496926621592969,0.4888888888888889
official-total-core,full-match,2026,100.0,observation:high,transferred_platt_red_win_probability,6,143,0.6518966079371573,0.6923076923076923
official-total-core,full-match,2026,100.0,observation:high,transferred_platt_red_win_probability,7,133,0.7526159846556272,0.6165413533834586
official-total-core,full-match,2026,100.0,observation:high,transferred_platt_red_win_probability,8,149,0.8498131687654021,0.8120805369127517
official-total-core,full-match,2026,100.0,observation:high,transferred_platt_red_win_probability,9,17,0.9110707391098478,1.0
official-total-core,full-match,2026,100.0,observation:high,transferred_score_red_win_probability,0,69,0.06490022936285107,0.14492753623188406
official-total-core,full-match,2026,100.0,observation:high,transferred_score_red_win_probability,1,92,0.15562486386630733,0.22826086956521738
official-total-core,full-match,2026,100.0,observation:high,transferred_score_red_win_probability,2,100,0.2488656856349941,0.33
official-total-core,full-match,2026,100.0,observation:high,transferred_score_red_win_probability,3,84,0.3491811016735263,0.30952380952380953
official-total-core,full-match,2026,100.0,observation:high,transferred_score_red_win_probability,4,100,0.45035250283225203,0.48
official-total-core,full-match,2026,100.0,observation:high,transferred_score_red_win_probability,5,112,0.5528921541812816,0.5
official-total-core,full-match,2026,100.0,observation:high,transferred_score_red_win_probability,6,130,0.653914959224166,0.5923076923076923
official-total-core,full-match,2026,100.0,observation:high,transferred_score_red_win_probability,7,121,0.7529844850634709,0.6859504132231405
official-total-core,full-match,2026,100.0,observation:high,transferred_score_red_win_probability,8,118,0.8570727906309924,0.7457627118644068
official-total-core,full-match,2026,100.0,observation:high,transferred_score_red_win_probability,9,130,0.9443233572702064,0.8384615384615385
official-total-core,full-match,2026,100.0,observation:low,raw_pred_red_win_probability,0,0,,
official-total-core,full-match,2026,100.0,observation:low,raw_pred_red_win_probability,1,0,,
official-total-core,full-match,2026,100.0,observation:low,raw_pred_red_win_probability,2,0,,
official-total-core,full-match,2026,100.0,observation:low,raw_pred_red_win_probability,3,0,,
official-total-core,full-match,2026,100.0,observation:low,raw_pred_red_win_probability,4,0,,
official-total-core,full-match,2026,100.0,observation:low,raw_pred_red_win_probability,5,0,,
official-total-core,full-match,2026,100.0,observation:low,raw_pred_red_win_probability,6,1,0.6669360995292664,0.0
official-total-core,full-match,2026,100.0,observation:low,raw_pred_red_win_probability,7,0,,
official-total-core,full-match,2026,100.0,observation:low,raw_pred_red_win_probability,8,1,0.8687589764595032,1.0
official-total-core,full-match,2026,100.0,observation:low,raw_pred_red_win_probability,9,0,,
official-total-core,full-match,2026,100.0,observation:low,transferred_platt_red_win_probability,0,0,,
official-total-core,full-match,2026,100.0,observation:low,transferred_platt_red_win_probability,1,0,,
official-total-core,full-match,2026,100.0,observation:low,transferred_platt_red_win_probability,2,0,,
official-total-core,full-match,2026,100.0,observation:low,transferred_platt_red_win_probability,3,0,,
official-total-core,full-match,2026,100.0,observation:low,transferred_platt_red_win_probability,4,0,,
official-total-core,full-match,2026,100.0,observation:low,transferred_platt_red_win_probability,5,1,0.5566663680990216,0.0
official-total-core,full-match,2026,100.0,observation:low,transferred_platt_red_win_probability,6,1,0.6024608531586784,1.0
official-total-core,full-match,2026,100.0,observation:low,transferred_platt_red_win_probability,7,0,,
official-total-core,full-match,2026,100.0,observation:low,transferred_platt_red_win_probability,8,0,,
official-total-core,full-match,2026,100.0,observation:low,transferred_platt_red_win_probability,9,0,,
official-total-core,full-match,2026,100.0,observation:low,transferred_score_red_win_probability,0,0,,
official-total-core,full-match,2026,100.0,observation:low,transferred_score_red_win_probability,1,0,,
official-total-core,full-match,2026,100.0,observation:low,transferred_score_red_win_probability,2,0,,
official-total-core,full-match,2026,100.0,observation:low,transferred_score_red_win_probability,3,1,0.3468660549102944,0.0
official-total-core,full-match,2026,100.0,observation:low,transferred_score_red_win_probability,4,0,,
official-total-core,full-match,2026,100.0,observation:low,transferred_score_red_win_probability,5,0,,
official-total-core,full-match,2026,100.0,observation:low,transferred_score_red_win_probability,6,1,0.6706457941834948,1.0
official-total-core,full-match,2026,100.0,observation:low,transferred_score_red_win_probability,7,0,,
official-total-core,full-match,2026,100.0,observation:low,transferred_score_red_win_probability,8,0,,
official-total-core,full-match,2026,100.0,observation:low,transferred_score_red_win_probability,9,0,,
official-total-core,full-match,2026,100.0,observation:medium,raw_pred_red_win_probability,0,20,0.0050779722205003125,0.45
official-total-core,full-match,2026,100.0,observation:medium,raw_pred_red_win_probability,1,1,0.14351117610931396,0.0
official-total-core,full-match,2026,100.0,observation:medium,raw_pred_red_win_probability,2,1,0.24673624336719513,0.0
official-total-core,full-match,2026,100.0,observation:medium,raw_pred_red_win_probability,3,0,,
official-total-core,full-match,2026,100.0,observation:medium,raw_pred_red_win_probability,4,0,,
official-total-core,full-match,2026,100.0,observation:medium,raw_pred_red_win_probability,5,2,0.563880980014801,1.0
official-total-core,full-match,2026,100.0,observation:medium,raw_pred_red_win_probability,6,0,,
official-total-core,full-match,2026,100.0,observation:medium,raw_pred_red_win_probability,7,1,0.7088027000427246,0.0
official-total-core,full-match,2026,100.0,observation:medium,raw_pred_red_win_probability,8,1,0.8602326512336731,1.0
official-total-core,full-match,2026,100.0,observation:medium,raw_pred_red_win_probability,9,22,0.9834459830414165,0.6363636363636364
official-total-core,full-match,2026,100.0,observation:medium,transferred_platt_red_win_probability,0,2,0.08695354301345595,0.0
official-total-core,full-match,2026,100.0,observation:medium,transferred_platt_red_win_probability,1,5,0.1390035916462471,0.2
official-total-core,full-match,2026,100.0,observation:medium,transferred_platt_red_win_probability,2,8,0.24557858685099984,0.375
official-total-core,full-match,2026,100.0,observation:medium,transferred_platt_red_win_probability,3,4,0.3551906507145117,1.0
official-total-core,full-match,2026,100.0,observation:medium,transferred_platt_red_win_probability,4,3,0.4527533302769345,0.3333333333333333
official-total-core,full-match,2026,100.0,observation:medium,transferred_platt_red_win_probability,5,4,0.5608004947050913,0.75
official-total-core,full-match,2026,100.0,observation:medium,transferred_platt_red_win_probability,6,9,0.6575808742555008,0.5555555555555556
official-total-core,full-match,2026,100.0,observation:medium,transferred_platt_red_win_probability,7,5,0.7411560838870559,0.4
official-total-core,full-match,2026,100.0,observation:medium,transferred_platt_red_win_probability,8,7,0.8571754378834155,0.8571428571428571
official-total-core,full-match,2026,100.0,observation:medium,transferred_platt_red_win_probability,9,1,0.9105315369393906,1.0
official-total-core,full-match,2026,100.0,observation:medium,transferred_score_red_win_probability,0,4,0.07926619034502375,0.0
official-total-core,full-match,2026,100.0,observation:medium,transferred_score_red_win_probability,1,8,0.1346441759726778,0.25
official-total-core,full-match,2026,100.0,observation:medium,transferred_score_red_win_probability,2,3,0.25866412433460356,0.0
official-total-core,full-match,2026,100.0,observation:medium,transferred_score_red_win_probability,3,4,0.35077302994965476,1.0
official-total-core,full-match,2026,100.0,observation:medium,transferred_score_red_win_probability,4,5,0.4527066932625289,0.6
official-total-core,full-match,2026,100.0,observation:medium,transferred_score_red_win_probability,5,2,0.5144620879481618,1.0
official-total-core,full-match,2026,100.0,observation:medium,transferred_score_red_win_probability,6,3,0.6543102100255226,1.0
official-total-core,full-match,2026,100.0,observation:medium,transferred_score_red_win_probability,7,6,0.7511895165731907,0.5
official-total-core,full-match,2026,100.0,observation:medium,transferred_score_red_win_probability,8,7,0.8606982594298417,1.0
official-total-core,full-match,2026,100.0,observation:medium,transferred_score_red_win_probability,9,6,0.9455884427876006,0.3333333333333333
official-total-core,teammate-set,2026,100.0,primary-clean,raw_pred_red_win_probability,0,373,0.01745285963653135,0.34048257372654156
official-total-core,teammate-set,2026,100.0,primary-clean,raw_pred_red_win_probability,1,53,0.13959426798348157,0.4716981132075472
official-total-core,teammate-set,2026,100.0,primary-clean,raw_pred_red_win_probability,2,33,0.24282383602676968,0.45454545454545453
official-total-core,teammate-set,2026,100.0,primary-clean,raw_pred_red_win_probability,3,43,0.3484834446463474,0.4418604651162791
official-total-core,teammate-set,2026,100.0,primary-clean,raw_pred_red_win_probability,4,37,0.4407915569640495,0.43243243243243246
official-total-core,teammate-set,2026,100.0,primary-clean,raw_pred_red_win_probability,5,29,0.5639583961717014,0.5172413793103449
official-total-core,teammate-set,2026,100.0,primary-clean,raw_pred_red_win_probability,6,22,0.656867577271028,0.36363636363636365
official-total-core,teammate-set,2026,100.0,primary-clean,raw_pred_red_win_probability,7,44,0.7536183406006206,0.45454545454545453
official-total-core,teammate-set,2026,100.0,primary-clean,raw_pred_red_win_probability,8,60,0.8527202367782593,0.5333333333333333
official-total-core,teammate-set,2026,100.0,primary-clean,raw_pred_red_win_probability,9,412,0.980975114217412,0.7305825242718447
official-total-core,teammate-set,2026,100.0,primary-clean,transferred_platt_red_win_probability,0,16,0.07738315973025167,0.0625
official-total-core,teammate-set,2026,100.0,primary-clean,transferred_platt_red_win_probability,1,69,0.15785283052526988,0.17391304347826086
official-total-core,teammate-set,2026,100.0,primary-clean,transferred_platt_red_win_probability,2,104,0.2522008119900195,0.2692307692307692
official-total-core,teammate-set,2026,100.0,primary-clean,transferred_platt_red_win_probability,3,146,0.35294781080127635,0.4863013698630137
official-total-core,teammate-set,2026,100.0,primary-clean,transferred_platt_red_win_probability,4,158,0.4514680762765272,0.45569620253164556
official-total-core,teammate-set,2026,100.0,primary-clean,transferred_platt_red_win_probability,5,176,0.5497984008968466,0.4375
official-total-core,teammate-set,2026,100.0,primary-clean,transferred_platt_red_win_probability,6,183,0.6494920435504798,0.6666666666666666
official-total-core,teammate-set,2026,100.0,primary-clean,transferred_platt_red_win_probability,7,137,0.7508626594898709,0.7153284671532847
official-total-core,teammate-set,2026,100.0,primary-clean,transferred_platt_red_win_probability,8,92,0.8479225174575601,0.782608695652174
official-total-core,teammate-set,2026,100.0,primary-clean,transferred_platt_red_win_probability,9,25,0.9263194413337271,1.0
official-total-core,teammate-set,2026,100.0,primary-clean,transferred_score_red_win_probability,0,97,0.05251966955341049,0.10309278350515463
official-total-core,teammate-set,2026,100.0,primary-clean,transferred_score_red_win_probability,1,95,0.147861700283512,0.29473684210526313
official-total-core,teammate-set,2026,100.0,primary-clean,transferred_score_red_win_probability,2,97,0.245208868819651,0.30927835051546393
official-total-core,teammate-set,2026,100.0,primary-clean,transferred_score_red_win_probability,3,98,0.35165404515491644,0.42857142857142855
official-total-core,teammate-set,2026,100.0,primary-clean,transferred_score_red_win_probability,4,95,0.45557642278043997,0.42105263157894735
official-total-core,teammate-set,2026,100.0,primary-clean,transferred_score_red_win_probability,5,81,0.5516135016290235,0.5925925925925926
official-total-core,teammate-set,2026,100.0,primary-clean,transferred_score_red_win_probability,6,117,0.6517856090299153,0.5384615384615384
official-total-core,teammate-set,2026,100.0,primary-clean,transferred_score_red_win_probability,7,121,0.7481271692993154,0.6694214876033058
official-total-core,teammate-set,2026,100.0,primary-clean,transferred_score_red_win_probability,8,140,0.85492220273872,0.6785714285714286
official-total-core,teammate-set,2026,100.0,primary-clean,transferred_score_red_win_probability,9,165,0.9510530009839806,0.8545454545454545
official-total-core,teammate-set,2026,100.0,all-official,raw_pred_red_win_probability,0,373,0.01745285963653135,0.34048257372654156
official-total-core,teammate-set,2026,100.0,all-official,raw_pred_red_win_probability,1,53,0.13959426798348157,0.4716981132075472
official-total-core,teammate-set,2026,100.0,all-official,raw_pred_red_win_probability,2,33,0.24282383602676968,0.45454545454545453
official-total-core,teammate-set,2026,100.0,all-official,raw_pred_red_win_probability,3,43,0.3484834446463474,0.4418604651162791
official-total-core,teammate-set,2026,100.0,all-official,raw_pred_red_win_probability,4,37,0.4407915569640495,0.43243243243243246
official-total-core,teammate-set,2026,100.0,all-official,raw_pred_red_win_probability,5,29,0.5639583961717014,0.5172413793103449
official-total-core,teammate-set,2026,100.0,all-official,raw_pred_red_win_probability,6,22,0.656867577271028,0.36363636363636365
official-total-core,teammate-set,2026,100.0,all-official,raw_pred_red_win_probability,7,44,0.7536183406006206,0.45454545454545453
official-total-core,teammate-set,2026,100.0,all-official,raw_pred_red_win_probability,8,60,0.8527202367782593,0.5333333333333333
official-total-core,teammate-set,2026,100.0,all-official,raw_pred_red_win_probability,9,412,0.980975114217412,0.7305825242718447
official-total-core,teammate-set,2026,100.0,all-official,transferred_platt_red_win_probability,0,16,0.07738315973025167,0.0625
official-total-core,teammate-set,2026,100.0,all-official,transferred_platt_red_win_probability,1,69,0.15785283052526988,0.17391304347826086
official-total-core,teammate-set,2026,100.0,all-official,transferred_platt_red_win_probability,2,104,0.2522008119900195,0.2692307692307692
official-total-core,teammate-set,2026,100.0,all-official,transferred_platt_red_win_probability,3,146,0.35294781080127635,0.4863013698630137
official-total-core,teammate-set,2026,100.0,all-official,transferred_platt_red_win_probability,4,158,0.4514680762765272,0.45569620253164556
official-total-core,teammate-set,2026,100.0,all-official,transferred_platt_red_win_probability,5,176,0.5497984008968466,0.4375
official-total-core,teammate-set,2026,100.0,all-official,transferred_platt_red_win_probability,6,183,0.6494920435504798,0.6666666666666666
official-total-core,teammate-set,2026,100.0,all-official,transferred_platt_red_win_probability,7,137,0.7508626594898709,0.7153284671532847
official-total-core,teammate-set,2026,100.0,all-official,transferred_platt_red_win_probability,8,92,0.8479225174575601,0.782608695652174
official-total-core,teammate-set,2026,100.0,all-official,transferred_platt_red_win_probability,9,25,0.9263194413337271,1.0
official-total-core,teammate-set,2026,100.0,all-official,transferred_score_red_win_probability,0,97,0.05251966955341049,0.10309278350515463
official-total-core,teammate-set,2026,100.0,all-official,transferred_score_red_win_probability,1,95,0.147861700283512,0.29473684210526313
official-total-core,teammate-set,2026,100.0,all-official,transferred_score_red_win_probability,2,97,0.245208868819651,0.30927835051546393
official-total-core,teammate-set,2026,100.0,all-official,transferred_score_red_win_probability,3,98,0.35165404515491644,0.42857142857142855
official-total-core,teammate-set,2026,100.0,all-official,transferred_score_red_win_probability,4,95,0.45557642278043997,0.42105263157894735
official-total-core,teammate-set,2026,100.0,all-official,transferred_score_red_win_probability,5,81,0.5516135016290235,0.5925925925925926
official-total-core,teammate-set,2026,100.0,all-official,transferred_score_red_win_probability,6,117,0.6517856090299153,0.5384615384615384
official-total-core,teammate-set,2026,100.0,all-official,transferred_score_red_win_probability,7,121,0.7481271692993154,0.6694214876033058
official-total-core,teammate-set,2026,100.0,all-official,transferred_score_red_win_probability,8,140,0.85492220273872,0.6785714285714286
official-total-core,teammate-set,2026,100.0,all-official,transferred_score_red_win_probability,9,165,0.9510530009839806,0.8545454545454545
official-total-core,teammate-set,2026,100.0,DQ-only,raw_pred_red_win_probability,0,0,,
official-total-core,teammate-set,2026,100.0,DQ-only,raw_pred_red_win_probability,1,0,,
official-total-core,teammate-set,2026,100.0,DQ-only,raw_pred_red_win_probability,2,0,,
official-total-core,teammate-set,2026,100.0,DQ-only,raw_pred_red_win_probability,3,0,,
official-total-core,teammate-set,2026,100.0,DQ-only,raw_pred_red_win_probability,4,0,,
official-total-core,teammate-set,2026,100.0,DQ-only,raw_pred_red_win_probability,5,0,,
official-total-core,teammate-set,2026,100.0,DQ-only,raw_pred_red_win_probability,6,0,,
official-total-core,teammate-set,2026,100.0,DQ-only,raw_pred_red_win_probability,7,0,,
official-total-core,teammate-set,2026,100.0,DQ-only,raw_pred_red_win_probability,8,0,,
official-total-core,teammate-set,2026,100.0,DQ-only,raw_pred_red_win_probability,9,0,,
official-total-core,teammate-set,2026,100.0,DQ-only,transferred_platt_red_win_probability,0,0,,
official-total-core,teammate-set,2026,100.0,DQ-only,transferred_platt_red_win_probability,1,0,,
official-total-core,teammate-set,2026,100.0,DQ-only,transferred_platt_red_win_probability,2,0,,
official-total-core,teammate-set,2026,100.0,DQ-only,transferred_platt_red_win_probability,3,0,,
official-total-core,teammate-set,2026,100.0,DQ-only,transferred_platt_red_win_probability,4,0,,
official-total-core,teammate-set,2026,100.0,DQ-only,transferred_platt_red_win_probability,5,0,,
official-total-core,teammate-set,2026,100.0,DQ-only,transferred_platt_red_win_probability,6,0,,
official-total-core,teammate-set,2026,100.0,DQ-only,transferred_platt_red_win_probability,7,0,,
official-total-core,teammate-set,2026,100.0,DQ-only,transferred_platt_red_win_probability,8,0,,
official-total-core,teammate-set,2026,100.0,DQ-only,transferred_platt_red_win_probability,9,0,,
official-total-core,teammate-set,2026,100.0,DQ-only,transferred_score_red_win_probability,0,0,,
official-total-core,teammate-set,2026,100.0,DQ-only,transferred_score_red_win_probability,1,0,,
official-total-core,teammate-set,2026,100.0,DQ-only,transferred_score_red_win_probability,2,0,,
official-total-core,teammate-set,2026,100.0,DQ-only,transferred_score_red_win_probability,3,0,,
official-total-core,teammate-set,2026,100.0,DQ-only,transferred_score_red_win_probability,4,0,,
official-total-core,teammate-set,2026,100.0,DQ-only,transferred_score_red_win_probability,5,0,,
official-total-core,teammate-set,2026,100.0,DQ-only,transferred_score_red_win_probability,6,0,,
official-total-core,teammate-set,2026,100.0,DQ-only,transferred_score_red_win_probability,7,0,,
official-total-core,teammate-set,2026,100.0,DQ-only,transferred_score_red_win_probability,8,0,,
official-total-core,teammate-set,2026,100.0,DQ-only,transferred_score_red_win_probability,9,0,,
official-total-core,teammate-set,2026,100.0,surrogate-only,raw_pred_red_win_probability,0,2,0.0009419067646376789,0.5
official-total-core,teammate-set,2026,100.0,surrogate-only,raw_pred_red_win_probability,1,0,,
official-total-core,teammate-set,2026,100.0,surrogate-only,raw_pred_red_win_probability,2,0,,
official-total-core,teammate-set,2026,100.0,surrogate-only,raw_pred_red_win_probability,3,0,,
official-total-core,teammate-set,2026,100.0,surrogate-only,raw_pred_red_win_probability,4,0,,
official-total-core,teammate-set,2026,100.0,surrogate-only,raw_pred_red_win_probability,5,0,,
official-total-core,teammate-set,2026,100.0,surrogate-only,raw_pred_red_win_probability,6,0,,
official-total-core,teammate-set,2026,100.0,surrogate-only,raw_pred_red_win_probability,7,1,0.7100233435630798,1.0
official-total-core,teammate-set,2026,100.0,surrogate-only,raw_pred_red_win_probability,8,0,,
official-total-core,teammate-set,2026,100.0,surrogate-only,raw_pred_red_win_probability,9,3,0.9791673024495443,0.6666666666666666
official-total-core,teammate-set,2026,100.0,surrogate-only,transferred_platt_red_win_probability,0,0,,
official-total-core,teammate-set,2026,100.0,surrogate-only,transferred_platt_red_win_probability,1,0,,
official-total-core,teammate-set,2026,100.0,surrogate-only,transferred_platt_red_win_probability,2,2,0.2419856835441433,0.5
official-total-core,teammate-set,2026,100.0,surrogate-only,transferred_platt_red_win_probability,3,0,,
official-total-core,teammate-set,2026,100.0,surrogate-only,transferred_platt_red_win_probability,4,0,,
official-total-core,teammate-set,2026,100.0,surrogate-only,transferred_platt_red_win_probability,5,1,0.5605944430961981,1.0
official-total-core,teammate-set,2026,100.0,surrogate-only,transferred_platt_red_win_probability,6,2,0.6663236847092278,0.5
official-total-core,teammate-set,2026,100.0,surrogate-only,transferred_platt_red_win_probability,7,0,,
official-total-core,teammate-set,2026,100.0,surrogate-only,transferred_platt_red_win_probability,8,1,0.8682407418784596,1.0
official-total-core,teammate-set,2026,100.0,surrogate-only,transferred_platt_red_win_probability,9,0,,
official-total-core,teammate-set,2026,100.0,surrogate-only,transferred_score_red_win_probability,0,1,0.05824422946084769,0.0
official-total-core,teammate-set,2026,100.0,surrogate-only,transferred_score_red_win_probability,1,0,,
official-total-core,teammate-set,2026,100.0,surrogate-only,transferred_score_red_win_probability,2,0,,
official-total-core,teammate-set,2026,100.0,surrogate-only,transferred_score_red_win_probability,3,0,,
official-total-core,teammate-set,2026,100.0,surrogate-only,transferred_score_red_win_probability,4,0,,
official-total-core,teammate-set,2026,100.0,surrogate-only,transferred_score_red_win_probability,5,1,0.5437167541322719,0.0
official-total-core,teammate-set,2026,100.0,surrogate-only,transferred_score_red_win_probability,6,1,0.6434659732148911,1.0
official-total-core,teammate-set,2026,100.0,surrogate-only,transferred_score_red_win_probability,7,1,0.7648541690005688,1.0
official-total-core,teammate-set,2026,100.0,surrogate-only,transferred_score_red_win_probability,8,1,0.8512581471483162,1.0
official-total-core,teammate-set,2026,100.0,surrogate-only,transferred_score_red_win_probability,9,1,0.9787103945385585,1.0
official-total-core,teammate-set,2026,100.0,division:2026arc,raw_pred_red_win_probability,0,53,0.0141850206930485,0.33962264150943394
official-total-core,teammate-set,2026,100.0,division:2026arc,raw_pred_red_win_probability,1,0,,
official-total-core,teammate-set,2026,100.0,division:2026arc,raw_pred_red_win_probability,2,2,0.23712769895792007,0.5
official-total-core,teammate-set,2026,100.0,division:2026arc,raw_pred_red_win_probability,3,5,0.3431897461414337,0.6
official-total-core,teammate-set,2026,100.0,division:2026arc,raw_pred_red_win_probability,4,4,0.43241947889328003,0.25
official-total-core,teammate-set,2026,100.0,division:2026arc,raw_pred_red_win_probability,5,3,0.5706865191459656,0.3333333333333333
official-total-core,teammate-set,2026,100.0,division:2026arc,raw_pred_red_win_probability,6,4,0.6674459427595139,0.25
official-total-core,teammate-set,2026,100.0,division:2026arc,raw_pred_red_win_probability,7,4,0.7815887928009033,0.5
official-total-core,teammate-set,2026,100.0,division:2026arc,raw_pred_red_win_probability,8,14,0.8608752403940473,0.5
official-total-core,teammate-set,2026,100.0,division:2026arc,raw_pred_red_win_probability,9,51,0.9826478034842248,0.7058823529411765
official-total-core,teammate-set,2026,100.0,division:2026arc,transferred_platt_red_win_probability,0,1,0.08903479468064701,0.0
official-total-core,teammate-set,2026,100.0,division:2026arc,transferred_platt_red_win_probability,1,14,0.1571739730542304,0.2857142857142857
official-total-core,teammate-set,2026,100.0,division:2026arc,transferred_platt_red_win_probability,2,15,0.24550686503082284,0.26666666666666666
official-total-core,teammate-set,2026,100.0,division:2026arc,transferred_platt_red_win_probability,3,19,0.3477484262855669,0.47368421052631576
official-total-core,teammate-set,2026,100.0,division:2026arc,transferred_platt_red_win_probability,4,10,0.45583689977595937,0.5
official-total-core,teammate-set,2026,100.0,division:2026arc,transferred_platt_red_win_probability,5,22,0.5549321902274337,0.4090909090909091
official-total-core,teammate-set,2026,100.0,division:2026arc,transferred_platt_red_win_probability,6,26,0.6415499887072763,0.5769230769230769
official-total-core,teammate-set,2026,100.0,division:2026arc,transferred_platt_red_win_probability,7,20,0.7646527624102885,0.75
official-total-core,teammate-set,2026,100.0,division:2026arc,transferred_platt_red_win_probability,8,8,0.8465138204956302,0.5
official-total-core,teammate-set,2026,100.0,division:2026arc,transferred_platt_red_win_probability,9,5,0.9307036624648756,1.0
official-total-core,teammate-set,2026,100.0,division:2026arc,transferred_score_red_win_probability,0,18,0.0416743419158524,0.16666666666666666
official-total-core,teammate-set,2026,100.0,division:2026arc,transferred_score_red_win_probability,1,13,0.15182073361638118,0.23076923076923078
official-total-core,teammate-set,2026,100.0,division:2026arc,transferred_score_red_win_probability,2,5,0.2384108182020454,0.2
official-total-core,teammate-set,2026,100.0,division:2026arc,transferred_score_red_win_probability,3,12,0.3571609784625322,0.3333333333333333
official-total-core,teammate-set,2026,100.0,division:2026arc,transferred_score_red_win_probability,4,11,0.453017292843952,0.5454545454545454
official-total-core,teammate-set,2026,100.0,division:2026arc,transferred_score_red_win_probability,5,6,0.5659793168910896,0.8333333333333334
official-total-core,teammate-set,2026,100.0,division:2026arc,transferred_score_red_win_probability,6,15,0.6622582970287184,0.3333333333333333
official-total-core,teammate-set,2026,100.0,division:2026arc,transferred_score_red_win_probability,7,13,0.7452314405230176,0.6153846153846154
official-total-core,teammate-set,2026,100.0,division:2026arc,transferred_score_red_win_probability,8,20,0.8502626589772252,0.65
official-total-core,teammate-set,2026,100.0,division:2026arc,transferred_score_red_win_probability,9,27,0.9556062779865236,0.8148148148148148
official-total-core,teammate-set,2026,100.0,division:2026cur,raw_pred_red_win_probability,0,38,0.01579699693188798,0.39473684210526316
official-total-core,teammate-set,2026,100.0,division:2026cur,raw_pred_red_win_probability,1,11,0.13527119701558893,0.36363636363636365
official-total-core,teammate-set,2026,100.0,division:2026cur,raw_pred_red_win_probability,2,4,0.25532395765185356,0.0
official-total-core,teammate-set,2026,100.0,division:2026cur,raw_pred_red_win_probability,3,7,0.35553317836352755,0.5714285714285714
official-total-core,teammate-set,2026,100.0,division:2026cur,raw_pred_red_win_probability,4,2,0.49087540805339813,0.5
official-total-core,teammate-set,2026,100.0,division:2026cur,raw_pred_red_win_probability,5,5,0.5616947531700134,0.6
official-total-core,teammate-set,2026,100.0,division:2026cur,raw_pred_red_win_probability,6,0,,
official-total-core,teammate-set,2026,100.0,division:2026cur,raw_pred_red_win_probability,7,8,0.7500551640987396,0.5
official-total-core,teammate-set,2026,100.0,division:2026cur,raw_pred_red_win_probability,8,3,0.84762042760849,0.3333333333333333
official-total-core,teammate-set,2026,100.0,division:2026cur,raw_pred_red_win_probability,9,58,0.9762654366164372,0.7413793103448276
official-total-core,teammate-set,2026,100.0,division:2026cur,transferred_platt_red_win_probability,0,0,,
official-total-core,teammate-set,2026,100.0,division:2026cur,transferred_platt_red_win_probability,1,6,0.14976712814169243,0.0
official-total-core,teammate-set,2026,100.0,division:2026cur,transferred_platt_red_win_probability,2,9,0.24869496167513205,0.1111111111111111
official-total-core,teammate-set,2026,100.0,division:2026cur,transferred_platt_red_win_probability,3,21,0.3469762666714879,0.6190476190476191
official-total-core,teammate-set,2026,100.0,division:2026cur,transferred_platt_red_win_probability,4,23,0.45751168944170184,0.391304347826087
official-total-core,teammate-set,2026,100.0,division:2026cur,transferred_platt_red_win_probability,5,18,0.5522375192733961,0.4444444444444444
official-total-core,teammate-set,2026,100.0,division:2026cur,transferred_platt_red_win_probability,6,29,0.6554577372117618,0.6896551724137931
official-total-core,teammate-set,2026,100.0,division:2026cur,transferred_platt_red_win_probability,7,19,0.7394609495413756,0.7368421052631579
official-total-core,teammate-set,2026,100.0,division:2026cur,transferred_platt_red_win_probability,8,10,0.8451569318365472,0.9
official-total-core,teammate-set,2026,100.0,division:2026cur,transferred_platt_red_win_probability,9,1,0.9230698390488403,1.0
official-total-core,teammate-set,2026,100.0,division:2026cur,transferred_score_red_win_probability,0,8,0.04946131893596847,0.25
official-total-core,teammate-set,2026,100.0,division:2026cur,transferred_score_red_win_probability,1,12,0.1541246490600495,0.3333333333333333
official-total-core,teammate-set,2026,100.0,division:2026cur,transferred_score_red_win_probability,2,12,0.24718616876050648,0.3333333333333333
official-total-core,teammate-set,2026,100.0,division:2026cur,transferred_score_red_win_probability,3,13,0.34843446419089763,0.23076923076923078
official-total-core,teammate-set,2026,100.0,division:2026cur,transferred_score_red_win_probability,4,9,0.4653079477862202,0.3333333333333333
official-total-core,teammate-set,2026,100.0,division:2026cur,transferred_score_red_win_probability,5,13,0.5590941581645337,0.6153846153846154
official-total-core,teammate-set,2026,100.0,division:2026cur,transferred_score_red_win_probability,6,22,0.6557683267663367,0.5454545454545454
official-total-core,teammate-set,2026,100.0,division:2026cur,transferred_score_red_win_probability,7,14,0.7338932968634551,0.7857142857142857
official-total-core,teammate-set,2026,100.0,division:2026cur,transferred_score_red_win_probability,8,11,0.8313405495704184,0.6363636363636364
official-total-core,teammate-set,2026,100.0,division:2026cur,transferred_score_red_win_probability,9,22,0.9594259727521135,0.9545454545454546
official-total-core,teammate-set,2026,100.0,division:2026dal,raw_pred_red_win_probability,0,54,0.027018008701285606,0.3333333333333333
official-total-core,teammate-set,2026,100.0,division:2026dal,raw_pred_red_win_probability,1,9,0.13436947928534615,0.5555555555555556
official-total-core,teammate-set,2026,100.0,division:2026dal,raw_pred_red_win_probability,2,3,0.22436542312304178,0.3333333333333333
official-total-core,teammate-set,2026,100.0,division:2026dal,raw_pred_red_win_probability,3,3,0.3553207019964854,0.6666666666666666
official-total-core,teammate-set,2026,100.0,division:2026dal,raw_pred_red_win_probability,4,4,0.4460853636264801,0.25
official-total-core,teammate-set,2026,100.0,division:2026dal,raw_pred_red_win_probability,5,2,0.550629049539566,1.0
official-total-core,teammate-set,2026,100.0,division:2026dal,raw_pred_red_win_probability,6,1,0.6299546360969543,0.0
official-total-core,teammate-set,2026,100.0,division:2026dal,raw_pred_red_win_probability,7,7,0.7460539937019348,0.14285714285714285
official-total-core,teammate-set,2026,100.0,division:2026dal,raw_pred_red_win_probability,8,8,0.8479428738355637,0.625
official-total-core,teammate-set,2026,100.0,division:2026dal,raw_pred_red_win_probability,9,47,0.9815456664308588,0.6595744680851063
official-total-core,teammate-set,2026,100.0,division:2026dal,transferred_platt_red_win_probability,0,1,0.09807062343111168,1.0
official-total-core,teammate-set,2026,100.0,division:2026dal,transferred_platt_red_win_probability,1,5,0.15847506355056318,0.2
official-total-core,teammate-set,2026,100.0,division:2026dal,transferred_platt_red_win_probability,2,19,0.2546904925507952,0.21052631578947367
official-total-core,teammate-set,2026,100.0,division:2026dal,transferred_platt_red_win_probability,3,18,0.36051220902453573,0.5
official-total-core,teammate-set,2026,100.0,division:2026dal,transferred_platt_red_win_probability,4,26,0.43928539202203737,0.4230769230769231
official-total-core,teammate-set,2026,100.0,division:2026dal,transferred_platt_red_win_probability,5,19,0.5573051619767286,0.3684210526315789
official-total-core,teammate-set,2026,100.0,division:2026dal,transferred_platt_red_win_probability,6,19,0.6442967672529276,0.631578947368421
official-total-core,teammate-set,2026,100.0,division:2026dal,transferred_platt_red_win_probability,7,18,0.7567822856766706,0.6111111111111112
official-total-core,teammate-set,2026,100.0,division:2026dal,transferred_platt_red_win_probability,8,10,0.842413840504261,0.7
official-total-core,teammate-set,2026,100.0,division:2026dal,transferred_platt_red_win_probability,9,3,0.9267138279036132,1.0
official-total-core,teammate-set,2026,100.0,division:2026dal,transferred_score_red_win_probability,0,11,0.05094671582771307,0.0
official-total-core,teammate-set,2026,100.0,division:2026dal,transferred_score_red_win_probability,1,11,0.14865157846562063,0.2727272727272727
official-total-core,teammate-set,2026,100.0,division:2026dal,transferred_score_red_win_probability,2,12,0.24647809381108401,0.4166666666666667
official-total-core,teammate-set,2026,100.0,division:2026dal,transferred_score_red_win_probability,3,12,0.3568388497373851,0.3333333333333333
official-total-core,teammate-set,2026,100.0,division:2026dal,transferred_score_red_win_probability,4,13,0.43983161951513333,0.23076923076923078
official-total-core,teammate-set,2026,100.0,division:2026dal,transferred_score_red_win_probability,5,11,0.5551699813544718,0.6363636363636364
official-total-core,teammate-set,2026,100.0,division:2026dal,transferred_score_red_win_probability,6,10,0.6439496277724899,0.6
official-total-core,teammate-set,2026,100.0,division:2026dal,transferred_score_red_win_probability,7,23,0.7502766385812569,0.4782608695652174
official-total-core,teammate-set,2026,100.0,division:2026dal,transferred_score_red_win_probability,8,18,0.862085530120673,0.6111111111111112
official-total-core,teammate-set,2026,100.0,division:2026dal,transferred_score_red_win_probability,9,17,0.9431514282433431,0.9411764705882353
official-total-core,teammate-set,2026,100.0,division:2026gal,raw_pred_red_win_probability,0,50,0.015475536182535974,0.38
official-total-core,teammate-set,2026,100.0,division:2026gal,raw_pred_red_win_probability,1,6,0.14323078095912933,0.8333333333333334
official-total-core,teammate-set,2026,100.0,division:2026gal,raw_pred_red_win_probability,2,5,0.25333974957466127,0.4
official-total-core,teammate-set,2026,100.0,division:2026gal,raw_pred_red_win_probability,3,5,0.35848453640937805,0.6
official-total-core,teammate-set,2026,100.0,division:2026gal,raw_pred_red_win_probability,4,8,0.43370742350816727,0.75
official-total-core,teammate-set,2026,100.0,division:2026gal,raw_pred_red_win_probability,5,2,0.5777275860309601,1.0
official-total-core,teammate-set,2026,100.0,division:2026gal,raw_pred_red_win_probability,6,4,0.6865746676921844,0.25
official-total-core,teammate-set,2026,100.0,division:2026gal,raw_pred_red_win_probability,7,4,0.7695850729942322,0.75
official-total-core,teammate-set,2026,100.0,division:2026gal,raw_pred_red_win_probability,8,4,0.8421918451786041,0.75
official-total-core,teammate-set,2026,100.0,division:2026gal,raw_pred_red_win_probability,9,50,0.9877562395599823,0.72
official-total-core,teammate-set,2026,100.0,division:2026gal,transferred_platt_red_win_probability,0,2,0.0601736226143075,0.0
official-total-core,teammate-set,2026,100.0,division:2026gal,transferred_platt_red_win_probability,1,13,0.1631357346481789,0.3076923076923077
official-total-core,teammate-set,2026,100.0,division:2026gal,transferred_platt_red_win_probability,2,14,0.25558654590030666,0.35714285714285715
official-total-core,teammate-set,2026,100.0,division:2026gal,transferred_platt_red_win_probability,3,16,0.3536349435226067,0.5
official-total-core,teammate-set,2026,100.0,division:2026gal,transferred_platt_red_win_probability,4,19,0.4505370662105744,0.5789473684210527
official-total-core,teammate-set,2026,100.0,division:2026gal,transferred_platt_red_win_probability,5,22,0.5381779117253945,0.6363636363636364
official-total-core,teammate-set,2026,100.0,division:2026gal,transferred_platt_red_win_probability,6,14,0.6500374658333764,0.7142857142857143
official-total-core,teammate-set,2026,100.0,division:2026gal,transferred_platt_red_win_probability,7,14,0.7464020187534735,0.7142857142857143
official-total-core,teammate-set,2026,100.0,division:2026gal,transferred_platt_red_win_probability,8,19,0.85044510125872,0.6842105263157895
official-total-core,teammate-set,2026,100.0,division:2026gal,transferred_platt_red_win_probability,9,5,0.9269873440318444,1.0
official-total-core,teammate-set,2026,100.0,division:2026gal,transferred_score_red_win_probability,0,12,0.04965766034862226,0.16666666666666666
official-total-core,teammate-set,2026,100.0,division:2026gal,transferred_score_red_win_probability,1,15,0.15413175388985134,0.4
official-total-core,teammate-set,2026,100.0,division:2026gal,transferred_score_red_win_probability,2,10,0.2499758246346205,0.4
official-total-core,teammate-set,2026,100.0,division:2026gal,transferred_score_red_win_probability,3,13,0.34921007667769444,0.5384615384615384
official-total-core,teammate-set,2026,100.0,division:2026gal,transferred_score_red_win_probability,4,11,0.4708796157259435,0.6363636363636364
official-total-core,teammate-set,2026,100.0,division:2026gal,transferred_score_red_win_probability,5,10,0.5529786215584798,0.6
official-total-core,teammate-set,2026,100.0,division:2026gal,transferred_score_red_win_probability,6,12,0.6425505762880938,0.5
official-total-core,teammate-set,2026,100.0,division:2026gal,transferred_score_red_win_probability,7,14,0.7576238557733905,0.8571428571428571
official-total-core,teammate-set,2026,100.0,division:2026gal,transferred_score_red_win_probability,8,19,0.8616248440174733,0.7368421052631579
official-total-core,teammate-set,2026,100.0,division:2026gal,transferred_score_red_win_probability,9,22,0.9477870776450587,0.7272727272727273
official-total-core,teammate-set,2026,100.0,division:2026hop,raw_pred_red_win_probability,0,37,0.014953706479492079,0.24324324324324326
official-total-core,teammate-set,2026,100.0,division:2026hop,raw_pred_red_win_probability,1,11,0.13823489370671185,0.36363636363636365
official-total-core,teammate-set,2026,100.0,division:2026hop,raw_pred_red_win_probability,2,4,0.24757209420204163,0.5
official-total-core,teammate-set,2026,100.0,division:2026hop,raw_pred_red_win_probability,3,10,0.343212953209877,0.2
official-total-core,teammate-set,2026,100.0,division:2026hop,raw_pred_red_win_probability,4,2,0.43293993175029755,0.0
official-total-core,teammate-set,2026,100.0,division:2026hop,raw_pred_red_win_probability,5,4,0.5577707439661026,0.25
official-total-core,teammate-set,2026,100.0,division:2026hop,raw_pred_red_win_probability,6,6,0.6525900264581045,0.5
official-total-core,teammate-set,2026,100.0,division:2026hop,raw_pred_red_win_probability,7,12,0.750676840543747,0.5
official-total-core,teammate-set,2026,100.0,division:2026hop,raw_pred_red_win_probability,8,8,0.8639532774686813,0.625
official-total-core,teammate-set,2026,100.0,division:2026hop,raw_pred_red_win_probability,9,46,0.9759888428708782,0.8043478260869565
official-total-core,teammate-set,2026,100.0,division:2026hop,transferred_platt_red_win_probability,0,3,0.07333496218718803,0.0
official-total-core,teammate-set,2026,100.0,division:2026hop,transferred_platt_red_win_probability,1,6,0.15498455390709856,0.0
official-total-core,teammate-set,2026,100.0,division:2026hop,transferred_platt_red_win_probability,2,13,0.26145390576070615,0.23076923076923078
official-total-core,teammate-set,2026,100.0,division:2026hop,transferred_platt_red_win_probability,3,11,0.3496351372526057,0.36363636363636365
official-total-core,teammate-set,2026,100.0,division:2026hop,transferred_platt_red_win_probability,4,27,0.4555725650601558,0.37037037037037035
official-total-core,teammate-set,2026,100.0,division:2026hop,transferred_platt_red_win_probability,5,30,0.5552918785068851,0.43333333333333335
official-total-core,teammate-set,2026,100.0,division:2026hop,transferred_platt_red_win_probability,6,23,0.6394858472171527,0.6521739130434783
official-total-core,teammate-set,2026,100.0,division:2026hop,transferred_platt_red_win_probability,7,14,0.7579288414452614,0.8571428571428571
official-total-core,teammate-set,2026,100.0,division:2026hop,transferred_platt_red_win_probability,8,10,0.8489439820792162,0.9
official-total-core,teammate-set,2026,100.0,division:2026hop,transferred_platt_red_win_probability,9,3,0.9236897576731167,1.0
official-total-core,teammate-set,2026,100.0,division:2026hop,transferred_score_red_win_probability,0,17,0.056555990986123475,0.11764705882352941
official-total-core,teammate-set,2026,100.0,division:2026hop,transferred_score_red_win_probability,1,11,0.14506535137165197,0.18181818181818182
official-total-core,teammate-set,2026,100.0,division:2026hop,transferred_score_red_win_probability,2,14,0.23627685013626645,0.21428571428571427
official-total-core,teammate-set,2026,100.0,division:2026hop,transferred_score_red_win_probability,3,8,0.34924887358321677,0.5
official-total-core,teammate-set,2026,100.0,division:2026hop,transferred_score_red_win_probability,4,11,0.4577249458178195,0.45454545454545453
official-total-core,teammate-set,2026,100.0,division:2026hop,transferred_score_red_win_probability,5,4,0.5266090642121188,0.25
official-total-core,teammate-set,2026,100.0,division:2026hop,transferred_score_red_win_probability,6,17,0.638366010694723,0.4117647058823529
official-total-core,teammate-set,2026,100.0,division:2026hop,transferred_score_red_win_probability,7,17,0.7429397767482044,0.8235294117647058
official-total-core,teammate-set,2026,100.0,division:2026hop,transferred_score_red_win_probability,8,21,0.856039931135357,0.7142857142857143
official-total-core,teammate-set,2026,100.0,division:2026hop,transferred_score_red_win_probability,9,20,0.9520163190469187,0.8
official-total-core,teammate-set,2026,100.0,division:2026joh,raw_pred_red_win_probability,0,52,0.0169674127677122,0.36538461538461536
official-total-core,teammate-set,2026,100.0,division:2026joh,raw_pred_red_win_probability,1,2,0.12594053521752357,0.5
official-total-core,teammate-set,2026,100.0,division:2026joh,raw_pred_red_win_probability,2,3,0.23640815913677216,1.0
official-total-core,teammate-set,2026,100.0,division:2026joh,raw_pred_red_win_probability,3,4,0.33833102881908417,0.0
official-total-core,teammate-set,2026,100.0,division:2026joh,raw_pred_red_win_probability,4,3,0.4173191487789154,0.0
official-total-core,teammate-set,2026,100.0,division:2026joh,raw_pred_red_win_probability,5,2,0.5822624266147614,1.0
official-total-core,teammate-set,2026,100.0,division:2026joh,raw_pred_red_win_probability,6,3,0.6391012271245321,0.3333333333333333
official-total-core,teammate-set,2026,100.0,division:2026joh,raw_pred_red_win_probability,7,4,0.7689964771270752,0.5
official-total-core,teammate-set,2026,100.0,division:2026joh,raw_pred_red_win_probability,8,6,0.8376902441183726,0.16666666666666666
official-total-core,teammate-set,2026,100.0,division:2026joh,raw_pred_red_win_probability,9,59,0.9814026153693765,0.7966101694915254
official-total-core,teammate-set,2026,100.0,division:2026joh,transferred_platt_red_win_probability,0,3,0.07648362445224993,0.0
official-total-core,teammate-set,2026,100.0,division:2026joh,transferred_platt_red_win_probability,1,10,0.15196444473120937,0.2
official-total-core,teammate-set,2026,100.0,division:2026joh,transferred_platt_red_win_probability,2,10,0.2379739047878522,0.2
official-total-core,teammate-set,2026,100.0,division:2026joh,transferred_platt_red_win_probability,3,25,0.35584451600838685,0.52
official-total-core,teammate-set,2026,100.0,division:2026joh,transferred_platt_red_win_probability,4,12,0.448298808683876,0.5
official-total-core,teammate-set,2026,100.0,division:2026joh,transferred_platt_red_win_probability,5,18,0.5542738248204658,0.3333333333333333
official-total-core,teammate-set,2026,100.0,division:2026joh,transferred_platt_red_win_probability,6,27,0.6608930439607448,0.7777777777777778
official-total-core,teammate-set,2026,100.0,division:2026joh,transferred_platt_red_win_probability,7,19,0.7494367078585052,0.6842105263157895
official-total-core,teammate-set,2026,100.0,division:2026joh,transferred_platt_red_win_probability,8,10,0.8531302748843921,0.9
official-total-core,teammate-set,2026,100.0,division:2026joh,transferred_platt_red_win_probability,9,4,0.9179050368484762,1.0
official-total-core,teammate-set,2026,100.0,division:2026joh,transferred_score_red_win_probability,0,13,0.0664409174062916,0.0
official-total-core,teammate-set,2026,100.0,division:2026joh,transferred_score_red_win_probability,1,10,0.13368483783996082,0.4
official-total-core,teammate-set,2026,100.0,division:2026joh,transferred_score_red_win_probability,2,17,0.24584989925409512,0.35294117647058826
official-total-core,teammate-set,2026,100.0,division:2026joh,transferred_score_red_win_probability,3,16,0.34424297303498086,0.625
official-total-core,teammate-set,2026,100.0,division:2026joh,transferred_score_red_win_probability,4,14,0.45908411729734133,0.21428571428571427
official-total-core,teammate-set,2026,100.0,division:2026joh,transferred_score_red_win_probability,5,12,0.5504376770165856,0.6666666666666666
official-total-core,teammate-set,2026,100.0,division:2026joh,transferred_score_red_win_probability,6,9,0.6644333174983774,1.0
official-total-core,teammate-set,2026,100.0,division:2026joh,transferred_score_red_win_probability,7,13,0.7576948077953732,0.8461538461538461
official-total-core,teammate-set,2026,100.0,division:2026joh,transferred_score_red_win_probability,8,18,0.8604479315349025,0.6666666666666666
official-total-core,teammate-set,2026,100.0,division:2026joh,transferred_score_red_win_probability,9,16,0.9534390158705147,0.8125
official-total-core,teammate-set,2026,100.0,division:2026mil,raw_pred_red_win_probability,0,48,0.012379372075903413,0.3333333333333333
official-total-core,teammate-set,2026,100.0,division:2026mil,raw_pred_red_win_probability,1,7,0.1366029977798462,0.42857142857142855
official-total-core,teammate-set,2026,100.0,division:2026mil,raw_pred_red_win_probability,2,7,0.24019422488553183,0.5714285714285714
official-total-core,teammate-set,2026,100.0,division:2026mil,raw_pred_red_win_probability,3,2,0.32474592328071594,1.0
official-total-core,teammate-set,2026,100.0,division:2026mil,raw_pred_red_win_probability,4,6,0.4502429614464442,0.3333333333333333
official-total-core,teammate-set,2026,100.0,division:2026mil,raw_pred_red_win_probability,5,6,0.5704899529616038,0.3333333333333333
official-total-core,teammate-set,2026,100.0,division:2026mil,raw_pred_red_win_probability,6,1,0.6319417953491211,0.0
official-total-core,teammate-set,2026,100.0,division:2026mil,raw_pred_red_win_probability,7,3,0.7143625617027283,0.6666666666666666
official-total-core,teammate-set,2026,100.0,division:2026mil,raw_pred_red_win_probability,8,7,0.8599175129617963,0.7142857142857143
official-total-core,teammate-set,2026,100.0,division:2026mil,raw_pred_red_win_probability,9,49,0.9880455038985427,0.673469387755102
official-total-core,teammate-set,2026,100.0,division:2026mil,transferred_platt_red_win_probability,0,5,0.08420970196220635,0.0
official-total-core,teammate-set,2026,100.0,division:2026mil,transferred_platt_red_win_probability,1,10,0.15722903958542483,0.1
official-total-core,teammate-set,2026,100.0,division:2026mil,transferred_platt_red_win_probability,2,13,0.24656579811507723,0.38461538461538464
official-total-core,teammate-set,2026,100.0,division:2026mil,transferred_platt_red_win_probability,3,18,0.35545706373278363,0.5555555555555556
official-total-core,teammate-set,2026,100.0,division:2026mil,transferred_platt_red_win_probability,4,18,0.45327516166941045,0.5
official-total-core,teammate-set,2026,100.0,division:2026mil,transferred_platt_red_win_probability,5,19,0.5411861442354409,0.3684210526315789
official-total-core,teammate-set,2026,100.0,division:2026mil,transferred_platt_red_win_probability,6,18,0.6537461875325128,0.6111111111111112
official-total-core,teammate-set,2026,100.0,division:2026mil,transferred_platt_red_win_probability,7,19,0.7437835474104899,0.6842105263157895
official-total-core,teammate-set,2026,100.0,division:2026mil,transferred_platt_red_win_probability,8,13,0.8425347270570783,0.7692307692307693
official-total-core,teammate-set,2026,100.0,division:2026mil,transferred_platt_red_win_probability,9,3,0.9384836859345809,1.0
official-total-core,teammate-set,2026,100.0,division:2026mil,transferred_score_red_win_probability,0,11,0.048389976682602295,0.09090909090909091
official-total-core,teammate-set,2026,100.0,division:2026mil,transferred_score_red_win_probability,1,11,0.14340508686262604,0.2727272727272727
official-total-core,teammate-set,2026,100.0,division:2026mil,transferred_score_red_win_probability,2,13,0.23915309390030964,0.3076923076923077
official-total-core,teammate-set,2026,100.0,division:2026mil,transferred_score_red_win_probability,3,9,0.3479595054161104,0.4444444444444444
official-total-core,teammate-set,2026,100.0,division:2026mil,transferred_score_red_win_probability,4,15,0.44917527028859766,0.4666666666666667
official-total-core,teammate-set,2026,100.0,division:2026mil,transferred_score_red_win_probability,5,10,0.5446374135263852,0.3
official-total-core,teammate-set,2026,100.0,division:2026mil,transferred_score_red_win_probability,6,18,0.6548206879585067,0.7222222222222222
official-total-core,teammate-set,2026,100.0,division:2026mil,transferred_score_red_win_probability,7,14,0.756216846301173,0.42857142857142855
official-total-core,teammate-set,2026,100.0,division:2026mil,transferred_score_red_win_probability,8,12,0.8443095206275649,0.5
official-total-core,teammate-set,2026,100.0,division:2026mil,transferred_score_red_win_probability,9,23,0.9444578512211635,0.9565217391304348
official-total-core,teammate-set,2026,100.0,division:2026new,raw_pred_red_win_probability,0,41,0.021835924926367132,0.3170731707317073
official-total-core,teammate-set,2026,100.0,division:2026new,raw_pred_red_win_probability,1,7,0.15901673585176468,0.42857142857142855
official-total-core,teammate-set,2026,100.0,division:2026new,raw_pred_red_win_probability,2,5,0.23939358294010163,0.4
official-total-core,teammate-set,2026,100.0,division:2026new,raw_pred_red_win_probability,3,7,0.3552538369383131,0.42857142857142855
official-total-core,teammate-set,2026,100.0,division:2026new,raw_pred_red_win_probability,4,8,0.4405703693628311,0.625
official-total-core,teammate-set,2026,100.0,division:2026new,raw_pred_red_win_probability,5,5,0.5517998695373535,0.4
official-total-core,teammate-set,2026,100.0,division:2026new,raw_pred_red_win_probability,6,3,0.6467546621958414,0.6666666666666666
official-total-core,teammate-set,2026,100.0,division:2026new,raw_pred_red_win_probability,7,2,0.7522482872009277,0.0
official-total-core,teammate-set,2026,100.0,division:2026new,raw_pred_red_win_probability,8,10,0.8458598911762237,0.5
official-total-core,teammate-set,2026,100.0,division:2026new,raw_pred_red_win_probability,9,52,0.9748150901152537,0.7307692307692307
official-total-core,teammate-set,2026,100.0,division:2026new,transferred_platt_red_win_probability,0,1,0.0601736226143075,0.0
official-total-core,teammate-set,2026,100.0,division:2026new,transferred_platt_red_win_probability,1,5,0.17156497596923362,0.0
official-total-core,teammate-set,2026,100.0,division:2026new,transferred_platt_red_win_probability,2,11,0.26424551064458096,0.36363636363636365
official-total-core,teammate-set,2026,100.0,division:2026new,transferred_platt_red_win_probability,3,18,0.3527196256376408,0.2777777777777778
official-total-core,teammate-set,2026,100.0,division:2026new,transferred_platt_red_win_probability,4,23,0.4534867771877638,0.4782608695652174
official-total-core,teammate-set,2026,100.0,division:2026new,transferred_platt_red_win_probability,5,28,0.5453143195698398,0.4642857142857143
official-total-core,teammate-set,2026,100.0,division:2026new,transferred_platt_red_win_probability,6,27,0.648392175415363,0.6666666666666666
official-total-core,teammate-set,2026,100.0,division:2026new,transferred_platt_red_win_probability,7,14,0.7479623589676525,0.7142857142857143
official-total-core,teammate-set,2026,100.0,division:2026new,transferred_platt_red_win_probability,8,12,0.8524085311190523,0.9166666666666666
official-total-core,teammate-set,2026,100.0,division:2026new,transferred_platt_red_win_probability,9,1,0.908179199882903,1.0
official-total-core,teammate-set,2026,100.0,division:2026new,transferred_score_red_win_probability,0,7,0.06211427512355722,0.0
official-total-core,teammate-set,2026,100.0,division:2026new,transferred_score_red_win_probability,1,12,0.14721077756281925,0.25
official-total-core,teammate-set,2026,100.0,division:2026new,transferred_score_red_win_probability,2,14,0.25522588409708985,0.21428571428571427
official-total-core,teammate-set,2026,100.0,division:2026new,transferred_score_red_win_probability,3,15,0.3594136899680459,0.4
official-total-core,teammate-set,2026,100.0,division:2026new,transferred_score_red_win_probability,4,11,0.4555936805102251,0.5454545454545454
official-total-core,teammate-set,2026,100.0,division:2026new,transferred_score_red_win_probability,5,15,0.5481250098446726,0.6666666666666666
official-total-core,teammate-set,2026,100.0,division:2026new,transferred_score_red_win_probability,6,14,0.6520814997485059,0.35714285714285715
official-total-core,teammate-set,2026,100.0,division:2026new,transferred_score_red_win_probability,7,13,0.7408254907582656,0.6153846153846154
official-total-core,teammate-set,2026,100.0,division:2026new,transferred_score_red_win_probability,8,21,0.8597181910045751,0.8095238095238095
official-total-core,teammate-set,2026,100.0,division:2026new,transferred_score_red_win_probability,9,18,0.9506796141607037,0.8333333333333334
official-total-core,teammate-set,2026,100.0,observation:high,raw_pred_red_win_probability,0,354,0.01776883689064665,0.3389830508474576
official-total-core,teammate-set,2026,100.0,observation:high,raw_pred_red_win_probability,1,49,0.13874902545797582,0.4489795918367347
official-total-core,teammate-set,2026,100.0,observation:high,raw_pred_red_win_probability,2,31,0.2446414097662895,0.4838709677419355
official-total-core,teammate-set,2026,100.0,observation:high,raw_pred_red_win_probability,3,40,0.34869214370846746,0.425
official-total-core,teammate-set,2026,100.0,observation:high,raw_pred_red_win_probability,4,36,0.4397602760129505,0.4166666666666667
official-total-core,teammate-set,2026,100.0,observation:high,raw_pred_red_win_probability,5,29,0.5639583961717014,0.5172413793103449
official-total-core,teammate-set,2026,100.0,observation:high,raw_pred_red_win_probability,6,21,0.6552518861634391,0.38095238095238093
official-total-core,teammate-set,2026,100.0,observation:high,raw_pred_red_win_probability,7,43,0.7530961909959483,0.4418604651162791
official-total-core,teammate-set,2026,100.0,observation:high,raw_pred_red_win_probability,8,60,0.8527202367782593,0.5333333333333333
official-total-core,teammate-set,2026,100.0,observation:high,raw_pred_red_win_probability,9,393,0.9808258332857769,0.732824427480916
official-total-core,teammate-set,2026,100.0,observation:high,transferred_platt_red_win_probability,0,14,0.07609349101235148,0.07142857142857142
official-total-core,teammate-set,2026,100.0,observation:high,transferred_platt_red_win_probability,1,66,0.15855956001334065,0.16666666666666666
official-total-core,teammate-set,2026,100.0,observation:high,transferred_platt_red_win_probability,2,96,0.2529297044953476,0.25
official-total-core,teammate-set,2026,100.0,observation:high,transferred_platt_red_win_probability,3,140,0.352117544976586,0.4928571428571429
official-total-core,teammate-set,2026,100.0,observation:high,transferred_platt_red_win_probability,4,150,0.4509709404245761,0.4533333333333333
official-total-core,teammate-set,2026,100.0,observation:high,transferred_platt_red_win_probability,5,172,0.5500793049619103,0.43023255813953487
official-total-core,teammate-set,2026,100.0,observation:high,transferred_platt_red_win_probability,6,178,0.6495477333978391,0.6797752808988764
official-total-core,teammate-set,2026,100.0,observation:high,transferred_platt_red_win_probability,7,131,0.7515663588862179,0.7175572519083969
official-total-core,teammate-set,2026,100.0,observation:high,transferred_platt_red_win_probability,8,87,0.8472146120697925,0.7701149425287356
official-total-core,teammate-set,2026,100.0,observation:high,transferred_platt_red_win_probability,9,22,0.925382999490775,1.0
official-total-core,teammate-set,2026,100.0,observation:high,transferred_score_red_win_probability,0,89,0.05304623941444213,0.11235955056179775
official-total-core,teammate-set,2026,100.0,observation:high,transferred_score_red_win_probability,1,89,0.14723773985512653,0.2696629213483146
official-total-core,teammate-set,2026,100.0,observation:high,transferred_score_red_win_probability,2,91,0.24660683848034523,0.3076923076923077
official-total-core,teammate-set,2026,100.0,observation:high,transferred_score_red_win_probability,3,93,0.3522421254954338,0.43010752688172044
official-total-core,teammate-set,2026,100.0,observation:high,transferred_score_red_win_probability,4,93,0.4558691947231819,0.41935483870967744
official-total-core,teammate-set,2026,100.0,observation:high,transferred_score_red_win_probability,5,77,0.5527824116971918,0.5714285714285714
official-total-core,teammate-set,2026,100.0,observation:high,transferred_score_red_win_probability,6,116,0.6518673252013351,0.5431034482758621
official-total-core,teammate-set,2026,100.0,observation:high,transferred_score_red_win_probability,7,116,0.7483698143326846,0.6551724137931034
official-total-core,teammate-set,2026,100.0,observation:high,transferred_score_red_win_probability,8,134,0.8545921532049006,0.6791044776119403
official-total-core,teammate-set,2026,100.0,observation:high,transferred_score_red_win_probability,9,158,0.9507474198819122,0.8607594936708861
official-total-core,teammate-set,2026,100.0,observation:low,raw_pred_red_win_probability,0,0,,
official-total-core,teammate-set,2026,100.0,observation:low,raw_pred_red_win_probability,1,0,,
official-total-core,teammate-set,2026,100.0,observation:low,raw_pred_red_win_probability,2,0,,
official-total-core,teammate-set,2026,100.0,observation:low,raw_pred_red_win_probability,3,0,,
official-total-core,teammate-set,2026,100.0,observation:low,raw_pred_red_win_probability,4,0,,
official-total-core,teammate-set,2026,100.0,observation:low,raw_pred_red_win_probability,5,0,,
official-total-core,teammate-set,2026,100.0,observation:low,raw_pred_red_win_probability,6,0,,
official-total-core,teammate-set,2026,100.0,observation:low,raw_pred_red_win_probability,7,0,,
official-total-core,teammate-set,2026,100.0,observation:low,raw_pred_red_win_probability,8,0,,
official-total-core,teammate-set,2026,100.0,observation:low,raw_pred_red_win_probability,9,2,0.987339586019516,0.5
official-total-core,teammate-set,2026,100.0,observation:low,transferred_platt_red_win_probability,0,0,,
official-total-core,teammate-set,2026,100.0,observation:low,transferred_platt_red_win_probability,1,0,,
official-total-core,teammate-set,2026,100.0,observation:low,transferred_platt_red_win_probability,2,0,,
official-total-core,teammate-set,2026,100.0,observation:low,transferred_platt_red_win_probability,3,0,,
official-total-core,teammate-set,2026,100.0,observation:low,transferred_platt_red_win_probability,4,0,,
official-total-core,teammate-set,2026,100.0,observation:low,transferred_platt_red_win_probability,5,0,,
official-total-core,teammate-set,2026,100.0,observation:low,transferred_platt_red_win_probability,6,1,0.6758600522112538,0.0
official-total-core,teammate-set,2026,100.0,observation:low,transferred_platt_red_win_probability,7,1,0.7881334300021229,1.0
official-total-core,teammate-set,2026,100.0,observation:low,transferred_platt_red_win_probability,8,0,,
official-total-core,teammate-set,2026,100.0,observation:low,transferred_platt_red_win_probability,9,0,,
official-total-core,teammate-set,2026,100.0,observation:low,transferred_score_red_win_probability,0,0,,
official-total-core,teammate-set,2026,100.0,observation:low,transferred_score_red_win_probability,1,1,0.12561158639389847,0.0
official-total-core,teammate-set,2026,100.0,observation:low,transferred_score_red_win_probability,2,0,,
official-total-core,teammate-set,2026,100.0,observation:low,transferred_score_red_win_probability,3,0,,
official-total-core,teammate-set,2026,100.0,observation:low,transferred_score_red_win_probability,4,0,,
official-total-core,teammate-set,2026,100.0,observation:low,transferred_score_red_win_probability,5,0,,
official-total-core,teammate-set,2026,100.0,observation:low,transferred_score_red_win_probability,6,0,,
official-total-core,teammate-set,2026,100.0,observation:low,transferred_score_red_win_probability,7,0,,
official-total-core,teammate-set,2026,100.0,observation:low,transferred_score_red_win_probability,8,0,,
official-total-core,teammate-set,2026,100.0,observation:low,transferred_score_red_win_probability,9,1,0.9843990178732095,1.0
official-total-core,teammate-set,2026,100.0,observation:medium,raw_pred_red_win_probability,0,19,0.011565704480909446,0.3684210526315789
official-total-core,teammate-set,2026,100.0,observation:medium,raw_pred_red_win_probability,1,4,0.14994848892092705,0.75
official-total-core,teammate-set,2026,100.0,observation:medium,raw_pred_red_win_probability,2,2,0.2146514430642128,0.0
official-total-core,teammate-set,2026,100.0,observation:medium,raw_pred_red_win_probability,3,3,0.3457007904847463,0.6666666666666666
official-total-core,teammate-set,2026,100.0,observation:medium,raw_pred_red_win_probability,4,1,0.4779176712036133,1.0
official-total-core,teammate-set,2026,100.0,observation:medium,raw_pred_red_win_probability,5,0,,
official-total-core,teammate-set,2026,100.0,observation:medium,raw_pred_red_win_probability,6,1,0.6907970905303955,0.0
official-total-core,teammate-set,2026,100.0,observation:medium,raw_pred_red_win_probability,7,1,0.776070773601532,1.0
official-total-core,teammate-set,2026,100.0,observation:medium,raw_pred_red_win_probability,8,0,,
official-total-core,teammate-set,2026,100.0,observation:medium,raw_pred_red_win_probability,9,17,0.9836773767190821,0.7058823529411765
official-total-core,teammate-set,2026,100.0,observation:medium,transferred_platt_red_win_probability,0,2,0.08641084075555307,0.0
official-total-core,teammate-set,2026,100.0,observation:medium,transferred_platt_red_win_probability,1,3,0.14230478178771358,0.3333333333333333
official-total-core,teammate-set,2026,100.0,observation:medium,transferred_platt_red_win_probability,2,8,0.24345410192608313,0.5
official-total-core,teammate-set,2026,100.0,observation:medium,transferred_platt_red_win_probability,3,6,0.37232068004405167,0.3333333333333333
official-total-core,teammate-set,2026,100.0,observation:medium,transferred_platt_red_win_probability,4,8,0.46078937350060883,0.5
official-total-core,teammate-set,2026,100.0,observation:medium,transferred_platt_red_win_probability,5,4,0.5377195260991154,0.75
official-total-core,teammate-set,2026,100.0,observation:medium,transferred_platt_red_win_probability,6,4,0.6404218431778028,0.25
official-total-core,teammate-set,2026,100.0,observation:medium,transferred_platt_red_win_probability,7,5,0.7249715812031275,0.6
official-total-core,teammate-set,2026,100.0,observation:medium,transferred_platt_red_win_probability,8,5,0.8602400712047155,1.0
official-total-core,teammate-set,2026,100.0,observation:medium,transferred_platt_red_win_probability,9,3,0.9331866815153768,1.0
official-total-core,teammate-set,2026,100.0,observation:medium,transferred_score_red_win_probability,0,8,0.0466615798494336,0.0
official-total-core,teammate-set,2026,100.0,observation:medium,transferred_score_red_win_probability,1,5,0.16341821868669662,0.8
official-total-core,teammate-set,2026,100.0,observation:medium,transferred_score_red_win_probability,2,6,0.22400632896578831,0.3333333333333333
official-total-core,teammate-set,2026,100.0,observation:medium,transferred_score_red_win_probability,3,5,0.34071575082129313,0.4
official-total-core,teammate-set,2026,100.0,observation:medium,transferred_score_red_win_probability,4,2,0.4419625274429434,0.5
official-total-core,teammate-set,2026,100.0,observation:medium,transferred_score_red_win_probability,5,4,0.5291119828167845,1.0
official-total-core,teammate-set,2026,100.0,observation:medium,transferred_score_red_win_probability,6,1,0.6423065331452349,0.0
official-total-core,teammate-set,2026,100.0,observation:medium,transferred_score_red_win_probability,7,5,0.7424978045251522,1.0
official-total-core,teammate-set,2026,100.0,observation:medium,transferred_score_red_win_probability,8,6,0.8622933089940203,0.6666666666666666
official-total-core,teammate-set,2026,100.0,observation:medium,transferred_score_red_win_probability,9,6,0.9535423005235728,0.6666666666666666
phase-core,additive,2026,100.0,primary-clean,raw_pred_red_win_probability,0,309,0.02565678372032628,0.2168284789644013
phase-core,additive,2026,100.0,primary-clean,raw_pred_red_win_probability,1,86,0.14990022969107294,0.37209302325581395
phase-core,additive,2026,100.0,primary-clean,raw_pred_red_win_probability,2,50,0.248578764796257,0.46
phase-core,additive,2026,100.0,primary-clean,raw_pred_red_win_probability,3,40,0.346904319524765,0.45
phase-core,additive,2026,100.0,primary-clean,raw_pred_red_win_probability,4,52,0.4494295441187345,0.5192307692307693
phase-core,additive,2026,100.0,primary-clean,raw_pred_red_win_probability,5,51,0.5532034436861674,0.5490196078431373
phase-core,additive,2026,100.0,primary-clean,raw_pred_red_win_probability,6,50,0.653454076051712,0.46
phase-core,additive,2026,100.0,primary-clean,raw_pred_red_win_probability,7,41,0.7571758497052077,0.5121951219512195
phase-core,additive,2026,100.0,primary-clean,raw_pred_red_win_probability,8,75,0.8537286933263143,0.72
phase-core,additive,2026,100.0,primary-clean,raw_pred_red_win_probability,9,352,0.9740713113410906,0.8096590909090909
phase-core,additive,2026,100.0,primary-clean,transferred_platt_red_win_probability,0,46,0.06600398686703735,0.06521739130434782
phase-core,additive,2026,100.0,primary-clean,transferred_platt_red_win_probability,1,94,0.1580011671379267,0.22340425531914893
phase-core,additive,2026,100.0,primary-clean,transferred_platt_red_win_probability,2,100,0.2509595243110877,0.25
phase-core,additive,2026,100.0,primary-clean,transferred_platt_red_win_probability,3,131,0.3497492267347932,0.33587786259541985
phase-core,additive,2026,100.0,primary-clean,transferred_platt_red_win_probability,4,133,0.4496557339447534,0.42105263157894735
phase-core,additive,2026,100.0,primary-clean,transferred_platt_red_win_probability,5,141,0.5475252035803261,0.5177304964539007
phase-core,additive,2026,100.0,primary-clean,transferred_platt_red_win_probability,6,125,0.6511455714911544,0.656
phase-core,additive,2026,100.0,primary-clean,transferred_platt_red_win_probability,7,142,0.7439320122411831,0.6830985915492958
phase-core,additive,2026,100.0,primary-clean,transferred_platt_red_win_probability,8,119,0.8457741994389721,0.8739495798319328
phase-core,additive,2026,100.0,primary-clean,transferred_platt_red_win_probability,9,75,0.9359400503755071,0.9733333333333334
phase-core,additive,2026,100.0,primary-clean,transferred_score_red_win_probability,0,130,0.048325700907624426,0.1
phase-core,additive,2026,100.0,primary-clean,transferred_score_red_win_probability,1,95,0.15166066936698702,0.29473684210526313
phase-core,additive,2026,100.0,primary-clean,transferred_score_red_win_probability,2,93,0.2478341908107218,0.3010752688172043
phase-core,additive,2026,100.0,primary-clean,transferred_score_red_win_probability,3,82,0.3508155802977025,0.36585365853658536
phase-core,additive,2026,100.0,primary-clean,transferred_score_red_win_probability,4,81,0.45108673996617277,0.38271604938271603
phase-core,additive,2026,100.0,primary-clean,transferred_score_red_win_probability,5,82,0.5507039890540952,0.4146341463414634
phase-core,additive,2026,100.0,primary-clean,transferred_score_red_win_probability,6,101,0.652802306762751,0.6138613861386139
phase-core,additive,2026,100.0,primary-clean,transferred_score_red_win_probability,7,105,0.7508396963902177,0.638095238095238
phase-core,additive,2026,100.0,primary-clean,transferred_score_red_win_probability,8,136,0.8518499525694584,0.7647058823529411
phase-core,additive,2026,100.0,primary-clean,transferred_score_red_win_probability,9,201,0.9577746736893998,0.900497512437811
phase-core,additive,2026,100.0,all-official,raw_pred_red_win_probability,0,309,0.02565678372032628,0.2168284789644013
phase-core,additive,2026,100.0,all-official,raw_pred_red_win_probability,1,86,0.14990022969107294,0.37209302325581395
phase-core,additive,2026,100.0,all-official,raw_pred_red_win_probability,2,50,0.248578764796257,0.46
phase-core,additive,2026,100.0,all-official,raw_pred_red_win_probability,3,40,0.346904319524765,0.45
phase-core,additive,2026,100.0,all-official,raw_pred_red_win_probability,4,52,0.4494295441187345,0.5192307692307693
phase-core,additive,2026,100.0,all-official,raw_pred_red_win_probability,5,51,0.5532034436861674,0.5490196078431373
phase-core,additive,2026,100.0,all-official,raw_pred_red_win_probability,6,50,0.653454076051712,0.46
phase-core,additive,2026,100.0,all-official,raw_pred_red_win_probability,7,41,0.7571758497052077,0.5121951219512195
phase-core,additive,2026,100.0,all-official,raw_pred_red_win_probability,8,75,0.8537286933263143,0.72
phase-core,additive,2026,100.0,all-official,raw_pred_red_win_probability,9,352,0.9740713113410906,0.8096590909090909
phase-core,additive,2026,100.0,all-official,transferred_platt_red_win_probability,0,46,0.06600398686703735,0.06521739130434782
phase-core,additive,2026,100.0,all-official,transferred_platt_red_win_probability,1,94,0.1580011671379267,0.22340425531914893
phase-core,additive,2026,100.0,all-official,transferred_platt_red_win_probability,2,100,0.2509595243110877,0.25
phase-core,additive,2026,100.0,all-official,transferred_platt_red_win_probability,3,131,0.3497492267347932,0.33587786259541985
phase-core,additive,2026,100.0,all-official,transferred_platt_red_win_probability,4,133,0.4496557339447534,0.42105263157894735
phase-core,additive,2026,100.0,all-official,transferred_platt_red_win_probability,5,141,0.5475252035803261,0.5177304964539007
phase-core,additive,2026,100.0,all-official,transferred_platt_red_win_probability,6,125,0.6511455714911544,0.656
phase-core,additive,2026,100.0,all-official,transferred_platt_red_win_probability,7,142,0.7439320122411831,0.6830985915492958
phase-core,additive,2026,100.0,all-official,transferred_platt_red_win_probability,8,119,0.8457741994389721,0.8739495798319328
phase-core,additive,2026,100.0,all-official,transferred_platt_red_win_probability,9,75,0.9359400503755071,0.9733333333333334
phase-core,additive,2026,100.0,all-official,transferred_score_red_win_probability,0,130,0.048325700907624426,0.1
phase-core,additive,2026,100.0,all-official,transferred_score_red_win_probability,1,95,0.15166066936698702,0.29473684210526313
phase-core,additive,2026,100.0,all-official,transferred_score_red_win_probability,2,93,0.2478341908107218,0.3010752688172043
phase-core,additive,2026,100.0,all-official,transferred_score_red_win_probability,3,82,0.3508155802977025,0.36585365853658536
phase-core,additive,2026,100.0,all-official,transferred_score_red_win_probability,4,81,0.45108673996617277,0.38271604938271603
phase-core,additive,2026,100.0,all-official,transferred_score_red_win_probability,5,82,0.5507039890540952,0.4146341463414634
phase-core,additive,2026,100.0,all-official,transferred_score_red_win_probability,6,101,0.652802306762751,0.6138613861386139
phase-core,additive,2026,100.0,all-official,transferred_score_red_win_probability,7,105,0.7508396963902177,0.638095238095238
phase-core,additive,2026,100.0,all-official,transferred_score_red_win_probability,8,136,0.8518499525694584,0.7647058823529411
phase-core,additive,2026,100.0,all-official,transferred_score_red_win_probability,9,201,0.9577746736893998,0.900497512437811
phase-core,additive,2026,100.0,DQ-only,raw_pred_red_win_probability,0,0,,
phase-core,additive,2026,100.0,DQ-only,raw_pred_red_win_probability,1,0,,
phase-core,additive,2026,100.0,DQ-only,raw_pred_red_win_probability,2,0,,
phase-core,additive,2026,100.0,DQ-only,raw_pred_red_win_probability,3,0,,
phase-core,additive,2026,100.0,DQ-only,raw_pred_red_win_probability,4,0,,
phase-core,additive,2026,100.0,DQ-only,raw_pred_red_win_probability,5,0,,
phase-core,additive,2026,100.0,DQ-only,raw_pred_red_win_probability,6,0,,
phase-core,additive,2026,100.0,DQ-only,raw_pred_red_win_probability,7,0,,
phase-core,additive,2026,100.0,DQ-only,raw_pred_red_win_probability,8,0,,
phase-core,additive,2026,100.0,DQ-only,raw_pred_red_win_probability,9,0,,
phase-core,additive,2026,100.0,DQ-only,transferred_platt_red_win_probability,0,0,,
phase-core,additive,2026,100.0,DQ-only,transferred_platt_red_win_probability,1,0,,
phase-core,additive,2026,100.0,DQ-only,transferred_platt_red_win_probability,2,0,,
phase-core,additive,2026,100.0,DQ-only,transferred_platt_red_win_probability,3,0,,
phase-core,additive,2026,100.0,DQ-only,transferred_platt_red_win_probability,4,0,,
phase-core,additive,2026,100.0,DQ-only,transferred_platt_red_win_probability,5,0,,
phase-core,additive,2026,100.0,DQ-only,transferred_platt_red_win_probability,6,0,,
phase-core,additive,2026,100.0,DQ-only,transferred_platt_red_win_probability,7,0,,
phase-core,additive,2026,100.0,DQ-only,transferred_platt_red_win_probability,8,0,,
phase-core,additive,2026,100.0,DQ-only,transferred_platt_red_win_probability,9,0,,
phase-core,additive,2026,100.0,DQ-only,transferred_score_red_win_probability,0,0,,
phase-core,additive,2026,100.0,DQ-only,transferred_score_red_win_probability,1,0,,
phase-core,additive,2026,100.0,DQ-only,transferred_score_red_win_probability,2,0,,
phase-core,additive,2026,100.0,DQ-only,transferred_score_red_win_probability,3,0,,
phase-core,additive,2026,100.0,DQ-only,transferred_score_red_win_probability,4,0,,
phase-core,additive,2026,100.0,DQ-only,transferred_score_red_win_probability,5,0,,
phase-core,additive,2026,100.0,DQ-only,transferred_score_red_win_probability,6,0,,
phase-core,additive,2026,100.0,DQ-only,transferred_score_red_win_probability,7,0,,
phase-core,additive,2026,100.0,DQ-only,transferred_score_red_win_probability,8,0,,
phase-core,additive,2026,100.0,DQ-only,transferred_score_red_win_probability,9,0,,
phase-core,additive,2026,100.0,surrogate-only,raw_pred_red_win_probability,0,1,6.235396722331643e-05,0.0
phase-core,additive,2026,100.0,surrogate-only,raw_pred_red_win_probability,1,0,,
phase-core,additive,2026,100.0,surrogate-only,raw_pred_red_win_probability,2,1,0.28787583112716675,0.0
phase-core,additive,2026,100.0,surrogate-only,raw_pred_red_win_probability,3,0,,
phase-core,additive,2026,100.0,surrogate-only,raw_pred_red_win_probability,4,0,,
phase-core,additive,2026,100.0,surrogate-only,raw_pred_red_win_probability,5,0,,
phase-core,additive,2026,100.0,surrogate-only,raw_pred_red_win_probability,6,0,,
phase-core,additive,2026,100.0,surrogate-only,raw_pred_red_win_probability,7,0,,
phase-core,additive,2026,100.0,surrogate-only,raw_pred_red_win_probability,8,0,,
phase-core,additive,2026,100.0,surrogate-only,raw_pred_red_win_probability,9,4,0.960363432765007,1.0
phase-core,additive,2026,100.0,surrogate-only,transferred_platt_red_win_probability,0,1,0.04810106686386131,0.0
phase-core,additive,2026,100.0,surrogate-only,transferred_platt_red_win_probability,1,0,,
phase-core,additive,2026,100.0,surrogate-only,transferred_platt_red_win_probability,2,0,,
phase-core,additive,2026,100.0,surrogate-only,transferred_platt_red_win_probability,3,0,,
phase-core,additive,2026,100.0,surrogate-only,transferred_platt_red_win_probability,4,1,0.4508137185105868,0.0
phase-core,additive,2026,100.0,surrogate-only,transferred_platt_red_win_probability,5,0,,
phase-core,additive,2026,100.0,surrogate-only,transferred_platt_red_win_probability,6,0,,
phase-core,additive,2026,100.0,surrogate-only,transferred_platt_red_win_probability,7,4,0.7550488783065467,1.0
phase-core,additive,2026,100.0,surrogate-only,transferred_platt_red_win_probability,8,0,,
phase-core,additive,2026,100.0,surrogate-only,transferred_platt_red_win_probability,9,0,,
phase-core,additive,2026,100.0,surrogate-only,transferred_score_red_win_probability,0,1,0.011156821469630407,0.0
phase-core,additive,2026,100.0,surrogate-only,transferred_score_red_win_probability,1,0,,
phase-core,additive,2026,100.0,surrogate-only,transferred_score_red_win_probability,2,0,,
phase-core,additive,2026,100.0,surrogate-only,transferred_score_red_win_probability,3,0,,
phase-core,additive,2026,100.0,surrogate-only,transferred_score_red_win_probability,4,1,0.491389119317029,0.0
phase-core,additive,2026,100.0,surrogate-only,transferred_score_red_win_probability,5,0,,
phase-core,additive,2026,100.0,surrogate-only,transferred_score_red_win_probability,6,0,,
phase-core,additive,2026,100.0,surrogate-only,transferred_score_red_win_probability,7,0,,
phase-core,additive,2026,100.0,surrogate-only,transferred_score_red_win_probability,8,2,0.8670729489579934,1.0
phase-core,additive,2026,100.0,surrogate-only,transferred_score_red_win_probability,9,2,0.9092987163678874,1.0
phase-core,additive,2026,100.0,division:2026arc,raw_pred_red_win_probability,0,36,0.024378547229842538,0.2777777777777778
phase-core,additive,2026,100.0,division:2026arc,raw_pred_red_win_probability,1,6,0.141946146885554,0.16666666666666666
phase-core,additive,2026,100.0,division:2026arc,raw_pred_red_win_probability,2,1,0.2621719241142273,1.0
phase-core,additive,2026,100.0,division:2026arc,raw_pred_red_win_probability,3,3,0.33764175573984784,0.3333333333333333
phase-core,additive,2026,100.0,division:2026arc,raw_pred_red_win_probability,4,11,0.44663137197494507,0.5454545454545454
phase-core,additive,2026,100.0,division:2026arc,raw_pred_red_win_probability,5,11,0.5581284002824263,0.2727272727272727
phase-core,additive,2026,100.0,division:2026arc,raw_pred_red_win_probability,6,4,0.6856995820999146,0.0
phase-core,additive,2026,100.0,division:2026arc,raw_pred_red_win_probability,7,11,0.7583254033868964,0.36363636363636365
phase-core,additive,2026,100.0,division:2026arc,raw_pred_red_win_probability,8,12,0.8551398317019144,0.8333333333333334
phase-core,additive,2026,100.0,division:2026arc,raw_pred_red_win_probability,9,45,0.9788370688756307,0.7555555555555555
phase-core,additive,2026,100.0,division:2026arc,transferred_platt_red_win_probability,0,8,0.06979529436931706,0.0
phase-core,additive,2026,100.0,division:2026arc,transferred_platt_red_win_probability,1,10,0.14768661714250392,0.5
phase-core,additive,2026,100.0,division:2026arc,transferred_platt_red_win_probability,2,10,0.2584616345390004,0.3
phase-core,additive,2026,100.0,division:2026arc,transferred_platt_red_win_probability,3,14,0.347900728463458,0.21428571428571427
phase-core,additive,2026,100.0,division:2026arc,transferred_platt_red_win_probability,4,8,0.4786669543424422,0.5
phase-core,additive,2026,100.0,division:2026arc,transferred_platt_red_win_probability,5,22,0.5393477532906013,0.3181818181818182
phase-core,additive,2026,100.0,division:2026arc,transferred_platt_red_win_probability,6,25,0.6408514216424177,0.6
phase-core,additive,2026,100.0,division:2026arc,transferred_platt_red_win_probability,7,17,0.7568164985317002,0.5882352941176471
phase-core,additive,2026,100.0,division:2026arc,transferred_platt_red_win_probability,8,14,0.8433750761943497,0.8571428571428571
phase-core,additive,2026,100.0,division:2026arc,transferred_platt_red_win_probability,9,12,0.9460619319535343,0.9166666666666666
phase-core,additive,2026,100.0,division:2026arc,transferred_score_red_win_probability,0,16,0.04433012371610889,0.0625
phase-core,additive,2026,100.0,division:2026arc,transferred_score_red_win_probability,1,11,0.15379528022069924,0.45454545454545453
phase-core,additive,2026,100.0,division:2026arc,transferred_score_red_win_probability,2,4,0.25075620181003355,0.0
phase-core,additive,2026,100.0,division:2026arc,transferred_score_red_win_probability,3,16,0.3456779732338484,0.375
phase-core,additive,2026,100.0,division:2026arc,transferred_score_red_win_probability,4,9,0.46408022435767715,0.2222222222222222
phase-core,additive,2026,100.0,division:2026arc,transferred_score_red_win_probability,5,12,0.5527874220269687,0.16666666666666666
phase-core,additive,2026,100.0,division:2026arc,transferred_score_red_win_probability,6,11,0.6538198500268794,0.6363636363636364
phase-core,additive,2026,100.0,division:2026arc,transferred_score_red_win_probability,7,11,0.7594534884148488,0.5454545454545454
phase-core,additive,2026,100.0,division:2026arc,transferred_score_red_win_probability,8,20,0.857279644070991,0.8
phase-core,additive,2026,100.0,division:2026arc,transferred_score_red_win_probability,9,30,0.9576841221685916,0.8333333333333334
phase-core,additive,2026,100.0,division:2026cur,raw_pred_red_win_probability,0,34,0.029431441406974474,0.20588235294117646
phase-core,additive,2026,100.0,division:2026cur,raw_pred_red_win_probability,1,11,0.15986748784780502,0.36363636363636365
phase-core,additive,2026,100.0,division:2026cur,raw_pred_red_win_probability,2,8,0.2609262689948082,0.5
phase-core,additive,2026,100.0,division:2026cur,raw_pred_red_win_probability,3,7,0.35884319458689007,0.42857142857142855
phase-core,additive,2026,100.0,division:2026cur,raw_pred_red_win_probability,4,5,0.4648041009902954,0.8
phase-core,additive,2026,100.0,division:2026cur,raw_pred_red_win_probability,5,6,0.5521745979785919,0.5
phase-core,additive,2026,100.0,division:2026cur,raw_pred_red_win_probability,6,8,0.6457846611738205,0.375
phase-core,additive,2026,100.0,division:2026cur,raw_pred_red_win_probability,7,4,0.7625361531972885,0.75
phase-core,additive,2026,100.0,division:2026cur,raw_pred_red_win_probability,8,11,0.8391719623045488,0.7272727272727273
phase-core,additive,2026,100.0,division:2026cur,raw_pred_red_win_probability,9,42,0.9698190504596347,0.8571428571428571
phase-core,additive,2026,100.0,division:2026cur,transferred_platt_red_win_probability,0,5,0.07496079974245443,0.2
phase-core,additive,2026,100.0,division:2026cur,transferred_platt_red_win_probability,1,8,0.15204709852480358,0.0
phase-core,additive,2026,100.0,division:2026cur,transferred_platt_red_win_probability,2,12,0.2536291695873245,0.3333333333333333
phase-core,additive,2026,100.0,division:2026cur,transferred_platt_red_win_probability,3,15,0.34746856918570773,0.3333333333333333
phase-core,additive,2026,100.0,division:2026cur,transferred_platt_red_win_probability,4,20,0.4442997707844617,0.4
phase-core,additive,2026,100.0,division:2026cur,transferred_platt_red_win_probability,5,19,0.5447987695384167,0.5263157894736842
phase-core,additive,2026,100.0,division:2026cur,transferred_platt_red_win_probability,6,16,0.6432099330992719,0.75
phase-core,additive,2026,100.0,division:2026cur,transferred_platt_red_win_probability,7,21,0.7390049664725119,0.7142857142857143
phase-core,additive,2026,100.0,division:2026cur,transferred_platt_red_win_probability,8,13,0.8477891341953112,1.0
phase-core,additive,2026,100.0,division:2026cur,transferred_platt_red_win_probability,9,7,0.9153158754336826,1.0
phase-core,additive,2026,100.0,division:2026cur,transferred_score_red_win_probability,0,13,0.0415523951934023,0.07692307692307693
phase-core,additive,2026,100.0,division:2026cur,transferred_score_red_win_probability,1,11,0.15889726037785598,0.2727272727272727
phase-core,additive,2026,100.0,division:2026cur,transferred_score_red_win_probability,2,15,0.24191887293254552,0.26666666666666666
phase-core,additive,2026,100.0,division:2026cur,transferred_score_red_win_probability,3,8,0.364137770411591,0.375
phase-core,additive,2026,100.0,division:2026cur,transferred_score_red_win_probability,4,16,0.4519153612949399,0.4375
phase-core,additive,2026,100.0,division:2026cur,transferred_score_red_win_probability,5,9,0.5610021796979299,0.6666666666666666
phase-core,additive,2026,100.0,division:2026cur,transferred_score_red_win_probability,6,11,0.6465316351806648,0.45454545454545453
phase-core,additive,2026,100.0,division:2026cur,transferred_score_red_win_probability,7,15,0.7533652323720492,0.7333333333333333
phase-core,additive,2026,100.0,division:2026cur,transferred_score_red_win_probability,8,13,0.8542780836540304,0.8461538461538461
phase-core,additive,2026,100.0,division:2026cur,transferred_score_red_win_probability,9,25,0.959429876635475,0.96
phase-core,additive,2026,100.0,division:2026dal,raw_pred_red_win_probability,0,39,0.028023831728951804,0.1282051282051282
phase-core,additive,2026,100.0,division:2026dal,raw_pred_red_win_probability,1,15,0.15354670186837513,0.4666666666666667
phase-core,additive,2026,100.0,division:2026dal,raw_pred_red_win_probability,2,8,0.25018053129315376,0.25
phase-core,additive,2026,100.0,division:2026dal,raw_pred_red_win_probability,3,6,0.3458011895418167,0.5
phase-core,additive,2026,100.0,division:2026dal,raw_pred_red_win_probability,4,6,0.45534154772758484,0.3333333333333333
phase-core,additive,2026,100.0,division:2026dal,raw_pred_red_win_probability,5,5,0.5630447626113891,0.6
phase-core,additive,2026,100.0,division:2026dal,raw_pred_red_win_probability,6,4,0.6526824682950974,0.75
phase-core,additive,2026,100.0,division:2026dal,raw_pred_red_win_probability,7,7,0.7370740345546177,0.42857142857142855
phase-core,additive,2026,100.0,division:2026dal,raw_pred_red_win_probability,8,5,0.8471123933792114,0.8
phase-core,additive,2026,100.0,division:2026dal,raw_pred_red_win_probability,9,43,0.9716917110043902,0.7906976744186046
phase-core,additive,2026,100.0,division:2026dal,transferred_platt_red_win_probability,0,4,0.04921693449511951,0.0
phase-core,additive,2026,100.0,division:2026dal,transferred_platt_red_win_probability,1,12,0.17263307567260247,0.16666666666666666
phase-core,additive,2026,100.0,division:2026dal,transferred_platt_red_win_probability,2,14,0.24972978031828916,0.14285714285714285
phase-core,additive,2026,100.0,division:2026dal,transferred_platt_red_win_probability,3,18,0.3507307963558736,0.2777777777777778
phase-core,additive,2026,100.0,division:2026dal,transferred_platt_red_win_probability,4,22,0.4431866273914014,0.36363636363636365
phase-core,additive,2026,100.0,division:2026dal,transferred_platt_red_win_probability,5,16,0.5522863360694166,0.625
phase-core,additive,2026,100.0,division:2026dal,transferred_platt_red_win_probability,6,13,0.6541436379817469,0.5384615384615384
phase-core,additive,2026,100.0,division:2026dal,transferred_platt_red_win_probability,7,13,0.7343710242916208,0.5384615384615384
phase-core,additive,2026,100.0,division:2026dal,transferred_platt_red_win_probability,8,14,0.8348202552640724,0.9285714285714286
phase-core,additive,2026,100.0,division:2026dal,transferred_platt_red_win_probability,9,12,0.9507877945633152,1.0
phase-core,additive,2026,100.0,division:2026dal,transferred_score_red_win_probability,0,14,0.058179908394124194,0.0
phase-core,additive,2026,100.0,division:2026dal,transferred_score_red_win_probability,1,13,0.14591418315959812,0.15384615384615385
phase-core,additive,2026,100.0,division:2026dal,transferred_score_red_win_probability,2,12,0.24424886960628248,0.25
phase-core,additive,2026,100.0,division:2026dal,transferred_score_red_win_probability,3,10,0.3569487463931412,0.4
phase-core,additive,2026,100.0,division:2026dal,transferred_score_red_win_probability,4,12,0.44272005449557256,0.4166666666666667
phase-core,additive,2026,100.0,division:2026dal,transferred_score_red_win_probability,5,14,0.5433333600120823,0.2857142857142857
phase-core,additive,2026,100.0,division:2026dal,transferred_score_red_win_probability,6,10,0.6572299296747214,0.6
phase-core,additive,2026,100.0,division:2026dal,transferred_score_red_win_probability,7,18,0.7537879969719379,0.5555555555555556
phase-core,additive,2026,100.0,division:2026dal,transferred_score_red_win_probability,8,11,0.8448208702760371,0.7272727272727273
phase-core,additive,2026,100.0,division:2026dal,transferred_score_red_win_probability,9,24,0.9709194603563764,1.0
phase-core,additive,2026,100.0,division:2026gal,raw_pred_red_win_probability,0,37,0.031848469387679525,0.32432432432432434
phase-core,additive,2026,100.0,division:2026gal,raw_pred_red_win_probability,1,12,0.1457759626209736,0.5
phase-core,additive,2026,100.0,division:2026gal,raw_pred_red_win_probability,2,4,0.2197755165398121,0.25
phase-core,additive,2026,100.0,division:2026gal,raw_pred_red_win_probability,3,6,0.34039818743864697,0.5
phase-core,additive,2026,100.0,division:2026gal,raw_pred_red_win_probability,4,2,0.45299772918224335,0.0
phase-core,additive,2026,100.0,division:2026gal,raw_pred_red_win_probability,5,10,0.5481224775314331,0.8
phase-core,additive,2026,100.0,division:2026gal,raw_pred_red_win_probability,6,10,0.6505134046077728,0.5
phase-core,additive,2026,100.0,division:2026gal,raw_pred_red_win_probability,7,6,0.7446901102860769,0.6666666666666666
phase-core,additive,2026,100.0,division:2026gal,raw_pred_red_win_probability,8,14,0.8590688407421112,0.7857142857142857
phase-core,additive,2026,100.0,division:2026gal,raw_pred_red_win_probability,9,37,0.9739203678595053,0.8108108108108109
phase-core,additive,2026,100.0,division:2026gal,transferred_platt_red_win_probability,0,4,0.07070476926583115,0.0
phase-core,additive,2026,100.0,division:2026gal,transferred_platt_red_win_probability,1,9,0.1569795131708445,0.3333333333333333
phase-core,additive,2026,100.0,division:2026gal,transferred_platt_red_win_probability,2,12,0.24151980077498983,0.3333333333333333
phase-core,additive,2026,100.0,division:2026gal,transferred_platt_red_win_probability,3,21,0.3473005386122456,0.5238095238095238
phase-core,additive,2026,100.0,division:2026gal,transferred_platt_red_win_probability,4,14,0.4453578134860807,0.2857142857142857
phase-core,additive,2026,100.0,division:2026gal,transferred_platt_red_win_probability,5,24,0.5581755061434588,0.625
phase-core,additive,2026,100.0,division:2026gal,transferred_platt_red_win_probability,6,19,0.6580563634550177,0.7894736842105263
phase-core,additive,2026,100.0,division:2026gal,transferred_platt_red_win_probability,7,15,0.7465949793811564,0.7333333333333333
phase-core,additive,2026,100.0,division:2026gal,transferred_platt_red_win_probability,8,14,0.8427908176618815,0.7857142857142857
phase-core,additive,2026,100.0,division:2026gal,transferred_platt_red_win_probability,9,6,0.9285101245452619,1.0
phase-core,additive,2026,100.0,division:2026gal,transferred_score_red_win_probability,0,16,0.056304328638303966,0.3125
phase-core,additive,2026,100.0,division:2026gal,transferred_score_red_win_probability,1,11,0.1617937189322815,0.2727272727272727
phase-core,additive,2026,100.0,division:2026gal,transferred_score_red_win_probability,2,10,0.25633691091508964,0.5
phase-core,additive,2026,100.0,division:2026gal,transferred_score_red_win_probability,3,14,0.34094624707736204,0.42857142857142855
phase-core,additive,2026,100.0,division:2026gal,transferred_score_red_win_probability,4,7,0.44240300085148754,0.5714285714285714
phase-core,additive,2026,100.0,division:2026gal,transferred_score_red_win_probability,5,8,0.5396702437939659,0.625
phase-core,additive,2026,100.0,division:2026gal,transferred_score_red_win_probability,6,22,0.6521069165410811,0.6818181818181818
phase-core,additive,2026,100.0,division:2026gal,transferred_score_red_win_probability,7,13,0.7479206774436835,0.6923076923076923
phase-core,additive,2026,100.0,division:2026gal,transferred_score_red_win_probability,8,19,0.8594928497897972,0.7368421052631579
phase-core,additive,2026,100.0,division:2026gal,transferred_score_red_win_probability,9,18,0.9473452918204198,0.7777777777777778
phase-core,additive,2026,100.0,division:2026hop,raw_pred_red_win_probability,0,41,0.028114833602513697,0.17073170731707318
phase-core,additive,2026,100.0,division:2026hop,raw_pred_red_win_probability,1,8,0.15575403161346912,0.25
phase-core,additive,2026,100.0,division:2026hop,raw_pred_red_win_probability,2,8,0.25198114663362503,0.5
phase-core,additive,2026,100.0,division:2026hop,raw_pred_red_win_probability,3,6,0.3394645154476166,0.16666666666666666
phase-core,additive,2026,100.0,division:2026hop,raw_pred_red_win_probability,4,6,0.4385697940985362,0.5
phase-core,additive,2026,100.0,division:2026hop,raw_pred_red_win_probability,5,4,0.5695558935403824,0.75
phase-core,additive,2026,100.0,division:2026hop,raw_pred_red_win_probability,6,5,0.6706653237342834,0.4
phase-core,additive,2026,100.0,division:2026hop,raw_pred_red_win_probability,7,4,0.7706283032894135,0.5
phase-core,additive,2026,100.0,division:2026hop,raw_pred_red_win_probability,8,6,0.8547097941239675,0.16666666666666666
phase-core,additive,2026,100.0,division:2026hop,raw_pred_red_win_probability,9,52,0.9725755498959467,0.8461538461538461
phase-core,additive,2026,100.0,division:2026hop,transferred_platt_red_win_probability,0,8,0.06673078676733743,0.125
phase-core,additive,2026,100.0,division:2026hop,transferred_platt_red_win_probability,1,12,0.15564618273883887,0.16666666666666666
phase-core,additive,2026,100.0,division:2026hop,transferred_platt_red_win_probability,2,9,0.2409001869580812,0.1111111111111111
phase-core,additive,2026,100.0,division:2026hop,transferred_platt_red_win_probability,3,17,0.3438178451535083,0.29411764705882354
phase-core,additive,2026,100.0,division:2026hop,transferred_platt_red_win_probability,4,20,0.45033610524611856,0.35
phase-core,additive,2026,100.0,division:2026hop,transferred_platt_red_win_probability,5,12,0.5499773631819896,0.5
phase-core,additive,2026,100.0,division:2026hop,transferred_platt_red_win_probability,6,12,0.6509891796930989,0.4166666666666667
phase-core,additive,2026,100.0,division:2026hop,transferred_platt_red_win_probability,7,21,0.7388305652780682,0.7142857142857143
phase-core,additive,2026,100.0,division:2026hop,transferred_platt_red_win_probability,8,21,0.8418657953158308,0.9047619047619048
phase-core,additive,2026,100.0,division:2026hop,transferred_platt_red_win_probability,9,8,0.9366502100835497,1.0
phase-core,additive,2026,100.0,division:2026hop,transferred_score_red_win_probability,0,17,0.046051796444192765,0.11764705882352941
phase-core,additive,2026,100.0,division:2026hop,transferred_score_red_win_probability,1,12,0.14722934927528894,0.16666666666666666
phase-core,additive,2026,100.0,division:2026hop,transferred_score_red_win_probability,2,16,0.23730410306956223,0.3125
phase-core,additive,2026,100.0,division:2026hop,transferred_score_red_win_probability,3,5,0.35124051365733855,0.0
phase-core,additive,2026,100.0,division:2026hop,transferred_score_red_win_probability,4,11,0.4544710338395097,0.36363636363636365
phase-core,additive,2026,100.0,division:2026hop,transferred_score_red_win_probability,5,10,0.5349295388576846,0.4
phase-core,additive,2026,100.0,division:2026hop,transferred_score_red_win_probability,6,12,0.6466413532134422,0.75
phase-core,additive,2026,100.0,division:2026hop,transferred_score_red_win_probability,7,8,0.745278234624059,0.25
phase-core,additive,2026,100.0,division:2026hop,transferred_score_red_win_probability,8,17,0.8495231775501173,0.6470588235294118
phase-core,additive,2026,100.0,division:2026hop,transferred_score_red_win_probability,9,32,0.9506969080798748,0.9375
phase-core,additive,2026,100.0,division:2026joh,raw_pred_red_win_probability,0,41,0.01911100411783403,0.21951219512195122
phase-core,additive,2026,100.0,division:2026joh,raw_pred_red_win_probability,1,12,0.13790048224230608,0.4166666666666667
phase-core,additive,2026,100.0,division:2026joh,raw_pred_red_win_probability,2,7,0.2621239700487682,0.42857142857142855
phase-core,additive,2026,100.0,division:2026joh,raw_pred_red_win_probability,3,2,0.35441499948501587,1.0
phase-core,additive,2026,100.0,division:2026joh,raw_pred_red_win_probability,4,8,0.44086742773652077,0.75
phase-core,additive,2026,100.0,division:2026joh,raw_pred_red_win_probability,5,4,0.5272769182920456,0.5
phase-core,additive,2026,100.0,division:2026joh,raw_pred_red_win_probability,6,7,0.662017456122807,0.5714285714285714
phase-core,additive,2026,100.0,division:2026joh,raw_pred_red_win_probability,7,2,0.757929116487503,1.0
phase-core,additive,2026,100.0,division:2026joh,raw_pred_red_win_probability,8,5,0.8491964340209961,0.8
phase-core,additive,2026,100.0,division:2026joh,raw_pred_red_win_probability,9,50,0.9736315989494324,0.78
phase-core,additive,2026,100.0,division:2026joh,transferred_platt_red_win_probability,0,8,0.059044157540253085,0.0
phase-core,additive,2026,100.0,division:2026joh,transferred_platt_red_win_probability,1,12,0.15906982846328052,0.3333333333333333
phase-core,additive,2026,100.0,division:2026joh,transferred_platt_red_win_probability,2,15,0.24479915083279927,0.3333333333333333
phase-core,additive,2026,100.0,division:2026joh,transferred_platt_red_win_probability,3,16,0.3518585946540699,0.25
phase-core,additive,2026,100.0,division:2026joh,transferred_platt_red_win_probability,4,15,0.4556200536406282,0.6666666666666666
phase-core,additive,2026,100.0,division:2026joh,transferred_platt_red_win_probability,5,15,0.5461217806198196,0.5333333333333333
phase-core,additive,2026,100.0,division:2026joh,transferred_platt_red_win_probability,6,8,0.6491781619780228,0.75
phase-core,additive,2026,100.0,division:2026joh,transferred_platt_red_win_probability,7,26,0.7494801707873359,0.8076923076923077
phase-core,additive,2026,100.0,division:2026joh,transferred_platt_red_win_probability,8,14,0.8604292174057243,0.7142857142857143
phase-core,additive,2026,100.0,division:2026joh,transferred_platt_red_win_probability,9,9,0.9271671248327917,0.8888888888888888
phase-core,additive,2026,100.0,division:2026joh,transferred_score_red_win_probability,0,19,0.0372581092972731,0.05263157894736842
phase-core,additive,2026,100.0,division:2026joh,transferred_score_red_win_probability,1,14,0.14269463443616012,0.42857142857142855
phase-core,additive,2026,100.0,division:2026joh,transferred_score_red_win_probability,2,7,0.2451289489917174,0.14285714285714285
phase-core,additive,2026,100.0,division:2026joh,transferred_score_red_win_probability,3,12,0.34752539369630314,0.3333333333333333
phase-core,additive,2026,100.0,division:2026joh,transferred_score_red_win_probability,4,3,0.462259736287336,0.0
phase-core,additive,2026,100.0,division:2026joh,transferred_score_red_win_probability,5,11,0.5699433897036058,0.7272727272727273
phase-core,additive,2026,100.0,division:2026joh,transferred_score_red_win_probability,6,12,0.6571706176607749,0.8333333333333334
phase-core,additive,2026,100.0,division:2026joh,transferred_score_red_win_probability,7,20,0.7448855654217973,0.7
phase-core,additive,2026,100.0,division:2026joh,transferred_score_red_win_probability,8,15,0.8514333898191906,0.7333333333333333
phase-core,additive,2026,100.0,division:2026joh,transferred_score_red_win_probability,9,25,0.9568621824810151,0.84
phase-core,additive,2026,100.0,division:2026mil,raw_pred_red_win_probability,0,46,0.017333011942474,0.2391304347826087
phase-core,additive,2026,100.0,division:2026mil,raw_pred_red_win_probability,1,9,0.15230136695835325,0.2222222222222222
phase-core,additive,2026,100.0,division:2026mil,raw_pred_red_win_probability,2,4,0.23834628239274025,0.5
phase-core,additive,2026,100.0,division:2026mil,raw_pred_red_win_probability,3,9,0.3522956536875831,0.5555555555555556
phase-core,additive,2026,100.0,division:2026mil,raw_pred_red_win_probability,4,4,0.46884041279554367,0.5
phase-core,additive,2026,100.0,division:2026mil,raw_pred_red_win_probability,5,6,0.5553387105464935,0.3333333333333333
phase-core,additive,2026,100.0,division:2026mil,raw_pred_red_win_probability,6,4,0.6439216732978821,0.75
phase-core,additive,2026,100.0,division:2026mil,raw_pred_red_win_probability,7,2,0.7543399631977081,0.5
phase-core,additive,2026,100.0,division:2026mil,raw_pred_red_win_probability,8,9,0.8695652352439033,0.7777777777777778
phase-core,additive,2026,100.0,division:2026mil,raw_pred_red_win_probability,9,43,0.9785622205845145,0.7906976744186046
phase-core,additive,2026,100.0,division:2026mil,transferred_platt_red_win_probability,0,5,0.07491236751056443,0.0
phase-core,additive,2026,100.0,division:2026mil,transferred_platt_red_win_probability,1,19,0.16077976353238294,0.15789473684210525
phase-core,additive,2026,100.0,division:2026mil,transferred_platt_red_win_probability,2,18,0.24457206144871257,0.2222222222222222
phase-core,additive,2026,100.0,division:2026mil,transferred_platt_red_win_probability,3,11,0.35997951192546507,0.5454545454545454
phase-core,additive,2026,100.0,division:2026mil,transferred_platt_red_win_probability,4,15,0.45327236628982104,0.4666666666666667
phase-core,additive,2026,100.0,division:2026mil,transferred_platt_red_win_probability,5,15,0.5441252410192802,0.4666666666666667
phase-core,additive,2026,100.0,division:2026mil,transferred_platt_red_win_probability,6,12,0.6685025055097847,0.75
phase-core,additive,2026,100.0,division:2026mil,transferred_platt_red_win_probability,7,13,0.7430344667086106,0.5384615384615384
phase-core,additive,2026,100.0,division:2026mil,transferred_platt_red_win_probability,8,15,0.8469577511803261,0.8666666666666667
phase-core,additive,2026,100.0,division:2026mil,transferred_platt_red_win_probability,9,13,0.938533635791033,1.0
phase-core,additive,2026,100.0,division:2026mil,transferred_score_red_win_probability,0,21,0.05168971010867519,0.09523809523809523
phase-core,additive,2026,100.0,division:2026mil,transferred_score_red_win_probability,1,11,0.14512214902081583,0.36363636363636365
phase-core,additive,2026,100.0,division:2026mil,transferred_score_red_win_probability,2,15,0.2536583916247645,0.3333333333333333
phase-core,additive,2026,100.0,division:2026mil,transferred_score_red_win_probability,3,8,0.36602674007654756,0.375
phase-core,additive,2026,100.0,division:2026mil,transferred_score_red_win_probability,4,14,0.4433452014103572,0.21428571428571427
phase-core,additive,2026,100.0,division:2026mil,transferred_score_red_win_probability,5,7,0.552232646689643,0.2857142857142857
phase-core,additive,2026,100.0,division:2026mil,transferred_score_red_win_probability,6,6,0.6502393607376221,0.3333333333333333
phase-core,additive,2026,100.0,division:2026mil,transferred_score_red_win_probability,7,8,0.7334060718923412,0.75
phase-core,additive,2026,100.0,division:2026mil,transferred_score_red_win_probability,8,22,0.8514685367662641,0.8636363636363636
phase-core,additive,2026,100.0,division:2026mil,transferred_score_red_win_probability,9,24,0.9687003064656879,0.9583333333333334
phase-core,additive,2026,100.0,division:2026new,raw_pred_red_win_probability,0,35,0.02984996459451525,0.17142857142857143
phase-core,additive,2026,100.0,division:2026new,raw_pred_red_win_probability,1,13,0.1505490833750138,0.38461538461538464
phase-core,additive,2026,100.0,division:2026new,raw_pred_red_win_probability,2,10,0.2394707754254341,0.6
phase-core,additive,2026,100.0,division:2026new,raw_pred_red_win_probability,3,1,0.3178709149360657,0.0
phase-core,additive,2026,100.0,division:2026new,raw_pred_red_win_probability,4,10,0.4461606115102768,0.4
phase-core,additive,2026,100.0,division:2026new,raw_pred_red_win_probability,5,5,0.5490207076072693,0.8
phase-core,additive,2026,100.0,division:2026new,raw_pred_red_win_probability,6,8,0.6355785951018333,0.375
phase-core,additive,2026,100.0,division:2026new,raw_pred_red_win_probability,7,5,0.7835551023483276,0.4
phase-core,additive,2026,100.0,division:2026new,raw_pred_red_win_probability,8,13,0.8518637418746948,0.6923076923076923
phase-core,additive,2026,100.0,division:2026new,raw_pred_red_win_probability,9,40,0.9735388040542603,0.85
phase-core,additive,2026,100.0,division:2026new,transferred_platt_red_win_probability,0,4,0.06064220878989011,0.25
phase-core,additive,2026,100.0,division:2026new,transferred_platt_red_win_probability,1,12,0.15358721526600852,0.16666666666666666
phase-core,additive,2026,100.0,division:2026new,transferred_platt_red_win_probability,2,10,0.2830945465723402,0.2
phase-core,additive,2026,100.0,division:2026new,transferred_platt_red_win_probability,3,19,0.35229625302453343,0.2631578947368421
phase-core,additive,2026,100.0,division:2026new,transferred_platt_red_win_probability,4,19,0.4454556825751772,0.42105263157894735
phase-core,additive,2026,100.0,division:2026new,transferred_platt_red_win_probability,5,18,0.544333294659933,0.5555555555555556
phase-core,additive,2026,100.0,division:2026new,transferred_platt_red_win_probability,6,20,0.6523144124039331,0.65
phase-core,additive,2026,100.0,division:2026new,transferred_platt_red_win_probability,7,16,0.7403899113909898,0.6875
phase-core,additive,2026,100.0,division:2026new,transferred_platt_red_win_probability,8,14,0.8501791348569239,0.9285714285714286
phase-core,additive,2026,100.0,division:2026new,transferred_platt_red_win_probability,9,8,0.9270490144008181,1.0
phase-core,additive,2026,100.0,division:2026new,transferred_score_red_win_probability,0,14,0.05294439262906831,0.07142857142857142
phase-core,additive,2026,100.0,division:2026new,transferred_score_red_win_probability,1,12,0.1608924701092587,0.25
phase-core,additive,2026,100.0,division:2026new,transferred_score_red_win_probability,2,14,0.25748372380828843,0.35714285714285715
phase-core,additive,2026,100.0,division:2026new,transferred_score_red_win_probability,3,9,0.34727463478978987,0.4444444444444444
phase-core,additive,2026,100.0,division:2026new,transferred_score_red_win_probability,4,9,0.4587114529525514,0.6666666666666666
phase-core,additive,2026,100.0,division:2026new,transferred_score_red_win_probability,5,11,0.551538929833266,0.2727272727272727
phase-core,additive,2026,100.0,division:2026new,transferred_score_red_win_probability,6,17,0.6566667864816192,0.47058823529411764
phase-core,additive,2026,100.0,division:2026new,transferred_score_red_win_probability,7,12,0.7637802291665733,0.75
phase-core,additive,2026,100.0,division:2026new,transferred_score_red_win_probability,8,19,0.8437520624728362,0.7368421052631579
phase-core,additive,2026,100.0,division:2026new,transferred_score_red_win_probability,9,23,0.9499779805889692,0.8695652173913043
phase-core,additive,2026,100.0,observation:high,raw_pred_red_win_probability,0,291,0.025650300085783093,0.20962199312714777
phase-core,additive,2026,100.0,observation:high,raw_pred_red_win_probability,1,84,0.15032894350588322,0.38095238095238093
phase-core,additive,2026,100.0,observation:high,raw_pred_red_win_probability,2,46,0.24955312097850052,0.4782608695652174
phase-core,additive,2026,100.0,observation:high,raw_pred_red_win_probability,3,39,0.3465357697927035,0.4358974358974359
phase-core,additive,2026,100.0,observation:high,raw_pred_red_win_probability,4,49,0.4510661229795339,0.5306122448979592
phase-core,additive,2026,100.0,observation:high,raw_pred_red_win_probability,5,48,0.5525970570743084,0.5416666666666666
phase-core,additive,2026,100.0,observation:high,raw_pred_red_win_probability,6,47,0.6545063624990747,0.46808510638297873
phase-core,additive,2026,100.0,observation:high,raw_pred_red_win_probability,7,40,0.7583212330937386,0.525
phase-core,additive,2026,100.0,observation:high,raw_pred_red_win_probability,8,74,0.8543314353839772,0.7162162162162162
phase-core,additive,2026,100.0,observation:high,raw_pred_red_win_probability,9,338,0.9736337245568721,0.8017751479289941
phase-core,additive,2026,100.0,observation:high,transferred_platt_red_win_probability,0,44,0.06498385428477695,0.045454545454545456
phase-core,additive,2026,100.0,observation:high,transferred_platt_red_win_probability,1,87,0.15792326733781115,0.20689655172413793
phase-core,additive,2026,100.0,observation:high,transferred_platt_red_win_probability,2,95,0.2509820333261221,0.24210526315789474
phase-core,additive,2026,100.0,observation:high,transferred_platt_red_win_probability,3,125,0.34997878665583576,0.352
phase-core,additive,2026,100.0,observation:high,transferred_platt_red_win_probability,4,126,0.4493522736022861,0.42857142857142855
phase-core,additive,2026,100.0,observation:high,transferred_platt_red_win_probability,5,133,0.5471792099923167,0.518796992481203
phase-core,additive,2026,100.0,observation:high,transferred_platt_red_win_probability,6,124,0.6512845122898652,0.6532258064516129
phase-core,additive,2026,100.0,observation:high,transferred_platt_red_win_probability,7,139,0.7443511767469618,0.6762589928057554
phase-core,additive,2026,100.0,observation:high,transferred_platt_red_win_probability,8,113,0.84537234278438,0.8672566371681416
phase-core,additive,2026,100.0,observation:high,transferred_platt_red_win_probability,9,70,0.9358395042824422,0.9714285714285714
phase-core,additive,2026,100.0,observation:high,transferred_score_red_win_probability,0,121,0.04904034011056651,0.08264462809917356
phase-core,additive,2026,100.0,observation:high,transferred_score_red_win_probability,1,91,0.15118380629008343,0.2857142857142857
phase-core,additive,2026,100.0,observation:high,transferred_score_red_win_probability,2,89,0.2480429222387371,0.3146067415730337
phase-core,additive,2026,100.0,observation:high,transferred_score_red_win_probability,3,79,0.3509693595823758,0.379746835443038
phase-core,additive,2026,100.0,observation:high,transferred_score_red_win_probability,4,78,0.45209402895459294,0.38461538461538464
phase-core,additive,2026,100.0,observation:high,transferred_score_red_win_probability,5,77,0.5503609801500492,0.4155844155844156
phase-core,additive,2026,100.0,observation:high,transferred_score_red_win_probability,6,96,0.6528073912936826,0.6041666666666666
phase-core,additive,2026,100.0,observation:high,transferred_score_red_win_probability,7,99,0.7510515294886625,0.6363636363636364
phase-core,additive,2026,100.0,observation:high,transferred_score_red_win_probability,8,134,0.8520915661765981,0.7611940298507462
phase-core,additive,2026,100.0,observation:high,transferred_score_red_win_probability,9,192,0.9575119750893627,0.8958333333333334
phase-core,additive,2026,100.0,observation:low,raw_pred_red_win_probability,0,0,,
phase-core,additive,2026,100.0,observation:low,raw_pred_red_win_probability,1,0,,
phase-core,additive,2026,100.0,observation:low,raw_pred_red_win_probability,2,1,0.22899892926216125,0.0
phase-core,additive,2026,100.0,observation:low,raw_pred_red_win_probability,3,0,,
phase-core,additive,2026,100.0,observation:low,raw_pred_red_win_probability,4,0,,
phase-core,additive,2026,100.0,observation:low,raw_pred_red_win_probability,5,0,,
phase-core,additive,2026,100.0,observation:low,raw_pred_red_win_probability,6,0,,
phase-core,additive,2026,100.0,observation:low,raw_pred_red_win_probability,7,0,,
phase-core,additive,2026,100.0,observation:low,raw_pred_red_win_probability,8,0,,
phase-core,additive,2026,100.0,observation:low,raw_pred_red_win_probability,9,1,0.9936083555221558,1.0
phase-core,additive,2026,100.0,observation:low,transferred_platt_red_win_probability,0,0,,
phase-core,additive,2026,100.0,observation:low,transferred_platt_red_win_probability,1,0,,
phase-core,additive,2026,100.0,observation:low,transferred_platt_red_win_probability,2,0,,
phase-core,additive,2026,100.0,observation:low,transferred_platt_red_win_probability,3,0,,
phase-core,additive,2026,100.0,observation:low,transferred_platt_red_win_probability,4,1,0.42670891558781265,0.0
phase-core,additive,2026,100.0,observation:low,transferred_platt_red_win_probability,5,0,,
phase-core,additive,2026,100.0,observation:low,transferred_platt_red_win_probability,6,0,,
phase-core,additive,2026,100.0,observation:low,transferred_platt_red_win_probability,7,0,,
phase-core,additive,2026,100.0,observation:low,transferred_platt_red_win_probability,8,1,0.8446379934764515,1.0
phase-core,additive,2026,100.0,observation:low,transferred_platt_red_win_probability,9,0,,
phase-core,additive,2026,100.0,observation:low,transferred_score_red_win_probability,0,0,,
phase-core,additive,2026,100.0,observation:low,transferred_score_red_win_probability,1,0,,
phase-core,additive,2026,100.0,observation:low,transferred_score_red_win_probability,2,0,,
phase-core,additive,2026,100.0,observation:low,transferred_score_red_win_probability,3,0,,
phase-core,additive,2026,100.0,observation:low,transferred_score_red_win_probability,4,0,,
phase-core,additive,2026,100.0,observation:low,transferred_score_red_win_probability,5,1,0.5886074969869827,0.0
phase-core,additive,2026,100.0,observation:low,transferred_score_red_win_probability,6,0,,
phase-core,additive,2026,100.0,observation:low,transferred_score_red_win_probability,7,0,,
phase-core,additive,2026,100.0,observation:low,transferred_score_red_win_probability,8,0,,
phase-core,additive,2026,100.0,observation:low,transferred_score_red_win_probability,9,1,0.9619732915934915,1.0
phase-core,additive,2026,100.0,observation:medium,raw_pred_red_win_probability,0,18,0.025761602478774473,0.3333333333333333
phase-core,additive,2026,100.0,observation:medium,raw_pred_red_win_probability,1,2,0.13189424946904182,0.0
phase-core,additive,2026,100.0,observation:medium,raw_pred_red_win_probability,2,3,0.24016524851322174,0.3333333333333333
phase-core,additive,2026,100.0,observation:medium,raw_pred_red_win_probability,3,1,0.3612777590751648,1.0
phase-core,additive,2026,100.0,observation:medium,raw_pred_red_win_probability,4,3,0.4226987560590108,0.3333333333333333
phase-core,additive,2026,100.0,observation:medium,raw_pred_red_win_probability,5,3,0.5629056294759115,0.6666666666666666
phase-core,additive,2026,100.0,observation:medium,raw_pred_red_win_probability,6,3,0.6369682550430298,0.3333333333333333
phase-core,additive,2026,100.0,observation:medium,raw_pred_red_win_probability,7,1,0.711360514163971,0.0
phase-core,additive,2026,100.0,observation:medium,raw_pred_red_win_probability,8,1,0.8091257810592651,1.0
phase-core,additive,2026,100.0,observation:medium,raw_pred_red_win_probability,9,13,0.9839457181783823,1.0
phase-core,additive,2026,100.0,observation:medium,transferred_platt_red_win_probability,0,2,0.0884469036767663,0.5
phase-core,additive,2026,100.0,observation:medium,transferred_platt_red_win_probability,1,7,0.15896935036793405,0.42857142857142855
phase-core,additive,2026,100.0,observation:medium,transferred_platt_red_win_probability,2,5,0.250531853025433,0.4
phase-core,additive,2026,100.0,observation:medium,transferred_platt_red_win_probability,3,6,0.3449667283797413,0.0
phase-core,additive,2026,100.0,observation:medium,transferred_platt_red_win_probability,4,6,0.45985287086272536,0.3333333333333333
phase-core,additive,2026,100.0,observation:medium,transferred_platt_red_win_probability,5,8,0.5532773469809839,0.5
phase-core,additive,2026,100.0,observation:medium,transferred_platt_red_win_probability,6,1,0.6339169124510027,1.0
phase-core,additive,2026,100.0,observation:medium,transferred_platt_red_win_probability,7,3,0.7245107234734399,1.0
phase-core,additive,2026,100.0,observation:medium,transferred_platt_red_win_probability,8,5,0.8550834010252629,1.0
phase-core,additive,2026,100.0,observation:medium,transferred_platt_red_win_probability,9,5,0.9373476956784168,1.0
phase-core,additive,2026,100.0,observation:medium,transferred_score_red_win_probability,0,9,0.03871777384584748,0.3333333333333333
phase-core,additive,2026,100.0,observation:medium,transferred_score_red_win_probability,1,4,0.16250930436654346,0.5
phase-core,additive,2026,100.0,observation:medium,transferred_score_red_win_probability,2,4,0.2431899165373805,0.0
phase-core,additive,2026,100.0,observation:medium,transferred_score_red_win_probability,3,3,0.3467660591346385,0.0
phase-core,additive,2026,100.0,observation:medium,transferred_score_red_win_probability,4,3,0.42489722626724663,0.3333333333333333
phase-core,additive,2026,100.0,observation:medium,transferred_score_red_win_probability,5,4,0.5478310334737573,0.5
phase-core,additive,2026,100.0,observation:medium,transferred_score_red_win_probability,6,5,0.6527046837688626,0.8
phase-core,additive,2026,100.0,observation:medium,transferred_score_red_win_probability,7,6,0.7473444502658787,0.6666666666666666
phase-core,additive,2026,100.0,observation:medium,transferred_score_red_win_probability,8,2,0.8356618408910841,1.0
phase-core,additive,2026,100.0,observation:medium,transferred_score_red_win_probability,9,8,0.9635546128522823,1.0
phase-core,full-match,2026,100.0,primary-clean,raw_pred_red_win_probability,0,428,0.012604299277403537,0.3014018691588785
phase-core,full-match,2026,100.0,primary-clean,raw_pred_red_win_probability,1,45,0.1516729109817081,0.5111111111111111
phase-core,full-match,2026,100.0,primary-clean,raw_pred_red_win_probability,2,26,0.25372136326936573,0.5769230769230769
phase-core,full-match,2026,100.0,primary-clean,raw_pred_red_win_probability,3,24,0.3410852663218975,0.5833333333333334
phase-core,full-match,2026,100.0,primary-clean,raw_pred_red_win_probability,4,24,0.44648174196481705,0.5416666666666666
phase-core,full-match,2026,100.0,primary-clean,raw_pred_red_win_probability,5,17,0.5411934116307426,0.5294117647058824
phase-core,full-match,2026,100.0,primary-clean,raw_pred_red_win_probability,6,25,0.6547631406784058,0.48
phase-core,full-match,2026,100.0,primary-clean,raw_pred_red_win_probability,7,28,0.7556460265602384,0.4642857142857143
phase-core,full-match,2026,100.0,primary-clean,raw_pred_red_win_probability,8,48,0.8614970495303472,0.6041666666666666
phase-core,full-match,2026,100.0,primary-clean,raw_pred_red_win_probability,9,441,0.9877286856091799,0.7278911564625851
phase-core,full-match,2026,100.0,primary-clean,transferred_platt_red_win_probability,0,13,0.0925802190000469,0.0
phase-core,full-match,2026,100.0,primary-clean,transferred_platt_red_win_probability,1,104,0.15413140047680413,0.19230769230769232
phase-core,full-match,2026,100.0,primary-clean,transferred_platt_red_win_probability,2,114,0.2515262338309275,0.21052631578947367
phase-core,full-match,2026,100.0,primary-clean,transferred_platt_red_win_probability,3,118,0.3486887203339769,0.3389830508474576
phase-core,full-match,2026,100.0,primary-clean,transferred_platt_red_win_probability,4,158,0.44631417220981295,0.5443037974683544
phase-core,full-match,2026,100.0,primary-clean,transferred_platt_red_win_probability,5,140,0.5507648598183916,0.5428571428571428
phase-core,full-match,2026,100.0,primary-clean,transferred_platt_red_win_probability,6,156,0.647667383315594,0.6025641025641025
phase-core,full-match,2026,100.0,primary-clean,transferred_platt_red_win_probability,7,136,0.753014806966452,0.6764705882352942
phase-core,full-match,2026,100.0,primary-clean,transferred_platt_red_win_probability,8,136,0.8468130993236852,0.8529411764705882
phase-core,full-match,2026,100.0,primary-clean,transferred_platt_red_win_probability,9,31,0.914803924530994,0.967741935483871
phase-core,full-match,2026,100.0,primary-clean,transferred_score_red_win_probability,0,82,0.05567831107836431,0.13414634146341464
phase-core,full-match,2026,100.0,primary-clean,transferred_score_red_win_probability,1,87,0.1566423513832153,0.13793103448275862
phase-core,full-match,2026,100.0,primary-clean,transferred_score_red_win_probability,2,107,0.24995494715971475,0.3364485981308411
phase-core,full-match,2026,100.0,primary-clean,transferred_score_red_win_probability,3,82,0.35279250788225747,0.2804878048780488
phase-core,full-match,2026,100.0,primary-clean,transferred_score_red_win_probability,4,109,0.4510620446462792,0.43119266055045874
phase-core,full-match,2026,100.0,primary-clean,transferred_score_red_win_probability,5,112,0.5536813735718772,0.5982142857142857
phase-core,full-match,2026,100.0,primary-clean,transferred_score_red_win_probability,6,115,0.6497694899431565,0.6086956521739131
phase-core,full-match,2026,100.0,primary-clean,transferred_score_red_win_probability,7,117,0.7488405065943947,0.7008547008547008
phase-core,full-match,2026,100.0,primary-clean,transferred_score_red_win_probability,8,149,0.8499004466864263,0.7248322147651006
phase-core,full-match,2026,100.0,primary-clean,transferred_score_red_win_probability,9,146,0.9486776329943216,0.8356164383561644
phase-core,full-match,2026,100.0,all-official,raw_pred_red_win_probability,0,428,0.012604299277403537,0.3014018691588785
phase-core,full-match,2026,100.0,all-official,raw_pred_red_win_probability,1,45,0.1516729109817081,0.5111111111111111
phase-core,full-match,2026,100.0,all-official,raw_pred_red_win_probability,2,26,0.25372136326936573,0.5769230769230769
phase-core,full-match,2026,100.0,all-official,raw_pred_red_win_probability,3,24,0.3410852663218975,0.5833333333333334
phase-core,full-match,2026,100.0,all-official,raw_pred_red_win_probability,4,24,0.44648174196481705,0.5416666666666666
phase-core,full-match,2026,100.0,all-official,raw_pred_red_win_probability,5,17,0.5411934116307426,0.5294117647058824
phase-core,full-match,2026,100.0,all-official,raw_pred_red_win_probability,6,25,0.6547631406784058,0.48
phase-core,full-match,2026,100.0,all-official,raw_pred_red_win_probability,7,28,0.7556460265602384,0.4642857142857143
phase-core,full-match,2026,100.0,all-official,raw_pred_red_win_probability,8,48,0.8614970495303472,0.6041666666666666
phase-core,full-match,2026,100.0,all-official,raw_pred_red_win_probability,9,441,0.9877286856091799,0.7278911564625851
phase-core,full-match,2026,100.0,all-official,transferred_platt_red_win_probability,0,13,0.0925802190000469,0.0
phase-core,full-match,2026,100.0,all-official,transferred_platt_red_win_probability,1,104,0.15413140047680413,0.19230769230769232
phase-core,full-match,2026,100.0,all-official,transferred_platt_red_win_probability,2,114,0.2515262338309275,0.21052631578947367
phase-core,full-match,2026,100.0,all-official,transferred_platt_red_win_probability,3,118,0.3486887203339769,0.3389830508474576
phase-core,full-match,2026,100.0,all-official,transferred_platt_red_win_probability,4,158,0.44631417220981295,0.5443037974683544
phase-core,full-match,2026,100.0,all-official,transferred_platt_red_win_probability,5,140,0.5507648598183916,0.5428571428571428
phase-core,full-match,2026,100.0,all-official,transferred_platt_red_win_probability,6,156,0.647667383315594,0.6025641025641025
phase-core,full-match,2026,100.0,all-official,transferred_platt_red_win_probability,7,136,0.753014806966452,0.6764705882352942
phase-core,full-match,2026,100.0,all-official,transferred_platt_red_win_probability,8,136,0.8468130993236852,0.8529411764705882
phase-core,full-match,2026,100.0,all-official,transferred_platt_red_win_probability,9,31,0.914803924530994,0.967741935483871
phase-core,full-match,2026,100.0,all-official,transferred_score_red_win_probability,0,82,0.05567831107836431,0.13414634146341464
phase-core,full-match,2026,100.0,all-official,transferred_score_red_win_probability,1,87,0.1566423513832153,0.13793103448275862
phase-core,full-match,2026,100.0,all-official,transferred_score_red_win_probability,2,107,0.24995494715971475,0.3364485981308411
phase-core,full-match,2026,100.0,all-official,transferred_score_red_win_probability,3,82,0.35279250788225747,0.2804878048780488
phase-core,full-match,2026,100.0,all-official,transferred_score_red_win_probability,4,109,0.4510620446462792,0.43119266055045874
phase-core,full-match,2026,100.0,all-official,transferred_score_red_win_probability,5,112,0.5536813735718772,0.5982142857142857
phase-core,full-match,2026,100.0,all-official,transferred_score_red_win_probability,6,115,0.6497694899431565,0.6086956521739131
phase-core,full-match,2026,100.0,all-official,transferred_score_red_win_probability,7,117,0.7488405065943947,0.7008547008547008
phase-core,full-match,2026,100.0,all-official,transferred_score_red_win_probability,8,149,0.8499004466864263,0.7248322147651006
phase-core,full-match,2026,100.0,all-official,transferred_score_red_win_probability,9,146,0.9486776329943216,0.8356164383561644
phase-core,full-match,2026,100.0,DQ-only,raw_pred_red_win_probability,0,0,,
phase-core,full-match,2026,100.0,DQ-only,raw_pred_red_win_probability,1,0,,
phase-core,full-match,2026,100.0,DQ-only,raw_pred_red_win_probability,2,0,,
phase-core,full-match,2026,100.0,DQ-only,raw_pred_red_win_probability,3,0,,
phase-core,full-match,2026,100.0,DQ-only,raw_pred_red_win_probability,4,0,,
phase-core,full-match,2026,100.0,DQ-only,raw_pred_red_win_probability,5,0,,
phase-core,full-match,2026,100.0,DQ-only,raw_pred_red_win_probability,6,0,,
phase-core,full-match,2026,100.0,DQ-only,raw_pred_red_win_probability,7,0,,
phase-core,full-match,2026,100.0,DQ-only,raw_pred_red_win_probability,8,0,,
phase-core,full-match,2026,100.0,DQ-only,raw_pred_red_win_probability,9,0,,
phase-core,full-match,2026,100.0,DQ-only,transferred_platt_red_win_probability,0,0,,
phase-core,full-match,2026,100.0,DQ-only,transferred_platt_red_win_probability,1,0,,
phase-core,full-match,2026,100.0,DQ-only,transferred_platt_red_win_probability,2,0,,
phase-core,full-match,2026,100.0,DQ-only,transferred_platt_red_win_probability,3,0,,
phase-core,full-match,2026,100.0,DQ-only,transferred_platt_red_win_probability,4,0,,
phase-core,full-match,2026,100.0,DQ-only,transferred_platt_red_win_probability,5,0,,
phase-core,full-match,2026,100.0,DQ-only,transferred_platt_red_win_probability,6,0,,
phase-core,full-match,2026,100.0,DQ-only,transferred_platt_red_win_probability,7,0,,
phase-core,full-match,2026,100.0,DQ-only,transferred_platt_red_win_probability,8,0,,
phase-core,full-match,2026,100.0,DQ-only,transferred_platt_red_win_probability,9,0,,
phase-core,full-match,2026,100.0,DQ-only,transferred_score_red_win_probability,0,0,,
phase-core,full-match,2026,100.0,DQ-only,transferred_score_red_win_probability,1,0,,
phase-core,full-match,2026,100.0,DQ-only,transferred_score_red_win_probability,2,0,,
phase-core,full-match,2026,100.0,DQ-only,transferred_score_red_win_probability,3,0,,
phase-core,full-match,2026,100.0,DQ-only,transferred_score_red_win_probability,4,0,,
phase-core,full-match,2026,100.0,DQ-only,transferred_score_red_win_probability,5,0,,
phase-core,full-match,2026,100.0,DQ-only,transferred_score_red_win_probability,6,0,,
phase-core,full-match,2026,100.0,DQ-only,transferred_score_red_win_probability,7,0,,
phase-core,full-match,2026,100.0,DQ-only,transferred_score_red_win_probability,8,0,,
phase-core,full-match,2026,100.0,DQ-only,transferred_score_red_win_probability,9,0,,
phase-core,full-match,2026,100.0,surrogate-only,raw_pred_red_win_probability,0,2,0.025842878942057723,0.5
phase-core,full-match,2026,100.0,surrogate-only,raw_pred_red_win_probability,1,0,,
phase-core,full-match,2026,100.0,surrogate-only,raw_pred_red_win_probability,2,0,,
phase-core,full-match,2026,100.0,surrogate-only,raw_pred_red_win_probability,3,0,,
phase-core,full-match,2026,100.0,surrogate-only,raw_pred_red_win_probability,4,0,,
phase-core,full-match,2026,100.0,surrogate-only,raw_pred_red_win_probability,5,0,,
phase-core,full-match,2026,100.0,surrogate-only,raw_pred_red_win_probability,6,0,,
phase-core,full-match,2026,100.0,surrogate-only,raw_pred_red_win_probability,7,0,,
phase-core,full-match,2026,100.0,surrogate-only,raw_pred_red_win_probability,8,0,,
phase-core,full-match,2026,100.0,surrogate-only,raw_pred_red_win_probability,9,4,0.9970019161701202,0.75
phase-core,full-match,2026,100.0,surrogate-only,transferred_platt_red_win_probability,0,0,,
phase-core,full-match,2026,100.0,surrogate-only,transferred_platt_red_win_probability,1,0,,
phase-core,full-match,2026,100.0,surrogate-only,transferred_platt_red_win_probability,2,1,0.22370108665507263,0.0
phase-core,full-match,2026,100.0,surrogate-only,transferred_platt_red_win_probability,3,0,,
phase-core,full-match,2026,100.0,surrogate-only,transferred_platt_red_win_probability,4,1,0.41941836809069666,1.0
phase-core,full-match,2026,100.0,surrogate-only,transferred_platt_red_win_probability,5,0,,
phase-core,full-match,2026,100.0,surrogate-only,transferred_platt_red_win_probability,6,1,0.6844541419303647,1.0
phase-core,full-match,2026,100.0,surrogate-only,transferred_platt_red_win_probability,7,0,,
phase-core,full-match,2026,100.0,surrogate-only,transferred_platt_red_win_probability,8,3,0.8307285025093942,0.6666666666666666
phase-core,full-match,2026,100.0,surrogate-only,transferred_platt_red_win_probability,9,0,,
phase-core,full-match,2026,100.0,surrogate-only,transferred_score_red_win_probability,0,1,0.03615081682873949,0.0
phase-core,full-match,2026,100.0,surrogate-only,transferred_score_red_win_probability,1,0,,
phase-core,full-match,2026,100.0,surrogate-only,transferred_score_red_win_probability,2,0,,
phase-core,full-match,2026,100.0,surrogate-only,transferred_score_red_win_probability,3,1,0.3426297727249876,1.0
phase-core,full-match,2026,100.0,surrogate-only,transferred_score_red_win_probability,4,0,,
phase-core,full-match,2026,100.0,surrogate-only,transferred_score_red_win_probability,5,0,,
phase-core,full-match,2026,100.0,surrogate-only,transferred_score_red_win_probability,6,0,,
phase-core,full-match,2026,100.0,surrogate-only,transferred_score_red_win_probability,7,2,0.7783545159793168,0.5
phase-core,full-match,2026,100.0,surrogate-only,transferred_score_red_win_probability,8,2,0.8628782621453222,1.0
phase-core,full-match,2026,100.0,surrogate-only,transferred_score_red_win_probability,9,0,,
phase-core,full-match,2026,100.0,division:2026arc,raw_pred_red_win_probability,0,50,0.01325180462945793,0.28
phase-core,full-match,2026,100.0,division:2026arc,raw_pred_red_win_probability,1,4,0.13970166258513927,0.75
phase-core,full-match,2026,100.0,division:2026arc,raw_pred_red_win_probability,2,3,0.2511450598637263,0.6666666666666666
phase-core,full-match,2026,100.0,division:2026arc,raw_pred_red_win_probability,3,3,0.3485637903213501,0.3333333333333333
phase-core,full-match,2026,100.0,division:2026arc,raw_pred_red_win_probability,4,4,0.46665990352630615,0.5
phase-core,full-match,2026,100.0,division:2026arc,raw_pred_red_win_probability,5,0,,
phase-core,full-match,2026,100.0,division:2026arc,raw_pred_red_win_probability,6,5,0.6840980529785157,0.4
phase-core,full-match,2026,100.0,division:2026arc,raw_pred_red_win_probability,7,3,0.7417794267336527,0.3333333333333333
phase-core,full-match,2026,100.0,division:2026arc,raw_pred_red_win_probability,8,6,0.8478433787822723,0.5
phase-core,full-match,2026,100.0,division:2026arc,raw_pred_red_win_probability,9,62,0.9900829455544872,0.6774193548387096
phase-core,full-match,2026,100.0,division:2026arc,transferred_platt_red_win_probability,0,2,0.09286383020173125,0.0
phase-core,full-match,2026,100.0,division:2026arc,transferred_platt_red_win_probability,1,18,0.1601773513762385,0.3333333333333333
phase-core,full-match,2026,100.0,division:2026arc,transferred_platt_red_win_probability,2,12,0.24570196992682194,0.0
phase-core,full-match,2026,100.0,division:2026arc,transferred_platt_red_win_probability,3,7,0.36035447633283446,0.42857142857142855
phase-core,full-match,2026,100.0,division:2026arc,transferred_platt_red_win_probability,4,18,0.4383682619200367,0.5555555555555556
phase-core,full-match,2026,100.0,division:2026arc,transferred_platt_red_win_probability,5,20,0.5514656741892205,0.4
phase-core,full-match,2026,100.0,division:2026arc,transferred_platt_red_win_probability,6,24,0.6652270028120948,0.5833333333333334
phase-core,full-match,2026,100.0,division:2026arc,transferred_platt_red_win_probability,7,20,0.7491649299126814,0.6
phase-core,full-match,2026,100.0,division:2026arc,transferred_platt_red_win_probability,8,15,0.8500931074168075,0.8666666666666667
phase-core,full-match,2026,100.0,division:2026arc,transferred_platt_red_win_probability,9,4,0.9167645804844389,1.0
phase-core,full-match,2026,100.0,division:2026arc,transferred_score_red_win_probability,0,15,0.05785612698746102,0.2
phase-core,full-match,2026,100.0,division:2026arc,transferred_score_red_win_probability,1,15,0.14711387448089053,0.06666666666666667
phase-core,full-match,2026,100.0,division:2026arc,transferred_score_red_win_probability,2,5,0.2455697125561837,0.2
phase-core,full-match,2026,100.0,division:2026arc,transferred_score_red_win_probability,3,7,0.35673486921545855,0.14285714285714285
phase-core,full-match,2026,100.0,division:2026arc,transferred_score_red_win_probability,4,17,0.45220258882260234,0.5294117647058824
phase-core,full-match,2026,100.0,division:2026arc,transferred_score_red_win_probability,5,16,0.5534021325123031,0.6875
phase-core,full-match,2026,100.0,division:2026arc,transferred_score_red_win_probability,6,11,0.6448744186517138,0.6363636363636364
phase-core,full-match,2026,100.0,division:2026arc,transferred_score_red_win_probability,7,9,0.7326912591082406,0.5555555555555556
phase-core,full-match,2026,100.0,division:2026arc,transferred_score_red_win_probability,8,20,0.8402953090202183,0.65
phase-core,full-match,2026,100.0,division:2026arc,transferred_score_red_win_probability,9,25,0.9513741968759972,0.76
phase-core,full-match,2026,100.0,division:2026cur,raw_pred_red_win_probability,0,49,0.013666373341344386,0.30612244897959184
phase-core,full-match,2026,100.0,division:2026cur,raw_pred_red_win_probability,1,8,0.14756648149341345,0.625
phase-core,full-match,2026,100.0,division:2026cur,raw_pred_red_win_probability,2,2,0.2870831787586212,0.5
phase-core,full-match,2026,100.0,division:2026cur,raw_pred_red_win_probability,3,3,0.31117627024650574,0.6666666666666666
phase-core,full-match,2026,100.0,division:2026cur,raw_pred_red_win_probability,4,4,0.4463782459497452,0.75
phase-core,full-match,2026,100.0,division:2026cur,raw_pred_red_win_probability,5,2,0.5360257029533386,0.5
phase-core,full-match,2026,100.0,division:2026cur,raw_pred_red_win_probability,6,4,0.6455847769975662,0.0
phase-core,full-match,2026,100.0,division:2026cur,raw_pred_red_win_probability,7,4,0.748328298330307,0.75
phase-core,full-match,2026,100.0,division:2026cur,raw_pred_red_win_probability,8,3,0.8735032280286154,0.3333333333333333
phase-core,full-match,2026,100.0,division:2026cur,raw_pred_red_win_probability,9,57,0.9853698663544237,0.7719298245614035
phase-core,full-match,2026,100.0,division:2026cur,transferred_platt_red_win_probability,0,0,,
phase-core,full-match,2026,100.0,division:2026cur,transferred_platt_red_win_probability,1,12,0.1506394135458633,0.0
phase-core,full-match,2026,100.0,division:2026cur,transferred_platt_red_win_probability,2,15,0.2542324648902698,0.26666666666666666
phase-core,full-match,2026,100.0,division:2026cur,transferred_platt_red_win_probability,3,11,0.3568137254871034,0.36363636363636365
phase-core,full-match,2026,100.0,division:2026cur,transferred_platt_red_win_probability,4,23,0.4449601734944421,0.6086956521739131
phase-core,full-match,2026,100.0,division:2026cur,transferred_platt_red_win_probability,5,16,0.5442171631832725,0.5
phase-core,full-match,2026,100.0,division:2026cur,transferred_platt_red_win_probability,6,22,0.6489317972776726,0.7272727272727273
phase-core,full-match,2026,100.0,division:2026cur,transferred_platt_red_win_probability,7,21,0.7580151380330952,0.7619047619047619
phase-core,full-match,2026,100.0,division:2026cur,transferred_platt_red_win_probability,8,11,0.8281891424384556,0.7272727272727273
phase-core,full-match,2026,100.0,division:2026cur,transferred_platt_red_win_probability,9,5,0.9165403219032742,1.0
phase-core,full-match,2026,100.0,division:2026cur,transferred_score_red_win_probability,0,6,0.07149666881559193,0.0
phase-core,full-match,2026,100.0,division:2026cur,transferred_score_red_win_probability,1,8,0.16111699201102136,0.125
phase-core,full-match,2026,100.0,division:2026cur,transferred_score_red_win_probability,2,15,0.24344490047864464,0.26666666666666666
phase-core,full-match,2026,100.0,division:2026cur,transferred_score_red_win_probability,3,16,0.3485173903201655,0.375
phase-core,full-match,2026,100.0,division:2026cur,transferred_score_red_win_probability,4,12,0.4400287671246903,0.3333333333333333
phase-core,full-match,2026,100.0,division:2026cur,transferred_score_red_win_probability,5,13,0.55034048170072,0.6923076923076923
phase-core,full-match,2026,100.0,division:2026cur,transferred_score_red_win_probability,6,17,0.6426645198009965,0.5882352941176471
phase-core,full-match,2026,100.0,division:2026cur,transferred_score_red_win_probability,7,14,0.7646431745458934,0.7142857142857143
phase-core,full-match,2026,100.0,division:2026cur,transferred_score_red_win_probability,8,18,0.8445478581197862,0.7777777777777778
phase-core,full-match,2026,100.0,division:2026cur,transferred_score_red_win_probability,9,17,0.9421426236485196,1.0
phase-core,full-match,2026,100.0,division:2026dal,raw_pred_red_win_probability,0,60,0.012513573492176988,0.31666666666666665
phase-core,full-match,2026,100.0,division:2026dal,raw_pred_red_win_probability,1,4,0.17005299776792526,0.5
phase-core,full-match,2026,100.0,division:2026dal,raw_pred_red_win_probability,2,0,,
phase-core,full-match,2026,100.0,division:2026dal,raw_pred_red_win_probability,3,1,0.3923991322517395,0.0
phase-core,full-match,2026,100.0,division:2026dal,raw_pred_red_win_probability,4,0,,
phase-core,full-match,2026,100.0,division:2026dal,raw_pred_red_win_probability,5,2,0.5308857262134552,0.5
phase-core,full-match,2026,100.0,division:2026dal,raw_pred_red_win_probability,6,1,0.6280906200408936,1.0
phase-core,full-match,2026,100.0,division:2026dal,raw_pred_red_win_probability,7,3,0.7326375047365824,0.0
phase-core,full-match,2026,100.0,division:2026dal,raw_pred_red_win_probability,8,7,0.8638951097215924,0.2857142857142857
phase-core,full-match,2026,100.0,division:2026dal,raw_pred_red_win_probability,9,60,0.9875533123811086,0.6833333333333333
phase-core,full-match,2026,100.0,division:2026dal,transferred_platt_red_win_probability,0,1,0.09507735482714669,0.0
phase-core,full-match,2026,100.0,division:2026dal,transferred_platt_red_win_probability,1,14,0.15110528136733795,0.14285714285714285
phase-core,full-match,2026,100.0,division:2026dal,transferred_platt_red_win_probability,2,18,0.2593804497449298,0.2222222222222222
phase-core,full-match,2026,100.0,division:2026dal,transferred_platt_red_win_probability,3,16,0.3580849124835719,0.4375
phase-core,full-match,2026,100.0,division:2026dal,transferred_platt_red_win_probability,4,15,0.42971931075048514,0.5333333333333333
phase-core,full-match,2026,100.0,division:2026dal,transferred_platt_red_win_probability,5,12,0.5653971833043852,0.3333333333333333
phase-core,full-match,2026,100.0,division:2026dal,transferred_platt_red_win_probability,6,20,0.648201553051669,0.3
phase-core,full-match,2026,100.0,division:2026dal,transferred_platt_red_win_probability,7,24,0.7476909434769515,0.7083333333333334
phase-core,full-match,2026,100.0,division:2026dal,transferred_platt_red_win_probability,8,14,0.8504392880715566,1.0
phase-core,full-match,2026,100.0,division:2026dal,transferred_platt_red_win_probability,9,4,0.9105914409616129,1.0
phase-core,full-match,2026,100.0,division:2026dal,transferred_score_red_win_probability,0,11,0.06163513107325813,0.0
phase-core,full-match,2026,100.0,division:2026dal,transferred_score_red_win_probability,1,13,0.15475914262180399,0.23076923076923078
phase-core,full-match,2026,100.0,division:2026dal,transferred_score_red_win_probability,2,12,0.2496957258792861,0.4166666666666667
phase-core,full-match,2026,100.0,division:2026dal,transferred_score_red_win_probability,3,10,0.35297733010309407,0.0
phase-core,full-match,2026,100.0,division:2026dal,transferred_score_red_win_probability,4,15,0.4580044853777872,0.6
phase-core,full-match,2026,100.0,division:2026dal,transferred_score_red_win_probability,5,13,0.5540001543226463,0.46153846153846156
phase-core,full-match,2026,100.0,division:2026dal,transferred_score_red_win_probability,6,12,0.6538556345331944,0.5833333333333334
phase-core,full-match,2026,100.0,division:2026dal,transferred_score_red_win_probability,7,16,0.7455229107535808,0.5625
phase-core,full-match,2026,100.0,division:2026dal,transferred_score_red_win_probability,8,16,0.8486313830133648,0.5625
phase-core,full-match,2026,100.0,division:2026dal,transferred_score_red_win_probability,9,20,0.9610400915365043,0.9
phase-core,full-match,2026,100.0,division:2026gal,raw_pred_red_win_probability,0,54,0.015178952547233506,0.2962962962962963
phase-core,full-match,2026,100.0,division:2026gal,raw_pred_red_win_probability,1,5,0.15109665989875792,0.6
phase-core,full-match,2026,100.0,division:2026gal,raw_pred_red_win_probability,2,9,0.24537043107880485,0.6666666666666666
phase-core,full-match,2026,100.0,division:2026gal,raw_pred_red_win_probability,3,3,0.38022010525067645,1.0
phase-core,full-match,2026,100.0,division:2026gal,raw_pred_red_win_probability,4,2,0.4609280377626419,1.0
phase-core,full-match,2026,100.0,division:2026gal,raw_pred_red_win_probability,5,4,0.5413079559803009,0.25
phase-core,full-match,2026,100.0,division:2026gal,raw_pred_red_win_probability,6,1,0.6797698736190796,1.0
phase-core,full-match,2026,100.0,division:2026gal,raw_pred_red_win_probability,7,4,0.7636458575725555,0.5
phase-core,full-match,2026,100.0,division:2026gal,raw_pred_red_win_probability,8,5,0.866045606136322,0.6
phase-core,full-match,2026,100.0,division:2026gal,raw_pred_red_win_probability,9,51,0.9920421281542011,0.8431372549019608
phase-core,full-match,2026,100.0,division:2026gal,transferred_platt_red_win_probability,0,2,0.0936347429432062,0.0
phase-core,full-match,2026,100.0,division:2026gal,transferred_platt_red_win_probability,1,12,0.15291123421331768,0.16666666666666666
phase-core,full-match,2026,100.0,division:2026gal,transferred_platt_red_win_probability,2,14,0.24962914784076462,0.21428571428571427
phase-core,full-match,2026,100.0,division:2026gal,transferred_platt_red_win_probability,3,15,0.34502241170747733,0.4
phase-core,full-match,2026,100.0,division:2026gal,transferred_platt_red_win_probability,4,25,0.45414612637625096,0.56
phase-core,full-match,2026,100.0,division:2026gal,transferred_platt_red_win_probability,5,17,0.5484610559247463,0.7058823529411765
phase-core,full-match,2026,100.0,division:2026gal,transferred_platt_red_win_probability,6,14,0.6512614951419895,0.7142857142857143
phase-core,full-match,2026,100.0,division:2026gal,transferred_platt_red_win_probability,7,13,0.7558755334807482,0.8461538461538461
phase-core,full-match,2026,100.0,division:2026gal,transferred_platt_red_win_probability,8,22,0.8456323892728939,0.8181818181818182
phase-core,full-match,2026,100.0,division:2026gal,transferred_platt_red_win_probability,9,4,0.9141235134786415,1.0
phase-core,full-match,2026,100.0,division:2026gal,transferred_score_red_win_probability,0,11,0.047383979818559914,0.18181818181818182
phase-core,full-match,2026,100.0,division:2026gal,transferred_score_red_win_probability,1,8,0.16630537377807408,0.125
phase-core,full-match,2026,100.0,division:2026gal,transferred_score_red_win_probability,2,19,0.2573158014958194,0.42105263157894735
phase-core,full-match,2026,100.0,division:2026gal,transferred_score_red_win_probability,3,12,0.35307998737976837,0.4166666666666667
phase-core,full-match,2026,100.0,division:2026gal,transferred_score_red_win_probability,4,18,0.45669727234503615,0.5555555555555556
phase-core,full-match,2026,100.0,division:2026gal,transferred_score_red_win_probability,5,11,0.5586485888077384,0.8181818181818182
phase-core,full-match,2026,100.0,division:2026gal,transferred_score_red_win_probability,6,10,0.6622950928857512,0.4
phase-core,full-match,2026,100.0,division:2026gal,transferred_score_red_win_probability,7,10,0.7525661576319072,0.8
phase-core,full-match,2026,100.0,division:2026gal,transferred_score_red_win_probability,8,16,0.8509958765523942,0.875
phase-core,full-match,2026,100.0,division:2026gal,transferred_score_red_win_probability,9,23,0.9450515440238175,0.8260869565217391
phase-core,full-match,2026,100.0,division:2026hop,raw_pred_red_win_probability,0,54,0.0077431879755305655,0.2222222222222222
phase-core,full-match,2026,100.0,division:2026hop,raw_pred_red_win_probability,1,6,0.13566412776708603,0.16666666666666666
phase-core,full-match,2026,100.0,division:2026hop,raw_pred_red_win_probability,2,1,0.2413826733827591,1.0
phase-core,full-match,2026,100.0,division:2026hop,raw_pred_red_win_probability,3,3,0.31796396772066754,0.3333333333333333
phase-core,full-match,2026,100.0,division:2026hop,raw_pred_red_win_probability,4,3,0.44807331760724384,0.3333333333333333
phase-core,full-match,2026,100.0,division:2026hop,raw_pred_red_win_probability,5,2,0.506683886051178,0.5
phase-core,full-match,2026,100.0,division:2026hop,raw_pred_red_win_probability,6,6,0.645603209733963,0.8333333333333334
phase-core,full-match,2026,100.0,division:2026hop,raw_pred_red_win_probability,7,5,0.7660637140274048,0.8
phase-core,full-match,2026,100.0,division:2026hop,raw_pred_red_win_probability,8,2,0.8594390451908112,1.0
phase-core,full-match,2026,100.0,division:2026hop,raw_pred_red_win_probability,9,58,0.9862737977528144,0.7068965517241379
phase-core,full-match,2026,100.0,division:2026hop,transferred_platt_red_win_probability,0,1,0.09095011326229904,0.0
phase-core,full-match,2026,100.0,division:2026hop,transferred_platt_red_win_probability,1,16,0.14962379231582512,0.1875
phase-core,full-match,2026,100.0,division:2026hop,transferred_platt_red_win_probability,2,15,0.2529318091006964,0.2
phase-core,full-match,2026,100.0,division:2026hop,transferred_platt_red_win_probability,3,16,0.3518785505930808,0.1875
phase-core,full-match,2026,100.0,division:2026hop,transferred_platt_red_win_probability,4,15,0.44594155379811595,0.3333333333333333
phase-core,full-match,2026,100.0,division:2026hop,transferred_platt_red_win_probability,5,18,0.5482333466573712,0.7222222222222222
phase-core,full-match,2026,100.0,division:2026hop,transferred_platt_red_win_probability,6,19,0.6442651900616422,0.631578947368421
phase-core,full-match,2026,100.0,division:2026hop,transferred_platt_red_win_probability,7,17,0.7605313369761695,0.47058823529411764
phase-core,full-match,2026,100.0,division:2026hop,transferred_platt_red_win_probability,8,18,0.8441769076292938,0.9444444444444444
phase-core,full-match,2026,100.0,division:2026hop,transferred_platt_red_win_probability,9,5,0.9156801386992022,1.0
phase-core,full-match,2026,100.0,division:2026hop,transferred_score_red_win_probability,0,11,0.046589425490577104,0.09090909090909091
phase-core,full-match,2026,100.0,division:2026hop,transferred_score_red_win_probability,1,10,0.16828652101610408,0.1
phase-core,full-match,2026,100.0,division:2026hop,transferred_score_red_win_probability,2,13,0.25357993300125126,0.38461538461538464
phase-core,full-match,2026,100.0,division:2026hop,transferred_score_red_win_probability,3,14,0.36042884238016104,0.2857142857142857
phase-core,full-match,2026,100.0,division:2026hop,transferred_score_red_win_probability,4,11,0.45671101738712994,0.09090909090909091
phase-core,full-match,2026,100.0,division:2026hop,transferred_score_red_win_probability,5,19,0.5454149997766461,0.47368421052631576
phase-core,full-match,2026,100.0,division:2026hop,transferred_score_red_win_probability,6,12,0.6483334705259876,0.75
phase-core,full-match,2026,100.0,division:2026hop,transferred_score_red_win_probability,7,17,0.7535459982668204,0.6470588235294118
phase-core,full-match,2026,100.0,division:2026hop,transferred_score_red_win_probability,8,20,0.8617763239653442,0.8
phase-core,full-match,2026,100.0,division:2026hop,transferred_score_red_win_probability,9,13,0.9503096561510044,0.9230769230769231
phase-core,full-match,2026,100.0,division:2026joh,raw_pred_red_win_probability,0,55,0.01509844665798658,0.41818181818181815
phase-core,full-match,2026,100.0,division:2026joh,raw_pred_red_win_probability,1,7,0.1624024850981576,0.42857142857142855
phase-core,full-match,2026,100.0,division:2026joh,raw_pred_red_win_probability,2,3,0.2563327004512151,0.6666666666666666
phase-core,full-match,2026,100.0,division:2026joh,raw_pred_red_win_probability,3,4,0.35843195766210556,0.5
phase-core,full-match,2026,100.0,division:2026joh,raw_pred_red_win_probability,4,3,0.4070567190647125,0.3333333333333333
phase-core,full-match,2026,100.0,division:2026joh,raw_pred_red_win_probability,5,3,0.5857359369595846,0.6666666666666666
phase-core,full-match,2026,100.0,division:2026joh,raw_pred_red_win_probability,6,3,0.6330815951029459,0.6666666666666666
phase-core,full-match,2026,100.0,division:2026joh,raw_pred_red_win_probability,7,4,0.7529590576887131,0.25
phase-core,full-match,2026,100.0,division:2026joh,raw_pred_red_win_probability,8,7,0.8536984920501709,0.8571428571428571
phase-core,full-match,2026,100.0,division:2026joh,raw_pred_red_win_probability,9,49,0.989945865407282,0.6938775510204082
phase-core,full-match,2026,100.0,division:2026joh,transferred_platt_red_win_probability,0,1,0.09393031680104345,0.0
phase-core,full-match,2026,100.0,division:2026joh,transferred_platt_red_win_probability,1,12,0.1587053608668631,0.3333333333333333
phase-core,full-match,2026,100.0,division:2026joh,transferred_platt_red_win_probability,2,11,0.24581267537932894,0.2727272727272727
phase-core,full-match,2026,100.0,division:2026joh,transferred_platt_red_win_probability,3,20,0.33482634648160914,0.45
phase-core,full-match,2026,100.0,division:2026joh,transferred_platt_red_win_probability,4,21,0.447319108280846,0.5714285714285714
phase-core,full-match,2026,100.0,division:2026joh,transferred_platt_red_win_probability,5,20,0.5424836427910062,0.5
phase-core,full-match,2026,100.0,division:2026joh,transferred_platt_red_win_probability,6,17,0.6400854646759883,0.7058823529411765
phase-core,full-match,2026,100.0,division:2026joh,transferred_platt_red_win_probability,7,15,0.7581446218288677,0.7333333333333333
phase-core,full-match,2026,100.0,division:2026joh,transferred_platt_red_win_probability,8,18,0.8506891125660698,0.7222222222222222
phase-core,full-match,2026,100.0,division:2026joh,transferred_platt_red_win_probability,9,3,0.9151588532439927,0.6666666666666666
phase-core,full-match,2026,100.0,division:2026joh,transferred_score_red_win_probability,0,12,0.050219249902187325,0.25
phase-core,full-match,2026,100.0,division:2026joh,transferred_score_red_win_probability,1,13,0.16198093024582813,0.15384615384615385
phase-core,full-match,2026,100.0,division:2026joh,transferred_score_red_win_probability,2,16,0.24899637614035586,0.3125
phase-core,full-match,2026,100.0,division:2026joh,transferred_score_red_win_probability,3,5,0.34387915192668606,0.4
phase-core,full-match,2026,100.0,division:2026joh,transferred_score_red_win_probability,4,11,0.4347302072257659,0.45454545454545453
phase-core,full-match,2026,100.0,division:2026joh,transferred_score_red_win_probability,5,12,0.5607477915961753,0.75
phase-core,full-match,2026,100.0,division:2026joh,transferred_score_red_win_probability,6,20,0.6500910173275294,0.65
phase-core,full-match,2026,100.0,division:2026joh,transferred_score_red_win_probability,7,18,0.7429962637057113,0.8333333333333334
phase-core,full-match,2026,100.0,division:2026joh,transferred_score_red_win_probability,8,16,0.8408341270131906,0.6875
phase-core,full-match,2026,100.0,division:2026joh,transferred_score_red_win_probability,9,15,0.9418134533122241,0.7333333333333333
phase-core,full-match,2026,100.0,division:2026mil,raw_pred_red_win_probability,0,61,0.012596953811363379,0.26229508196721313
phase-core,full-match,2026,100.0,division:2026mil,raw_pred_red_win_probability,1,3,0.15016335994005203,0.3333333333333333
phase-core,full-match,2026,100.0,division:2026mil,raw_pred_red_win_probability,2,4,0.25931568071246147,0.25
phase-core,full-match,2026,100.0,division:2026mil,raw_pred_red_win_probability,3,3,0.3272377649943034,0.6666666666666666
phase-core,full-match,2026,100.0,division:2026mil,raw_pred_red_win_probability,4,3,0.46045296390851337,0.6666666666666666
phase-core,full-match,2026,100.0,division:2026mil,raw_pred_red_win_probability,5,2,0.5223065316677094,1.0
phase-core,full-match,2026,100.0,division:2026mil,raw_pred_red_win_probability,6,1,0.6373391151428223,1.0
phase-core,full-match,2026,100.0,division:2026mil,raw_pred_red_win_probability,7,3,0.772519032160441,0.3333333333333333
phase-core,full-match,2026,100.0,division:2026mil,raw_pred_red_win_probability,8,8,0.8665119484066963,0.875
phase-core,full-match,2026,100.0,division:2026mil,raw_pred_red_win_probability,9,48,0.9842398315668106,0.75
phase-core,full-match,2026,100.0,division:2026mil,transferred_platt_red_win_probability,0,3,0.09257919201111621,0.0
phase-core,full-match,2026,100.0,division:2026mil,transferred_platt_red_win_probability,1,13,0.16252297436750707,0.0
phase-core,full-match,2026,100.0,division:2026mil,transferred_platt_red_win_probability,2,14,0.250015760925411,0.21428571428571427
phase-core,full-match,2026,100.0,division:2026mil,transferred_platt_red_win_probability,3,18,0.34365443480625224,0.2777777777777778
phase-core,full-match,2026,100.0,division:2026mil,transferred_platt_red_win_probability,4,21,0.4397116631756089,0.47619047619047616
phase-core,full-match,2026,100.0,division:2026mil,transferred_platt_red_win_probability,5,16,0.5542444932603519,0.8125
phase-core,full-match,2026,100.0,division:2026mil,transferred_platt_red_win_probability,6,20,0.6407153966830698,0.6
phase-core,full-match,2026,100.0,division:2026mil,transferred_platt_red_win_probability,7,11,0.744036656360231,0.7272727272727273
phase-core,full-match,2026,100.0,division:2026mil,transferred_platt_red_win_probability,8,18,0.8522860462764525,0.8888888888888888
phase-core,full-match,2026,100.0,division:2026mil,transferred_platt_red_win_probability,9,2,0.9121773151078838,1.0
phase-core,full-match,2026,100.0,division:2026mil,transferred_score_red_win_probability,0,9,0.05664120409037118,0.0
phase-core,full-match,2026,100.0,division:2026mil,transferred_score_red_win_probability,1,12,0.15020276108040545,0.08333333333333333
phase-core,full-match,2026,100.0,division:2026mil,transferred_score_red_win_probability,2,17,0.2382078664594051,0.23529411764705882
phase-core,full-match,2026,100.0,division:2026mil,transferred_score_red_win_probability,3,9,0.35093159879903685,0.3333333333333333
phase-core,full-match,2026,100.0,division:2026mil,transferred_score_red_win_probability,4,14,0.4517616875203208,0.5
phase-core,full-match,2026,100.0,division:2026mil,transferred_score_red_win_probability,5,11,0.5557615793325273,0.6363636363636364
phase-core,full-match,2026,100.0,division:2026mil,transferred_score_red_win_probability,6,13,0.6543457741807438,0.7692307692307693
phase-core,full-match,2026,100.0,division:2026mil,transferred_score_red_win_probability,7,15,0.7521898020036504,0.8
phase-core,full-match,2026,100.0,division:2026mil,transferred_score_red_win_probability,8,19,0.8671096140470325,0.631578947368421
phase-core,full-match,2026,100.0,division:2026mil,transferred_score_red_win_probability,9,17,0.9469363078170294,0.7647058823529411
phase-core,full-match,2026,100.0,division:2026new,raw_pred_red_win_probability,0,45,0.010554640424169688,0.3111111111111111
phase-core,full-match,2026,100.0,division:2026new,raw_pred_red_win_probability,1,8,0.1561193699017167,0.625
phase-core,full-match,2026,100.0,division:2026new,raw_pred_red_win_probability,2,4,0.25329413264989853,0.5
phase-core,full-match,2026,100.0,division:2026new,raw_pred_red_win_probability,3,4,0.3261084333062172,0.75
phase-core,full-match,2026,100.0,division:2026new,raw_pred_red_win_probability,4,5,0.4389608263969421,0.4
phase-core,full-match,2026,100.0,division:2026new,raw_pred_red_win_probability,5,2,0.5430223345756531,0.5
phase-core,full-match,2026,100.0,division:2026new,raw_pred_red_win_probability,6,4,0.6620463728904724,0.0
phase-core,full-match,2026,100.0,division:2026new,raw_pred_red_win_probability,7,2,0.7636147141456604,0.5
phase-core,full-match,2026,100.0,division:2026new,raw_pred_red_win_probability,8,10,0.8639931499958038,0.5
phase-core,full-match,2026,100.0,division:2026new,raw_pred_red_win_probability,9,56,0.9863399728305408,0.7142857142857143
phase-core,full-match,2026,100.0,division:2026new,transferred_platt_red_win_probability,0,3,0.09095011326229903,0.0
phase-core,full-match,2026,100.0,division:2026new,transferred_platt_red_win_probability,1,7,0.1395925626184686,0.42857142857142855
phase-core,full-match,2026,100.0,division:2026new,transferred_platt_red_win_probability,2,15,0.2500191106954378,0.26666666666666666
phase-core,full-match,2026,100.0,division:2026new,transferred_platt_red_win_probability,3,15,0.35205188958253114,0.2
phase-core,full-match,2026,100.0,division:2026new,transferred_platt_red_win_probability,4,20,0.4638357087998394,0.65
phase-core,full-match,2026,100.0,division:2026new,transferred_platt_red_win_probability,5,21,0.5559953876983947,0.38095238095238093
phase-core,full-match,2026,100.0,division:2026new,transferred_platt_red_win_probability,6,20,0.6387836376143993,0.6
phase-core,full-match,2026,100.0,division:2026new,transferred_platt_red_win_probability,7,15,0.7501218263867883,0.6
phase-core,full-match,2026,100.0,division:2026new,transferred_platt_red_win_probability,8,20,0.8473152268223956,0.85
phase-core,full-match,2026,100.0,division:2026new,transferred_platt_red_win_probability,9,4,0.9155175069504815,1.0
phase-core,full-match,2026,100.0,division:2026new,transferred_score_red_win_probability,0,7,0.0635291221249244,0.2857142857142857
phase-core,full-match,2026,100.0,division:2026new,transferred_score_red_win_probability,1,8,0.14985977955106072,0.25
phase-core,full-match,2026,100.0,division:2026new,transferred_score_red_win_probability,2,10,0.2650293460085038,0.4
phase-core,full-match,2026,100.0,division:2026new,transferred_score_red_win_probability,3,9,0.35167180277545307,0.2222222222222222
phase-core,full-match,2026,100.0,division:2026new,transferred_score_red_win_probability,4,11,0.4524398520054653,0.18181818181818182
phase-core,full-match,2026,100.0,division:2026new,transferred_score_red_win_probability,5,17,0.5559459474762549,0.4117647058823529
phase-core,full-match,2026,100.0,division:2026new,transferred_score_red_win_probability,6,20,0.6473520150604629,0.5
phase-core,full-match,2026,100.0,division:2026new,transferred_score_red_win_probability,7,18,0.7441124222365357,0.6666666666666666
phase-core,full-match,2026,100.0,division:2026new,transferred_score_red_win_probability,8,24,0.8445586499272212,0.7916666666666666
phase-core,full-match,2026,100.0,division:2026new,transferred_score_red_win_probability,9,16,0.9481264367145257,0.8125
phase-core,full-match,2026,100.0,observation:high,raw_pred_red_win_probability,0,405,0.01280154239049725,0.3012345679012346
phase-core,full-match,2026,100.0,observation:high,raw_pred_red_win_probability,1,44,0.15185639465397055,0.5
phase-core,full-match,2026,100.0,observation:high,raw_pred_red_win_probability,2,26,0.25372136326936573,0.5769230769230769
phase-core,full-match,2026,100.0,observation:high,raw_pred_red_win_probability,3,23,0.3423518486644911,0.6086956521739131
phase-core,full-match,2026,100.0,observation:high,raw_pred_red_win_probability,4,22,0.44694909995252435,0.5454545454545454
phase-core,full-match,2026,100.0,observation:high,raw_pred_red_win_probability,5,17,0.5411934116307426,0.5294117647058824
phase-core,full-match,2026,100.0,observation:high,raw_pred_red_win_probability,6,25,0.6547631406784058,0.48
phase-core,full-match,2026,100.0,observation:high,raw_pred_red_win_probability,7,25,0.7544820737838746,0.44
phase-core,full-match,2026,100.0,observation:high,raw_pred_red_win_probability,8,45,0.8619349983003405,0.6
phase-core,full-match,2026,100.0,observation:high,raw_pred_red_win_probability,9,424,0.9874918809430266,0.7240566037735849
phase-core,full-match,2026,100.0,observation:high,transferred_platt_red_win_probability,0,13,0.0925802190000469,0.0
phase-core,full-match,2026,100.0,observation:high,transferred_platt_red_win_probability,1,95,0.1542365786256598,0.17894736842105263
phase-core,full-match,2026,100.0,observation:high,transferred_platt_red_win_probability,2,110,0.2525547983799897,0.20909090909090908
phase-core,full-match,2026,100.0,observation:high,transferred_platt_red_win_probability,3,110,0.34868356145732354,0.34545454545454546
phase-core,full-match,2026,100.0,observation:high,transferred_platt_red_win_probability,4,154,0.44619462752632655,0.5454545454545454
phase-core,full-match,2026,100.0,observation:high,transferred_platt_red_win_probability,5,133,0.5501959534013381,0.5338345864661654
phase-core,full-match,2026,100.0,observation:high,transferred_platt_red_win_probability,6,153,0.6481354863552803,0.6078431372549019
phase-core,full-match,2026,100.0,observation:high,transferred_platt_red_win_probability,7,131,0.7525474948646117,0.6793893129770993
phase-core,full-match,2026,100.0,observation:high,transferred_platt_red_win_probability,8,128,0.8458063012135473,0.84375
phase-core,full-match,2026,100.0,observation:high,transferred_platt_red_win_probability,9,29,0.9152347125929197,0.9655172413793104
phase-core,full-match,2026,100.0,observation:high,transferred_score_red_win_probability,0,76,0.0553346449873655,0.11842105263157894
phase-core,full-match,2026,100.0,observation:high,transferred_score_red_win_probability,1,84,0.15630771356410456,0.14285714285714285
phase-core,full-match,2026,100.0,observation:high,transferred_score_red_win_probability,2,98,0.24972577759010645,0.336734693877551
phase-core,full-match,2026,100.0,observation:high,transferred_score_red_win_probability,3,81,0.35236628012403504,0.2716049382716049
phase-core,full-match,2026,100.0,observation:high,transferred_score_red_win_probability,4,105,0.450691910747565,0.42857142857142855
phase-core,full-match,2026,100.0,observation:high,transferred_score_red_win_probability,5,106,0.5541938369348367,0.5943396226415094
phase-core,full-match,2026,100.0,observation:high,transferred_score_red_win_probability,6,113,0.6493630270729206,0.6106194690265486
phase-core,full-match,2026,100.0,observation:high,transferred_score_red_win_probability,7,110,0.7492266055836688,0.6909090909090909
phase-core,full-match,2026,100.0,observation:high,transferred_score_red_win_probability,8,140,0.8497515357401212,0.7285714285714285
phase-core,full-match,2026,100.0,observation:high,transferred_score_red_win_probability,9,143,0.9486055007081039,0.8391608391608392
phase-core,full-match,2026,100.0,observation:low,raw_pred_red_win_probability,0,0,,
phase-core,full-match,2026,100.0,observation:low,raw_pred_red_win_probability,1,0,,
phase-core,full-match,2026,100.0,observation:low,raw_pred_red_win_probability,2,0,,
phase-core,full-match,2026,100.0,observation:low,raw_pred_red_win_probability,3,1,0.3119538724422455,0.0
phase-core,full-match,2026,100.0,observation:low,raw_pred_red_win_probability,4,0,,
phase-core,full-match,2026,100.0,observation:low,raw_pred_red_win_probability,5,0,,
phase-core,full-match,2026,100.0,observation:low,raw_pred_red_win_probability,6,0,,
phase-core,full-match,2026,100.0,observation:low,raw_pred_red_win_probability,7,0,,
phase-core,full-match,2026,100.0,observation:low,raw_pred_red_win_probability,8,0,,
phase-core,full-match,2026,100.0,observation:low,raw_pred_red_win_probability,9,1,0.9999991655349731,1.0
phase-core,full-match,2026,100.0,observation:low,transferred_platt_red_win_probability,0,0,,
phase-core,full-match,2026,100.0,observation:low,transferred_platt_red_win_probability,1,0,,
phase-core,full-match,2026,100.0,observation:low,transferred_platt_red_win_probability,2,0,,
phase-core,full-match,2026,100.0,observation:low,transferred_platt_red_win_probability,3,0,,
phase-core,full-match,2026,100.0,observation:low,transferred_platt_red_win_probability,4,1,0.4980825805373724,0.0
phase-core,full-match,2026,100.0,observation:low,transferred_platt_red_win_probability,5,0,,
phase-core,full-match,2026,100.0,observation:low,transferred_platt_red_win_probability,6,0,,
phase-core,full-match,2026,100.0,observation:low,transferred_platt_red_win_probability,7,0,,
phase-core,full-match,2026,100.0,observation:low,transferred_platt_red_win_probability,8,0,,
phase-core,full-match,2026,100.0,observation:low,transferred_platt_red_win_probability,9,1,0.9007843295720633,1.0
phase-core,full-match,2026,100.0,observation:low,transferred_score_red_win_probability,0,0,,
phase-core,full-match,2026,100.0,observation:low,transferred_score_red_win_probability,1,0,,
phase-core,full-match,2026,100.0,observation:low,transferred_score_red_win_probability,2,0,,
phase-core,full-match,2026,100.0,observation:low,transferred_score_red_win_probability,3,0,,
phase-core,full-match,2026,100.0,observation:low,transferred_score_red_win_probability,4,0,,
phase-core,full-match,2026,100.0,observation:low,transferred_score_red_win_probability,5,1,0.5641458376963625,0.0
phase-core,full-match,2026,100.0,observation:low,transferred_score_red_win_probability,6,0,,
phase-core,full-match,2026,100.0,observation:low,transferred_score_red_win_probability,7,0,,
phase-core,full-match,2026,100.0,observation:low,transferred_score_red_win_probability,8,1,0.8797975338590976,1.0
phase-core,full-match,2026,100.0,observation:low,transferred_score_red_win_probability,9,0,,
phase-core,full-match,2026,100.0,observation:medium,raw_pred_red_win_probability,0,23,0.009131105329449047,0.30434782608695654
phase-core,full-match,2026,100.0,observation:medium,raw_pred_red_win_probability,1,1,0.14359962940216064,1.0
phase-core,full-match,2026,100.0,observation:medium,raw_pred_red_win_probability,2,0,,
phase-core,full-match,2026,100.0,observation:medium,raw_pred_red_win_probability,3,0,,
phase-core,full-match,2026,100.0,observation:medium,raw_pred_red_win_probability,4,2,0.4413408041000366,0.5
phase-core,full-match,2026,100.0,observation:medium,raw_pred_red_win_probability,5,0,,
phase-core,full-match,2026,100.0,observation:medium,raw_pred_red_win_probability,6,0,,
phase-core,full-match,2026,100.0,observation:medium,raw_pred_red_win_probability,7,3,0.7653456330299377,0.6666666666666666
phase-core,full-match,2026,100.0,observation:medium,raw_pred_red_win_probability,8,3,0.8549278179804484,0.6666666666666666
phase-core,full-match,2026,100.0,observation:medium,raw_pred_red_win_probability,9,16,0.9932371042668819,0.8125
phase-core,full-match,2026,100.0,observation:medium,transferred_platt_red_win_probability,0,0,,
phase-core,full-match,2026,100.0,observation:medium,transferred_platt_red_win_probability,1,9,0.15302118668332773,0.3333333333333333
phase-core,full-match,2026,100.0,observation:medium,transferred_platt_red_win_probability,2,4,0.22324070873171745,0.25
phase-core,full-match,2026,100.0,observation:medium,transferred_platt_red_win_probability,3,8,0.348759654887961,0.25
phase-core,full-match,2026,100.0,observation:medium,transferred_platt_red_win_probability,4,3,0.43519466318626393,0.6666666666666666
phase-core,full-match,2026,100.0,observation:medium,transferred_platt_red_win_probability,5,7,0.5615740817424035,0.7142857142857143
phase-core,full-match,2026,100.0,observation:medium,transferred_platt_red_win_probability,6,3,0.6237941282916002,0.3333333333333333
phase-core,full-match,2026,100.0,observation:medium,transferred_platt_red_win_probability,7,5,0.7652583840346654,0.6
phase-core,full-match,2026,100.0,observation:medium,transferred_platt_red_win_probability,8,8,0.8629218690858917,1.0
phase-core,full-match,2026,100.0,observation:medium,transferred_platt_red_win_probability,9,1,0.916330665694085,1.0
phase-core,full-match,2026,100.0,observation:medium,transferred_score_red_win_probability,0,6,0.060031414897682496,0.3333333333333333
phase-core,full-match,2026,100.0,observation:medium,transferred_score_red_win_probability,1,3,0.16601221031831617,0.0
phase-core,full-match,2026,100.0,observation:medium,transferred_score_red_win_probability,2,9,0.2524503491398942,0.3333333333333333
phase-core,full-match,2026,100.0,observation:medium,transferred_score_red_win_probability,3,1,0.3873169562982723,1.0
phase-core,full-match,2026,100.0,observation:medium,transferred_score_red_win_probability,4,4,0.46077805948752915,0.5
phase-core,full-match,2026,100.0,observation:medium,transferred_score_red_win_probability,5,5,0.5407242574522384,0.8
phase-core,full-match,2026,100.0,observation:medium,transferred_score_red_win_probability,6,2,0.672734642111492,0.5
phase-core,full-match,2026,100.0,observation:medium,transferred_score_red_win_probability,7,7,0.7427732367629446,0.8571428571428571
phase-core,full-match,2026,100.0,observation:medium,transferred_score_red_win_probability,8,8,0.8487692523501823,0.625
phase-core,full-match,2026,100.0,observation:medium,transferred_score_red_win_probability,9,3,0.9521159386373753,0.6666666666666666
phase-core,teammate-set,2026,100.0,primary-clean,raw_pred_red_win_probability,0,393,0.016593111904240263,0.2875318066157761
phase-core,teammate-set,2026,100.0,primary-clean,raw_pred_red_win_probability,1,55,0.13549100119959223,0.4909090909090909
phase-core,teammate-set,2026,100.0,primary-clean,raw_pred_red_win_probability,2,44,0.24448133192279123,0.5
phase-core,teammate-set,2026,100.0,primary-clean,raw_pred_red_win_probability,3,32,0.346753871999681,0.59375
phase-core,teammate-set,2026,100.0,primary-clean,raw_pred_red_win_probability,4,30,0.45294710199038185,0.43333333333333335
phase-core,teammate-set,2026,100.0,primary-clean,raw_pred_red_win_probability,5,22,0.5564783838662234,0.45454545454545453
phase-core,teammate-set,2026,100.0,primary-clean,raw_pred_red_win_probability,6,31,0.6566311928533739,0.6129032258064516
phase-core,teammate-set,2026,100.0,primary-clean,raw_pred_red_win_probability,7,32,0.7500834949314594,0.5625
phase-core,teammate-set,2026,100.0,primary-clean,raw_pred_red_win_probability,8,51,0.859938291942372,0.5490196078431373
phase-core,teammate-set,2026,100.0,primary-clean,raw_pred_red_win_probability,9,416,0.983713938926275,0.7427884615384616
phase-core,teammate-set,2026,100.0,primary-clean,transferred_platt_red_win_probability,0,2,0.09699134159398685,0.5
phase-core,teammate-set,2026,100.0,primary-clean,transferred_platt_red_win_probability,1,46,0.16123740133117606,0.15217391304347827
phase-core,teammate-set,2026,100.0,primary-clean,transferred_platt_red_win_probability,2,107,0.25473297367622466,0.2336448598130841
phase-core,teammate-set,2026,100.0,primary-clean,transferred_platt_red_win_probability,3,160,0.3546136026729222,0.2875
phase-core,teammate-set,2026,100.0,primary-clean,transferred_platt_red_win_probability,4,196,0.45057977287765655,0.4846938775510204
phase-core,teammate-set,2026,100.0,primary-clean,transferred_platt_red_win_probability,5,184,0.5507144811110405,0.5217391304347826
phase-core,teammate-set,2026,100.0,primary-clean,transferred_platt_red_win_probability,6,187,0.6506518472597325,0.679144385026738
phase-core,teammate-set,2026,100.0,primary-clean,transferred_platt_red_win_probability,7,150,0.7442452234801813,0.7866666666666666
phase-core,teammate-set,2026,100.0,primary-clean,transferred_platt_red_win_probability,8,69,0.8338602699368136,0.8405797101449275
phase-core,teammate-set,2026,100.0,primary-clean,transferred_platt_red_win_probability,9,5,0.9081268351175792,1.0
phase-core,teammate-set,2026,100.0,primary-clean,transferred_score_red_win_probability,0,99,0.051413691578919916,0.16161616161616163
phase-core,teammate-set,2026,100.0,primary-clean,transferred_score_red_win_probability,1,96,0.14564754594220433,0.23958333333333334
phase-core,teammate-set,2026,100.0,primary-clean,transferred_score_red_win_probability,2,117,0.2500351033044703,0.27350427350427353
phase-core,teammate-set,2026,100.0,primary-clean,transferred_score_red_win_probability,3,92,0.3508156823892791,0.391304347826087
phase-core,teammate-set,2026,100.0,primary-clean,transferred_score_red_win_probability,4,97,0.4486123949383409,0.44329896907216493
phase-core,teammate-set,2026,100.0,primary-clean,transferred_score_red_win_probability,5,104,0.554768500141522,0.5384615384615384
phase-core,teammate-set,2026,100.0,primary-clean,transferred_score_red_win_probability,6,96,0.6496607554209156,0.6354166666666666
phase-core,teammate-set,2026,100.0,primary-clean,transferred_score_red_win_probability,7,109,0.748460667647857,0.6513761467889908
phase-core,teammate-set,2026,100.0,primary-clean,transferred_score_red_win_probability,8,144,0.8537582567066632,0.7361111111111112
phase-core,teammate-set,2026,100.0,primary-clean,transferred_score_red_win_probability,9,152,0.9517956928816752,0.881578947368421
phase-core,teammate-set,2026,100.0,all-official,raw_pred_red_win_probability,0,393,0.016593111904240263,0.2875318066157761
phase-core,teammate-set,2026,100.0,all-official,raw_pred_red_win_probability,1,55,0.13549100119959223,0.4909090909090909
phase-core,teammate-set,2026,100.0,all-official,raw_pred_red_win_probability,2,44,0.24448133192279123,0.5
phase-core,teammate-set,2026,100.0,all-official,raw_pred_red_win_probability,3,32,0.346753871999681,0.59375
phase-core,teammate-set,2026,100.0,all-official,raw_pred_red_win_probability,4,30,0.45294710199038185,0.43333333333333335
phase-core,teammate-set,2026,100.0,all-official,raw_pred_red_win_probability,5,22,0.5564783838662234,0.45454545454545453
phase-core,teammate-set,2026,100.0,all-official,raw_pred_red_win_probability,6,31,0.6566311928533739,0.6129032258064516
phase-core,teammate-set,2026,100.0,all-official,raw_pred_red_win_probability,7,32,0.7500834949314594,0.5625
phase-core,teammate-set,2026,100.0,all-official,raw_pred_red_win_probability,8,51,0.859938291942372,0.5490196078431373
phase-core,teammate-set,2026,100.0,all-official,raw_pred_red_win_probability,9,416,0.983713938926275,0.7427884615384616
phase-core,teammate-set,2026,100.0,all-official,transferred_platt_red_win_probability,0,2,0.09699134159398685,0.5
phase-core,teammate-set,2026,100.0,all-official,transferred_platt_red_win_probability,1,46,0.16123740133117606,0.15217391304347827
phase-core,teammate-set,2026,100.0,all-official,transferred_platt_red_win_probability,2,107,0.25473297367622466,0.2336448598130841
phase-core,teammate-set,2026,100.0,all-official,transferred_platt_red_win_probability,3,160,0.3546136026729222,0.2875
phase-core,teammate-set,2026,100.0,all-official,transferred_platt_red_win_probability,4,196,0.45057977287765655,0.4846938775510204
phase-core,teammate-set,2026,100.0,all-official,transferred_platt_red_win_probability,5,184,0.5507144811110405,0.5217391304347826
phase-core,teammate-set,2026,100.0,all-official,transferred_platt_red_win_probability,6,187,0.6506518472597325,0.679144385026738
phase-core,teammate-set,2026,100.0,all-official,transferred_platt_red_win_probability,7,150,0.7442452234801813,0.7866666666666666
phase-core,teammate-set,2026,100.0,all-official,transferred_platt_red_win_probability,8,69,0.8338602699368136,0.8405797101449275
phase-core,teammate-set,2026,100.0,all-official,transferred_platt_red_win_probability,9,5,0.9081268351175792,1.0
phase-core,teammate-set,2026,100.0,all-official,transferred_score_red_win_probability,0,99,0.051413691578919916,0.16161616161616163
phase-core,teammate-set,2026,100.0,all-official,transferred_score_red_win_probability,1,96,0.14564754594220433,0.23958333333333334
phase-core,teammate-set,2026,100.0,all-official,transferred_score_red_win_probability,2,117,0.2500351033044703,0.27350427350427353
phase-core,teammate-set,2026,100.0,all-official,transferred_score_red_win_probability,3,92,0.3508156823892791,0.391304347826087
phase-core,teammate-set,2026,100.0,all-official,transferred_score_red_win_probability,4,97,0.4486123949383409,0.44329896907216493
phase-core,teammate-set,2026,100.0,all-official,transferred_score_red_win_probability,5,104,0.554768500141522,0.5384615384615384
phase-core,teammate-set,2026,100.0,all-official,transferred_score_red_win_probability,6,96,0.6496607554209156,0.6354166666666666
phase-core,teammate-set,2026,100.0,all-official,transferred_score_red_win_probability,7,109,0.748460667647857,0.6513761467889908
phase-core,teammate-set,2026,100.0,all-official,transferred_score_red_win_probability,8,144,0.8537582567066632,0.7361111111111112
phase-core,teammate-set,2026,100.0,all-official,transferred_score_red_win_probability,9,152,0.9517956928816752,0.881578947368421
phase-core,teammate-set,2026,100.0,DQ-only,raw_pred_red_win_probability,0,0,,
phase-core,teammate-set,2026,100.0,DQ-only,raw_pred_red_win_probability,1,0,,
phase-core,teammate-set,2026,100.0,DQ-only,raw_pred_red_win_probability,2,0,,
phase-core,teammate-set,2026,100.0,DQ-only,raw_pred_red_win_probability,3,0,,
phase-core,teammate-set,2026,100.0,DQ-only,raw_pred_red_win_probability,4,0,,
phase-core,teammate-set,2026,100.0,DQ-only,raw_pred_red_win_probability,5,0,,
phase-core,teammate-set,2026,100.0,DQ-only,raw_pred_red_win_probability,6,0,,
phase-core,teammate-set,2026,100.0,DQ-only,raw_pred_red_win_probability,7,0,,
phase-core,teammate-set,2026,100.0,DQ-only,raw_pred_red_win_probability,8,0,,
phase-core,teammate-set,2026,100.0,DQ-only,raw_pred_red_win_probability,9,0,,
phase-core,teammate-set,2026,100.0,DQ-only,transferred_platt_red_win_probability,0,0,,
phase-core,teammate-set,2026,100.0,DQ-only,transferred_platt_red_win_probability,1,0,,
phase-core,teammate-set,2026,100.0,DQ-only,transferred_platt_red_win_probability,2,0,,
phase-core,teammate-set,2026,100.0,DQ-only,transferred_platt_red_win_probability,3,0,,
phase-core,teammate-set,2026,100.0,DQ-only,transferred_platt_red_win_probability,4,0,,
phase-core,teammate-set,2026,100.0,DQ-only,transferred_platt_red_win_probability,5,0,,
phase-core,teammate-set,2026,100.0,DQ-only,transferred_platt_red_win_probability,6,0,,
phase-core,teammate-set,2026,100.0,DQ-only,transferred_platt_red_win_probability,7,0,,
phase-core,teammate-set,2026,100.0,DQ-only,transferred_platt_red_win_probability,8,0,,
phase-core,teammate-set,2026,100.0,DQ-only,transferred_platt_red_win_probability,9,0,,
phase-core,teammate-set,2026,100.0,DQ-only,transferred_score_red_win_probability,0,0,,
phase-core,teammate-set,2026,100.0,DQ-only,transferred_score_red_win_probability,1,0,,
phase-core,teammate-set,2026,100.0,DQ-only,transferred_score_red_win_probability,2,0,,
phase-core,teammate-set,2026,100.0,DQ-only,transferred_score_red_win_probability,3,0,,
phase-core,teammate-set,2026,100.0,DQ-only,transferred_score_red_win_probability,4,0,,
phase-core,teammate-set,2026,100.0,DQ-only,transferred_score_red_win_probability,5,0,,
phase-core,teammate-set,2026,100.0,DQ-only,transferred_score_red_win_probability,6,0,,
phase-core,teammate-set,2026,100.0,DQ-only,transferred_score_red_win_probability,7,0,,
phase-core,teammate-set,2026,100.0,DQ-only,transferred_score_red_win_probability,8,0,,
phase-core,teammate-set,2026,100.0,DQ-only,transferred_score_red_win_probability,9,0,,
phase-core,teammate-set,2026,100.0,surrogate-only,raw_pred_red_win_probability,0,3,0.023736308086275432,0.3333333333333333
phase-core,teammate-set,2026,100.0,surrogate-only,raw_pred_red_win_probability,1,0,,
phase-core,teammate-set,2026,100.0,surrogate-only,raw_pred_red_win_probability,2,0,,
phase-core,teammate-set,2026,100.0,surrogate-only,raw_pred_red_win_probability,3,0,,
phase-core,teammate-set,2026,100.0,surrogate-only,raw_pred_red_win_probability,4,0,,
phase-core,teammate-set,2026,100.0,surrogate-only,raw_pred_red_win_probability,5,0,,
phase-core,teammate-set,2026,100.0,surrogate-only,raw_pred_red_win_probability,6,0,,
phase-core,teammate-set,2026,100.0,surrogate-only,raw_pred_red_win_probability,7,0,,
phase-core,teammate-set,2026,100.0,surrogate-only,raw_pred_red_win_probability,8,0,,
phase-core,teammate-set,2026,100.0,surrogate-only,raw_pred_red_win_probability,9,3,0.9977169235547384,1.0
phase-core,teammate-set,2026,100.0,surrogate-only,transferred_platt_red_win_probability,0,0,,
phase-core,teammate-set,2026,100.0,surrogate-only,transferred_platt_red_win_probability,1,0,,
phase-core,teammate-set,2026,100.0,surrogate-only,transferred_platt_red_win_probability,2,2,0.25864350064481517,0.0
phase-core,teammate-set,2026,100.0,surrogate-only,transferred_platt_red_win_probability,3,0,,
phase-core,teammate-set,2026,100.0,surrogate-only,transferred_platt_red_win_probability,4,1,0.42870524346708316,1.0
phase-core,teammate-set,2026,100.0,surrogate-only,transferred_platt_red_win_probability,5,0,,
phase-core,teammate-set,2026,100.0,surrogate-only,transferred_platt_red_win_probability,6,0,,
phase-core,teammate-set,2026,100.0,surrogate-only,transferred_platt_red_win_probability,7,2,0.711753080225604,1.0
phase-core,teammate-set,2026,100.0,surrogate-only,transferred_platt_red_win_probability,8,1,0.81877770110616,1.0
phase-core,teammate-set,2026,100.0,surrogate-only,transferred_platt_red_win_probability,9,0,,
phase-core,teammate-set,2026,100.0,surrogate-only,transferred_score_red_win_probability,0,1,0.020978016797678443,0.0
phase-core,teammate-set,2026,100.0,surrogate-only,transferred_score_red_win_probability,1,1,0.16562142652448825,0.0
phase-core,teammate-set,2026,100.0,surrogate-only,transferred_score_red_win_probability,2,0,,
phase-core,teammate-set,2026,100.0,surrogate-only,transferred_score_red_win_probability,3,0,,
phase-core,teammate-set,2026,100.0,surrogate-only,transferred_score_red_win_probability,4,0,,
phase-core,teammate-set,2026,100.0,surrogate-only,transferred_score_red_win_probability,5,0,,
phase-core,teammate-set,2026,100.0,surrogate-only,transferred_score_red_win_probability,6,0,,
phase-core,teammate-set,2026,100.0,surrogate-only,transferred_score_red_win_probability,7,0,,
phase-core,teammate-set,2026,100.0,surrogate-only,transferred_score_red_win_probability,8,2,0.8935506465845338,1.0
phase-core,teammate-set,2026,100.0,surrogate-only,transferred_score_red_win_probability,9,2,0.9204394244055889,1.0
phase-core,teammate-set,2026,100.0,division:2026arc,raw_pred_red_win_probability,0,51,0.011091635516749083,0.29411764705882354
phase-core,teammate-set,2026,100.0,division:2026arc,raw_pred_red_win_probability,1,4,0.12288486398756504,0.25
phase-core,teammate-set,2026,100.0,division:2026arc,raw_pred_red_win_probability,2,9,0.247022012869517,0.4444444444444444
phase-core,teammate-set,2026,100.0,division:2026arc,raw_pred_red_win_probability,3,5,0.35311957001686095,1.0
phase-core,teammate-set,2026,100.0,division:2026arc,raw_pred_red_win_probability,4,3,0.42870159943898517,0.6666666666666666
phase-core,teammate-set,2026,100.0,division:2026arc,raw_pred_red_win_probability,5,3,0.5789482196172079,0.6666666666666666
phase-core,teammate-set,2026,100.0,division:2026arc,raw_pred_red_win_probability,6,4,0.6508963853120804,0.5
phase-core,teammate-set,2026,100.0,division:2026arc,raw_pred_red_win_probability,7,5,0.7434308052062988,0.2
phase-core,teammate-set,2026,100.0,division:2026arc,raw_pred_red_win_probability,8,5,0.8568975567817688,0.6
phase-core,teammate-set,2026,100.0,division:2026arc,raw_pred_red_win_probability,9,51,0.9883372491481257,0.6862745098039216
phase-core,teammate-set,2026,100.0,division:2026arc,transferred_platt_red_win_probability,0,1,0.09699134159398685,1.0
phase-core,teammate-set,2026,100.0,division:2026arc,transferred_platt_red_win_probability,1,8,0.15036562783115087,0.25
phase-core,teammate-set,2026,100.0,division:2026arc,transferred_platt_red_win_probability,2,16,0.26350237700418605,0.3125
phase-core,teammate-set,2026,100.0,division:2026arc,transferred_platt_red_win_probability,3,20,0.35157658786553847,0.25
phase-core,teammate-set,2026,100.0,division:2026arc,transferred_platt_red_win_probability,4,22,0.46017070842084407,0.45454545454545453
phase-core,teammate-set,2026,100.0,division:2026arc,transferred_platt_red_win_probability,5,22,0.547034258256277,0.5454545454545454
phase-core,teammate-set,2026,100.0,division:2026arc,transferred_platt_red_win_probability,6,19,0.6548911815312034,0.5789473684210527
phase-core,teammate-set,2026,100.0,division:2026arc,transferred_platt_red_win_probability,7,20,0.7399374900895431,0.75
phase-core,teammate-set,2026,100.0,division:2026arc,transferred_platt_red_win_probability,8,9,0.8303520945370261,0.6666666666666666
phase-core,teammate-set,2026,100.0,division:2026arc,transferred_platt_red_win_probability,9,3,0.906245269585089,1.0
phase-core,teammate-set,2026,100.0,division:2026arc,transferred_score_red_win_probability,0,18,0.046325101138961246,0.2222222222222222
phase-core,teammate-set,2026,100.0,division:2026arc,transferred_score_red_win_probability,1,14,0.14392437521619802,0.35714285714285715
phase-core,teammate-set,2026,100.0,division:2026arc,transferred_score_red_win_probability,2,10,0.26343799931296075,0.1
phase-core,teammate-set,2026,100.0,division:2026arc,transferred_score_red_win_probability,3,12,0.3433250460176056,0.3333333333333333
phase-core,teammate-set,2026,100.0,division:2026arc,transferred_score_red_win_probability,4,11,0.4419889749906367,0.36363636363636365
phase-core,teammate-set,2026,100.0,division:2026arc,transferred_score_red_win_probability,5,9,0.5455512871882057,0.6666666666666666
phase-core,teammate-set,2026,100.0,division:2026arc,transferred_score_red_win_probability,6,12,0.6683678516564128,0.5833333333333334
phase-core,teammate-set,2026,100.0,division:2026arc,transferred_score_red_win_probability,7,17,0.7518041934038026,0.47058823529411764
phase-core,teammate-set,2026,100.0,division:2026arc,transferred_score_red_win_probability,8,14,0.8679608251706362,0.6428571428571429
phase-core,teammate-set,2026,100.0,division:2026arc,transferred_score_red_win_probability,9,23,0.955262953596525,0.9565217391304348
phase-core,teammate-set,2026,100.0,division:2026cur,raw_pred_red_win_probability,0,39,0.011100018248737634,0.3333333333333333
phase-core,teammate-set,2026,100.0,division:2026cur,raw_pred_red_win_probability,1,8,0.13002846855670214,0.375
phase-core,teammate-set,2026,100.0,division:2026cur,raw_pred_red_win_probability,2,7,0.24455926248005458,0.42857142857142855
phase-core,teammate-set,2026,100.0,division:2026cur,raw_pred_red_win_probability,3,5,0.34171674251556394,0.2
phase-core,teammate-set,2026,100.0,division:2026cur,raw_pred_red_win_probability,4,6,0.44489361345767975,0.5
phase-core,teammate-set,2026,100.0,division:2026cur,raw_pred_red_win_probability,5,2,0.5647818744182587,0.5
phase-core,teammate-set,2026,100.0,division:2026cur,raw_pred_red_win_probability,6,4,0.6488461941480637,0.5
phase-core,teammate-set,2026,100.0,division:2026cur,raw_pred_red_win_probability,7,3,0.7621937990188599,1.0
phase-core,teammate-set,2026,100.0,division:2026cur,raw_pred_red_win_probability,8,7,0.8570904646600995,0.7142857142857143
phase-core,teammate-set,2026,100.0,division:2026cur,raw_pred_red_win_probability,9,55,0.9822165803475813,0.7454545454545455
phase-core,teammate-set,2026,100.0,division:2026cur,transferred_platt_red_win_probability,0,0,,
phase-core,teammate-set,2026,100.0,division:2026cur,transferred_platt_red_win_probability,1,4,0.14720263644563342,0.0
phase-core,teammate-set,2026,100.0,division:2026cur,transferred_platt_red_win_probability,2,11,0.2580327507846442,0.2727272727272727
phase-core,teammate-set,2026,100.0,division:2026cur,transferred_platt_red_win_probability,3,20,0.3433664564422545,0.3
phase-core,teammate-set,2026,100.0,division:2026cur,transferred_platt_red_win_probability,4,23,0.4627869879750773,0.4782608695652174
phase-core,teammate-set,2026,100.0,division:2026cur,transferred_platt_red_win_probability,5,25,0.5520279698323732,0.56
phase-core,teammate-set,2026,100.0,division:2026cur,transferred_platt_red_win_probability,6,27,0.6528143103501824,0.8888888888888888
phase-core,teammate-set,2026,100.0,division:2026cur,transferred_platt_red_win_probability,7,20,0.7359531158999035,0.6
phase-core,teammate-set,2026,100.0,division:2026cur,transferred_platt_red_win_probability,8,5,0.8177425365559309,0.8
phase-core,teammate-set,2026,100.0,division:2026cur,transferred_platt_red_win_probability,9,1,0.9069115740638648,1.0
phase-core,teammate-set,2026,100.0,division:2026cur,transferred_score_red_win_probability,0,12,0.05146415990434149,0.0
phase-core,teammate-set,2026,100.0,division:2026cur,transferred_score_red_win_probability,1,11,0.1313697141372798,0.18181818181818182
phase-core,teammate-set,2026,100.0,division:2026cur,transferred_score_red_win_probability,2,8,0.25811464734534784,0.25
phase-core,teammate-set,2026,100.0,division:2026cur,transferred_score_red_win_probability,3,14,0.34072876095396987,0.5714285714285714
phase-core,teammate-set,2026,100.0,division:2026cur,transferred_score_red_win_probability,4,17,0.44721336036833703,0.4117647058823529
phase-core,teammate-set,2026,100.0,division:2026cur,transferred_score_red_win_probability,5,14,0.5521806856417913,0.7142857142857143
phase-core,teammate-set,2026,100.0,division:2026cur,transferred_score_red_win_probability,6,11,0.6351475060405097,0.5454545454545454
phase-core,teammate-set,2026,100.0,division:2026cur,transferred_score_red_win_probability,7,14,0.7468081865528445,0.7142857142857143
phase-core,teammate-set,2026,100.0,division:2026cur,transferred_score_red_win_probability,8,15,0.8413895937123375,0.8
phase-core,teammate-set,2026,100.0,division:2026cur,transferred_score_red_win_probability,9,20,0.9625652008453944,0.9
phase-core,teammate-set,2026,100.0,division:2026dal,raw_pred_red_win_probability,0,50,0.020137675527248575,0.28
phase-core,teammate-set,2026,100.0,division:2026dal,raw_pred_red_win_probability,1,8,0.13572218175977468,0.5
phase-core,teammate-set,2026,100.0,division:2026dal,raw_pred_red_win_probability,2,2,0.27538757026195526,0.5
phase-core,teammate-set,2026,100.0,division:2026dal,raw_pred_red_win_probability,3,5,0.34979466199874876,0.2
phase-core,teammate-set,2026,100.0,division:2026dal,raw_pred_red_win_probability,4,3,0.4414444963137309,0.0
phase-core,teammate-set,2026,100.0,division:2026dal,raw_pred_red_win_probability,5,3,0.5279386043548584,0.0
phase-core,teammate-set,2026,100.0,division:2026dal,raw_pred_red_win_probability,6,6,0.6441267232100168,0.6666666666666666
phase-core,teammate-set,2026,100.0,division:2026dal,raw_pred_red_win_probability,7,4,0.764611229300499,0.75
phase-core,teammate-set,2026,100.0,division:2026dal,raw_pred_red_win_probability,8,10,0.8704991817474366,0.4
phase-core,teammate-set,2026,100.0,division:2026dal,raw_pred_red_win_probability,9,47,0.9843121196361299,0.7446808510638298
phase-core,teammate-set,2026,100.0,division:2026dal,transferred_platt_red_win_probability,0,0,,
phase-core,teammate-set,2026,100.0,division:2026dal,transferred_platt_red_win_probability,1,6,0.1786811173607781,0.16666666666666666
phase-core,teammate-set,2026,100.0,division:2026dal,transferred_platt_red_win_probability,2,8,0.26128228965585104,0.375
phase-core,teammate-set,2026,100.0,division:2026dal,transferred_platt_red_win_probability,3,22,0.3544679559759004,0.2727272727272727
phase-core,teammate-set,2026,100.0,division:2026dal,transferred_platt_red_win_probability,4,27,0.4428425025944921,0.37037037037037035
phase-core,teammate-set,2026,100.0,division:2026dal,transferred_platt_red_win_probability,5,28,0.554402997497047,0.39285714285714285
phase-core,teammate-set,2026,100.0,division:2026dal,transferred_platt_red_win_probability,6,21,0.6482974967697614,0.7619047619047619
phase-core,teammate-set,2026,100.0,division:2026dal,transferred_platt_red_win_probability,7,12,0.7453487290686054,0.6666666666666666
phase-core,teammate-set,2026,100.0,division:2026dal,transferred_platt_red_win_probability,8,14,0.8331407306206894,0.7857142857142857
phase-core,teammate-set,2026,100.0,division:2026dal,transferred_platt_red_win_probability,9,0,,
phase-core,teammate-set,2026,100.0,division:2026dal,transferred_score_red_win_probability,0,12,0.05172998367444596,0.08333333333333333
phase-core,teammate-set,2026,100.0,division:2026dal,transferred_score_red_win_probability,1,11,0.16285896948736775,0.18181818181818182
phase-core,teammate-set,2026,100.0,division:2026dal,transferred_score_red_win_probability,2,14,0.26201778136780296,0.21428571428571427
phase-core,teammate-set,2026,100.0,division:2026dal,transferred_score_red_win_probability,3,14,0.34961896046965996,0.35714285714285715
phase-core,teammate-set,2026,100.0,division:2026dal,transferred_score_red_win_probability,4,9,0.4395610053547986,0.5555555555555556
phase-core,teammate-set,2026,100.0,division:2026dal,transferred_score_red_win_probability,5,11,0.5711018172389579,0.45454545454545453
phase-core,teammate-set,2026,100.0,division:2026dal,transferred_score_red_win_probability,6,12,0.640308197931859,0.5833333333333334
phase-core,teammate-set,2026,100.0,division:2026dal,transferred_score_red_win_probability,7,17,0.7554670048316313,0.5294117647058824
phase-core,teammate-set,2026,100.0,division:2026dal,transferred_score_red_win_probability,8,19,0.8572794739175433,0.631578947368421
phase-core,teammate-set,2026,100.0,division:2026dal,transferred_score_red_win_probability,9,19,0.9581348394123327,0.8947368421052632
phase-core,teammate-set,2026,100.0,division:2026gal,raw_pred_red_win_probability,0,51,0.01652008838205718,0.3137254901960784
phase-core,teammate-set,2026,100.0,division:2026gal,raw_pred_red_win_probability,1,7,0.14028429027114594,0.5714285714285714
phase-core,teammate-set,2026,100.0,division:2026gal,raw_pred_red_win_probability,2,5,0.22736315429210663,0.8
phase-core,teammate-set,2026,100.0,division:2026gal,raw_pred_red_win_probability,3,4,0.3377971202135086,0.75
phase-core,teammate-set,2026,100.0,division:2026gal,raw_pred_red_win_probability,4,2,0.43781210482120514,0.0
phase-core,teammate-set,2026,100.0,division:2026gal,raw_pred_red_win_probability,5,2,0.5713139772415161,1.0
phase-core,teammate-set,2026,100.0,division:2026gal,raw_pred_red_win_probability,6,2,0.6533080637454987,0.5
phase-core,teammate-set,2026,100.0,division:2026gal,raw_pred_red_win_probability,7,2,0.7517853677272797,0.5
phase-core,teammate-set,2026,100.0,division:2026gal,raw_pred_red_win_probability,8,7,0.8524646077837262,0.7142857142857143
phase-core,teammate-set,2026,100.0,division:2026gal,raw_pred_red_win_probability,9,56,0.9841386856777328,0.7857142857142857
phase-core,teammate-set,2026,100.0,division:2026gal,transferred_platt_red_win_probability,0,1,0.09699134159398685,0.0
phase-core,teammate-set,2026,100.0,division:2026gal,transferred_platt_red_win_probability,1,6,0.17418380814428205,0.3333333333333333
phase-core,teammate-set,2026,100.0,division:2026gal,transferred_platt_red_win_probability,2,15,0.2573025171178832,0.3333333333333333
phase-core,teammate-set,2026,100.0,division:2026gal,transferred_platt_red_win_probability,3,20,0.3649973402741866,0.3
phase-core,teammate-set,2026,100.0,division:2026gal,transferred_platt_red_win_probability,4,23,0.44977427882233273,0.5652173913043478
phase-core,teammate-set,2026,100.0,division:2026gal,transferred_platt_red_win_probability,5,18,0.5550002421986812,0.5555555555555556
phase-core,teammate-set,2026,100.0,division:2026gal,transferred_platt_red_win_probability,6,25,0.6540939956341447,0.72
phase-core,teammate-set,2026,100.0,division:2026gal,transferred_platt_red_win_probability,7,21,0.754383415409348,0.8571428571428571
phase-core,teammate-set,2026,100.0,division:2026gal,transferred_platt_red_win_probability,8,8,0.8552705840763596,0.875
phase-core,teammate-set,2026,100.0,division:2026gal,transferred_platt_red_win_probability,9,1,0.9149867927687644,1.0
phase-core,teammate-set,2026,100.0,division:2026gal,transferred_score_red_win_probability,0,11,0.047616134924264746,0.09090909090909091
phase-core,teammate-set,2026,100.0,division:2026gal,transferred_score_red_win_probability,1,13,0.15727977142395366,0.38461538461538464
phase-core,teammate-set,2026,100.0,division:2026gal,transferred_score_red_win_probability,2,18,0.2360668239595501,0.4444444444444444
phase-core,teammate-set,2026,100.0,division:2026gal,transferred_score_red_win_probability,3,7,0.3466561311549978,0.14285714285714285
phase-core,teammate-set,2026,100.0,division:2026gal,transferred_score_red_win_probability,4,13,0.4465805293970815,0.6153846153846154
phase-core,teammate-set,2026,100.0,division:2026gal,transferred_score_red_win_probability,5,17,0.5586086944231747,0.6470588235294118
phase-core,teammate-set,2026,100.0,division:2026gal,transferred_score_red_win_probability,6,9,0.6508070114082636,1.0
phase-core,teammate-set,2026,100.0,division:2026gal,transferred_score_red_win_probability,7,13,0.7372148290528531,0.6923076923076923
phase-core,teammate-set,2026,100.0,division:2026gal,transferred_score_red_win_probability,8,15,0.862267066738211,0.6
phase-core,teammate-set,2026,100.0,division:2026gal,transferred_score_red_win_probability,9,22,0.9380959483317177,0.8636363636363636
phase-core,teammate-set,2026,100.0,division:2026hop,raw_pred_red_win_probability,0,47,0.022638208224527848,0.14893617021276595
phase-core,teammate-set,2026,100.0,division:2026hop,raw_pred_red_win_probability,1,10,0.1381425827741623,0.6
phase-core,teammate-set,2026,100.0,division:2026hop,raw_pred_red_win_probability,2,5,0.2578919231891632,0.4
phase-core,teammate-set,2026,100.0,division:2026hop,raw_pred_red_win_probability,3,3,0.36129296819369,0.6666666666666666
phase-core,teammate-set,2026,100.0,division:2026hop,raw_pred_red_win_probability,4,8,0.4781162329018116,0.5
phase-core,teammate-set,2026,100.0,division:2026hop,raw_pred_red_win_probability,5,2,0.5484252870082855,0.5
phase-core,teammate-set,2026,100.0,division:2026hop,raw_pred_red_win_probability,6,5,0.6607225894927978,0.8
phase-core,teammate-set,2026,100.0,division:2026hop,raw_pred_red_win_probability,7,5,0.7361959099769593,0.8
phase-core,teammate-set,2026,100.0,division:2026hop,raw_pred_red_win_probability,8,5,0.8706382513046265,0.2
phase-core,teammate-set,2026,100.0,division:2026hop,raw_pred_red_win_probability,9,50,0.9880258774757386,0.76
phase-core,teammate-set,2026,100.0,division:2026hop,transferred_platt_red_win_probability,0,0,,
phase-core,teammate-set,2026,100.0,division:2026hop,transferred_platt_red_win_probability,1,7,0.14945978816571498,0.14285714285714285
phase-core,teammate-set,2026,100.0,division:2026hop,transferred_platt_red_win_probability,2,14,0.25783203033792657,0.07142857142857142
phase-core,teammate-set,2026,100.0,division:2026hop,transferred_platt_red_win_probability,3,12,0.3654497519072008,0.08333333333333333
phase-core,teammate-set,2026,100.0,division:2026hop,transferred_platt_red_win_probability,4,30,0.4452346604198081,0.4
phase-core,teammate-set,2026,100.0,division:2026hop,transferred_platt_red_win_probability,5,27,0.5434287078517078,0.5925925925925926
phase-core,teammate-set,2026,100.0,division:2026hop,transferred_platt_red_win_probability,6,19,0.6536669568610526,0.5789473684210527
phase-core,teammate-set,2026,100.0,division:2026hop,transferred_platt_red_win_probability,7,20,0.7426525243482153,0.85
phase-core,teammate-set,2026,100.0,division:2026hop,transferred_platt_red_win_probability,8,11,0.8229150795867798,0.9090909090909091
phase-core,teammate-set,2026,100.0,division:2026hop,transferred_platt_red_win_probability,9,0,,
phase-core,teammate-set,2026,100.0,division:2026hop,transferred_score_red_win_probability,0,14,0.05434308329158875,0.21428571428571427
phase-core,teammate-set,2026,100.0,division:2026hop,transferred_score_red_win_probability,1,9,0.13698286420865177,0.1111111111111111
phase-core,teammate-set,2026,100.0,division:2026hop,transferred_score_red_win_probability,2,18,0.2563972935283064,0.16666666666666666
phase-core,teammate-set,2026,100.0,division:2026hop,transferred_score_red_win_probability,3,13,0.36508609602050324,0.38461538461538464
phase-core,teammate-set,2026,100.0,division:2026hop,transferred_score_red_win_probability,4,8,0.45214102758531005,0.375
phase-core,teammate-set,2026,100.0,division:2026hop,transferred_score_red_win_probability,5,14,0.5480986204821348,0.5
phase-core,teammate-set,2026,100.0,division:2026hop,transferred_score_red_win_probability,6,12,0.6421992050545807,0.75
phase-core,teammate-set,2026,100.0,division:2026hop,transferred_score_red_win_probability,7,12,0.7419214032219869,0.75
phase-core,teammate-set,2026,100.0,division:2026hop,transferred_score_red_win_probability,8,22,0.8603844844722858,0.6818181818181818
phase-core,teammate-set,2026,100.0,division:2026hop,transferred_score_red_win_probability,9,18,0.9435849232380316,0.7777777777777778
phase-core,teammate-set,2026,100.0,division:2026joh,raw_pred_red_win_probability,0,54,0.016843288554919462,0.2777777777777778
phase-core,teammate-set,2026,100.0,division:2026joh,raw_pred_red_win_probability,1,4,0.12414694018661976,0.75
phase-core,teammate-set,2026,100.0,division:2026joh,raw_pred_red_win_probability,2,4,0.23136170208454132,0.25
phase-core,teammate-set,2026,100.0,division:2026joh,raw_pred_red_win_probability,3,6,0.342983216047287,0.8333333333333334
phase-core,teammate-set,2026,100.0,division:2026joh,raw_pred_red_win_probability,4,5,0.44479917287826537,0.4
phase-core,teammate-set,2026,100.0,division:2026joh,raw_pred_red_win_probability,5,5,0.5537939429283142,0.4
phase-core,teammate-set,2026,100.0,division:2026joh,raw_pred_red_win_probability,6,2,0.6773219108581543,1.0
phase-core,teammate-set,2026,100.0,division:2026joh,raw_pred_red_win_probability,7,1,0.7204200029373169,0.0
phase-core,teammate-set,2026,100.0,division:2026joh,raw_pred_red_win_probability,8,4,0.8497577458620071,0.75
phase-core,teammate-set,2026,100.0,division:2026joh,raw_pred_red_win_probability,9,53,0.9797129619796321,0.8113207547169812
phase-core,teammate-set,2026,100.0,division:2026joh,transferred_platt_red_win_probability,0,0,,
phase-core,teammate-set,2026,100.0,division:2026joh,transferred_platt_red_win_probability,1,6,0.1737766080415616,0.16666666666666666
phase-core,teammate-set,2026,100.0,division:2026joh,transferred_platt_red_win_probability,2,15,0.2442696912884725,0.13333333333333333
phase-core,teammate-set,2026,100.0,division:2026joh,transferred_platt_red_win_probability,3,23,0.3476577616188169,0.2608695652173913
phase-core,teammate-set,2026,100.0,division:2026joh,transferred_platt_red_win_probability,4,22,0.453247307584907,0.6363636363636364
phase-core,teammate-set,2026,100.0,division:2026joh,transferred_platt_red_win_probability,5,19,0.5366626691470922,0.5263157894736842
phase-core,teammate-set,2026,100.0,division:2026joh,transferred_platt_red_win_probability,6,27,0.6437365624633935,0.7037037037037037
phase-core,teammate-set,2026,100.0,division:2026joh,transferred_platt_red_win_probability,7,19,0.746184795897201,0.8947368421052632
phase-core,teammate-set,2026,100.0,division:2026joh,transferred_platt_red_win_probability,8,7,0.8412053210028878,1.0
phase-core,teammate-set,2026,100.0,division:2026joh,transferred_platt_red_win_probability,9,0,,
phase-core,teammate-set,2026,100.0,division:2026joh,transferred_score_red_win_probability,0,13,0.05362408772791458,0.23076923076923078
phase-core,teammate-set,2026,100.0,division:2026joh,transferred_score_red_win_probability,1,15,0.15349259378357075,0.2
phase-core,teammate-set,2026,100.0,division:2026joh,transferred_score_red_win_probability,2,20,0.2399676782225594,0.25
phase-core,teammate-set,2026,100.0,division:2026joh,transferred_score_red_win_probability,3,9,0.3463349143099427,0.3333333333333333
phase-core,teammate-set,2026,100.0,division:2026joh,transferred_score_red_win_probability,4,12,0.44619245484233344,0.5
phase-core,teammate-set,2026,100.0,division:2026joh,transferred_score_red_win_probability,5,9,0.5575779599485212,0.7777777777777778
phase-core,teammate-set,2026,100.0,division:2026joh,transferred_score_red_win_probability,6,10,0.6453005175614795,0.8
phase-core,teammate-set,2026,100.0,division:2026joh,transferred_score_red_win_probability,7,14,0.750183945939308,0.7857142857142857
phase-core,teammate-set,2026,100.0,division:2026joh,transferred_score_red_win_probability,8,20,0.8417438957451866,0.85
phase-core,teammate-set,2026,100.0,division:2026joh,transferred_score_red_win_probability,9,16,0.9513091790060164,0.8125
phase-core,teammate-set,2026,100.0,division:2026mil,raw_pred_red_win_probability,0,54,0.015620409036892447,0.3148148148148148
phase-core,teammate-set,2026,100.0,division:2026mil,raw_pred_red_win_probability,1,9,0.14033027158843148,0.4444444444444444
phase-core,teammate-set,2026,100.0,division:2026mil,raw_pred_red_win_probability,2,6,0.256581944723924,0.6666666666666666
phase-core,teammate-set,2026,100.0,division:2026mil,raw_pred_red_win_probability,3,0,,
phase-core,teammate-set,2026,100.0,division:2026mil,raw_pred_red_win_probability,4,2,0.4466002881526947,0.5
phase-core,teammate-set,2026,100.0,division:2026mil,raw_pred_red_win_probability,5,0,,
phase-core,teammate-set,2026,100.0,division:2026mil,raw_pred_red_win_probability,6,1,0.6860665082931519,1.0
phase-core,teammate-set,2026,100.0,division:2026mil,raw_pred_red_win_probability,7,3,0.7395945390065511,0.6666666666666666
phase-core,teammate-set,2026,100.0,division:2026mil,raw_pred_red_win_probability,8,3,0.8442303737004598,0.3333333333333333
phase-core,teammate-set,2026,100.0,division:2026mil,raw_pred_red_win_probability,9,58,0.9845655827686705,0.6724137931034483
phase-core,teammate-set,2026,100.0,division:2026mil,transferred_platt_red_win_probability,0,0,,
phase-core,teammate-set,2026,100.0,division:2026mil,transferred_platt_red_win_probability,1,6,0.16070198371753103,0.0
phase-core,teammate-set,2026,100.0,division:2026mil,transferred_platt_red_win_probability,2,20,0.2523033999057989,0.25
phase-core,teammate-set,2026,100.0,division:2026mil,transferred_platt_red_win_probability,3,18,0.35825654275202345,0.3888888888888889
phase-core,teammate-set,2026,100.0,division:2026mil,transferred_platt_red_win_probability,4,25,0.4490295573483189,0.52
phase-core,teammate-set,2026,100.0,division:2026mil,transferred_platt_red_win_probability,5,9,0.5551366055557297,0.5555555555555556
phase-core,teammate-set,2026,100.0,division:2026mil,transferred_platt_red_win_probability,6,25,0.6491682797763029,0.56
phase-core,teammate-set,2026,100.0,division:2026mil,transferred_platt_red_win_probability,7,24,0.7457894232948462,0.75
phase-core,teammate-set,2026,100.0,division:2026mil,transferred_platt_red_win_probability,8,9,0.8390265740608777,0.7777777777777778
phase-core,teammate-set,2026,100.0,division:2026mil,transferred_platt_red_win_probability,9,0,,
phase-core,teammate-set,2026,100.0,division:2026mil,transferred_score_red_win_probability,0,13,0.052581157627100625,0.23076923076923078
phase-core,teammate-set,2026,100.0,division:2026mil,transferred_score_red_win_probability,1,11,0.13649269359567529,0.18181818181818182
phase-core,teammate-set,2026,100.0,division:2026mil,transferred_score_red_win_probability,2,15,0.24734667990566545,0.3333333333333333
phase-core,teammate-set,2026,100.0,division:2026mil,transferred_score_red_win_probability,3,10,0.3628056922749562,0.3
phase-core,teammate-set,2026,100.0,division:2026mil,transferred_score_red_win_probability,4,11,0.4628217808681475,0.36363636363636365
phase-core,teammate-set,2026,100.0,division:2026mil,transferred_score_red_win_probability,5,11,0.5481277781308148,0.36363636363636365
phase-core,teammate-set,2026,100.0,division:2026mil,transferred_score_red_win_probability,6,17,0.6467291924858969,0.47058823529411764
phase-core,teammate-set,2026,100.0,division:2026mil,transferred_score_red_win_probability,7,10,0.7607736535045242,0.6
phase-core,teammate-set,2026,100.0,division:2026mil,transferred_score_red_win_probability,8,19,0.8501686132634362,0.8947368421052632
phase-core,teammate-set,2026,100.0,division:2026mil,transferred_score_red_win_probability,9,19,0.9552385798937327,0.8947368421052632
phase-core,teammate-set,2026,100.0,division:2026new,raw_pred_red_win_probability,0,47,0.018214364147945857,0.3404255319148936
phase-core,teammate-set,2026,100.0,division:2026new,raw_pred_red_win_probability,1,5,0.14229686856269835,0.4
phase-core,teammate-set,2026,100.0,division:2026new,raw_pred_red_win_probability,2,6,0.23001277446746826,0.5
phase-core,teammate-set,2026,100.0,division:2026new,raw_pred_red_win_probability,3,4,0.34500058740377426,0.5
phase-core,teammate-set,2026,100.0,division:2026new,raw_pred_red_win_probability,4,1,0.49086257815361023,1.0
phase-core,teammate-set,2026,100.0,division:2026new,raw_pred_red_win_probability,5,5,0.5567703962326049,0.4
phase-core,teammate-set,2026,100.0,division:2026new,raw_pred_red_win_probability,6,7,0.6629852737699237,0.42857142857142855
phase-core,teammate-set,2026,100.0,division:2026new,raw_pred_red_win_probability,7,9,0.7574152880244784,0.4444444444444444
phase-core,teammate-set,2026,100.0,division:2026new,raw_pred_red_win_probability,8,10,0.8615574419498444,0.6
phase-core,teammate-set,2026,100.0,division:2026new,raw_pred_red_win_probability,9,46,0.9780992671199467,0.7391304347826086
phase-core,teammate-set,2026,100.0,division:2026new,transferred_platt_red_win_probability,0,0,,
phase-core,teammate-set,2026,100.0,division:2026new,transferred_platt_red_win_probability,1,3,0.15163509068581205,0.0
phase-core,teammate-set,2026,100.0,division:2026new,transferred_platt_red_win_probability,2,8,0.2415590033086102,0.125
phase-core,teammate-set,2026,100.0,division:2026new,transferred_platt_red_win_probability,3,25,0.35643721579610116,0.36
phase-core,teammate-set,2026,100.0,division:2026new,transferred_platt_red_win_probability,4,24,0.4454168199666763,0.5
phase-core,teammate-set,2026,100.0,division:2026new,transferred_platt_red_win_probability,5,36,0.5588146675471674,0.5
phase-core,teammate-set,2026,100.0,division:2026new,transferred_platt_red_win_probability,6,24,0.6502755385301827,0.5833333333333334
phase-core,teammate-set,2026,100.0,division:2026new,transferred_platt_red_win_probability,7,14,0.7430876544093749,0.9285714285714286
phase-core,teammate-set,2026,100.0,division:2026new,transferred_platt_red_win_probability,8,6,0.8294333169506719,1.0
phase-core,teammate-set,2026,100.0,division:2026new,transferred_platt_red_win_probability,9,0,,
phase-core,teammate-set,2026,100.0,division:2026new,transferred_score_red_win_probability,0,6,0.05875418050032788,0.16666666666666666
phase-core,teammate-set,2026,100.0,division:2026new,transferred_score_red_win_probability,1,12,0.13745135790487253,0.25
phase-core,teammate-set,2026,100.0,division:2026new,transferred_score_red_win_probability,2,14,0.25090379269741453,0.35714285714285715
phase-core,teammate-set,2026,100.0,division:2026new,transferred_score_red_win_probability,3,13,0.351730062290848,0.5384615384615384
phase-core,teammate-set,2026,100.0,division:2026new,transferred_score_red_win_probability,4,16,0.45167645369781106,0.375
phase-core,teammate-set,2026,100.0,division:2026new,transferred_score_red_win_probability,5,19,0.5555777447627005,0.3157894736842105
phase-core,teammate-set,2026,100.0,division:2026new,transferred_score_red_win_probability,6,13,0.6665878728998957,0.5384615384615384
phase-core,teammate-set,2026,100.0,division:2026new,transferred_score_red_win_probability,7,12,0.742177199777311,0.75
phase-core,teammate-set,2026,100.0,division:2026new,transferred_score_red_win_probability,8,20,0.8515018638439871,0.75
phase-core,teammate-set,2026,100.0,division:2026new,transferred_score_red_win_probability,9,15,0.9501941370595206,0.9333333333333333
phase-core,teammate-set,2026,100.0,observation:high,raw_pred_red_win_probability,0,373,0.017161600448634025,0.2868632707774799
phase-core,teammate-set,2026,100.0,observation:high,raw_pred_red_win_probability,1,54,0.1359647922217846,0.5
phase-core,teammate-set,2026,100.0,observation:high,raw_pred_red_win_probability,2,42,0.24444246753340676,0.47619047619047616
phase-core,teammate-set,2026,100.0,observation:high,raw_pred_red_win_probability,3,31,0.34581145740324454,0.5806451612903226
phase-core,teammate-set,2026,100.0,observation:high,raw_pred_red_win_probability,4,28,0.4545068932431085,0.4642857142857143
phase-core,teammate-set,2026,100.0,observation:high,raw_pred_red_win_probability,5,22,0.5564783838662234,0.45454545454545453
phase-core,teammate-set,2026,100.0,observation:high,raw_pred_red_win_probability,6,30,0.6570865492026011,0.6333333333333333
phase-core,teammate-set,2026,100.0,observation:high,raw_pred_red_win_probability,7,31,0.7493757240233883,0.5806451612903226
phase-core,teammate-set,2026,100.0,observation:high,raw_pred_red_win_probability,8,47,0.8617252098753098,0.5106382978723404
phase-core,teammate-set,2026,100.0,observation:high,raw_pred_red_win_probability,9,398,0.9837844842043354,0.7412060301507538
phase-core,teammate-set,2026,100.0,observation:high,transferred_platt_red_win_probability,0,2,0.09699134159398685,0.5
phase-core,teammate-set,2026,100.0,observation:high,transferred_platt_red_win_probability,1,41,0.161419764592553,0.17073170731707318
phase-core,teammate-set,2026,100.0,observation:high,transferred_platt_red_win_probability,2,98,0.2528966463969792,0.22448979591836735
phase-core,teammate-set,2026,100.0,observation:high,transferred_platt_red_win_probability,3,155,0.35472201887871424,0.27741935483870966
phase-core,teammate-set,2026,100.0,observation:high,transferred_platt_red_win_probability,4,192,0.45044929257488375,0.484375
phase-core,teammate-set,2026,100.0,observation:high,transferred_platt_red_win_probability,5,175,0.5507180136530169,0.52
phase-core,teammate-set,2026,100.0,observation:high,transferred_platt_red_win_probability,6,179,0.6511574053139435,0.6759776536312849
phase-core,teammate-set,2026,100.0,observation:high,transferred_platt_red_win_probability,7,145,0.7440574242602518,0.7931034482758621
phase-core,teammate-set,2026,100.0,observation:high,transferred_platt_red_win_probability,8,64,0.8344586054939158,0.828125
phase-core,teammate-set,2026,100.0,observation:high,transferred_platt_red_win_probability,9,5,0.9081268351175792,1.0
phase-core,teammate-set,2026,100.0,observation:high,transferred_score_red_win_probability,0,89,0.05070435484920998,0.16853932584269662
phase-core,teammate-set,2026,100.0,observation:high,transferred_score_red_win_probability,1,92,0.14648771190967141,0.2391304347826087
phase-core,teammate-set,2026,100.0,observation:high,transferred_score_red_win_probability,2,112,0.24895044249258716,0.25892857142857145
phase-core,teammate-set,2026,100.0,observation:high,transferred_score_red_win_probability,3,90,0.3510525313779351,0.3888888888888889
phase-core,teammate-set,2026,100.0,observation:high,transferred_score_red_win_probability,4,95,0.44827626907014245,0.45263157894736844
phase-core,teammate-set,2026,100.0,observation:high,transferred_score_red_win_probability,5,100,0.5538166144529181,0.52
phase-core,teammate-set,2026,100.0,observation:high,transferred_score_red_win_probability,6,91,0.650035110205287,0.6373626373626373
phase-core,teammate-set,2026,100.0,observation:high,transferred_score_red_win_probability,7,102,0.7481715669193284,0.6372549019607843
phase-core,teammate-set,2026,100.0,observation:high,transferred_score_red_win_probability,8,135,0.8537749496183842,0.7407407407407407
phase-core,teammate-set,2026,100.0,observation:high,transferred_score_red_win_probability,9,150,0.9515396929718429,0.88
phase-core,teammate-set,2026,100.0,observation:low,raw_pred_red_win_probability,0,0,,
phase-core,teammate-set,2026,100.0,observation:low,raw_pred_red_win_probability,1,0,,
phase-core,teammate-set,2026,100.0,observation:low,raw_pred_red_win_probability,2,0,,
phase-core,teammate-set,2026,100.0,observation:low,raw_pred_red_win_probability,3,0,,
phase-core,teammate-set,2026,100.0,observation:low,raw_pred_red_win_probability,4,0,,
phase-core,teammate-set,2026,100.0,observation:low,raw_pred_red_win_probability,5,0,,
phase-core,teammate-set,2026,100.0,observation:low,raw_pred_red_win_probability,6,0,,
phase-core,teammate-set,2026,100.0,observation:low,raw_pred_red_win_probability,7,0,,
phase-core,teammate-set,2026,100.0,observation:low,raw_pred_red_win_probability,8,0,,
phase-core,teammate-set,2026,100.0,observation:low,raw_pred_red_win_probability,9,2,0.9777738451957703,0.5
phase-core,teammate-set,2026,100.0,observation:low,transferred_platt_red_win_probability,0,0,,
phase-core,teammate-set,2026,100.0,observation:low,transferred_platt_red_win_probability,1,0,,
phase-core,teammate-set,2026,100.0,observation:low,transferred_platt_red_win_probability,2,0,,
phase-core,teammate-set,2026,100.0,observation:low,transferred_platt_red_win_probability,3,0,,
phase-core,teammate-set,2026,100.0,observation:low,transferred_platt_red_win_probability,4,0,,
phase-core,teammate-set,2026,100.0,observation:low,transferred_platt_red_win_probability,5,0,,
phase-core,teammate-set,2026,100.0,observation:low,transferred_platt_red_win_probability,6,1,0.6302026020770745,0.0
phase-core,teammate-set,2026,100.0,observation:low,transferred_platt_red_win_probability,7,1,0.7259541816994903,1.0
phase-core,teammate-set,2026,100.0,observation:low,transferred_platt_red_win_probability,8,0,,
phase-core,teammate-set,2026,100.0,observation:low,transferred_platt_red_win_probability,9,0,,
phase-core,teammate-set,2026,100.0,observation:low,transferred_score_red_win_probability,0,0,,
phase-core,teammate-set,2026,100.0,observation:low,transferred_score_red_win_probability,1,0,,
phase-core,teammate-set,2026,100.0,observation:low,transferred_score_red_win_probability,2,0,,
phase-core,teammate-set,2026,100.0,observation:low,transferred_score_red_win_probability,3,0,,
phase-core,teammate-set,2026,100.0,observation:low,transferred_score_red_win_probability,4,0,,
phase-core,teammate-set,2026,100.0,observation:low,transferred_score_red_win_probability,5,0,,
phase-core,teammate-set,2026,100.0,observation:low,transferred_score_red_win_probability,6,0,,
phase-core,teammate-set,2026,100.0,observation:low,transferred_score_red_win_probability,7,0,,
phase-core,teammate-set,2026,100.0,observation:low,transferred_score_red_win_probability,8,2,0.8649073967496671,0.5
phase-core,teammate-set,2026,100.0,observation:low,transferred_score_red_win_probability,9,0,,
phase-core,teammate-set,2026,100.0,observation:medium,raw_pred_red_win_probability,0,20,0.005990800551296615,0.3
phase-core,teammate-set,2026,100.0,observation:medium,raw_pred_red_win_probability,1,1,0.10990628600120544,0.0
phase-core,teammate-set,2026,100.0,observation:medium,raw_pred_red_win_probability,2,2,0.24529748409986496,1.0
phase-core,teammate-set,2026,100.0,observation:medium,raw_pred_red_win_probability,3,1,0.37596872448921204,1.0
phase-core,teammate-set,2026,100.0,observation:medium,raw_pred_red_win_probability,4,2,0.4311100244522095,0.0
phase-core,teammate-set,2026,100.0,observation:medium,raw_pred_red_win_probability,5,0,,
phase-core,teammate-set,2026,100.0,observation:medium,raw_pred_red_win_probability,6,1,0.6429705023765564,0.0
phase-core,teammate-set,2026,100.0,observation:medium,raw_pred_red_win_probability,7,1,0.772024393081665,0.0
phase-core,teammate-set,2026,100.0,observation:medium,raw_pred_red_win_probability,8,4,0.8389420062303543,1.0
phase-core,teammate-set,2026,100.0,observation:medium,raw_pred_red_win_probability,9,16,0.9827016368508339,0.8125
phase-core,teammate-set,2026,100.0,observation:medium,transferred_platt_red_win_probability,0,0,,
phase-core,teammate-set,2026,100.0,observation:medium,transferred_platt_red_win_probability,1,5,0.15974202258788517,0.0
phase-core,teammate-set,2026,100.0,observation:medium,transferred_platt_red_win_probability,2,9,0.2747285373835649,0.3333333333333333
phase-core,teammate-set,2026,100.0,observation:medium,transferred_platt_red_win_probability,3,5,0.3512527002933689,0.6
phase-core,teammate-set,2026,100.0,observation:medium,transferred_platt_red_win_probability,4,4,0.45684282741074833,0.5
phase-core,teammate-set,2026,100.0,observation:medium,transferred_platt_red_win_probability,5,9,0.5506457927948336,0.5555555555555556
phase-core,teammate-set,2026,100.0,observation:medium,transferred_platt_red_win_probability,6,7,0.6406453263281466,0.8571428571428571
phase-core,teammate-set,2026,100.0,observation:medium,transferred_platt_red_win_probability,7,4,0.7556257056478002,0.5
phase-core,teammate-set,2026,100.0,observation:medium,transferred_platt_red_win_probability,8,5,0.8262015748059055,1.0
phase-core,teammate-set,2026,100.0,observation:medium,transferred_platt_red_win_probability,9,0,,
phase-core,teammate-set,2026,100.0,observation:medium,transferred_score_red_win_probability,0,10,0.05772678847333832,0.1
phase-core,teammate-set,2026,100.0,observation:medium,transferred_score_red_win_probability,1,4,0.12632372869046216,0.25
phase-core,teammate-set,2026,100.0,observation:medium,transferred_score_red_win_probability,2,5,0.2743315054906521,0.6
phase-core,teammate-set,2026,100.0,observation:medium,transferred_score_red_win_probability,3,2,0.3401574778997604,0.5
phase-core,teammate-set,2026,100.0,observation:medium,transferred_score_red_win_probability,4,2,0.4645783736777659,0.0
phase-core,teammate-set,2026,100.0,observation:medium,transferred_score_red_win_probability,5,4,0.5785656423566201,1.0
phase-core,teammate-set,2026,100.0,observation:medium,transferred_score_red_win_probability,6,5,0.6428474983453561,0.6
phase-core,teammate-set,2026,100.0,observation:medium,transferred_score_red_win_probability,7,7,0.7526732782635603,0.8571428571428571
phase-core,teammate-set,2026,100.0,observation:medium,transferred_score_red_win_probability,8,7,0.8502508533969019,0.7142857142857143
phase-core,teammate-set,2026,100.0,observation:medium,transferred_score_red_win_probability,9,2,0.9709956861190938,1.0
