supervision_mode,architecture,seed,epoch,scope,probability_variant,metric,value,count,direction
baseline,direct-total-pridge,control,0.0,primary-clean,raw_pred_red_win_probability,alliance_score_mae,97.65572666319383,2216,lower
baseline,direct-total-pridge,control,0.0,primary-clean,raw_pred_red_win_probability,alliance_score_rmse,123.60487064898084,2216,lower
baseline,direct-total-pridge,control,0.0,primary-clean,raw_pred_red_win_probability,score_differential_mae,115.31310464622831,1108,lower
baseline,direct-total-pridge,control,0.0,primary-clean,raw_pred_red_win_probability,score_differential_rmse,146.41960751130156,1108,lower
baseline,direct-total-pridge,control,0.0,primary-clean,raw_pred_red_win_probability,mean_bias,-54.93888151710828,2216,lower
baseline,direct-total-pridge,control,0.0,primary-clean,raw_pred_red_win_probability,relative_bias,-0.12639763767774267,2216,lower
baseline,direct-total-pridge,control,0.0,primary-clean,raw_pred_red_win_probability,winner_accuracy,0.7350813743218807,1106,higher
baseline,direct-total-pridge,control,0.0,primary-clean,raw_pred_red_win_probability,winner_brier,0.17855944922001765,1106,lower
baseline,direct-total-pridge,control,0.0,primary-clean,raw_pred_red_win_probability,winner_log_loss,0.5320592428035267,1106,lower
baseline,direct-total-pridge,control,0.0,primary-clean,raw_pred_red_win_probability,winner_ece,0.053963897840879904,1106,lower
baseline,direct-total-pridge,control,0.0,primary-clean,transferred_platt_red_win_probability,alliance_score_mae,97.65572666319383,2216,lower
baseline,direct-total-pridge,control,0.0,primary-clean,transferred_platt_red_win_probability,alliance_score_rmse,123.60487064898084,2216,lower
baseline,direct-total-pridge,control,0.0,primary-clean,transferred_platt_red_win_probability,score_differential_mae,115.31310464622831,1108,lower
baseline,direct-total-pridge,control,0.0,primary-clean,transferred_platt_red_win_probability,score_differential_rmse,146.41960751130156,1108,lower
baseline,direct-total-pridge,control,0.0,primary-clean,transferred_platt_red_win_probability,mean_bias,-54.93888151710828,2216,lower
baseline,direct-total-pridge,control,0.0,primary-clean,transferred_platt_red_win_probability,relative_bias,-0.12639763767774267,2216,lower
baseline,direct-total-pridge,control,0.0,primary-clean,transferred_platt_red_win_probability,winner_accuracy,0.7350813743218807,1106,higher
baseline,direct-total-pridge,control,0.0,primary-clean,transferred_platt_red_win_probability,winner_brier,0.17855944922001765,1106,lower
baseline,direct-total-pridge,control,0.0,primary-clean,transferred_platt_red_win_probability,winner_log_loss,0.5320592428035267,1106,lower
baseline,direct-total-pridge,control,0.0,primary-clean,transferred_platt_red_win_probability,winner_ece,0.053963897840879904,1106,lower
baseline,direct-total-pridge,control,0.0,primary-clean,transferred_score_red_win_probability,alliance_score_mae,97.65572666319383,2216,lower
baseline,direct-total-pridge,control,0.0,primary-clean,transferred_score_red_win_probability,alliance_score_rmse,123.60487064898084,2216,lower
baseline,direct-total-pridge,control,0.0,primary-clean,transferred_score_red_win_probability,score_differential_mae,115.31310464622831,1108,lower
baseline,direct-total-pridge,control,0.0,primary-clean,transferred_score_red_win_probability,score_differential_rmse,146.41960751130156,1108,lower
baseline,direct-total-pridge,control,0.0,primary-clean,transferred_score_red_win_probability,mean_bias,-54.93888151710828,2216,lower
baseline,direct-total-pridge,control,0.0,primary-clean,transferred_score_red_win_probability,relative_bias,-0.12639763767774267,2216,lower
baseline,direct-total-pridge,control,0.0,primary-clean,transferred_score_red_win_probability,winner_accuracy,0.7350813743218807,1106,higher
baseline,direct-total-pridge,control,0.0,primary-clean,transferred_score_red_win_probability,winner_brier,0.17855944922001765,1106,lower
baseline,direct-total-pridge,control,0.0,primary-clean,transferred_score_red_win_probability,winner_log_loss,0.5320592428035267,1106,lower
baseline,direct-total-pridge,control,0.0,primary-clean,transferred_score_red_win_probability,winner_ece,0.053963897840879904,1106,lower
baseline,direct-total-pridge,control,0.0,all-official,raw_pred_red_win_probability,alliance_score_mae,97.74810493507019,2238,lower
baseline,direct-total-pridge,control,0.0,all-official,raw_pred_red_win_probability,alliance_score_rmse,124.00397015425933,2238,lower
baseline,direct-total-pridge,control,0.0,all-official,raw_pred_red_win_probability,score_differential_mae,115.7327545187967,1119,lower
baseline,direct-total-pridge,control,0.0,all-official,raw_pred_red_win_probability,score_differential_rmse,147.1548704441027,1119,lower
baseline,direct-total-pridge,control,0.0,all-official,raw_pred_red_win_probability,mean_bias,-54.716685124499236,2238,lower
baseline,direct-total-pridge,control,0.0,all-official,raw_pred_red_win_probability,relative_bias,-0.12606233251728374,2238,lower
baseline,direct-total-pridge,control,0.0,all-official,raw_pred_red_win_probability,winner_accuracy,0.7350044762757386,1117,higher
baseline,direct-total-pridge,control,0.0,all-official,raw_pred_red_win_probability,winner_brier,0.1786529430661132,1117,lower
baseline,direct-total-pridge,control,0.0,all-official,raw_pred_red_win_probability,winner_log_loss,0.5324182891474927,1117,lower
baseline,direct-total-pridge,control,0.0,all-official,raw_pred_red_win_probability,winner_ece,0.053346209089119426,1117,lower
baseline,direct-total-pridge,control,0.0,all-official,transferred_platt_red_win_probability,alliance_score_mae,97.74810493507019,2238,lower
baseline,direct-total-pridge,control,0.0,all-official,transferred_platt_red_win_probability,alliance_score_rmse,124.00397015425933,2238,lower
baseline,direct-total-pridge,control,0.0,all-official,transferred_platt_red_win_probability,score_differential_mae,115.7327545187967,1119,lower
baseline,direct-total-pridge,control,0.0,all-official,transferred_platt_red_win_probability,score_differential_rmse,147.1548704441027,1119,lower
baseline,direct-total-pridge,control,0.0,all-official,transferred_platt_red_win_probability,mean_bias,-54.716685124499236,2238,lower
baseline,direct-total-pridge,control,0.0,all-official,transferred_platt_red_win_probability,relative_bias,-0.12606233251728374,2238,lower
baseline,direct-total-pridge,control,0.0,all-official,transferred_platt_red_win_probability,winner_accuracy,0.7350044762757386,1117,higher
baseline,direct-total-pridge,control,0.0,all-official,transferred_platt_red_win_probability,winner_brier,0.1786529430661132,1117,lower
baseline,direct-total-pridge,control,0.0,all-official,transferred_platt_red_win_probability,winner_log_loss,0.5324182891474927,1117,lower
baseline,direct-total-pridge,control,0.0,all-official,transferred_platt_red_win_probability,winner_ece,0.053346209089119426,1117,lower
baseline,direct-total-pridge,control,0.0,all-official,transferred_score_red_win_probability,alliance_score_mae,97.74810493507019,2238,lower
baseline,direct-total-pridge,control,0.0,all-official,transferred_score_red_win_probability,alliance_score_rmse,124.00397015425933,2238,lower
baseline,direct-total-pridge,control,0.0,all-official,transferred_score_red_win_probability,score_differential_mae,115.7327545187967,1119,lower
baseline,direct-total-pridge,control,0.0,all-official,transferred_score_red_win_probability,score_differential_rmse,147.1548704441027,1119,lower
baseline,direct-total-pridge,control,0.0,all-official,transferred_score_red_win_probability,mean_bias,-54.716685124499236,2238,lower
baseline,direct-total-pridge,control,0.0,all-official,transferred_score_red_win_probability,relative_bias,-0.12606233251728374,2238,lower
baseline,direct-total-pridge,control,0.0,all-official,transferred_score_red_win_probability,winner_accuracy,0.7350044762757386,1117,higher
baseline,direct-total-pridge,control,0.0,all-official,transferred_score_red_win_probability,winner_brier,0.1786529430661132,1117,lower
baseline,direct-total-pridge,control,0.0,all-official,transferred_score_red_win_probability,winner_log_loss,0.5324182891474927,1117,lower
baseline,direct-total-pridge,control,0.0,all-official,transferred_score_red_win_probability,winner_ece,0.053346209089119426,1117,lower
baseline,direct-total-pridge,control,0.0,DQ-only,raw_pred_red_win_probability,alliance_score_mae,107.0531163204339,22,lower
baseline,direct-total-pridge,control,0.0,DQ-only,raw_pred_red_win_probability,alliance_score_rmse,159.15687450808684,22,lower
baseline,direct-total-pridge,control,0.0,DQ-only,raw_pred_red_win_probability,score_differential_mae,158.0029416829592,11,lower
baseline,direct-total-pridge,control,0.0,DQ-only,raw_pred_red_win_probability,score_differential_rmse,208.31942804820255,11,lower
baseline,direct-total-pridge,control,0.0,DQ-only,raw_pred_red_win_probability,mean_bias,-32.33544848715177,22,lower
baseline,direct-total-pridge,control,0.0,DQ-only,raw_pred_red_win_probability,relative_bias,-0.0867007759558,22,lower
baseline,direct-total-pridge,control,0.0,DQ-only,raw_pred_red_win_probability,winner_accuracy,0.7272727272727273,11,higher
baseline,direct-total-pridge,control,0.0,DQ-only,raw_pred_red_win_probability,winner_brier,0.1880533243189924,11,lower
baseline,direct-total-pridge,control,0.0,DQ-only,raw_pred_red_win_probability,winner_log_loss,0.5685187670044389,11,lower
baseline,direct-total-pridge,control,0.0,DQ-only,raw_pred_red_win_probability,winner_ece,0.2781686804011973,11,lower
baseline,direct-total-pridge,control,0.0,DQ-only,transferred_platt_red_win_probability,alliance_score_mae,107.0531163204339,22,lower
baseline,direct-total-pridge,control,0.0,DQ-only,transferred_platt_red_win_probability,alliance_score_rmse,159.15687450808684,22,lower
baseline,direct-total-pridge,control,0.0,DQ-only,transferred_platt_red_win_probability,score_differential_mae,158.0029416829592,11,lower
baseline,direct-total-pridge,control,0.0,DQ-only,transferred_platt_red_win_probability,score_differential_rmse,208.31942804820255,11,lower
baseline,direct-total-pridge,control,0.0,DQ-only,transferred_platt_red_win_probability,mean_bias,-32.33544848715177,22,lower
baseline,direct-total-pridge,control,0.0,DQ-only,transferred_platt_red_win_probability,relative_bias,-0.0867007759558,22,lower
baseline,direct-total-pridge,control,0.0,DQ-only,transferred_platt_red_win_probability,winner_accuracy,0.7272727272727273,11,higher
baseline,direct-total-pridge,control,0.0,DQ-only,transferred_platt_red_win_probability,winner_brier,0.1880533243189924,11,lower
baseline,direct-total-pridge,control,0.0,DQ-only,transferred_platt_red_win_probability,winner_log_loss,0.5685187670044389,11,lower
baseline,direct-total-pridge,control,0.0,DQ-only,transferred_platt_red_win_probability,winner_ece,0.2781686804011973,11,lower
baseline,direct-total-pridge,control,0.0,DQ-only,transferred_score_red_win_probability,alliance_score_mae,107.0531163204339,22,lower
baseline,direct-total-pridge,control,0.0,DQ-only,transferred_score_red_win_probability,alliance_score_rmse,159.15687450808684,22,lower
baseline,direct-total-pridge,control,0.0,DQ-only,transferred_score_red_win_probability,score_differential_mae,158.0029416829592,11,lower
baseline,direct-total-pridge,control,0.0,DQ-only,transferred_score_red_win_probability,score_differential_rmse,208.31942804820255,11,lower
baseline,direct-total-pridge,control,0.0,DQ-only,transferred_score_red_win_probability,mean_bias,-32.33544848715177,22,lower
baseline,direct-total-pridge,control,0.0,DQ-only,transferred_score_red_win_probability,relative_bias,-0.0867007759558,22,lower
baseline,direct-total-pridge,control,0.0,DQ-only,transferred_score_red_win_probability,winner_accuracy,0.7272727272727273,11,higher
baseline,direct-total-pridge,control,0.0,DQ-only,transferred_score_red_win_probability,winner_brier,0.1880533243189924,11,lower
baseline,direct-total-pridge,control,0.0,DQ-only,transferred_score_red_win_probability,winner_log_loss,0.5685187670044389,11,lower
baseline,direct-total-pridge,control,0.0,DQ-only,transferred_score_red_win_probability,winner_ece,0.2781686804011973,11,lower
baseline,direct-total-pridge,control,0.0,surrogate-only,raw_pred_red_win_probability,alliance_score_mae,77.49715426001582,12,lower
baseline,direct-total-pridge,control,0.0,surrogate-only,raw_pred_red_win_probability,alliance_score_rmse,85.87603422804978,12,lower
baseline,direct-total-pridge,control,0.0,surrogate-only,raw_pred_red_win_probability,score_differential_mae,65.42484118268952,6,lower
baseline,direct-total-pridge,control,0.0,surrogate-only,raw_pred_red_win_probability,score_differential_rmse,80.6897985209724,6,lower
baseline,direct-total-pridge,control,0.0,surrogate-only,raw_pred_red_win_probability,mean_bias,-38.98381123639947,12,lower
baseline,direct-total-pridge,control,0.0,surrogate-only,raw_pred_red_win_probability,relative_bias,-0.1007550581169058,12,lower
baseline,direct-total-pridge,control,0.0,surrogate-only,raw_pred_red_win_probability,winner_accuracy,1.0,6,higher
baseline,direct-total-pridge,control,0.0,surrogate-only,raw_pred_red_win_probability,winner_brier,0.040506034363995594,6,lower
baseline,direct-total-pridge,control,0.0,surrogate-only,raw_pred_red_win_probability,winner_log_loss,0.2019330409874632,6,lower
baseline,direct-total-pridge,control,0.0,surrogate-only,raw_pred_red_win_probability,winner_ece,0.177389812644082,6,lower
baseline,direct-total-pridge,control,0.0,surrogate-only,transferred_platt_red_win_probability,alliance_score_mae,77.49715426001582,12,lower
baseline,direct-total-pridge,control,0.0,surrogate-only,transferred_platt_red_win_probability,alliance_score_rmse,85.87603422804978,12,lower
baseline,direct-total-pridge,control,0.0,surrogate-only,transferred_platt_red_win_probability,score_differential_mae,65.42484118268952,6,lower
baseline,direct-total-pridge,control,0.0,surrogate-only,transferred_platt_red_win_probability,score_differential_rmse,80.6897985209724,6,lower
baseline,direct-total-pridge,control,0.0,surrogate-only,transferred_platt_red_win_probability,mean_bias,-38.98381123639947,12,lower
baseline,direct-total-pridge,control,0.0,surrogate-only,transferred_platt_red_win_probability,relative_bias,-0.1007550581169058,12,lower
baseline,direct-total-pridge,control,0.0,surrogate-only,transferred_platt_red_win_probability,winner_accuracy,1.0,6,higher
baseline,direct-total-pridge,control,0.0,surrogate-only,transferred_platt_red_win_probability,winner_brier,0.040506034363995594,6,lower
baseline,direct-total-pridge,control,0.0,surrogate-only,transferred_platt_red_win_probability,winner_log_loss,0.2019330409874632,6,lower
baseline,direct-total-pridge,control,0.0,surrogate-only,transferred_platt_red_win_probability,winner_ece,0.177389812644082,6,lower
baseline,direct-total-pridge,control,0.0,surrogate-only,transferred_score_red_win_probability,alliance_score_mae,77.49715426001582,12,lower
baseline,direct-total-pridge,control,0.0,surrogate-only,transferred_score_red_win_probability,alliance_score_rmse,85.87603422804978,12,lower
baseline,direct-total-pridge,control,0.0,surrogate-only,transferred_score_red_win_probability,score_differential_mae,65.42484118268952,6,lower
baseline,direct-total-pridge,control,0.0,surrogate-only,transferred_score_red_win_probability,score_differential_rmse,80.6897985209724,6,lower
baseline,direct-total-pridge,control,0.0,surrogate-only,transferred_score_red_win_probability,mean_bias,-38.98381123639947,12,lower
baseline,direct-total-pridge,control,0.0,surrogate-only,transferred_score_red_win_probability,relative_bias,-0.1007550581169058,12,lower
baseline,direct-total-pridge,control,0.0,surrogate-only,transferred_score_red_win_probability,winner_accuracy,1.0,6,higher
baseline,direct-total-pridge,control,0.0,surrogate-only,transferred_score_red_win_probability,winner_brier,0.040506034363995594,6,lower
baseline,direct-total-pridge,control,0.0,surrogate-only,transferred_score_red_win_probability,winner_log_loss,0.2019330409874632,6,lower
baseline,direct-total-pridge,control,0.0,surrogate-only,transferred_score_red_win_probability,winner_ece,0.177389812644082,6,lower
baseline,direct-total-pridge,control,0.0,division:2026arc,raw_pred_red_win_probability,alliance_score_mae,89.6971513577698,282,lower
baseline,direct-total-pridge,control,0.0,division:2026arc,raw_pred_red_win_probability,alliance_score_rmse,113.33939247129052,282,lower
baseline,direct-total-pridge,control,0.0,division:2026arc,raw_pred_red_win_probability,score_differential_mae,111.88217726041147,141,lower
baseline,direct-total-pridge,control,0.0,division:2026arc,raw_pred_red_win_probability,score_differential_rmse,141.40725995279354,141,lower
baseline,direct-total-pridge,control,0.0,division:2026arc,raw_pred_red_win_probability,mean_bias,-27.817744010700288,282,lower
baseline,direct-total-pridge,control,0.0,division:2026arc,raw_pred_red_win_probability,relative_bias,-0.06257860661649607,282,lower
baseline,direct-total-pridge,control,0.0,division:2026arc,raw_pred_red_win_probability,winner_accuracy,0.7428571428571429,140,higher
baseline,direct-total-pridge,control,0.0,division:2026arc,raw_pred_red_win_probability,winner_brier,0.18033956259481818,140,lower
baseline,direct-total-pridge,control,0.0,division:2026arc,raw_pred_red_win_probability,winner_log_loss,0.5435675856389208,140,lower
baseline,direct-total-pridge,control,0.0,division:2026arc,raw_pred_red_win_probability,winner_ece,0.11544795665559562,140,lower
baseline,direct-total-pridge,control,0.0,division:2026arc,transferred_platt_red_win_probability,alliance_score_mae,89.6971513577698,282,lower
baseline,direct-total-pridge,control,0.0,division:2026arc,transferred_platt_red_win_probability,alliance_score_rmse,113.33939247129052,282,lower
baseline,direct-total-pridge,control,0.0,division:2026arc,transferred_platt_red_win_probability,score_differential_mae,111.88217726041147,141,lower
baseline,direct-total-pridge,control,0.0,division:2026arc,transferred_platt_red_win_probability,score_differential_rmse,141.40725995279354,141,lower
baseline,direct-total-pridge,control,0.0,division:2026arc,transferred_platt_red_win_probability,mean_bias,-27.817744010700288,282,lower
baseline,direct-total-pridge,control,0.0,division:2026arc,transferred_platt_red_win_probability,relative_bias,-0.06257860661649607,282,lower
baseline,direct-total-pridge,control,0.0,division:2026arc,transferred_platt_red_win_probability,winner_accuracy,0.7428571428571429,140,higher
baseline,direct-total-pridge,control,0.0,division:2026arc,transferred_platt_red_win_probability,winner_brier,0.18033956259481818,140,lower
baseline,direct-total-pridge,control,0.0,division:2026arc,transferred_platt_red_win_probability,winner_log_loss,0.5435675856389208,140,lower
baseline,direct-total-pridge,control,0.0,division:2026arc,transferred_platt_red_win_probability,winner_ece,0.11544795665559562,140,lower
baseline,direct-total-pridge,control,0.0,division:2026arc,transferred_score_red_win_probability,alliance_score_mae,89.6971513577698,282,lower
baseline,direct-total-pridge,control,0.0,division:2026arc,transferred_score_red_win_probability,alliance_score_rmse,113.33939247129052,282,lower
baseline,direct-total-pridge,control,0.0,division:2026arc,transferred_score_red_win_probability,score_differential_mae,111.88217726041147,141,lower
baseline,direct-total-pridge,control,0.0,division:2026arc,transferred_score_red_win_probability,score_differential_rmse,141.40725995279354,141,lower
baseline,direct-total-pridge,control,0.0,division:2026arc,transferred_score_red_win_probability,mean_bias,-27.817744010700288,282,lower
baseline,direct-total-pridge,control,0.0,division:2026arc,transferred_score_red_win_probability,relative_bias,-0.06257860661649607,282,lower
baseline,direct-total-pridge,control,0.0,division:2026arc,transferred_score_red_win_probability,winner_accuracy,0.7428571428571429,140,higher
baseline,direct-total-pridge,control,0.0,division:2026arc,transferred_score_red_win_probability,winner_brier,0.18033956259481818,140,lower
baseline,direct-total-pridge,control,0.0,division:2026arc,transferred_score_red_win_probability,winner_log_loss,0.5435675856389208,140,lower
baseline,direct-total-pridge,control,0.0,division:2026arc,transferred_score_red_win_probability,winner_ece,0.11544795665559562,140,lower
baseline,direct-total-pridge,control,0.0,division:2026cur,raw_pred_red_win_probability,alliance_score_mae,91.1007761188295,278,lower
baseline,direct-total-pridge,control,0.0,division:2026cur,raw_pred_red_win_probability,alliance_score_rmse,117.27481779566672,278,lower
baseline,direct-total-pridge,control,0.0,division:2026cur,raw_pred_red_win_probability,score_differential_mae,107.35696277211919,139,lower
baseline,direct-total-pridge,control,0.0,division:2026cur,raw_pred_red_win_probability,score_differential_rmse,135.18679145828278,139,lower
baseline,direct-total-pridge,control,0.0,division:2026cur,raw_pred_red_win_probability,mean_bias,-51.5861418801649,278,lower
baseline,direct-total-pridge,control,0.0,division:2026cur,raw_pred_red_win_probability,relative_bias,-0.11890149771735684,278,lower
baseline,direct-total-pridge,control,0.0,division:2026cur,raw_pred_red_win_probability,winner_accuracy,0.7410071942446043,139,higher
baseline,direct-total-pridge,control,0.0,division:2026cur,raw_pred_red_win_probability,winner_brier,0.17442211805820873,139,lower
baseline,direct-total-pridge,control,0.0,division:2026cur,raw_pred_red_win_probability,winner_log_loss,0.5197082468414818,139,lower
baseline,direct-total-pridge,control,0.0,division:2026cur,raw_pred_red_win_probability,winner_ece,0.08479178515477066,139,lower
baseline,direct-total-pridge,control,0.0,division:2026cur,transferred_platt_red_win_probability,alliance_score_mae,91.1007761188295,278,lower
baseline,direct-total-pridge,control,0.0,division:2026cur,transferred_platt_red_win_probability,alliance_score_rmse,117.27481779566672,278,lower
baseline,direct-total-pridge,control,0.0,division:2026cur,transferred_platt_red_win_probability,score_differential_mae,107.35696277211919,139,lower
baseline,direct-total-pridge,control,0.0,division:2026cur,transferred_platt_red_win_probability,score_differential_rmse,135.18679145828278,139,lower
baseline,direct-total-pridge,control,0.0,division:2026cur,transferred_platt_red_win_probability,mean_bias,-51.5861418801649,278,lower
baseline,direct-total-pridge,control,0.0,division:2026cur,transferred_platt_red_win_probability,relative_bias,-0.11890149771735684,278,lower
baseline,direct-total-pridge,control,0.0,division:2026cur,transferred_platt_red_win_probability,winner_accuracy,0.7410071942446043,139,higher
baseline,direct-total-pridge,control,0.0,division:2026cur,transferred_platt_red_win_probability,winner_brier,0.17442211805820873,139,lower
baseline,direct-total-pridge,control,0.0,division:2026cur,transferred_platt_red_win_probability,winner_log_loss,0.5197082468414818,139,lower
baseline,direct-total-pridge,control,0.0,division:2026cur,transferred_platt_red_win_probability,winner_ece,0.08479178515477066,139,lower
baseline,direct-total-pridge,control,0.0,division:2026cur,transferred_score_red_win_probability,alliance_score_mae,91.1007761188295,278,lower
baseline,direct-total-pridge,control,0.0,division:2026cur,transferred_score_red_win_probability,alliance_score_rmse,117.27481779566672,278,lower
baseline,direct-total-pridge,control,0.0,division:2026cur,transferred_score_red_win_probability,score_differential_mae,107.35696277211919,139,lower
baseline,direct-total-pridge,control,0.0,division:2026cur,transferred_score_red_win_probability,score_differential_rmse,135.18679145828278,139,lower
baseline,direct-total-pridge,control,0.0,division:2026cur,transferred_score_red_win_probability,mean_bias,-51.5861418801649,278,lower
baseline,direct-total-pridge,control,0.0,division:2026cur,transferred_score_red_win_probability,relative_bias,-0.11890149771735684,278,lower
baseline,direct-total-pridge,control,0.0,division:2026cur,transferred_score_red_win_probability,winner_accuracy,0.7410071942446043,139,higher
baseline,direct-total-pridge,control,0.0,division:2026cur,transferred_score_red_win_probability,winner_brier,0.17442211805820873,139,lower
baseline,direct-total-pridge,control,0.0,division:2026cur,transferred_score_red_win_probability,winner_log_loss,0.5197082468414818,139,lower
baseline,direct-total-pridge,control,0.0,division:2026cur,transferred_score_red_win_probability,winner_ece,0.08479178515477066,139,lower
baseline,direct-total-pridge,control,0.0,division:2026dal,raw_pred_red_win_probability,alliance_score_mae,84.99464217901436,280,lower
baseline,direct-total-pridge,control,0.0,division:2026dal,raw_pred_red_win_probability,alliance_score_rmse,108.61825935394327,280,lower
baseline,direct-total-pridge,control,0.0,division:2026dal,raw_pred_red_win_probability,score_differential_mae,109.39466513521066,140,lower
baseline,direct-total-pridge,control,0.0,division:2026dal,raw_pred_red_win_probability,score_differential_rmse,140.83251608828766,140,lower
baseline,direct-total-pridge,control,0.0,division:2026dal,raw_pred_red_win_probability,mean_bias,-36.511947434852786,280,lower
baseline,direct-total-pridge,control,0.0,division:2026dal,raw_pred_red_win_probability,relative_bias,-0.08955748621825586,280,lower
baseline,direct-total-pridge,control,0.0,division:2026dal,raw_pred_red_win_probability,winner_accuracy,0.75,140,higher
baseline,direct-total-pridge,control,0.0,division:2026dal,raw_pred_red_win_probability,winner_brier,0.16370952765104657,140,lower
baseline,direct-total-pridge,control,0.0,division:2026dal,raw_pred_red_win_probability,winner_log_loss,0.47793468355430074,140,lower
baseline,direct-total-pridge,control,0.0,division:2026dal,raw_pred_red_win_probability,winner_ece,0.07413827492973786,140,lower
baseline,direct-total-pridge,control,0.0,division:2026dal,transferred_platt_red_win_probability,alliance_score_mae,84.99464217901436,280,lower
baseline,direct-total-pridge,control,0.0,division:2026dal,transferred_platt_red_win_probability,alliance_score_rmse,108.61825935394327,280,lower
baseline,direct-total-pridge,control,0.0,division:2026dal,transferred_platt_red_win_probability,score_differential_mae,109.39466513521066,140,lower
baseline,direct-total-pridge,control,0.0,division:2026dal,transferred_platt_red_win_probability,score_differential_rmse,140.83251608828766,140,lower
baseline,direct-total-pridge,control,0.0,division:2026dal,transferred_platt_red_win_probability,mean_bias,-36.511947434852786,280,lower
baseline,direct-total-pridge,control,0.0,division:2026dal,transferred_platt_red_win_probability,relative_bias,-0.08955748621825586,280,lower
baseline,direct-total-pridge,control,0.0,division:2026dal,transferred_platt_red_win_probability,winner_accuracy,0.75,140,higher
baseline,direct-total-pridge,control,0.0,division:2026dal,transferred_platt_red_win_probability,winner_brier,0.16370952765104657,140,lower
baseline,direct-total-pridge,control,0.0,division:2026dal,transferred_platt_red_win_probability,winner_log_loss,0.47793468355430074,140,lower
baseline,direct-total-pridge,control,0.0,division:2026dal,transferred_platt_red_win_probability,winner_ece,0.07413827492973786,140,lower
baseline,direct-total-pridge,control,0.0,division:2026dal,transferred_score_red_win_probability,alliance_score_mae,84.99464217901436,280,lower
baseline,direct-total-pridge,control,0.0,division:2026dal,transferred_score_red_win_probability,alliance_score_rmse,108.61825935394327,280,lower
baseline,direct-total-pridge,control,0.0,division:2026dal,transferred_score_red_win_probability,score_differential_mae,109.39466513521066,140,lower
baseline,direct-total-pridge,control,0.0,division:2026dal,transferred_score_red_win_probability,score_differential_rmse,140.83251608828766,140,lower
baseline,direct-total-pridge,control,0.0,division:2026dal,transferred_score_red_win_probability,mean_bias,-36.511947434852786,280,lower
baseline,direct-total-pridge,control,0.0,division:2026dal,transferred_score_red_win_probability,relative_bias,-0.08955748621825586,280,lower
baseline,direct-total-pridge,control,0.0,division:2026dal,transferred_score_red_win_probability,winner_accuracy,0.75,140,higher
baseline,direct-total-pridge,control,0.0,division:2026dal,transferred_score_red_win_probability,winner_brier,0.16370952765104657,140,lower
baseline,direct-total-pridge,control,0.0,division:2026dal,transferred_score_red_win_probability,winner_log_loss,0.47793468355430074,140,lower
baseline,direct-total-pridge,control,0.0,division:2026dal,transferred_score_red_win_probability,winner_ece,0.07413827492973786,140,lower
baseline,direct-total-pridge,control,0.0,division:2026gal,raw_pred_red_win_probability,alliance_score_mae,121.94356531042114,280,lower
baseline,direct-total-pridge,control,0.0,division:2026gal,raw_pred_red_win_probability,alliance_score_rmse,156.327473562576,280,lower
baseline,direct-total-pridge,control,0.0,division:2026gal,raw_pred_red_win_probability,score_differential_mae,143.79552287391394,140,lower
baseline,direct-total-pridge,control,0.0,division:2026gal,raw_pred_red_win_probability,score_differential_rmse,183.81116101766557,140,lower
baseline,direct-total-pridge,control,0.0,division:2026gal,raw_pred_red_win_probability,mean_bias,-93.60360490617893,280,lower
baseline,direct-total-pridge,control,0.0,division:2026gal,raw_pred_red_win_probability,relative_bias,-0.2200385302258406,280,lower
baseline,direct-total-pridge,control,0.0,division:2026gal,raw_pred_red_win_probability,winner_accuracy,0.6546762589928058,139,higher
baseline,direct-total-pridge,control,0.0,division:2026gal,raw_pred_red_win_probability,winner_brier,0.22871578342924687,139,lower
baseline,direct-total-pridge,control,0.0,division:2026gal,raw_pred_red_win_probability,winner_log_loss,0.6769034091190004,139,lower
baseline,direct-total-pridge,control,0.0,division:2026gal,raw_pred_red_win_probability,winner_ece,0.13668263602551856,139,lower
baseline,direct-total-pridge,control,0.0,division:2026gal,transferred_platt_red_win_probability,alliance_score_mae,121.94356531042114,280,lower
baseline,direct-total-pridge,control,0.0,division:2026gal,transferred_platt_red_win_probability,alliance_score_rmse,156.327473562576,280,lower
baseline,direct-total-pridge,control,0.0,division:2026gal,transferred_platt_red_win_probability,score_differential_mae,143.79552287391394,140,lower
baseline,direct-total-pridge,control,0.0,division:2026gal,transferred_platt_red_win_probability,score_differential_rmse,183.81116101766557,140,lower
baseline,direct-total-pridge,control,0.0,division:2026gal,transferred_platt_red_win_probability,mean_bias,-93.60360490617893,280,lower
baseline,direct-total-pridge,control,0.0,division:2026gal,transferred_platt_red_win_probability,relative_bias,-0.2200385302258406,280,lower
baseline,direct-total-pridge,control,0.0,division:2026gal,transferred_platt_red_win_probability,winner_accuracy,0.6546762589928058,139,higher
baseline,direct-total-pridge,control,0.0,division:2026gal,transferred_platt_red_win_probability,winner_brier,0.22871578342924687,139,lower
baseline,direct-total-pridge,control,0.0,division:2026gal,transferred_platt_red_win_probability,winner_log_loss,0.6769034091190004,139,lower
baseline,direct-total-pridge,control,0.0,division:2026gal,transferred_platt_red_win_probability,winner_ece,0.13668263602551856,139,lower
baseline,direct-total-pridge,control,0.0,division:2026gal,transferred_score_red_win_probability,alliance_score_mae,121.94356531042114,280,lower
baseline,direct-total-pridge,control,0.0,division:2026gal,transferred_score_red_win_probability,alliance_score_rmse,156.327473562576,280,lower
baseline,direct-total-pridge,control,0.0,division:2026gal,transferred_score_red_win_probability,score_differential_mae,143.79552287391394,140,lower
baseline,direct-total-pridge,control,0.0,division:2026gal,transferred_score_red_win_probability,score_differential_rmse,183.81116101766557,140,lower
baseline,direct-total-pridge,control,0.0,division:2026gal,transferred_score_red_win_probability,mean_bias,-93.60360490617893,280,lower
baseline,direct-total-pridge,control,0.0,division:2026gal,transferred_score_red_win_probability,relative_bias,-0.2200385302258406,280,lower
baseline,direct-total-pridge,control,0.0,division:2026gal,transferred_score_red_win_probability,winner_accuracy,0.6546762589928058,139,higher
baseline,direct-total-pridge,control,0.0,division:2026gal,transferred_score_red_win_probability,winner_brier,0.22871578342924687,139,lower
baseline,direct-total-pridge,control,0.0,division:2026gal,transferred_score_red_win_probability,winner_log_loss,0.6769034091190004,139,lower
baseline,direct-total-pridge,control,0.0,division:2026gal,transferred_score_red_win_probability,winner_ece,0.13668263602551856,139,lower
baseline,direct-total-pridge,control,0.0,division:2026hop,raw_pred_red_win_probability,alliance_score_mae,105.67188885705623,280,lower
baseline,direct-total-pridge,control,0.0,division:2026hop,raw_pred_red_win_probability,alliance_score_rmse,129.3250702065684,280,lower
baseline,direct-total-pridge,control,0.0,division:2026hop,raw_pred_red_win_probability,score_differential_mae,113.79987747798565,140,lower
baseline,direct-total-pridge,control,0.0,division:2026hop,raw_pred_red_win_probability,score_differential_rmse,144.80548163415787,140,lower
baseline,direct-total-pridge,control,0.0,division:2026hop,raw_pred_red_win_probability,mean_bias,-67.74835984125743,280,lower
baseline,direct-total-pridge,control,0.0,division:2026hop,raw_pred_red_win_probability,relative_bias,-0.1468958366028999,280,lower
baseline,direct-total-pridge,control,0.0,division:2026hop,raw_pred_red_win_probability,winner_accuracy,0.7857142857142857,140,higher
baseline,direct-total-pridge,control,0.0,division:2026hop,raw_pred_red_win_probability,winner_brier,0.16463244014441983,140,lower
baseline,direct-total-pridge,control,0.0,division:2026hop,raw_pred_red_win_probability,winner_log_loss,0.49436323865957704,140,lower
baseline,direct-total-pridge,control,0.0,division:2026hop,raw_pred_red_win_probability,winner_ece,0.12267583155266645,140,lower
baseline,direct-total-pridge,control,0.0,division:2026hop,transferred_platt_red_win_probability,alliance_score_mae,105.67188885705623,280,lower
baseline,direct-total-pridge,control,0.0,division:2026hop,transferred_platt_red_win_probability,alliance_score_rmse,129.3250702065684,280,lower
baseline,direct-total-pridge,control,0.0,division:2026hop,transferred_platt_red_win_probability,score_differential_mae,113.79987747798565,140,lower
baseline,direct-total-pridge,control,0.0,division:2026hop,transferred_platt_red_win_probability,score_differential_rmse,144.80548163415787,140,lower
baseline,direct-total-pridge,control,0.0,division:2026hop,transferred_platt_red_win_probability,mean_bias,-67.74835984125743,280,lower
baseline,direct-total-pridge,control,0.0,division:2026hop,transferred_platt_red_win_probability,relative_bias,-0.1468958366028999,280,lower
baseline,direct-total-pridge,control,0.0,division:2026hop,transferred_platt_red_win_probability,winner_accuracy,0.7857142857142857,140,higher
baseline,direct-total-pridge,control,0.0,division:2026hop,transferred_platt_red_win_probability,winner_brier,0.16463244014441983,140,lower
baseline,direct-total-pridge,control,0.0,division:2026hop,transferred_platt_red_win_probability,winner_log_loss,0.49436323865957704,140,lower
baseline,direct-total-pridge,control,0.0,division:2026hop,transferred_platt_red_win_probability,winner_ece,0.12267583155266645,140,lower
baseline,direct-total-pridge,control,0.0,division:2026hop,transferred_score_red_win_probability,alliance_score_mae,105.67188885705623,280,lower
baseline,direct-total-pridge,control,0.0,division:2026hop,transferred_score_red_win_probability,alliance_score_rmse,129.3250702065684,280,lower
baseline,direct-total-pridge,control,0.0,division:2026hop,transferred_score_red_win_probability,score_differential_mae,113.79987747798565,140,lower
baseline,direct-total-pridge,control,0.0,division:2026hop,transferred_score_red_win_probability,score_differential_rmse,144.80548163415787,140,lower
baseline,direct-total-pridge,control,0.0,division:2026hop,transferred_score_red_win_probability,mean_bias,-67.74835984125743,280,lower
baseline,direct-total-pridge,control,0.0,division:2026hop,transferred_score_red_win_probability,relative_bias,-0.1468958366028999,280,lower
baseline,direct-total-pridge,control,0.0,division:2026hop,transferred_score_red_win_probability,winner_accuracy,0.7857142857142857,140,higher
baseline,direct-total-pridge,control,0.0,division:2026hop,transferred_score_red_win_probability,winner_brier,0.16463244014441983,140,lower
baseline,direct-total-pridge,control,0.0,division:2026hop,transferred_score_red_win_probability,winner_log_loss,0.49436323865957704,140,lower
baseline,direct-total-pridge,control,0.0,division:2026hop,transferred_score_red_win_probability,winner_ece,0.12267583155266645,140,lower
baseline,direct-total-pridge,control,0.0,division:2026joh,raw_pred_red_win_probability,alliance_score_mae,91.43187764229107,280,lower
baseline,direct-total-pridge,control,0.0,division:2026joh,raw_pred_red_win_probability,alliance_score_rmse,115.43396684671325,280,lower
baseline,direct-total-pridge,control,0.0,division:2026joh,raw_pred_red_win_probability,score_differential_mae,108.43375916975232,140,lower
baseline,direct-total-pridge,control,0.0,division:2026joh,raw_pred_red_win_probability,score_differential_rmse,135.70866388667,140,lower
baseline,direct-total-pridge,control,0.0,division:2026joh,raw_pred_red_win_probability,mean_bias,-36.67271147885469,280,lower
baseline,direct-total-pridge,control,0.0,division:2026joh,raw_pred_red_win_probability,relative_bias,-0.08832997173401559,280,lower
baseline,direct-total-pridge,control,0.0,division:2026joh,raw_pred_red_win_probability,winner_accuracy,0.7785714285714286,140,higher
baseline,direct-total-pridge,control,0.0,division:2026joh,raw_pred_red_win_probability,winner_brier,0.16725542290481973,140,lower
baseline,direct-total-pridge,control,0.0,division:2026joh,raw_pred_red_win_probability,winner_log_loss,0.5103931998431384,140,lower
baseline,direct-total-pridge,control,0.0,division:2026joh,raw_pred_red_win_probability,winner_ece,0.09717770359439042,140,lower
baseline,direct-total-pridge,control,0.0,division:2026joh,transferred_platt_red_win_probability,alliance_score_mae,91.43187764229107,280,lower
baseline,direct-total-pridge,control,0.0,division:2026joh,transferred_platt_red_win_probability,alliance_score_rmse,115.43396684671325,280,lower
baseline,direct-total-pridge,control,0.0,division:2026joh,transferred_platt_red_win_probability,score_differential_mae,108.43375916975232,140,lower
baseline,direct-total-pridge,control,0.0,division:2026joh,transferred_platt_red_win_probability,score_differential_rmse,135.70866388667,140,lower
baseline,direct-total-pridge,control,0.0,division:2026joh,transferred_platt_red_win_probability,mean_bias,-36.67271147885469,280,lower
baseline,direct-total-pridge,control,0.0,division:2026joh,transferred_platt_red_win_probability,relative_bias,-0.08832997173401559,280,lower
baseline,direct-total-pridge,control,0.0,division:2026joh,transferred_platt_red_win_probability,winner_accuracy,0.7785714285714286,140,higher
baseline,direct-total-pridge,control,0.0,division:2026joh,transferred_platt_red_win_probability,winner_brier,0.16725542290481973,140,lower
baseline,direct-total-pridge,control,0.0,division:2026joh,transferred_platt_red_win_probability,winner_log_loss,0.5103931998431384,140,lower
baseline,direct-total-pridge,control,0.0,division:2026joh,transferred_platt_red_win_probability,winner_ece,0.09717770359439042,140,lower
baseline,direct-total-pridge,control,0.0,division:2026joh,transferred_score_red_win_probability,alliance_score_mae,91.43187764229107,280,lower
baseline,direct-total-pridge,control,0.0,division:2026joh,transferred_score_red_win_probability,alliance_score_rmse,115.43396684671325,280,lower
baseline,direct-total-pridge,control,0.0,division:2026joh,transferred_score_red_win_probability,score_differential_mae,108.43375916975232,140,lower
baseline,direct-total-pridge,control,0.0,division:2026joh,transferred_score_red_win_probability,score_differential_rmse,135.70866388667,140,lower
baseline,direct-total-pridge,control,0.0,division:2026joh,transferred_score_red_win_probability,mean_bias,-36.67271147885469,280,lower
baseline,direct-total-pridge,control,0.0,division:2026joh,transferred_score_red_win_probability,relative_bias,-0.08832997173401559,280,lower
baseline,direct-total-pridge,control,0.0,division:2026joh,transferred_score_red_win_probability,winner_accuracy,0.7785714285714286,140,higher
baseline,direct-total-pridge,control,0.0,division:2026joh,transferred_score_red_win_probability,winner_brier,0.16725542290481973,140,lower
baseline,direct-total-pridge,control,0.0,division:2026joh,transferred_score_red_win_probability,winner_log_loss,0.5103931998431384,140,lower
baseline,direct-total-pridge,control,0.0,division:2026joh,transferred_score_red_win_probability,winner_ece,0.09717770359439042,140,lower
baseline,direct-total-pridge,control,0.0,division:2026mil,raw_pred_red_win_probability,alliance_score_mae,91.55085367762719,278,lower
baseline,direct-total-pridge,control,0.0,division:2026mil,raw_pred_red_win_probability,alliance_score_rmse,113.62487766707657,278,lower
baseline,direct-total-pridge,control,0.0,division:2026mil,raw_pred_red_win_probability,score_differential_mae,113.66722173650314,139,lower
baseline,direct-total-pridge,control,0.0,division:2026mil,raw_pred_red_win_probability,score_differential_rmse,141.28149662636795,139,lower
baseline,direct-total-pridge,control,0.0,division:2026mil,raw_pred_red_win_probability,mean_bias,-55.8042452914191,278,lower
baseline,direct-total-pridge,control,0.0,division:2026mil,raw_pred_red_win_probability,relative_bias,-0.13555608149850154,278,lower
baseline,direct-total-pridge,control,0.0,division:2026mil,raw_pred_red_win_probability,winner_accuracy,0.7482014388489209,139,higher
baseline,direct-total-pridge,control,0.0,division:2026mil,raw_pred_red_win_probability,winner_brier,0.16176092104153342,139,lower
baseline,direct-total-pridge,control,0.0,division:2026mil,raw_pred_red_win_probability,winner_log_loss,0.49059062802223824,139,lower
baseline,direct-total-pridge,control,0.0,division:2026mil,raw_pred_red_win_probability,winner_ece,0.06465367443220887,139,lower
baseline,direct-total-pridge,control,0.0,division:2026mil,transferred_platt_red_win_probability,alliance_score_mae,91.55085367762719,278,lower
baseline,direct-total-pridge,control,0.0,division:2026mil,transferred_platt_red_win_probability,alliance_score_rmse,113.62487766707657,278,lower
baseline,direct-total-pridge,control,0.0,division:2026mil,transferred_platt_red_win_probability,score_differential_mae,113.66722173650314,139,lower
baseline,direct-total-pridge,control,0.0,division:2026mil,transferred_platt_red_win_probability,score_differential_rmse,141.28149662636795,139,lower
baseline,direct-total-pridge,control,0.0,division:2026mil,transferred_platt_red_win_probability,mean_bias,-55.8042452914191,278,lower
baseline,direct-total-pridge,control,0.0,division:2026mil,transferred_platt_red_win_probability,relative_bias,-0.13555608149850154,278,lower
baseline,direct-total-pridge,control,0.0,division:2026mil,transferred_platt_red_win_probability,winner_accuracy,0.7482014388489209,139,higher
baseline,direct-total-pridge,control,0.0,division:2026mil,transferred_platt_red_win_probability,winner_brier,0.16176092104153342,139,lower
baseline,direct-total-pridge,control,0.0,division:2026mil,transferred_platt_red_win_probability,winner_log_loss,0.49059062802223824,139,lower
baseline,direct-total-pridge,control,0.0,division:2026mil,transferred_platt_red_win_probability,winner_ece,0.06465367443220887,139,lower
baseline,direct-total-pridge,control,0.0,division:2026mil,transferred_score_red_win_probability,alliance_score_mae,91.55085367762719,278,lower
baseline,direct-total-pridge,control,0.0,division:2026mil,transferred_score_red_win_probability,alliance_score_rmse,113.62487766707657,278,lower
baseline,direct-total-pridge,control,0.0,division:2026mil,transferred_score_red_win_probability,score_differential_mae,113.66722173650314,139,lower
baseline,direct-total-pridge,control,0.0,division:2026mil,transferred_score_red_win_probability,score_differential_rmse,141.28149662636795,139,lower
baseline,direct-total-pridge,control,0.0,division:2026mil,transferred_score_red_win_probability,mean_bias,-55.8042452914191,278,lower
baseline,direct-total-pridge,control,0.0,division:2026mil,transferred_score_red_win_probability,relative_bias,-0.13555608149850154,278,lower
baseline,direct-total-pridge,control,0.0,division:2026mil,transferred_score_red_win_probability,winner_accuracy,0.7482014388489209,139,higher
baseline,direct-total-pridge,control,0.0,division:2026mil,transferred_score_red_win_probability,winner_brier,0.16176092104153342,139,lower
baseline,direct-total-pridge,control,0.0,division:2026mil,transferred_score_red_win_probability,winner_log_loss,0.49059062802223824,139,lower
baseline,direct-total-pridge,control,0.0,division:2026mil,transferred_score_red_win_probability,winner_ece,0.06465367443220887,139,lower
baseline,direct-total-pridge,control,0.0,division:2026new,raw_pred_red_win_probability,alliance_score_mae,105.55984414829233,280,lower
baseline,direct-total-pridge,control,0.0,division:2026new,raw_pred_red_win_probability,alliance_score_rmse,131.18212239819843,280,lower
baseline,direct-total-pridge,control,0.0,division:2026new,raw_pred_red_win_probability,score_differential_mae,117.48477295825869,140,lower
baseline,direct-total-pridge,control,0.0,division:2026new,raw_pred_red_win_probability,score_differential_rmse,148.23732449922832,140,lower
baseline,direct-total-pridge,control,0.0,division:2026new,raw_pred_red_win_probability,mean_bias,-68.16626870996853,280,lower
baseline,direct-total-pridge,control,0.0,division:2026new,raw_pred_red_win_probability,relative_bias,-0.14423561909174246,280,lower
baseline,direct-total-pridge,control,0.0,division:2026new,raw_pred_red_win_probability,winner_accuracy,0.6785714285714286,140,higher
baseline,direct-total-pridge,control,0.0,division:2026new,raw_pred_red_win_probability,winner_brier,0.18859448294288833,140,lower
baseline,direct-total-pridge,control,0.0,division:2026new,raw_pred_red_win_probability,winner_log_loss,0.5465278030479997,140,lower
baseline,direct-total-pridge,control,0.0,division:2026new,raw_pred_red_win_probability,winner_ece,0.0989159602082374,140,lower
baseline,direct-total-pridge,control,0.0,division:2026new,transferred_platt_red_win_probability,alliance_score_mae,105.55984414829233,280,lower
baseline,direct-total-pridge,control,0.0,division:2026new,transferred_platt_red_win_probability,alliance_score_rmse,131.18212239819843,280,lower
baseline,direct-total-pridge,control,0.0,division:2026new,transferred_platt_red_win_probability,score_differential_mae,117.48477295825869,140,lower
baseline,direct-total-pridge,control,0.0,division:2026new,transferred_platt_red_win_probability,score_differential_rmse,148.23732449922832,140,lower
baseline,direct-total-pridge,control,0.0,division:2026new,transferred_platt_red_win_probability,mean_bias,-68.16626870996853,280,lower
baseline,direct-total-pridge,control,0.0,division:2026new,transferred_platt_red_win_probability,relative_bias,-0.14423561909174246,280,lower
baseline,direct-total-pridge,control,0.0,division:2026new,transferred_platt_red_win_probability,winner_accuracy,0.6785714285714286,140,higher
baseline,direct-total-pridge,control,0.0,division:2026new,transferred_platt_red_win_probability,winner_brier,0.18859448294288833,140,lower
baseline,direct-total-pridge,control,0.0,division:2026new,transferred_platt_red_win_probability,winner_log_loss,0.5465278030479997,140,lower
baseline,direct-total-pridge,control,0.0,division:2026new,transferred_platt_red_win_probability,winner_ece,0.0989159602082374,140,lower
baseline,direct-total-pridge,control,0.0,division:2026new,transferred_score_red_win_probability,alliance_score_mae,105.55984414829233,280,lower
baseline,direct-total-pridge,control,0.0,division:2026new,transferred_score_red_win_probability,alliance_score_rmse,131.18212239819843,280,lower
baseline,direct-total-pridge,control,0.0,division:2026new,transferred_score_red_win_probability,score_differential_mae,117.48477295825869,140,lower
baseline,direct-total-pridge,control,0.0,division:2026new,transferred_score_red_win_probability,score_differential_rmse,148.23732449922832,140,lower
baseline,direct-total-pridge,control,0.0,division:2026new,transferred_score_red_win_probability,mean_bias,-68.16626870996853,280,lower
baseline,direct-total-pridge,control,0.0,division:2026new,transferred_score_red_win_probability,relative_bias,-0.14423561909174246,280,lower
baseline,direct-total-pridge,control,0.0,division:2026new,transferred_score_red_win_probability,winner_accuracy,0.6785714285714286,140,higher
baseline,direct-total-pridge,control,0.0,division:2026new,transferred_score_red_win_probability,winner_brier,0.18859448294288833,140,lower
baseline,direct-total-pridge,control,0.0,division:2026new,transferred_score_red_win_probability,winner_log_loss,0.5465278030479997,140,lower
baseline,direct-total-pridge,control,0.0,division:2026new,transferred_score_red_win_probability,winner_ece,0.0989159602082374,140,lower
baseline,direct-total-pridge,control,0.0,observation:high,raw_pred_red_win_probability,alliance_score_mae,96.07582997735274,2134,lower
baseline,direct-total-pridge,control,0.0,observation:high,raw_pred_red_win_probability,alliance_score_rmse,121.6070189117589,2134,lower
baseline,direct-total-pridge,control,0.0,observation:high,raw_pred_red_win_probability,score_differential_mae,113.76845642969806,1067,lower
baseline,direct-total-pridge,control,0.0,observation:high,raw_pred_red_win_probability,score_differential_rmse,143.64003866044246,1067,lower
baseline,direct-total-pridge,control,0.0,observation:high,raw_pred_red_win_probability,mean_bias,-52.327907524181775,2134,lower
baseline,direct-total-pridge,control,0.0,observation:high,raw_pred_red_win_probability,relative_bias,-0.11989237132983027,2134,lower
baseline,direct-total-pridge,control,0.0,observation:high,raw_pred_red_win_probability,winner_accuracy,0.7342723004694836,1065,higher
baseline,direct-total-pridge,control,0.0,observation:high,raw_pred_red_win_probability,winner_brier,0.17800487353332925,1065,lower
baseline,direct-total-pridge,control,0.0,observation:high,raw_pred_red_win_probability,winner_log_loss,0.5292059721337302,1065,lower
baseline,direct-total-pridge,control,0.0,observation:high,raw_pred_red_win_probability,winner_ece,0.053532163752133294,1065,lower
baseline,direct-total-pridge,control,0.0,observation:high,transferred_platt_red_win_probability,alliance_score_mae,96.07582997735274,2134,lower
baseline,direct-total-pridge,control,0.0,observation:high,transferred_platt_red_win_probability,alliance_score_rmse,121.6070189117589,2134,lower
baseline,direct-total-pridge,control,0.0,observation:high,transferred_platt_red_win_probability,score_differential_mae,113.76845642969806,1067,lower
baseline,direct-total-pridge,control,0.0,observation:high,transferred_platt_red_win_probability,score_differential_rmse,143.64003866044246,1067,lower
baseline,direct-total-pridge,control,0.0,observation:high,transferred_platt_red_win_probability,mean_bias,-52.327907524181775,2134,lower
baseline,direct-total-pridge,control,0.0,observation:high,transferred_platt_red_win_probability,relative_bias,-0.11989237132983027,2134,lower
baseline,direct-total-pridge,control,0.0,observation:high,transferred_platt_red_win_probability,winner_accuracy,0.7342723004694836,1065,higher
baseline,direct-total-pridge,control,0.0,observation:high,transferred_platt_red_win_probability,winner_brier,0.17800487353332925,1065,lower
baseline,direct-total-pridge,control,0.0,observation:high,transferred_platt_red_win_probability,winner_log_loss,0.5292059721337302,1065,lower
baseline,direct-total-pridge,control,0.0,observation:high,transferred_platt_red_win_probability,winner_ece,0.053532163752133294,1065,lower
baseline,direct-total-pridge,control,0.0,observation:high,transferred_score_red_win_probability,alliance_score_mae,96.07582997735274,2134,lower
baseline,direct-total-pridge,control,0.0,observation:high,transferred_score_red_win_probability,alliance_score_rmse,121.6070189117589,2134,lower
baseline,direct-total-pridge,control,0.0,observation:high,transferred_score_red_win_probability,score_differential_mae,113.76845642969806,1067,lower
baseline,direct-total-pridge,control,0.0,observation:high,transferred_score_red_win_probability,score_differential_rmse,143.64003866044246,1067,lower
baseline,direct-total-pridge,control,0.0,observation:high,transferred_score_red_win_probability,mean_bias,-52.327907524181775,2134,lower
baseline,direct-total-pridge,control,0.0,observation:high,transferred_score_red_win_probability,relative_bias,-0.11989237132983027,2134,lower
baseline,direct-total-pridge,control,0.0,observation:high,transferred_score_red_win_probability,winner_accuracy,0.7342723004694836,1065,higher
baseline,direct-total-pridge,control,0.0,observation:high,transferred_score_red_win_probability,winner_brier,0.17800487353332925,1065,lower
baseline,direct-total-pridge,control,0.0,observation:high,transferred_score_red_win_probability,winner_log_loss,0.5292059721337302,1065,lower
baseline,direct-total-pridge,control,0.0,observation:high,transferred_score_red_win_probability,winner_ece,0.053532163752133294,1065,lower
baseline,direct-total-pridge,control,0.0,observation:low,raw_pred_red_win_probability,alliance_score_mae,98.72739928657313,4,lower
baseline,direct-total-pridge,control,0.0,observation:low,raw_pred_red_win_probability,alliance_score_rmse,123.60987979666771,4,lower
baseline,direct-total-pridge,control,0.0,observation:low,raw_pred_red_win_probability,score_differential_mae,103.09946194260147,2,lower
baseline,direct-total-pridge,control,0.0,observation:low,raw_pred_red_win_probability,score_differential_rmse,107.61431585965434,2,lower
baseline,direct-total-pridge,control,0.0,observation:low,raw_pred_red_win_probability,mean_bias,-98.72739928657313,4,lower
baseline,direct-total-pridge,control,0.0,observation:low,raw_pred_red_win_probability,relative_bias,-0.2629225014289564,4,lower
baseline,direct-total-pridge,control,0.0,observation:low,raw_pred_red_win_probability,winner_accuracy,0.5,2,higher
baseline,direct-total-pridge,control,0.0,observation:low,raw_pred_red_win_probability,winner_brier,0.239762404963143,2,lower
baseline,direct-total-pridge,control,0.0,observation:low,raw_pred_red_win_probability,winner_log_loss,0.6189274789611922,2,lower
baseline,direct-total-pridge,control,0.0,observation:low,raw_pred_red_win_probability,winner_ece,0.37799993758058503,2,lower
baseline,direct-total-pridge,control,0.0,observation:low,transferred_platt_red_win_probability,alliance_score_mae,98.72739928657313,4,lower
baseline,direct-total-pridge,control,0.0,observation:low,transferred_platt_red_win_probability,alliance_score_rmse,123.60987979666771,4,lower
baseline,direct-total-pridge,control,0.0,observation:low,transferred_platt_red_win_probability,score_differential_mae,103.09946194260147,2,lower
baseline,direct-total-pridge,control,0.0,observation:low,transferred_platt_red_win_probability,score_differential_rmse,107.61431585965434,2,lower
baseline,direct-total-pridge,control,0.0,observation:low,transferred_platt_red_win_probability,mean_bias,-98.72739928657313,4,lower
baseline,direct-total-pridge,control,0.0,observation:low,transferred_platt_red_win_probability,relative_bias,-0.2629225014289564,4,lower
baseline,direct-total-pridge,control,0.0,observation:low,transferred_platt_red_win_probability,winner_accuracy,0.5,2,higher
baseline,direct-total-pridge,control,0.0,observation:low,transferred_platt_red_win_probability,winner_brier,0.239762404963143,2,lower
baseline,direct-total-pridge,control,0.0,observation:low,transferred_platt_red_win_probability,winner_log_loss,0.6189274789611922,2,lower
baseline,direct-total-pridge,control,0.0,observation:low,transferred_platt_red_win_probability,winner_ece,0.37799993758058503,2,lower
baseline,direct-total-pridge,control,0.0,observation:low,transferred_score_red_win_probability,alliance_score_mae,98.72739928657313,4,lower
baseline,direct-total-pridge,control,0.0,observation:low,transferred_score_red_win_probability,alliance_score_rmse,123.60987979666771,4,lower
baseline,direct-total-pridge,control,0.0,observation:low,transferred_score_red_win_probability,score_differential_mae,103.09946194260147,2,lower
baseline,direct-total-pridge,control,0.0,observation:low,transferred_score_red_win_probability,score_differential_rmse,107.61431585965434,2,lower
baseline,direct-total-pridge,control,0.0,observation:low,transferred_score_red_win_probability,mean_bias,-98.72739928657313,4,lower
baseline,direct-total-pridge,control,0.0,observation:low,transferred_score_red_win_probability,relative_bias,-0.2629225014289564,4,lower
baseline,direct-total-pridge,control,0.0,observation:low,transferred_score_red_win_probability,winner_accuracy,0.5,2,higher
baseline,direct-total-pridge,control,0.0,observation:low,transferred_score_red_win_probability,winner_brier,0.239762404963143,2,lower
baseline,direct-total-pridge,control,0.0,observation:low,transferred_score_red_win_probability,winner_log_loss,0.6189274789611922,2,lower
baseline,direct-total-pridge,control,0.0,observation:low,transferred_score_red_win_probability,winner_ece,0.37799993758058503,2,lower
baseline,direct-total-pridge,control,0.0,observation:medium,raw_pred_red_win_probability,alliance_score_mae,133.3952807587006,100,lower
baseline,direct-total-pridge,control,0.0,observation:medium,raw_pred_red_win_probability,alliance_score_rmse,167.16495071985193,100,lower
baseline,direct-total-pridge,control,0.0,observation:medium,raw_pred_red_win_probability,score_differential_mae,158.1562074432094,50,lower
baseline,direct-total-pridge,control,0.0,observation:medium,raw_pred_red_win_probability,score_differential_rmse,209.44931565032147,50,lower
baseline,direct-total-pridge,control,0.0,observation:medium,raw_pred_red_win_probability,mean_bias,-103.93277054879076,100,lower
baseline,direct-total-pridge,control,0.0,observation:medium,raw_pred_red_win_probability,relative_bias,-0.27002538464222076,100,lower
baseline,direct-total-pridge,control,0.0,observation:medium,raw_pred_red_win_probability,winner_accuracy,0.76,50,higher
baseline,direct-total-pridge,control,0.0,observation:medium,raw_pred_red_win_probability,winner_brier,0.1900124456385301,50,lower
baseline,direct-total-pridge,control,0.0,observation:medium,raw_pred_red_win_probability,winner_log_loss,0.5973802739480837,50,lower
baseline,direct-total-pridge,control,0.0,observation:medium,raw_pred_red_win_probability,winner_ece,0.1155598112172299,50,lower
baseline,direct-total-pridge,control,0.0,observation:medium,transferred_platt_red_win_probability,alliance_score_mae,133.3952807587006,100,lower
baseline,direct-total-pridge,control,0.0,observation:medium,transferred_platt_red_win_probability,alliance_score_rmse,167.16495071985193,100,lower
baseline,direct-total-pridge,control,0.0,observation:medium,transferred_platt_red_win_probability,score_differential_mae,158.1562074432094,50,lower
baseline,direct-total-pridge,control,0.0,observation:medium,transferred_platt_red_win_probability,score_differential_rmse,209.44931565032147,50,lower
baseline,direct-total-pridge,control,0.0,observation:medium,transferred_platt_red_win_probability,mean_bias,-103.93277054879076,100,lower
baseline,direct-total-pridge,control,0.0,observation:medium,transferred_platt_red_win_probability,relative_bias,-0.27002538464222076,100,lower
baseline,direct-total-pridge,control,0.0,observation:medium,transferred_platt_red_win_probability,winner_accuracy,0.76,50,higher
baseline,direct-total-pridge,control,0.0,observation:medium,transferred_platt_red_win_probability,winner_brier,0.1900124456385301,50,lower
baseline,direct-total-pridge,control,0.0,observation:medium,transferred_platt_red_win_probability,winner_log_loss,0.5973802739480837,50,lower
baseline,direct-total-pridge,control,0.0,observation:medium,transferred_platt_red_win_probability,winner_ece,0.1155598112172299,50,lower
baseline,direct-total-pridge,control,0.0,observation:medium,transferred_score_red_win_probability,alliance_score_mae,133.3952807587006,100,lower
baseline,direct-total-pridge,control,0.0,observation:medium,transferred_score_red_win_probability,alliance_score_rmse,167.16495071985193,100,lower
baseline,direct-total-pridge,control,0.0,observation:medium,transferred_score_red_win_probability,score_differential_mae,158.1562074432094,50,lower
baseline,direct-total-pridge,control,0.0,observation:medium,transferred_score_red_win_probability,score_differential_rmse,209.44931565032147,50,lower
baseline,direct-total-pridge,control,0.0,observation:medium,transferred_score_red_win_probability,mean_bias,-103.93277054879076,100,lower
baseline,direct-total-pridge,control,0.0,observation:medium,transferred_score_red_win_probability,relative_bias,-0.27002538464222076,100,lower
baseline,direct-total-pridge,control,0.0,observation:medium,transferred_score_red_win_probability,winner_accuracy,0.76,50,higher
baseline,direct-total-pridge,control,0.0,observation:medium,transferred_score_red_win_probability,winner_brier,0.1900124456385301,50,lower
baseline,direct-total-pridge,control,0.0,observation:medium,transferred_score_red_win_probability,winner_log_loss,0.5973802739480837,50,lower
baseline,direct-total-pridge,control,0.0,observation:medium,transferred_score_red_win_probability,winner_ece,0.1155598112172299,50,lower
baseline,direct-total-ridge,control,0.0,primary-clean,raw_pred_red_win_probability,alliance_score_mae,102.6343035085963,2216,lower
baseline,direct-total-ridge,control,0.0,primary-clean,raw_pred_red_win_probability,alliance_score_rmse,129.44264536883395,2216,lower
baseline,direct-total-ridge,control,0.0,primary-clean,raw_pred_red_win_probability,score_differential_mae,118.44233072264286,1108,lower
baseline,direct-total-ridge,control,0.0,primary-clean,raw_pred_red_win_probability,score_differential_rmse,149.8180757201458,1108,lower
baseline,direct-total-ridge,control,0.0,primary-clean,raw_pred_red_win_probability,mean_bias,-63.516988168272036,2216,lower
baseline,direct-total-ridge,control,0.0,primary-clean,raw_pred_red_win_probability,relative_bias,-0.14613324907924508,2216,lower
baseline,direct-total-ridge,control,0.0,primary-clean,raw_pred_red_win_probability,winner_accuracy,0.7224231464737794,1106,higher
baseline,direct-total-ridge,control,0.0,primary-clean,raw_pred_red_win_probability,winner_brier,0.18461595403457307,1106,lower
baseline,direct-total-ridge,control,0.0,primary-clean,raw_pred_red_win_probability,winner_log_loss,0.550710051709124,1106,lower
baseline,direct-total-ridge,control,0.0,primary-clean,raw_pred_red_win_probability,winner_ece,0.06606825983891061,1106,lower
baseline,direct-total-ridge,control,0.0,primary-clean,transferred_platt_red_win_probability,alliance_score_mae,102.6343035085963,2216,lower
baseline,direct-total-ridge,control,0.0,primary-clean,transferred_platt_red_win_probability,alliance_score_rmse,129.44264536883395,2216,lower
baseline,direct-total-ridge,control,0.0,primary-clean,transferred_platt_red_win_probability,score_differential_mae,118.44233072264286,1108,lower
baseline,direct-total-ridge,control,0.0,primary-clean,transferred_platt_red_win_probability,score_differential_rmse,149.8180757201458,1108,lower
baseline,direct-total-ridge,control,0.0,primary-clean,transferred_platt_red_win_probability,mean_bias,-63.516988168272036,2216,lower
baseline,direct-total-ridge,control,0.0,primary-clean,transferred_platt_red_win_probability,relative_bias,-0.14613324907924508,2216,lower
baseline,direct-total-ridge,control,0.0,primary-clean,transferred_platt_red_win_probability,winner_accuracy,0.7224231464737794,1106,higher
baseline,direct-total-ridge,control,0.0,primary-clean,transferred_platt_red_win_probability,winner_brier,0.18461595403457307,1106,lower
baseline,direct-total-ridge,control,0.0,primary-clean,transferred_platt_red_win_probability,winner_log_loss,0.550710051709124,1106,lower
baseline,direct-total-ridge,control,0.0,primary-clean,transferred_platt_red_win_probability,winner_ece,0.06606825983891061,1106,lower
baseline,direct-total-ridge,control,0.0,primary-clean,transferred_score_red_win_probability,alliance_score_mae,102.6343035085963,2216,lower
baseline,direct-total-ridge,control,0.0,primary-clean,transferred_score_red_win_probability,alliance_score_rmse,129.44264536883395,2216,lower
baseline,direct-total-ridge,control,0.0,primary-clean,transferred_score_red_win_probability,score_differential_mae,118.44233072264286,1108,lower
baseline,direct-total-ridge,control,0.0,primary-clean,transferred_score_red_win_probability,score_differential_rmse,149.8180757201458,1108,lower
baseline,direct-total-ridge,control,0.0,primary-clean,transferred_score_red_win_probability,mean_bias,-63.516988168272036,2216,lower
baseline,direct-total-ridge,control,0.0,primary-clean,transferred_score_red_win_probability,relative_bias,-0.14613324907924508,2216,lower
baseline,direct-total-ridge,control,0.0,primary-clean,transferred_score_red_win_probability,winner_accuracy,0.7224231464737794,1106,higher
baseline,direct-total-ridge,control,0.0,primary-clean,transferred_score_red_win_probability,winner_brier,0.18461595403457307,1106,lower
baseline,direct-total-ridge,control,0.0,primary-clean,transferred_score_red_win_probability,winner_log_loss,0.550710051709124,1106,lower
baseline,direct-total-ridge,control,0.0,primary-clean,transferred_score_red_win_probability,winner_ece,0.06606825983891061,1106,lower
baseline,direct-total-ridge,control,0.0,all-official,raw_pred_red_win_probability,alliance_score_mae,102.6799834653693,2238,lower
baseline,direct-total-ridge,control,0.0,all-official,raw_pred_red_win_probability,alliance_score_rmse,129.82350527200086,2238,lower
baseline,direct-total-ridge,control,0.0,all-official,raw_pred_red_win_probability,score_differential_mae,118.825800369118,1119,lower
baseline,direct-total-ridge,control,0.0,all-official,raw_pred_red_win_probability,score_differential_rmse,150.62406692002787,1119,lower
baseline,direct-total-ridge,control,0.0,all-official,raw_pred_red_win_probability,mean_bias,-63.17008673122753,2238,lower
baseline,direct-total-ridge,control,0.0,all-official,raw_pred_red_win_probability,relative_bias,-0.14553821125198396,2238,lower
baseline,direct-total-ridge,control,0.0,all-official,raw_pred_red_win_probability,winner_accuracy,0.7224709042076992,1117,higher
baseline,direct-total-ridge,control,0.0,all-official,raw_pred_red_win_probability,winner_brier,0.18499491277207403,1117,lower
baseline,direct-total-ridge,control,0.0,all-official,raw_pred_red_win_probability,winner_log_loss,0.5519180155798266,1117,lower
baseline,direct-total-ridge,control,0.0,all-official,raw_pred_red_win_probability,winner_ece,0.06625466348610919,1117,lower
baseline,direct-total-ridge,control,0.0,all-official,transferred_platt_red_win_probability,alliance_score_mae,102.6799834653693,2238,lower
baseline,direct-total-ridge,control,0.0,all-official,transferred_platt_red_win_probability,alliance_score_rmse,129.82350527200086,2238,lower
baseline,direct-total-ridge,control,0.0,all-official,transferred_platt_red_win_probability,score_differential_mae,118.825800369118,1119,lower
baseline,direct-total-ridge,control,0.0,all-official,transferred_platt_red_win_probability,score_differential_rmse,150.62406692002787,1119,lower
baseline,direct-total-ridge,control,0.0,all-official,transferred_platt_red_win_probability,mean_bias,-63.17008673122753,2238,lower
baseline,direct-total-ridge,control,0.0,all-official,transferred_platt_red_win_probability,relative_bias,-0.14553821125198396,2238,lower
baseline,direct-total-ridge,control,0.0,all-official,transferred_platt_red_win_probability,winner_accuracy,0.7224709042076992,1117,higher
baseline,direct-total-ridge,control,0.0,all-official,transferred_platt_red_win_probability,winner_brier,0.18499491277207403,1117,lower
baseline,direct-total-ridge,control,0.0,all-official,transferred_platt_red_win_probability,winner_log_loss,0.5519180155798266,1117,lower
baseline,direct-total-ridge,control,0.0,all-official,transferred_platt_red_win_probability,winner_ece,0.06625466348610919,1117,lower
baseline,direct-total-ridge,control,0.0,all-official,transferred_score_red_win_probability,alliance_score_mae,102.6799834653693,2238,lower
baseline,direct-total-ridge,control,0.0,all-official,transferred_score_red_win_probability,alliance_score_rmse,129.82350527200086,2238,lower
baseline,direct-total-ridge,control,0.0,all-official,transferred_score_red_win_probability,score_differential_mae,118.825800369118,1119,lower
baseline,direct-total-ridge,control,0.0,all-official,transferred_score_red_win_probability,score_differential_rmse,150.62406692002787,1119,lower
baseline,direct-total-ridge,control,0.0,all-official,transferred_score_red_win_probability,mean_bias,-63.17008673122753,2238,lower
baseline,direct-total-ridge,control,0.0,all-official,transferred_score_red_win_probability,relative_bias,-0.14553821125198396,2238,lower
baseline,direct-total-ridge,control,0.0,all-official,transferred_score_red_win_probability,winner_accuracy,0.7224709042076992,1117,higher
baseline,direct-total-ridge,control,0.0,all-official,transferred_score_red_win_probability,winner_brier,0.18499491277207403,1117,lower
baseline,direct-total-ridge,control,0.0,all-official,transferred_score_red_win_probability,winner_log_loss,0.5519180155798266,1117,lower
baseline,direct-total-ridge,control,0.0,all-official,transferred_score_red_win_probability,winner_ece,0.06625466348610919,1117,lower
baseline,direct-total-ridge,control,0.0,DQ-only,raw_pred_red_win_probability,alliance_score_mae,107.28120092941212,22,lower
baseline,direct-total-ridge,control,0.0,DQ-only,raw_pred_red_win_probability,alliance_score_rmse,163.70816870569553,22,lower
baseline,direct-total-ridge,control,0.0,DQ-only,raw_pred_red_win_probability,score_differential_mae,157.45165203225025,11,lower
baseline,direct-total-ridge,control,0.0,DQ-only,raw_pred_red_win_probability,score_differential_rmse,216.97717308111913,11,lower
baseline,direct-total-ridge,control,0.0,DQ-only,raw_pred_red_win_probability,mean_bias,-28.227651072564115,22,lower
baseline,direct-total-ridge,control,0.0,DQ-only,raw_pred_red_win_probability,relative_bias,-0.07568657204100068,22,lower
baseline,direct-total-ridge,control,0.0,DQ-only,raw_pred_red_win_probability,winner_accuracy,0.7272727272727273,11,higher
baseline,direct-total-ridge,control,0.0,DQ-only,raw_pred_red_win_probability,winner_brier,0.22309749128807937,11,lower
baseline,direct-total-ridge,control,0.0,DQ-only,raw_pred_red_win_probability,winner_log_loss,0.6733732920340979,11,lower
baseline,direct-total-ridge,control,0.0,DQ-only,raw_pred_red_win_probability,winner_ece,0.221806153476853,11,lower
baseline,direct-total-ridge,control,0.0,DQ-only,transferred_platt_red_win_probability,alliance_score_mae,107.28120092941212,22,lower
baseline,direct-total-ridge,control,0.0,DQ-only,transferred_platt_red_win_probability,alliance_score_rmse,163.70816870569553,22,lower
baseline,direct-total-ridge,control,0.0,DQ-only,transferred_platt_red_win_probability,score_differential_mae,157.45165203225025,11,lower
baseline,direct-total-ridge,control,0.0,DQ-only,transferred_platt_red_win_probability,score_differential_rmse,216.97717308111913,11,lower
baseline,direct-total-ridge,control,0.0,DQ-only,transferred_platt_red_win_probability,mean_bias,-28.227651072564115,22,lower
baseline,direct-total-ridge,control,0.0,DQ-only,transferred_platt_red_win_probability,relative_bias,-0.07568657204100068,22,lower
baseline,direct-total-ridge,control,0.0,DQ-only,transferred_platt_red_win_probability,winner_accuracy,0.7272727272727273,11,higher
baseline,direct-total-ridge,control,0.0,DQ-only,transferred_platt_red_win_probability,winner_brier,0.22309749128807937,11,lower
baseline,direct-total-ridge,control,0.0,DQ-only,transferred_platt_red_win_probability,winner_log_loss,0.6733732920340979,11,lower
baseline,direct-total-ridge,control,0.0,DQ-only,transferred_platt_red_win_probability,winner_ece,0.221806153476853,11,lower
baseline,direct-total-ridge,control,0.0,DQ-only,transferred_score_red_win_probability,alliance_score_mae,107.28120092941212,22,lower
baseline,direct-total-ridge,control,0.0,DQ-only,transferred_score_red_win_probability,alliance_score_rmse,163.70816870569553,22,lower
baseline,direct-total-ridge,control,0.0,DQ-only,transferred_score_red_win_probability,score_differential_mae,157.45165203225025,11,lower
baseline,direct-total-ridge,control,0.0,DQ-only,transferred_score_red_win_probability,score_differential_rmse,216.97717308111913,11,lower
baseline,direct-total-ridge,control,0.0,DQ-only,transferred_score_red_win_probability,mean_bias,-28.227651072564115,22,lower
baseline,direct-total-ridge,control,0.0,DQ-only,transferred_score_red_win_probability,relative_bias,-0.07568657204100068,22,lower
baseline,direct-total-ridge,control,0.0,DQ-only,transferred_score_red_win_probability,winner_accuracy,0.7272727272727273,11,higher
baseline,direct-total-ridge,control,0.0,DQ-only,transferred_score_red_win_probability,winner_brier,0.22309749128807937,11,lower
baseline,direct-total-ridge,control,0.0,DQ-only,transferred_score_red_win_probability,winner_log_loss,0.6733732920340979,11,lower
baseline,direct-total-ridge,control,0.0,DQ-only,transferred_score_red_win_probability,winner_ece,0.221806153476853,11,lower
baseline,direct-total-ridge,control,0.0,surrogate-only,raw_pred_red_win_probability,alliance_score_mae,75.63061891873546,12,lower
baseline,direct-total-ridge,control,0.0,surrogate-only,raw_pred_red_win_probability,alliance_score_rmse,91.8566676465829,12,lower
baseline,direct-total-ridge,control,0.0,surrogate-only,raw_pred_red_win_probability,score_differential_mae,71.2836702587389,6,lower
baseline,direct-total-ridge,control,0.0,surrogate-only,raw_pred_red_win_probability,score_differential_rmse,76.67727802837639,6,lower
baseline,direct-total-ridge,control,0.0,surrogate-only,raw_pred_red_win_probability,mean_bias,-47.4177013207595,12,lower
baseline,direct-total-ridge,control,0.0,surrogate-only,raw_pred_red_win_probability,relative_bias,-0.122552749482902,12,lower
baseline,direct-total-ridge,control,0.0,surrogate-only,raw_pred_red_win_probability,winner_accuracy,1.0,6,higher
baseline,direct-total-ridge,control,0.0,surrogate-only,raw_pred_red_win_probability,winner_brier,0.043099340338674484,6,lower
baseline,direct-total-ridge,control,0.0,surrogate-only,raw_pred_red_win_probability,winner_log_loss,0.18572130695553055,6,lower
baseline,direct-total-ridge,control,0.0,surrogate-only,raw_pred_red_win_probability,winner_ece,0.1562288374676312,6,lower
baseline,direct-total-ridge,control,0.0,surrogate-only,transferred_platt_red_win_probability,alliance_score_mae,75.63061891873546,12,lower
baseline,direct-total-ridge,control,0.0,surrogate-only,transferred_platt_red_win_probability,alliance_score_rmse,91.8566676465829,12,lower
baseline,direct-total-ridge,control,0.0,surrogate-only,transferred_platt_red_win_probability,score_differential_mae,71.2836702587389,6,lower
baseline,direct-total-ridge,control,0.0,surrogate-only,transferred_platt_red_win_probability,score_differential_rmse,76.67727802837639,6,lower
baseline,direct-total-ridge,control,0.0,surrogate-only,transferred_platt_red_win_probability,mean_bias,-47.4177013207595,12,lower
baseline,direct-total-ridge,control,0.0,surrogate-only,transferred_platt_red_win_probability,relative_bias,-0.122552749482902,12,lower
baseline,direct-total-ridge,control,0.0,surrogate-only,transferred_platt_red_win_probability,winner_accuracy,1.0,6,higher
baseline,direct-total-ridge,control,0.0,surrogate-only,transferred_platt_red_win_probability,winner_brier,0.043099340338674484,6,lower
baseline,direct-total-ridge,control,0.0,surrogate-only,transferred_platt_red_win_probability,winner_log_loss,0.18572130695553055,6,lower
baseline,direct-total-ridge,control,0.0,surrogate-only,transferred_platt_red_win_probability,winner_ece,0.1562288374676312,6,lower
baseline,direct-total-ridge,control,0.0,surrogate-only,transferred_score_red_win_probability,alliance_score_mae,75.63061891873546,12,lower
baseline,direct-total-ridge,control,0.0,surrogate-only,transferred_score_red_win_probability,alliance_score_rmse,91.8566676465829,12,lower
baseline,direct-total-ridge,control,0.0,surrogate-only,transferred_score_red_win_probability,score_differential_mae,71.2836702587389,6,lower
baseline,direct-total-ridge,control,0.0,surrogate-only,transferred_score_red_win_probability,score_differential_rmse,76.67727802837639,6,lower
baseline,direct-total-ridge,control,0.0,surrogate-only,transferred_score_red_win_probability,mean_bias,-47.4177013207595,12,lower
baseline,direct-total-ridge,control,0.0,surrogate-only,transferred_score_red_win_probability,relative_bias,-0.122552749482902,12,lower
baseline,direct-total-ridge,control,0.0,surrogate-only,transferred_score_red_win_probability,winner_accuracy,1.0,6,higher
baseline,direct-total-ridge,control,0.0,surrogate-only,transferred_score_red_win_probability,winner_brier,0.043099340338674484,6,lower
baseline,direct-total-ridge,control,0.0,surrogate-only,transferred_score_red_win_probability,winner_log_loss,0.18572130695553055,6,lower
baseline,direct-total-ridge,control,0.0,surrogate-only,transferred_score_red_win_probability,winner_ece,0.1562288374676312,6,lower
baseline,direct-total-ridge,control,0.0,division:2026arc,raw_pred_red_win_probability,alliance_score_mae,97.77952153252608,282,lower
baseline,direct-total-ridge,control,0.0,division:2026arc,raw_pred_red_win_probability,alliance_score_rmse,122.12789006699684,282,lower
baseline,direct-total-ridge,control,0.0,division:2026arc,raw_pred_red_win_probability,score_differential_mae,118.70644989454844,141,lower
baseline,direct-total-ridge,control,0.0,division:2026arc,raw_pred_red_win_probability,score_differential_rmse,148.7987326326215,141,lower
baseline,direct-total-ridge,control,0.0,division:2026arc,raw_pred_red_win_probability,mean_bias,-46.37164119219736,282,lower
baseline,direct-total-ridge,control,0.0,division:2026arc,raw_pred_red_win_probability,relative_bias,-0.10431732678291948,282,lower
baseline,direct-total-ridge,control,0.0,division:2026arc,raw_pred_red_win_probability,winner_accuracy,0.7285714285714285,140,higher
baseline,direct-total-ridge,control,0.0,division:2026arc,raw_pred_red_win_probability,winner_brier,0.19187704335022024,140,lower
baseline,direct-total-ridge,control,0.0,division:2026arc,raw_pred_red_win_probability,winner_log_loss,0.5789080942175631,140,lower
baseline,direct-total-ridge,control,0.0,division:2026arc,raw_pred_red_win_probability,winner_ece,0.10970262623810016,140,lower
baseline,direct-total-ridge,control,0.0,division:2026arc,transferred_platt_red_win_probability,alliance_score_mae,97.77952153252608,282,lower
baseline,direct-total-ridge,control,0.0,division:2026arc,transferred_platt_red_win_probability,alliance_score_rmse,122.12789006699684,282,lower
baseline,direct-total-ridge,control,0.0,division:2026arc,transferred_platt_red_win_probability,score_differential_mae,118.70644989454844,141,lower
baseline,direct-total-ridge,control,0.0,division:2026arc,transferred_platt_red_win_probability,score_differential_rmse,148.7987326326215,141,lower
baseline,direct-total-ridge,control,0.0,division:2026arc,transferred_platt_red_win_probability,mean_bias,-46.37164119219736,282,lower
baseline,direct-total-ridge,control,0.0,division:2026arc,transferred_platt_red_win_probability,relative_bias,-0.10431732678291948,282,lower
baseline,direct-total-ridge,control,0.0,division:2026arc,transferred_platt_red_win_probability,winner_accuracy,0.7285714285714285,140,higher
baseline,direct-total-ridge,control,0.0,division:2026arc,transferred_platt_red_win_probability,winner_brier,0.19187704335022024,140,lower
baseline,direct-total-ridge,control,0.0,division:2026arc,transferred_platt_red_win_probability,winner_log_loss,0.5789080942175631,140,lower
baseline,direct-total-ridge,control,0.0,division:2026arc,transferred_platt_red_win_probability,winner_ece,0.10970262623810016,140,lower
baseline,direct-total-ridge,control,0.0,division:2026arc,transferred_score_red_win_probability,alliance_score_mae,97.77952153252608,282,lower
baseline,direct-total-ridge,control,0.0,division:2026arc,transferred_score_red_win_probability,alliance_score_rmse,122.12789006699684,282,lower
baseline,direct-total-ridge,control,0.0,division:2026arc,transferred_score_red_win_probability,score_differential_mae,118.70644989454844,141,lower
baseline,direct-total-ridge,control,0.0,division:2026arc,transferred_score_red_win_probability,score_differential_rmse,148.7987326326215,141,lower
baseline,direct-total-ridge,control,0.0,division:2026arc,transferred_score_red_win_probability,mean_bias,-46.37164119219736,282,lower
baseline,direct-total-ridge,control,0.0,division:2026arc,transferred_score_red_win_probability,relative_bias,-0.10431732678291948,282,lower
baseline,direct-total-ridge,control,0.0,division:2026arc,transferred_score_red_win_probability,winner_accuracy,0.7285714285714285,140,higher
baseline,direct-total-ridge,control,0.0,division:2026arc,transferred_score_red_win_probability,winner_brier,0.19187704335022024,140,lower
baseline,direct-total-ridge,control,0.0,division:2026arc,transferred_score_red_win_probability,winner_log_loss,0.5789080942175631,140,lower
baseline,direct-total-ridge,control,0.0,division:2026arc,transferred_score_red_win_probability,winner_ece,0.10970262623810016,140,lower
baseline,direct-total-ridge,control,0.0,division:2026cur,raw_pred_red_win_probability,alliance_score_mae,98.40072071691867,278,lower
baseline,direct-total-ridge,control,0.0,division:2026cur,raw_pred_red_win_probability,alliance_score_rmse,126.06341078484867,278,lower
baseline,direct-total-ridge,control,0.0,division:2026cur,raw_pred_red_win_probability,score_differential_mae,109.8289612380022,139,lower
baseline,direct-total-ridge,control,0.0,division:2026cur,raw_pred_red_win_probability,score_differential_rmse,137.31130195958409,139,lower
baseline,direct-total-ridge,control,0.0,division:2026cur,raw_pred_red_win_probability,mean_bias,-62.32446444737664,278,lower
baseline,direct-total-ridge,control,0.0,division:2026cur,raw_pred_red_win_probability,relative_bias,-0.14365238215410328,278,lower
baseline,direct-total-ridge,control,0.0,division:2026cur,raw_pred_red_win_probability,winner_accuracy,0.7482014388489209,139,higher
baseline,direct-total-ridge,control,0.0,division:2026cur,raw_pred_red_win_probability,winner_brier,0.17194545326837454,139,lower
baseline,direct-total-ridge,control,0.0,division:2026cur,raw_pred_red_win_probability,winner_log_loss,0.5186209608369997,139,lower
baseline,direct-total-ridge,control,0.0,division:2026cur,raw_pred_red_win_probability,winner_ece,0.06314203002355419,139,lower
baseline,direct-total-ridge,control,0.0,division:2026cur,transferred_platt_red_win_probability,alliance_score_mae,98.40072071691867,278,lower
baseline,direct-total-ridge,control,0.0,division:2026cur,transferred_platt_red_win_probability,alliance_score_rmse,126.06341078484867,278,lower
baseline,direct-total-ridge,control,0.0,division:2026cur,transferred_platt_red_win_probability,score_differential_mae,109.8289612380022,139,lower
baseline,direct-total-ridge,control,0.0,division:2026cur,transferred_platt_red_win_probability,score_differential_rmse,137.31130195958409,139,lower
baseline,direct-total-ridge,control,0.0,division:2026cur,transferred_platt_red_win_probability,mean_bias,-62.32446444737664,278,lower
baseline,direct-total-ridge,control,0.0,division:2026cur,transferred_platt_red_win_probability,relative_bias,-0.14365238215410328,278,lower
baseline,direct-total-ridge,control,0.0,division:2026cur,transferred_platt_red_win_probability,winner_accuracy,0.7482014388489209,139,higher
baseline,direct-total-ridge,control,0.0,division:2026cur,transferred_platt_red_win_probability,winner_brier,0.17194545326837454,139,lower
baseline,direct-total-ridge,control,0.0,division:2026cur,transferred_platt_red_win_probability,winner_log_loss,0.5186209608369997,139,lower
baseline,direct-total-ridge,control,0.0,division:2026cur,transferred_platt_red_win_probability,winner_ece,0.06314203002355419,139,lower
baseline,direct-total-ridge,control,0.0,division:2026cur,transferred_score_red_win_probability,alliance_score_mae,98.40072071691867,278,lower
baseline,direct-total-ridge,control,0.0,division:2026cur,transferred_score_red_win_probability,alliance_score_rmse,126.06341078484867,278,lower
baseline,direct-total-ridge,control,0.0,division:2026cur,transferred_score_red_win_probability,score_differential_mae,109.8289612380022,139,lower
baseline,direct-total-ridge,control,0.0,division:2026cur,transferred_score_red_win_probability,score_differential_rmse,137.31130195958409,139,lower
baseline,direct-total-ridge,control,0.0,division:2026cur,transferred_score_red_win_probability,mean_bias,-62.32446444737664,278,lower
baseline,direct-total-ridge,control,0.0,division:2026cur,transferred_score_red_win_probability,relative_bias,-0.14365238215410328,278,lower
baseline,direct-total-ridge,control,0.0,division:2026cur,transferred_score_red_win_probability,winner_accuracy,0.7482014388489209,139,higher
baseline,direct-total-ridge,control,0.0,division:2026cur,transferred_score_red_win_probability,winner_brier,0.17194545326837454,139,lower
baseline,direct-total-ridge,control,0.0,division:2026cur,transferred_score_red_win_probability,winner_log_loss,0.5186209608369997,139,lower
baseline,direct-total-ridge,control,0.0,division:2026cur,transferred_score_red_win_probability,winner_ece,0.06314203002355419,139,lower
baseline,direct-total-ridge,control,0.0,division:2026dal,raw_pred_red_win_probability,alliance_score_mae,84.07394206871966,280,lower
baseline,direct-total-ridge,control,0.0,division:2026dal,raw_pred_red_win_probability,alliance_score_rmse,108.31882164894323,280,lower
baseline,direct-total-ridge,control,0.0,division:2026dal,raw_pred_red_win_probability,score_differential_mae,110.22923260172416,140,lower
baseline,direct-total-ridge,control,0.0,division:2026dal,raw_pred_red_win_probability,score_differential_rmse,139.22044423653776,140,lower
baseline,direct-total-ridge,control,0.0,division:2026dal,raw_pred_red_win_probability,mean_bias,-37.77617136144688,280,lower
baseline,direct-total-ridge,control,0.0,division:2026dal,raw_pred_red_win_probability,relative_bias,-0.09265840865151573,280,lower
baseline,direct-total-ridge,control,0.0,division:2026dal,raw_pred_red_win_probability,winner_accuracy,0.7142857142857143,140,higher
baseline,direct-total-ridge,control,0.0,division:2026dal,raw_pred_red_win_probability,winner_brier,0.16532617626512786,140,lower
baseline,direct-total-ridge,control,0.0,division:2026dal,raw_pred_red_win_probability,winner_log_loss,0.47853603682791096,140,lower
baseline,direct-total-ridge,control,0.0,division:2026dal,raw_pred_red_win_probability,winner_ece,0.08241421556635087,140,lower
baseline,direct-total-ridge,control,0.0,division:2026dal,transferred_platt_red_win_probability,alliance_score_mae,84.07394206871966,280,lower
baseline,direct-total-ridge,control,0.0,division:2026dal,transferred_platt_red_win_probability,alliance_score_rmse,108.31882164894323,280,lower
baseline,direct-total-ridge,control,0.0,division:2026dal,transferred_platt_red_win_probability,score_differential_mae,110.22923260172416,140,lower
baseline,direct-total-ridge,control,0.0,division:2026dal,transferred_platt_red_win_probability,score_differential_rmse,139.22044423653776,140,lower
baseline,direct-total-ridge,control,0.0,division:2026dal,transferred_platt_red_win_probability,mean_bias,-37.77617136144688,280,lower
baseline,direct-total-ridge,control,0.0,division:2026dal,transferred_platt_red_win_probability,relative_bias,-0.09265840865151573,280,lower
baseline,direct-total-ridge,control,0.0,division:2026dal,transferred_platt_red_win_probability,winner_accuracy,0.7142857142857143,140,higher
baseline,direct-total-ridge,control,0.0,division:2026dal,transferred_platt_red_win_probability,winner_brier,0.16532617626512786,140,lower
baseline,direct-total-ridge,control,0.0,division:2026dal,transferred_platt_red_win_probability,winner_log_loss,0.47853603682791096,140,lower
baseline,direct-total-ridge,control,0.0,division:2026dal,transferred_platt_red_win_probability,winner_ece,0.08241421556635087,140,lower
baseline,direct-total-ridge,control,0.0,division:2026dal,transferred_score_red_win_probability,alliance_score_mae,84.07394206871966,280,lower
baseline,direct-total-ridge,control,0.0,division:2026dal,transferred_score_red_win_probability,alliance_score_rmse,108.31882164894323,280,lower
baseline,direct-total-ridge,control,0.0,division:2026dal,transferred_score_red_win_probability,score_differential_mae,110.22923260172416,140,lower
baseline,direct-total-ridge,control,0.0,division:2026dal,transferred_score_red_win_probability,score_differential_rmse,139.22044423653776,140,lower
baseline,direct-total-ridge,control,0.0,division:2026dal,transferred_score_red_win_probability,mean_bias,-37.77617136144688,280,lower
baseline,direct-total-ridge,control,0.0,division:2026dal,transferred_score_red_win_probability,relative_bias,-0.09265840865151573,280,lower
baseline,direct-total-ridge,control,0.0,division:2026dal,transferred_score_red_win_probability,winner_accuracy,0.7142857142857143,140,higher
baseline,direct-total-ridge,control,0.0,division:2026dal,transferred_score_red_win_probability,winner_brier,0.16532617626512786,140,lower
baseline,direct-total-ridge,control,0.0,division:2026dal,transferred_score_red_win_probability,winner_log_loss,0.47853603682791096,140,lower
baseline,direct-total-ridge,control,0.0,division:2026dal,transferred_score_red_win_probability,winner_ece,0.08241421556635087,140,lower
baseline,direct-total-ridge,control,0.0,division:2026gal,raw_pred_red_win_probability,alliance_score_mae,126.77664797388593,280,lower
baseline,direct-total-ridge,control,0.0,division:2026gal,raw_pred_red_win_probability,alliance_score_rmse,161.2737657121705,280,lower
baseline,direct-total-ridge,control,0.0,division:2026gal,raw_pred_red_win_probability,score_differential_mae,145.68265699648467,140,lower
baseline,direct-total-ridge,control,0.0,division:2026gal,raw_pred_red_win_probability,score_differential_rmse,186.73296330442915,140,lower
baseline,direct-total-ridge,control,0.0,division:2026gal,raw_pred_red_win_probability,mean_bias,-100.0247364992464,280,lower
baseline,direct-total-ridge,control,0.0,division:2026gal,raw_pred_red_win_probability,relative_bias,-0.2351329954394556,280,lower
baseline,direct-total-ridge,control,0.0,division:2026gal,raw_pred_red_win_probability,winner_accuracy,0.6330935251798561,139,higher
baseline,direct-total-ridge,control,0.0,division:2026gal,raw_pred_red_win_probability,winner_brier,0.23842868889560848,139,lower
baseline,direct-total-ridge,control,0.0,division:2026gal,raw_pred_red_win_probability,winner_log_loss,0.7031046779496292,139,lower
baseline,direct-total-ridge,control,0.0,division:2026gal,raw_pred_red_win_probability,winner_ece,0.13774006095137278,139,lower
baseline,direct-total-ridge,control,0.0,division:2026gal,transferred_platt_red_win_probability,alliance_score_mae,126.77664797388593,280,lower
baseline,direct-total-ridge,control,0.0,division:2026gal,transferred_platt_red_win_probability,alliance_score_rmse,161.2737657121705,280,lower
baseline,direct-total-ridge,control,0.0,division:2026gal,transferred_platt_red_win_probability,score_differential_mae,145.68265699648467,140,lower
baseline,direct-total-ridge,control,0.0,division:2026gal,transferred_platt_red_win_probability,score_differential_rmse,186.73296330442915,140,lower
baseline,direct-total-ridge,control,0.0,division:2026gal,transferred_platt_red_win_probability,mean_bias,-100.0247364992464,280,lower
baseline,direct-total-ridge,control,0.0,division:2026gal,transferred_platt_red_win_probability,relative_bias,-0.2351329954394556,280,lower
baseline,direct-total-ridge,control,0.0,division:2026gal,transferred_platt_red_win_probability,winner_accuracy,0.6330935251798561,139,higher
baseline,direct-total-ridge,control,0.0,division:2026gal,transferred_platt_red_win_probability,winner_brier,0.23842868889560848,139,lower
baseline,direct-total-ridge,control,0.0,division:2026gal,transferred_platt_red_win_probability,winner_log_loss,0.7031046779496292,139,lower
baseline,direct-total-ridge,control,0.0,division:2026gal,transferred_platt_red_win_probability,winner_ece,0.13774006095137278,139,lower
baseline,direct-total-ridge,control,0.0,division:2026gal,transferred_score_red_win_probability,alliance_score_mae,126.77664797388593,280,lower
baseline,direct-total-ridge,control,0.0,division:2026gal,transferred_score_red_win_probability,alliance_score_rmse,161.2737657121705,280,lower
baseline,direct-total-ridge,control,0.0,division:2026gal,transferred_score_red_win_probability,score_differential_mae,145.68265699648467,140,lower
baseline,direct-total-ridge,control,0.0,division:2026gal,transferred_score_red_win_probability,score_differential_rmse,186.73296330442915,140,lower
baseline,direct-total-ridge,control,0.0,division:2026gal,transferred_score_red_win_probability,mean_bias,-100.0247364992464,280,lower
baseline,direct-total-ridge,control,0.0,division:2026gal,transferred_score_red_win_probability,relative_bias,-0.2351329954394556,280,lower
baseline,direct-total-ridge,control,0.0,division:2026gal,transferred_score_red_win_probability,winner_accuracy,0.6330935251798561,139,higher
baseline,direct-total-ridge,control,0.0,division:2026gal,transferred_score_red_win_probability,winner_brier,0.23842868889560848,139,lower
baseline,direct-total-ridge,control,0.0,division:2026gal,transferred_score_red_win_probability,winner_log_loss,0.7031046779496292,139,lower
baseline,direct-total-ridge,control,0.0,division:2026gal,transferred_score_red_win_probability,winner_ece,0.13774006095137278,139,lower
baseline,direct-total-ridge,control,0.0,division:2026hop,raw_pred_red_win_probability,alliance_score_mae,108.420557766121,280,lower
baseline,direct-total-ridge,control,0.0,division:2026hop,raw_pred_red_win_probability,alliance_score_rmse,133.7298420216926,280,lower
baseline,direct-total-ridge,control,0.0,division:2026hop,raw_pred_red_win_probability,score_differential_mae,118.86103985052968,140,lower
baseline,direct-total-ridge,control,0.0,division:2026hop,raw_pred_red_win_probability,score_differential_rmse,147.53560663135653,140,lower
baseline,direct-total-ridge,control,0.0,division:2026hop,raw_pred_red_win_probability,mean_bias,-72.95997613208297,280,lower
baseline,direct-total-ridge,control,0.0,division:2026hop,raw_pred_red_win_probability,relative_bias,-0.15819595865586075,280,lower
baseline,direct-total-ridge,control,0.0,division:2026hop,raw_pred_red_win_probability,winner_accuracy,0.75,140,higher
baseline,direct-total-ridge,control,0.0,division:2026hop,raw_pred_red_win_probability,winner_brier,0.17590054133071242,140,lower
baseline,direct-total-ridge,control,0.0,division:2026hop,raw_pred_red_win_probability,winner_log_loss,0.5266655977642518,140,lower
baseline,direct-total-ridge,control,0.0,division:2026hop,raw_pred_red_win_probability,winner_ece,0.08132568982651261,140,lower
baseline,direct-total-ridge,control,0.0,division:2026hop,transferred_platt_red_win_probability,alliance_score_mae,108.420557766121,280,lower
baseline,direct-total-ridge,control,0.0,division:2026hop,transferred_platt_red_win_probability,alliance_score_rmse,133.7298420216926,280,lower
baseline,direct-total-ridge,control,0.0,division:2026hop,transferred_platt_red_win_probability,score_differential_mae,118.86103985052968,140,lower
baseline,direct-total-ridge,control,0.0,division:2026hop,transferred_platt_red_win_probability,score_differential_rmse,147.53560663135653,140,lower
baseline,direct-total-ridge,control,0.0,division:2026hop,transferred_platt_red_win_probability,mean_bias,-72.95997613208297,280,lower
baseline,direct-total-ridge,control,0.0,division:2026hop,transferred_platt_red_win_probability,relative_bias,-0.15819595865586075,280,lower
baseline,direct-total-ridge,control,0.0,division:2026hop,transferred_platt_red_win_probability,winner_accuracy,0.75,140,higher
baseline,direct-total-ridge,control,0.0,division:2026hop,transferred_platt_red_win_probability,winner_brier,0.17590054133071242,140,lower
baseline,direct-total-ridge,control,0.0,division:2026hop,transferred_platt_red_win_probability,winner_log_loss,0.5266655977642518,140,lower
baseline,direct-total-ridge,control,0.0,division:2026hop,transferred_platt_red_win_probability,winner_ece,0.08132568982651261,140,lower
baseline,direct-total-ridge,control,0.0,division:2026hop,transferred_score_red_win_probability,alliance_score_mae,108.420557766121,280,lower
baseline,direct-total-ridge,control,0.0,division:2026hop,transferred_score_red_win_probability,alliance_score_rmse,133.7298420216926,280,lower
baseline,direct-total-ridge,control,0.0,division:2026hop,transferred_score_red_win_probability,score_differential_mae,118.86103985052968,140,lower
baseline,direct-total-ridge,control,0.0,division:2026hop,transferred_score_red_win_probability,score_differential_rmse,147.53560663135653,140,lower
baseline,direct-total-ridge,control,0.0,division:2026hop,transferred_score_red_win_probability,mean_bias,-72.95997613208297,280,lower
baseline,direct-total-ridge,control,0.0,division:2026hop,transferred_score_red_win_probability,relative_bias,-0.15819595865586075,280,lower
baseline,direct-total-ridge,control,0.0,division:2026hop,transferred_score_red_win_probability,winner_accuracy,0.75,140,higher
baseline,direct-total-ridge,control,0.0,division:2026hop,transferred_score_red_win_probability,winner_brier,0.17590054133071242,140,lower
baseline,direct-total-ridge,control,0.0,division:2026hop,transferred_score_red_win_probability,winner_log_loss,0.5266655977642518,140,lower
baseline,direct-total-ridge,control,0.0,division:2026hop,transferred_score_red_win_probability,winner_ece,0.08132568982651261,140,lower
baseline,direct-total-ridge,control,0.0,division:2026joh,raw_pred_red_win_probability,alliance_score_mae,96.29401541853083,280,lower
baseline,direct-total-ridge,control,0.0,division:2026joh,raw_pred_red_win_probability,alliance_score_rmse,121.48051336093513,280,lower
baseline,direct-total-ridge,control,0.0,division:2026joh,raw_pred_red_win_probability,score_differential_mae,112.0330363630955,140,lower
baseline,direct-total-ridge,control,0.0,division:2026joh,raw_pred_red_win_probability,score_differential_rmse,142.82661801900164,140,lower
baseline,direct-total-ridge,control,0.0,division:2026joh,raw_pred_red_win_probability,mean_bias,-42.026108041213384,280,lower
baseline,direct-total-ridge,control,0.0,division:2026joh,raw_pred_red_win_probability,relative_bias,-0.10122417420679353,280,lower
baseline,direct-total-ridge,control,0.0,division:2026joh,raw_pred_red_win_probability,winner_accuracy,0.7857142857142857,140,higher
baseline,direct-total-ridge,control,0.0,division:2026joh,raw_pred_red_win_probability,winner_brier,0.17495509320333413,140,lower
baseline,direct-total-ridge,control,0.0,division:2026joh,raw_pred_red_win_probability,winner_log_loss,0.5431249335012136,140,lower
baseline,direct-total-ridge,control,0.0,division:2026joh,raw_pred_red_win_probability,winner_ece,0.10483128200459513,140,lower
baseline,direct-total-ridge,control,0.0,division:2026joh,transferred_platt_red_win_probability,alliance_score_mae,96.29401541853083,280,lower
baseline,direct-total-ridge,control,0.0,division:2026joh,transferred_platt_red_win_probability,alliance_score_rmse,121.48051336093513,280,lower
baseline,direct-total-ridge,control,0.0,division:2026joh,transferred_platt_red_win_probability,score_differential_mae,112.0330363630955,140,lower
baseline,direct-total-ridge,control,0.0,division:2026joh,transferred_platt_red_win_probability,score_differential_rmse,142.82661801900164,140,lower
baseline,direct-total-ridge,control,0.0,division:2026joh,transferred_platt_red_win_probability,mean_bias,-42.026108041213384,280,lower
baseline,direct-total-ridge,control,0.0,division:2026joh,transferred_platt_red_win_probability,relative_bias,-0.10122417420679353,280,lower
baseline,direct-total-ridge,control,0.0,division:2026joh,transferred_platt_red_win_probability,winner_accuracy,0.7857142857142857,140,higher
baseline,direct-total-ridge,control,0.0,division:2026joh,transferred_platt_red_win_probability,winner_brier,0.17495509320333413,140,lower
baseline,direct-total-ridge,control,0.0,division:2026joh,transferred_platt_red_win_probability,winner_log_loss,0.5431249335012136,140,lower
baseline,direct-total-ridge,control,0.0,division:2026joh,transferred_platt_red_win_probability,winner_ece,0.10483128200459513,140,lower
baseline,direct-total-ridge,control,0.0,division:2026joh,transferred_score_red_win_probability,alliance_score_mae,96.29401541853083,280,lower
baseline,direct-total-ridge,control,0.0,division:2026joh,transferred_score_red_win_probability,alliance_score_rmse,121.48051336093513,280,lower
baseline,direct-total-ridge,control,0.0,division:2026joh,transferred_score_red_win_probability,score_differential_mae,112.0330363630955,140,lower
baseline,direct-total-ridge,control,0.0,division:2026joh,transferred_score_red_win_probability,score_differential_rmse,142.82661801900164,140,lower
baseline,direct-total-ridge,control,0.0,division:2026joh,transferred_score_red_win_probability,mean_bias,-42.026108041213384,280,lower
baseline,direct-total-ridge,control,0.0,division:2026joh,transferred_score_red_win_probability,relative_bias,-0.10122417420679353,280,lower
baseline,direct-total-ridge,control,0.0,division:2026joh,transferred_score_red_win_probability,winner_accuracy,0.7857142857142857,140,higher
baseline,direct-total-ridge,control,0.0,division:2026joh,transferred_score_red_win_probability,winner_brier,0.17495509320333413,140,lower
baseline,direct-total-ridge,control,0.0,division:2026joh,transferred_score_red_win_probability,winner_log_loss,0.5431249335012136,140,lower
baseline,direct-total-ridge,control,0.0,division:2026joh,transferred_score_red_win_probability,winner_ece,0.10483128200459513,140,lower
baseline,direct-total-ridge,control,0.0,division:2026mil,raw_pred_red_win_probability,alliance_score_mae,95.38827756644133,278,lower
baseline,direct-total-ridge,control,0.0,division:2026mil,raw_pred_red_win_probability,alliance_score_rmse,117.6949831173646,278,lower
baseline,direct-total-ridge,control,0.0,division:2026mil,raw_pred_red_win_probability,score_differential_mae,115.42375028998279,139,lower
baseline,direct-total-ridge,control,0.0,division:2026mil,raw_pred_red_win_probability,score_differential_rmse,143.25132619165822,139,lower
baseline,direct-total-ridge,control,0.0,division:2026mil,raw_pred_red_win_probability,mean_bias,-62.245911754709475,278,lower
baseline,direct-total-ridge,control,0.0,division:2026mil,raw_pred_red_win_probability,relative_bias,-0.15120376313139383,278,lower
baseline,direct-total-ridge,control,0.0,division:2026mil,raw_pred_red_win_probability,winner_accuracy,0.7482014388489209,139,higher
baseline,direct-total-ridge,control,0.0,division:2026mil,raw_pred_red_win_probability,winner_brier,0.16326390526036644,139,lower
baseline,direct-total-ridge,control,0.0,division:2026mil,raw_pred_red_win_probability,winner_log_loss,0.4961375501255155,139,lower
baseline,direct-total-ridge,control,0.0,division:2026mil,raw_pred_red_win_probability,winner_ece,0.09524190280490233,139,lower
baseline,direct-total-ridge,control,0.0,division:2026mil,transferred_platt_red_win_probability,alliance_score_mae,95.38827756644133,278,lower
baseline,direct-total-ridge,control,0.0,division:2026mil,transferred_platt_red_win_probability,alliance_score_rmse,117.6949831173646,278,lower
baseline,direct-total-ridge,control,0.0,division:2026mil,transferred_platt_red_win_probability,score_differential_mae,115.42375028998279,139,lower
baseline,direct-total-ridge,control,0.0,division:2026mil,transferred_platt_red_win_probability,score_differential_rmse,143.25132619165822,139,lower
baseline,direct-total-ridge,control,0.0,division:2026mil,transferred_platt_red_win_probability,mean_bias,-62.245911754709475,278,lower
baseline,direct-total-ridge,control,0.0,division:2026mil,transferred_platt_red_win_probability,relative_bias,-0.15120376313139383,278,lower
baseline,direct-total-ridge,control,0.0,division:2026mil,transferred_platt_red_win_probability,winner_accuracy,0.7482014388489209,139,higher
baseline,direct-total-ridge,control,0.0,division:2026mil,transferred_platt_red_win_probability,winner_brier,0.16326390526036644,139,lower
baseline,direct-total-ridge,control,0.0,division:2026mil,transferred_platt_red_win_probability,winner_log_loss,0.4961375501255155,139,lower
baseline,direct-total-ridge,control,0.0,division:2026mil,transferred_platt_red_win_probability,winner_ece,0.09524190280490233,139,lower
baseline,direct-total-ridge,control,0.0,division:2026mil,transferred_score_red_win_probability,alliance_score_mae,95.38827756644133,278,lower
baseline,direct-total-ridge,control,0.0,division:2026mil,transferred_score_red_win_probability,alliance_score_rmse,117.6949831173646,278,lower
baseline,direct-total-ridge,control,0.0,division:2026mil,transferred_score_red_win_probability,score_differential_mae,115.42375028998279,139,lower
baseline,direct-total-ridge,control,0.0,division:2026mil,transferred_score_red_win_probability,score_differential_rmse,143.25132619165822,139,lower
baseline,direct-total-ridge,control,0.0,division:2026mil,transferred_score_red_win_probability,mean_bias,-62.245911754709475,278,lower
baseline,direct-total-ridge,control,0.0,division:2026mil,transferred_score_red_win_probability,relative_bias,-0.15120376313139383,278,lower
baseline,direct-total-ridge,control,0.0,division:2026mil,transferred_score_red_win_probability,winner_accuracy,0.7482014388489209,139,higher
baseline,direct-total-ridge,control,0.0,division:2026mil,transferred_score_red_win_probability,winner_brier,0.16326390526036644,139,lower
baseline,direct-total-ridge,control,0.0,division:2026mil,transferred_score_red_win_probability,winner_log_loss,0.4961375501255155,139,lower
baseline,direct-total-ridge,control,0.0,division:2026mil,transferred_score_red_win_probability,winner_ece,0.09524190280490233,139,lower
baseline,direct-total-ridge,control,0.0,division:2026new,raw_pred_red_win_probability,alliance_score_mae,114.25853820327853,280,lower
baseline,direct-total-ridge,control,0.0,division:2026new,raw_pred_red_win_probability,alliance_score_rmse,140.62709347145093,280,lower
baseline,direct-total-ridge,control,0.0,division:2026new,raw_pred_red_win_probability,score_differential_mae,119.75356472760741,140,lower
baseline,direct-total-ridge,control,0.0,division:2026new,raw_pred_red_win_probability,score_differential_rmse,153.38772842390193,140,lower
baseline,direct-total-ridge,control,0.0,division:2026new,raw_pred_red_win_probability,mean_bias,-81.73903190925182,280,lower
baseline,direct-total-ridge,control,0.0,division:2026new,raw_pred_red_win_probability,relative_bias,-0.17295474865366253,280,lower
baseline,direct-total-ridge,control,0.0,division:2026new,raw_pred_red_win_probability,winner_accuracy,0.6714285714285714,140,higher
baseline,direct-total-ridge,control,0.0,division:2026new,raw_pred_red_win_probability,winner_brier,0.19839563852504902,140,lower
baseline,direct-total-ridge,control,0.0,division:2026new,raw_pred_red_win_probability,winner_log_loss,0.5706899101453335,140,lower
baseline,direct-total-ridge,control,0.0,division:2026new,raw_pred_red_win_probability,winner_ece,0.12642028380258102,140,lower
baseline,direct-total-ridge,control,0.0,division:2026new,transferred_platt_red_win_probability,alliance_score_mae,114.25853820327853,280,lower
baseline,direct-total-ridge,control,0.0,division:2026new,transferred_platt_red_win_probability,alliance_score_rmse,140.62709347145093,280,lower
baseline,direct-total-ridge,control,0.0,division:2026new,transferred_platt_red_win_probability,score_differential_mae,119.75356472760741,140,lower
baseline,direct-total-ridge,control,0.0,division:2026new,transferred_platt_red_win_probability,score_differential_rmse,153.38772842390193,140,lower
baseline,direct-total-ridge,control,0.0,division:2026new,transferred_platt_red_win_probability,mean_bias,-81.73903190925182,280,lower
baseline,direct-total-ridge,control,0.0,division:2026new,transferred_platt_red_win_probability,relative_bias,-0.17295474865366253,280,lower
baseline,direct-total-ridge,control,0.0,division:2026new,transferred_platt_red_win_probability,winner_accuracy,0.6714285714285714,140,higher
baseline,direct-total-ridge,control,0.0,division:2026new,transferred_platt_red_win_probability,winner_brier,0.19839563852504902,140,lower
baseline,direct-total-ridge,control,0.0,division:2026new,transferred_platt_red_win_probability,winner_log_loss,0.5706899101453335,140,lower
baseline,direct-total-ridge,control,0.0,division:2026new,transferred_platt_red_win_probability,winner_ece,0.12642028380258102,140,lower
baseline,direct-total-ridge,control,0.0,division:2026new,transferred_score_red_win_probability,alliance_score_mae,114.25853820327853,280,lower
baseline,direct-total-ridge,control,0.0,division:2026new,transferred_score_red_win_probability,alliance_score_rmse,140.62709347145093,280,lower
baseline,direct-total-ridge,control,0.0,division:2026new,transferred_score_red_win_probability,score_differential_mae,119.75356472760741,140,lower
baseline,direct-total-ridge,control,0.0,division:2026new,transferred_score_red_win_probability,score_differential_rmse,153.38772842390193,140,lower
baseline,direct-total-ridge,control,0.0,division:2026new,transferred_score_red_win_probability,mean_bias,-81.73903190925182,280,lower
baseline,direct-total-ridge,control,0.0,division:2026new,transferred_score_red_win_probability,relative_bias,-0.17295474865366253,280,lower
baseline,direct-total-ridge,control,0.0,division:2026new,transferred_score_red_win_probability,winner_accuracy,0.6714285714285714,140,higher
baseline,direct-total-ridge,control,0.0,division:2026new,transferred_score_red_win_probability,winner_brier,0.19839563852504902,140,lower
baseline,direct-total-ridge,control,0.0,division:2026new,transferred_score_red_win_probability,winner_log_loss,0.5706899101453335,140,lower
baseline,direct-total-ridge,control,0.0,division:2026new,transferred_score_red_win_probability,winner_ece,0.12642028380258102,140,lower
baseline,direct-total-ridge,control,0.0,observation:high,raw_pred_red_win_probability,alliance_score_mae,101.11523068599607,2134,lower
baseline,direct-total-ridge,control,0.0,observation:high,raw_pred_red_win_probability,alliance_score_rmse,127.59523151060449,2134,lower
baseline,direct-total-ridge,control,0.0,observation:high,raw_pred_red_win_probability,score_differential_mae,116.95288215935675,1067,lower
baseline,direct-total-ridge,control,0.0,observation:high,raw_pred_red_win_probability,score_differential_rmse,147.25441398552994,1067,lower
baseline,direct-total-ridge,control,0.0,observation:high,raw_pred_red_win_probability,mean_bias,-61.01157265394965,2134,lower
baseline,direct-total-ridge,control,0.0,observation:high,raw_pred_red_win_probability,relative_bias,-0.13978816410084663,2134,lower
baseline,direct-total-ridge,control,0.0,observation:high,raw_pred_red_win_probability,winner_accuracy,0.7211267605633803,1065,higher
baseline,direct-total-ridge,control,0.0,observation:high,raw_pred_red_win_probability,winner_brier,0.18457548688335917,1065,lower
baseline,direct-total-ridge,control,0.0,observation:high,raw_pred_red_win_probability,winner_log_loss,0.5490193602829896,1065,lower
baseline,direct-total-ridge,control,0.0,observation:high,raw_pred_red_win_probability,winner_ece,0.06712712996118667,1065,lower
baseline,direct-total-ridge,control,0.0,observation:high,transferred_platt_red_win_probability,alliance_score_mae,101.11523068599607,2134,lower
baseline,direct-total-ridge,control,0.0,observation:high,transferred_platt_red_win_probability,alliance_score_rmse,127.59523151060449,2134,lower
baseline,direct-total-ridge,control,0.0,observation:high,transferred_platt_red_win_probability,score_differential_mae,116.95288215935675,1067,lower
baseline,direct-total-ridge,control,0.0,observation:high,transferred_platt_red_win_probability,score_differential_rmse,147.25441398552994,1067,lower
baseline,direct-total-ridge,control,0.0,observation:high,transferred_platt_red_win_probability,mean_bias,-61.01157265394965,2134,lower
baseline,direct-total-ridge,control,0.0,observation:high,transferred_platt_red_win_probability,relative_bias,-0.13978816410084663,2134,lower
baseline,direct-total-ridge,control,0.0,observation:high,transferred_platt_red_win_probability,winner_accuracy,0.7211267605633803,1065,higher
baseline,direct-total-ridge,control,0.0,observation:high,transferred_platt_red_win_probability,winner_brier,0.18457548688335917,1065,lower
baseline,direct-total-ridge,control,0.0,observation:high,transferred_platt_red_win_probability,winner_log_loss,0.5490193602829896,1065,lower
baseline,direct-total-ridge,control,0.0,observation:high,transferred_platt_red_win_probability,winner_ece,0.06712712996118667,1065,lower
baseline,direct-total-ridge,control,0.0,observation:high,transferred_score_red_win_probability,alliance_score_mae,101.11523068599607,2134,lower
baseline,direct-total-ridge,control,0.0,observation:high,transferred_score_red_win_probability,alliance_score_rmse,127.59523151060449,2134,lower
baseline,direct-total-ridge,control,0.0,observation:high,transferred_score_red_win_probability,score_differential_mae,116.95288215935675,1067,lower
baseline,direct-total-ridge,control,0.0,observation:high,transferred_score_red_win_probability,score_differential_rmse,147.25441398552994,1067,lower
baseline,direct-total-ridge,control,0.0,observation:high,transferred_score_red_win_probability,mean_bias,-61.01157265394965,2134,lower
baseline,direct-total-ridge,control,0.0,observation:high,transferred_score_red_win_probability,relative_bias,-0.13978816410084663,2134,lower
baseline,direct-total-ridge,control,0.0,observation:high,transferred_score_red_win_probability,winner_accuracy,0.7211267605633803,1065,higher
baseline,direct-total-ridge,control,0.0,observation:high,transferred_score_red_win_probability,winner_brier,0.18457548688335917,1065,lower
baseline,direct-total-ridge,control,0.0,observation:high,transferred_score_red_win_probability,winner_log_loss,0.5490193602829896,1065,lower
baseline,direct-total-ridge,control,0.0,observation:high,transferred_score_red_win_probability,winner_ece,0.06712712996118667,1065,lower
baseline,direct-total-ridge,control,0.0,observation:low,raw_pred_red_win_probability,alliance_score_mae,111.1059089410358,4,lower
baseline,direct-total-ridge,control,0.0,observation:low,raw_pred_red_win_probability,alliance_score_rmse,130.49574157854437,4,lower
baseline,direct-total-ridge,control,0.0,observation:low,raw_pred_red_win_probability,score_differential_mae,84.78055219356929,2,lower
baseline,direct-total-ridge,control,0.0,observation:low,raw_pred_red_win_probability,score_differential_rmse,95.83825956543667,2,lower
baseline,direct-total-ridge,control,0.0,observation:low,raw_pred_red_win_probability,mean_bias,-111.1059089410358,4,lower
baseline,direct-total-ridge,control,0.0,observation:low,raw_pred_red_win_probability,relative_bias,-0.29588790663391695,4,lower
baseline,direct-total-ridge,control,0.0,observation:low,raw_pred_red_win_probability,winner_accuracy,0.5,2,higher
baseline,direct-total-ridge,control,0.0,observation:low,raw_pred_red_win_probability,winner_brier,0.16923704074872656,2,lower
baseline,direct-total-ridge,control,0.0,observation:low,raw_pred_red_win_probability,winner_log_loss,0.46406316970021744,2,lower
baseline,direct-total-ridge,control,0.0,observation:low,raw_pred_red_win_probability,winner_ece,0.32037441182346466,2,lower
baseline,direct-total-ridge,control,0.0,observation:low,transferred_platt_red_win_probability,alliance_score_mae,111.1059089410358,4,lower
baseline,direct-total-ridge,control,0.0,observation:low,transferred_platt_red_win_probability,alliance_score_rmse,130.49574157854437,4,lower
baseline,direct-total-ridge,control,0.0,observation:low,transferred_platt_red_win_probability,score_differential_mae,84.78055219356929,2,lower
baseline,direct-total-ridge,control,0.0,observation:low,transferred_platt_red_win_probability,score_differential_rmse,95.83825956543667,2,lower
baseline,direct-total-ridge,control,0.0,observation:low,transferred_platt_red_win_probability,mean_bias,-111.1059089410358,4,lower
baseline,direct-total-ridge,control,0.0,observation:low,transferred_platt_red_win_probability,relative_bias,-0.29588790663391695,4,lower
baseline,direct-total-ridge,control,0.0,observation:low,transferred_platt_red_win_probability,winner_accuracy,0.5,2,higher
baseline,direct-total-ridge,control,0.0,observation:low,transferred_platt_red_win_probability,winner_brier,0.16923704074872656,2,lower
baseline,direct-total-ridge,control,0.0,observation:low,transferred_platt_red_win_probability,winner_log_loss,0.46406316970021744,2,lower
baseline,direct-total-ridge,control,0.0,observation:low,transferred_platt_red_win_probability,winner_ece,0.32037441182346466,2,lower
baseline,direct-total-ridge,control,0.0,observation:low,transferred_score_red_win_probability,alliance_score_mae,111.1059089410358,4,lower
baseline,direct-total-ridge,control,0.0,observation:low,transferred_score_red_win_probability,alliance_score_rmse,130.49574157854437,4,lower
baseline,direct-total-ridge,control,0.0,observation:low,transferred_score_red_win_probability,score_differential_mae,84.78055219356929,2,lower
baseline,direct-total-ridge,control,0.0,observation:low,transferred_score_red_win_probability,score_differential_rmse,95.83825956543667,2,lower
baseline,direct-total-ridge,control,0.0,observation:low,transferred_score_red_win_probability,mean_bias,-111.1059089410358,4,lower
baseline,direct-total-ridge,control,0.0,observation:low,transferred_score_red_win_probability,relative_bias,-0.29588790663391695,4,lower
baseline,direct-total-ridge,control,0.0,observation:low,transferred_score_red_win_probability,winner_accuracy,0.5,2,higher
baseline,direct-total-ridge,control,0.0,observation:low,transferred_score_red_win_probability,winner_brier,0.16923704074872656,2,lower
baseline,direct-total-ridge,control,0.0,observation:low,transferred_score_red_win_probability,winner_log_loss,0.46406316970021744,2,lower
baseline,direct-total-ridge,control,0.0,observation:low,transferred_score_red_win_probability,winner_ece,0.32037441182346466,2,lower
baseline,direct-total-ridge,control,0.0,observation:medium,raw_pred_red_win_probability,alliance_score_mae,135.73477075816754,100,lower
baseline,direct-total-ridge,control,0.0,observation:medium,raw_pred_red_win_probability,alliance_score_rmse,170.5513243426627,100,lower
baseline,direct-total-ridge,control,0.0,observation:medium,raw_pred_red_win_probability,score_differential_mae,160.15568489244475,50,lower
baseline,direct-total-ridge,control,0.0,observation:medium,raw_pred_red_win_probability,score_differential_rmse,211.29997182589605,50,lower
baseline,direct-total-ridge,control,0.0,observation:medium,raw_pred_red_win_probability,mean_bias,-107.31534425194509,100,lower
baseline,direct-total-ridge,control,0.0,observation:medium,raw_pred_red_win_probability,relative_bias,-0.2788135730110291,100,lower
baseline,direct-total-ridge,control,0.0,observation:medium,raw_pred_red_win_probability,winner_accuracy,0.76,50,higher
baseline,direct-total-ridge,control,0.0,observation:medium,raw_pred_red_win_probability,winner_brier,0.19455899908263397,50,lower
baseline,direct-total-ridge,control,0.0,observation:medium,raw_pred_red_win_probability,winner_log_loss,0.6171735672376406,50,lower
baseline,direct-total-ridge,control,0.0,observation:medium,raw_pred_red_win_probability,winner_ece,0.1931614792374004,50,lower
baseline,direct-total-ridge,control,0.0,observation:medium,transferred_platt_red_win_probability,alliance_score_mae,135.73477075816754,100,lower
baseline,direct-total-ridge,control,0.0,observation:medium,transferred_platt_red_win_probability,alliance_score_rmse,170.5513243426627,100,lower
baseline,direct-total-ridge,control,0.0,observation:medium,transferred_platt_red_win_probability,score_differential_mae,160.15568489244475,50,lower
baseline,direct-total-ridge,control,0.0,observation:medium,transferred_platt_red_win_probability,score_differential_rmse,211.29997182589605,50,lower
baseline,direct-total-ridge,control,0.0,observation:medium,transferred_platt_red_win_probability,mean_bias,-107.31534425194509,100,lower
baseline,direct-total-ridge,control,0.0,observation:medium,transferred_platt_red_win_probability,relative_bias,-0.2788135730110291,100,lower
baseline,direct-total-ridge,control,0.0,observation:medium,transferred_platt_red_win_probability,winner_accuracy,0.76,50,higher
baseline,direct-total-ridge,control,0.0,observation:medium,transferred_platt_red_win_probability,winner_brier,0.19455899908263397,50,lower
baseline,direct-total-ridge,control,0.0,observation:medium,transferred_platt_red_win_probability,winner_log_loss,0.6171735672376406,50,lower
baseline,direct-total-ridge,control,0.0,observation:medium,transferred_platt_red_win_probability,winner_ece,0.1931614792374004,50,lower
baseline,direct-total-ridge,control,0.0,observation:medium,transferred_score_red_win_probability,alliance_score_mae,135.73477075816754,100,lower
baseline,direct-total-ridge,control,0.0,observation:medium,transferred_score_red_win_probability,alliance_score_rmse,170.5513243426627,100,lower
baseline,direct-total-ridge,control,0.0,observation:medium,transferred_score_red_win_probability,score_differential_mae,160.15568489244475,50,lower
baseline,direct-total-ridge,control,0.0,observation:medium,transferred_score_red_win_probability,score_differential_rmse,211.29997182589605,50,lower
baseline,direct-total-ridge,control,0.0,observation:medium,transferred_score_red_win_probability,mean_bias,-107.31534425194509,100,lower
baseline,direct-total-ridge,control,0.0,observation:medium,transferred_score_red_win_probability,relative_bias,-0.2788135730110291,100,lower
baseline,direct-total-ridge,control,0.0,observation:medium,transferred_score_red_win_probability,winner_accuracy,0.76,50,higher
baseline,direct-total-ridge,control,0.0,observation:medium,transferred_score_red_win_probability,winner_brier,0.19455899908263397,50,lower
baseline,direct-total-ridge,control,0.0,observation:medium,transferred_score_red_win_probability,winner_log_loss,0.6171735672376406,50,lower
baseline,direct-total-ridge,control,0.0,observation:medium,transferred_score_red_win_probability,winner_ece,0.1931614792374004,50,lower
baseline,mean-total,control,0.0,primary-clean,raw_pred_red_win_probability,alliance_score_mae,258.8853906995487,2216,lower
baseline,mean-total,control,0.0,primary-clean,raw_pred_red_win_probability,alliance_score_rmse,296.65002538839656,2216,lower
baseline,mean-total,control,0.0,primary-clean,raw_pred_red_win_probability,score_differential_mae,164.66696750902528,1108,lower
baseline,mean-total,control,0.0,primary-clean,raw_pred_red_win_probability,score_differential_rmse,207.94796584288807,1108,lower
baseline,mean-total,control,0.0,primary-clean,raw_pred_red_win_probability,mean_bias,-254.71435927452268,2216,lower
baseline,mean-total,control,0.0,primary-clean,raw_pred_red_win_probability,relative_bias,-0.5860201810783806,2216,lower
baseline,mean-total,control,0.0,primary-clean,raw_pred_red_win_probability,winner_accuracy,0.5226039783001808,1106,higher
baseline,mean-total,control,0.0,primary-clean,raw_pred_red_win_probability,winner_brier,0.24950639974127806,1106,lower
baseline,mean-total,control,0.0,primary-clean,raw_pred_red_win_probability,winner_log_loss,0.6921597213985375,1106,lower
baseline,mean-total,control,0.0,primary-clean,raw_pred_red_win_probability,winner_ece,0.004164081684248866,1106,lower
baseline,mean-total,control,0.0,primary-clean,transferred_platt_red_win_probability,alliance_score_mae,258.8853906995487,2216,lower
baseline,mean-total,control,0.0,primary-clean,transferred_platt_red_win_probability,alliance_score_rmse,296.65002538839656,2216,lower
baseline,mean-total,control,0.0,primary-clean,transferred_platt_red_win_probability,score_differential_mae,164.66696750902528,1108,lower
baseline,mean-total,control,0.0,primary-clean,transferred_platt_red_win_probability,score_differential_rmse,207.94796584288807,1108,lower
baseline,mean-total,control,0.0,primary-clean,transferred_platt_red_win_probability,mean_bias,-254.71435927452268,2216,lower
baseline,mean-total,control,0.0,primary-clean,transferred_platt_red_win_probability,relative_bias,-0.5860201810783806,2216,lower
baseline,mean-total,control,0.0,primary-clean,transferred_platt_red_win_probability,winner_accuracy,0.5226039783001808,1106,higher
baseline,mean-total,control,0.0,primary-clean,transferred_platt_red_win_probability,winner_brier,0.24950639974127806,1106,lower
baseline,mean-total,control,0.0,primary-clean,transferred_platt_red_win_probability,winner_log_loss,0.6921597213985375,1106,lower
baseline,mean-total,control,0.0,primary-clean,transferred_platt_red_win_probability,winner_ece,0.004164081684248866,1106,lower
baseline,mean-total,control,0.0,primary-clean,transferred_score_red_win_probability,alliance_score_mae,258.8853906995487,2216,lower
baseline,mean-total,control,0.0,primary-clean,transferred_score_red_win_probability,alliance_score_rmse,296.65002538839656,2216,lower
baseline,mean-total,control,0.0,primary-clean,transferred_score_red_win_probability,score_differential_mae,164.66696750902528,1108,lower
baseline,mean-total,control,0.0,primary-clean,transferred_score_red_win_probability,score_differential_rmse,207.94796584288807,1108,lower
baseline,mean-total,control,0.0,primary-clean,transferred_score_red_win_probability,mean_bias,-254.71435927452268,2216,lower
baseline,mean-total,control,0.0,primary-clean,transferred_score_red_win_probability,relative_bias,-0.5860201810783806,2216,lower
baseline,mean-total,control,0.0,primary-clean,transferred_score_red_win_probability,winner_accuracy,0.5226039783001808,1106,higher
baseline,mean-total,control,0.0,primary-clean,transferred_score_red_win_probability,winner_brier,0.24950639974127806,1106,lower
baseline,mean-total,control,0.0,primary-clean,transferred_score_red_win_probability,winner_log_loss,0.6921597213985375,1106,lower
baseline,mean-total,control,0.0,primary-clean,transferred_score_red_win_probability,winner_ece,0.004164081684248866,1106,lower
baseline,mean-total,control,0.0,all-official,raw_pred_red_win_probability,alliance_score_mae,258.42092795622386,2238,lower
baseline,mean-total,control,0.0,all-official,raw_pred_red_win_probability,alliance_score_rmse,296.192977133934,2238,lower
baseline,mean-total,control,0.0,all-official,raw_pred_red_win_probability,score_differential_mae,164.9472743521001,1119,lower
baseline,mean-total,control,0.0,all-official,raw_pred_red_win_probability,score_differential_rmse,208.2264269046642,1119,lower
baseline,mean-total,control,0.0,all-official,raw_pred_red_win_probability,mean_bias,-254.1078687417816,2238,lower
baseline,mean-total,control,0.0,all-official,raw_pred_red_win_probability,relative_bias,-0.5854417271751334,2238,lower
baseline,mean-total,control,0.0,all-official,raw_pred_red_win_probability,winner_accuracy,0.5228290062667861,1117,higher
baseline,mean-total,control,0.0,all-official,raw_pred_red_win_probability,winner_brier,0.24949435261706154,1117,lower
baseline,mean-total,control,0.0,all-official,raw_pred_red_win_probability,winner_log_loss,0.6921356040914669,1117,lower
baseline,mean-total,control,0.0,all-official,raw_pred_red_win_probability,winner_ece,0.003939053717643581,1117,lower
baseline,mean-total,control,0.0,all-official,transferred_platt_red_win_probability,alliance_score_mae,258.42092795622386,2238,lower
baseline,mean-total,control,0.0,all-official,transferred_platt_red_win_probability,alliance_score_rmse,296.192977133934,2238,lower
baseline,mean-total,control,0.0,all-official,transferred_platt_red_win_probability,score_differential_mae,164.9472743521001,1119,lower
baseline,mean-total,control,0.0,all-official,transferred_platt_red_win_probability,score_differential_rmse,208.2264269046642,1119,lower
baseline,mean-total,control,0.0,all-official,transferred_platt_red_win_probability,mean_bias,-254.1078687417816,2238,lower
baseline,mean-total,control,0.0,all-official,transferred_platt_red_win_probability,relative_bias,-0.5854417271751334,2238,lower
baseline,mean-total,control,0.0,all-official,transferred_platt_red_win_probability,winner_accuracy,0.5228290062667861,1117,higher
baseline,mean-total,control,0.0,all-official,transferred_platt_red_win_probability,winner_brier,0.24949435261706154,1117,lower
baseline,mean-total,control,0.0,all-official,transferred_platt_red_win_probability,winner_log_loss,0.6921356040914669,1117,lower
baseline,mean-total,control,0.0,all-official,transferred_platt_red_win_probability,winner_ece,0.003939053717643581,1117,lower
baseline,mean-total,control,0.0,all-official,transferred_score_red_win_probability,alliance_score_mae,258.42092795622386,2238,lower
baseline,mean-total,control,0.0,all-official,transferred_score_red_win_probability,alliance_score_rmse,296.192977133934,2238,lower
baseline,mean-total,control,0.0,all-official,transferred_score_red_win_probability,score_differential_mae,164.9472743521001,1119,lower
baseline,mean-total,control,0.0,all-official,transferred_score_red_win_probability,score_differential_rmse,208.2264269046642,1119,lower
baseline,mean-total,control,0.0,all-official,transferred_score_red_win_probability,mean_bias,-254.1078687417816,2238,lower
baseline,mean-total,control,0.0,all-official,transferred_score_red_win_probability,relative_bias,-0.5854417271751334,2238,lower
baseline,mean-total,control,0.0,all-official,transferred_score_red_win_probability,winner_accuracy,0.5228290062667861,1117,higher
baseline,mean-total,control,0.0,all-official,transferred_score_red_win_probability,winner_brier,0.24949435261706154,1117,lower
baseline,mean-total,control,0.0,all-official,transferred_score_red_win_probability,winner_log_loss,0.6921356040914669,1117,lower
baseline,mean-total,control,0.0,all-official,transferred_score_red_win_probability,winner_ece,0.003939053717643581,1117,lower
baseline,mean-total,control,0.0,DQ-only,raw_pred_red_win_probability,alliance_score_mae,211.63686253769026,22,lower
baseline,mean-total,control,0.0,DQ-only,raw_pred_red_win_probability,alliance_score_rmse,245.84026011764823,22,lower
baseline,mean-total,control,0.0,DQ-only,raw_pred_red_win_probability,score_differential_mae,193.1818181818182,11,lower
baseline,mean-total,control,0.0,DQ-only,raw_pred_red_win_probability,score_differential_rmse,234.58764595852793,11,lower
baseline,mean-total,control,0.0,DQ-only,raw_pred_red_win_probability,mean_bias,-193.01773144386954,22,lower
baseline,mean-total,control,0.0,DQ-only,raw_pred_red_win_probability,relative_bias,-0.5175368789476088,22,lower
baseline,mean-total,control,0.0,DQ-only,raw_pred_red_win_probability,winner_accuracy,0.5454545454545454,11,higher
baseline,mean-total,control,0.0,DQ-only,raw_pred_red_win_probability,winner_brier,0.2482830690367455,11,lower
baseline,mean-total,control,0.0,DQ-only,raw_pred_red_win_probability,winner_log_loss,0.6897107184896264,11,lower
baseline,mean-total,control,0.0,DQ-only,raw_pred_red_win_probability,winner_ece,0.018686485470115755,11,lower
baseline,mean-total,control,0.0,DQ-only,transferred_platt_red_win_probability,alliance_score_mae,211.63686253769026,22,lower
baseline,mean-total,control,0.0,DQ-only,transferred_platt_red_win_probability,alliance_score_rmse,245.84026011764823,22,lower
baseline,mean-total,control,0.0,DQ-only,transferred_platt_red_win_probability,score_differential_mae,193.1818181818182,11,lower
baseline,mean-total,control,0.0,DQ-only,transferred_platt_red_win_probability,score_differential_rmse,234.58764595852793,11,lower
baseline,mean-total,control,0.0,DQ-only,transferred_platt_red_win_probability,mean_bias,-193.01773144386954,22,lower
baseline,mean-total,control,0.0,DQ-only,transferred_platt_red_win_probability,relative_bias,-0.5175368789476088,22,lower
baseline,mean-total,control,0.0,DQ-only,transferred_platt_red_win_probability,winner_accuracy,0.5454545454545454,11,higher
baseline,mean-total,control,0.0,DQ-only,transferred_platt_red_win_probability,winner_brier,0.2482830690367455,11,lower
baseline,mean-total,control,0.0,DQ-only,transferred_platt_red_win_probability,winner_log_loss,0.6897107184896264,11,lower
baseline,mean-total,control,0.0,DQ-only,transferred_platt_red_win_probability,winner_ece,0.018686485470115755,11,lower
baseline,mean-total,control,0.0,DQ-only,transferred_score_red_win_probability,alliance_score_mae,211.63686253769026,22,lower
baseline,mean-total,control,0.0,DQ-only,transferred_score_red_win_probability,alliance_score_rmse,245.84026011764823,22,lower
baseline,mean-total,control,0.0,DQ-only,transferred_score_red_win_probability,score_differential_mae,193.1818181818182,11,lower
baseline,mean-total,control,0.0,DQ-only,transferred_score_red_win_probability,score_differential_rmse,234.58764595852793,11,lower
baseline,mean-total,control,0.0,DQ-only,transferred_score_red_win_probability,mean_bias,-193.01773144386954,22,lower
baseline,mean-total,control,0.0,DQ-only,transferred_score_red_win_probability,relative_bias,-0.5175368789476088,22,lower
baseline,mean-total,control,0.0,DQ-only,transferred_score_red_win_probability,winner_accuracy,0.5454545454545454,11,higher
baseline,mean-total,control,0.0,DQ-only,transferred_score_red_win_probability,winner_brier,0.2482830690367455,11,lower
baseline,mean-total,control,0.0,DQ-only,transferred_score_red_win_probability,winner_log_loss,0.6897107184896264,11,lower
baseline,mean-total,control,0.0,DQ-only,transferred_score_red_win_probability,winner_ece,0.018686485470115755,11,lower
baseline,mean-total,control,0.0,surrogate-only,raw_pred_red_win_probability,alliance_score_mae,206.97985265599075,12,lower
baseline,mean-total,control,0.0,surrogate-only,raw_pred_red_win_probability,alliance_score_rmse,256.39793770826475,12,lower
baseline,mean-total,control,0.0,surrogate-only,raw_pred_red_win_probability,score_differential_mae,169.83333333333334,6,lower
baseline,mean-total,control,0.0,surrogate-only,raw_pred_red_win_probability,score_differential_rmse,192.98402351835588,6,lower
baseline,mean-total,control,0.0,surrogate-only,raw_pred_red_win_probability,mean_bias,-206.97985265599075,12,lower
baseline,mean-total,control,0.0,surrogate-only,raw_pred_red_win_probability,relative_bias,-0.5349468515769737,12,lower
baseline,mean-total,control,0.0,surrogate-only,raw_pred_red_win_probability,winner_accuracy,0.6666666666666666,6,higher
baseline,mean-total,control,0.0,surrogate-only,raw_pred_red_win_probability,winner_brier,0.24179384237385348,6,lower
baseline,mean-total,control,0.0,surrogate-only,raw_pred_red_win_probability,winner_log_loss,0.6767198445459535,6,lower
baseline,mean-total,control,0.0,surrogate-only,raw_pred_red_win_probability,winner_ece,0.13989860668223697,6,lower
baseline,mean-total,control,0.0,surrogate-only,transferred_platt_red_win_probability,alliance_score_mae,206.97985265599075,12,lower
baseline,mean-total,control,0.0,surrogate-only,transferred_platt_red_win_probability,alliance_score_rmse,256.39793770826475,12,lower
baseline,mean-total,control,0.0,surrogate-only,transferred_platt_red_win_probability,score_differential_mae,169.83333333333334,6,lower
baseline,mean-total,control,0.0,surrogate-only,transferred_platt_red_win_probability,score_differential_rmse,192.98402351835588,6,lower
baseline,mean-total,control,0.0,surrogate-only,transferred_platt_red_win_probability,mean_bias,-206.97985265599075,12,lower
baseline,mean-total,control,0.0,surrogate-only,transferred_platt_red_win_probability,relative_bias,-0.5349468515769737,12,lower
baseline,mean-total,control,0.0,surrogate-only,transferred_platt_red_win_probability,winner_accuracy,0.6666666666666666,6,higher
baseline,mean-total,control,0.0,surrogate-only,transferred_platt_red_win_probability,winner_brier,0.24179384237385348,6,lower
baseline,mean-total,control,0.0,surrogate-only,transferred_platt_red_win_probability,winner_log_loss,0.6767198445459535,6,lower
baseline,mean-total,control,0.0,surrogate-only,transferred_platt_red_win_probability,winner_ece,0.13989860668223697,6,lower
baseline,mean-total,control,0.0,surrogate-only,transferred_score_red_win_probability,alliance_score_mae,206.97985265599075,12,lower
baseline,mean-total,control,0.0,surrogate-only,transferred_score_red_win_probability,alliance_score_rmse,256.39793770826475,12,lower
baseline,mean-total,control,0.0,surrogate-only,transferred_score_red_win_probability,score_differential_mae,169.83333333333334,6,lower
baseline,mean-total,control,0.0,surrogate-only,transferred_score_red_win_probability,score_differential_rmse,192.98402351835588,6,lower
baseline,mean-total,control,0.0,surrogate-only,transferred_score_red_win_probability,mean_bias,-206.97985265599075,12,lower
baseline,mean-total,control,0.0,surrogate-only,transferred_score_red_win_probability,relative_bias,-0.5349468515769737,12,lower
baseline,mean-total,control,0.0,surrogate-only,transferred_score_red_win_probability,winner_accuracy,0.6666666666666666,6,higher
baseline,mean-total,control,0.0,surrogate-only,transferred_score_red_win_probability,winner_brier,0.24179384237385348,6,lower
baseline,mean-total,control,0.0,surrogate-only,transferred_score_red_win_probability,winner_log_loss,0.6767198445459535,6,lower
baseline,mean-total,control,0.0,surrogate-only,transferred_score_red_win_probability,winner_ece,0.13989860668223697,6,lower
baseline,mean-total,control,0.0,division:2026arc,raw_pred_red_win_probability,alliance_score_mae,267.2439981317738,282,lower
baseline,mean-total,control,0.0,division:2026arc,raw_pred_red_win_probability,alliance_score_rmse,303.2559832599565,282,lower
baseline,mean-total,control,0.0,division:2026arc,raw_pred_red_win_probability,score_differential_mae,168.43971631205673,141,lower
baseline,mean-total,control,0.0,division:2026arc,raw_pred_red_win_probability,score_differential_rmse,208.08839501962615,141,lower
baseline,mean-total,control,0.0,division:2026arc,raw_pred_red_win_probability,mean_bias,-264.5880086843595,282,lower
baseline,mean-total,control,0.0,division:2026arc,raw_pred_red_win_probability,relative_bias,-0.5952153742061759,282,lower
baseline,mean-total,control,0.0,division:2026arc,raw_pred_red_win_probability,winner_accuracy,0.5,140,higher
baseline,mean-total,control,0.0,division:2026arc,raw_pred_red_win_probability,winner_brier,0.25071652903533004,140,lower
baseline,mean-total,control,0.0,division:2026arc,raw_pred_red_win_probability,winner_log_loss,0.6945822962185038,140,lower
baseline,mean-total,control,0.0,division:2026arc,raw_pred_red_win_probability,winner_ece,0.02676805998442955,140,lower
baseline,mean-total,control,0.0,division:2026arc,transferred_platt_red_win_probability,alliance_score_mae,267.2439981317738,282,lower
baseline,mean-total,control,0.0,division:2026arc,transferred_platt_red_win_probability,alliance_score_rmse,303.2559832599565,282,lower
baseline,mean-total,control,0.0,division:2026arc,transferred_platt_red_win_probability,score_differential_mae,168.43971631205673,141,lower
baseline,mean-total,control,0.0,division:2026arc,transferred_platt_red_win_probability,score_differential_rmse,208.08839501962615,141,lower
baseline,mean-total,control,0.0,division:2026arc,transferred_platt_red_win_probability,mean_bias,-264.5880086843595,282,lower
baseline,mean-total,control,0.0,division:2026arc,transferred_platt_red_win_probability,relative_bias,-0.5952153742061759,282,lower
baseline,mean-total,control,0.0,division:2026arc,transferred_platt_red_win_probability,winner_accuracy,0.5,140,higher
baseline,mean-total,control,0.0,division:2026arc,transferred_platt_red_win_probability,winner_brier,0.25071652903533004,140,lower
baseline,mean-total,control,0.0,division:2026arc,transferred_platt_red_win_probability,winner_log_loss,0.6945822962185038,140,lower
baseline,mean-total,control,0.0,division:2026arc,transferred_platt_red_win_probability,winner_ece,0.02676805998442955,140,lower
baseline,mean-total,control,0.0,division:2026arc,transferred_score_red_win_probability,alliance_score_mae,267.2439981317738,282,lower
baseline,mean-total,control,0.0,division:2026arc,transferred_score_red_win_probability,alliance_score_rmse,303.2559832599565,282,lower
baseline,mean-total,control,0.0,division:2026arc,transferred_score_red_win_probability,score_differential_mae,168.43971631205673,141,lower
baseline,mean-total,control,0.0,division:2026arc,transferred_score_red_win_probability,score_differential_rmse,208.08839501962615,141,lower
baseline,mean-total,control,0.0,division:2026arc,transferred_score_red_win_probability,mean_bias,-264.5880086843595,282,lower
baseline,mean-total,control,0.0,division:2026arc,transferred_score_red_win_probability,relative_bias,-0.5952153742061759,282,lower
baseline,mean-total,control,0.0,division:2026arc,transferred_score_red_win_probability,winner_accuracy,0.5,140,higher
baseline,mean-total,control,0.0,division:2026arc,transferred_score_red_win_probability,winner_brier,0.25071652903533004,140,lower
baseline,mean-total,control,0.0,division:2026arc,transferred_score_red_win_probability,winner_log_loss,0.6945822962185038,140,lower
baseline,mean-total,control,0.0,division:2026arc,transferred_score_red_win_probability,winner_ece,0.02676805998442955,140,lower
baseline,mean-total,control,0.0,division:2026cur,raw_pred_red_win_probability,alliance_score_mae,256.46242708346375,278,lower
baseline,mean-total,control,0.0,division:2026cur,raw_pred_red_win_probability,alliance_score_rmse,294.8753024657331,278,lower
baseline,mean-total,control,0.0,division:2026cur,raw_pred_red_win_probability,score_differential_mae,160.4748201438849,139,lower
baseline,mean-total,control,0.0,division:2026cur,raw_pred_red_win_probability,score_differential_rmse,202.12674989120745,139,lower
baseline,mean-total,control,0.0,division:2026cur,raw_pred_red_win_probability,mean_bias,-253.9193010972378,278,lower
baseline,mean-total,control,0.0,division:2026cur,raw_pred_red_win_probability,relative_bias,-0.5852615469856407,278,lower
baseline,mean-total,control,0.0,division:2026cur,raw_pred_red_win_probability,winner_accuracy,0.5539568345323741,139,higher
baseline,mean-total,control,0.0,division:2026cur,raw_pred_red_win_probability,winner_brier,0.2478278894686649,139,lower
baseline,mean-total,control,0.0,division:2026cur,raw_pred_red_win_probability,winner_log_loss,0.6887994881230738,139,lower
baseline,mean-total,control,0.0,division:2026cur,raw_pred_red_win_probability,winner_ece,0.02718877454794455,139,lower
baseline,mean-total,control,0.0,division:2026cur,transferred_platt_red_win_probability,alliance_score_mae,256.46242708346375,278,lower
baseline,mean-total,control,0.0,division:2026cur,transferred_platt_red_win_probability,alliance_score_rmse,294.8753024657331,278,lower
baseline,mean-total,control,0.0,division:2026cur,transferred_platt_red_win_probability,score_differential_mae,160.4748201438849,139,lower
baseline,mean-total,control,0.0,division:2026cur,transferred_platt_red_win_probability,score_differential_rmse,202.12674989120745,139,lower
baseline,mean-total,control,0.0,division:2026cur,transferred_platt_red_win_probability,mean_bias,-253.9193010972378,278,lower
baseline,mean-total,control,0.0,division:2026cur,transferred_platt_red_win_probability,relative_bias,-0.5852615469856407,278,lower
baseline,mean-total,control,0.0,division:2026cur,transferred_platt_red_win_probability,winner_accuracy,0.5539568345323741,139,higher
baseline,mean-total,control,0.0,division:2026cur,transferred_platt_red_win_probability,winner_brier,0.2478278894686649,139,lower
baseline,mean-total,control,0.0,division:2026cur,transferred_platt_red_win_probability,winner_log_loss,0.6887994881230738,139,lower
baseline,mean-total,control,0.0,division:2026cur,transferred_platt_red_win_probability,winner_ece,0.02718877454794455,139,lower
baseline,mean-total,control,0.0,division:2026cur,transferred_score_red_win_probability,alliance_score_mae,256.46242708346375,278,lower
baseline,mean-total,control,0.0,division:2026cur,transferred_score_red_win_probability,alliance_score_rmse,294.8753024657331,278,lower
baseline,mean-total,control,0.0,division:2026cur,transferred_score_red_win_probability,score_differential_mae,160.4748201438849,139,lower
baseline,mean-total,control,0.0,division:2026cur,transferred_score_red_win_probability,score_differential_rmse,202.12674989120745,139,lower
baseline,mean-total,control,0.0,division:2026cur,transferred_score_red_win_probability,mean_bias,-253.9193010972378,278,lower
baseline,mean-total,control,0.0,division:2026cur,transferred_score_red_win_probability,relative_bias,-0.5852615469856407,278,lower
baseline,mean-total,control,0.0,division:2026cur,transferred_score_red_win_probability,winner_accuracy,0.5539568345323741,139,higher
baseline,mean-total,control,0.0,division:2026cur,transferred_score_red_win_probability,winner_brier,0.2478278894686649,139,lower
baseline,mean-total,control,0.0,division:2026cur,transferred_score_red_win_probability,winner_log_loss,0.6887994881230738,139,lower
baseline,mean-total,control,0.0,division:2026cur,transferred_score_red_win_probability,winner_ece,0.02718877454794455,139,lower
baseline,mean-total,control,0.0,division:2026dal,raw_pred_red_win_probability,alliance_score_mae,232.3421303476108,280,lower
baseline,mean-total,control,0.0,division:2026dal,raw_pred_red_win_probability,alliance_score_rmse,275.6698454739585,280,lower
baseline,mean-total,control,0.0,division:2026dal,raw_pred_red_win_probability,score_differential_mae,175.61428571428573,140,lower
baseline,mean-total,control,0.0,division:2026dal,raw_pred_red_win_probability,score_differential_rmse,226.82872707964358,140,lower
baseline,mean-total,control,0.0,division:2026dal,raw_pred_red_win_probability,mean_bias,-227.75604313218122,280,lower
baseline,mean-total,control,0.0,division:2026dal,raw_pred_red_win_probability,relative_bias,-0.5586461453563673,280,lower
baseline,mean-total,control,0.0,division:2026dal,raw_pred_red_win_probability,winner_accuracy,0.4785714285714286,140,higher
baseline,mean-total,control,0.0,division:2026dal,raw_pred_red_win_probability,winner_brier,0.25186373160609127,140,lower
baseline,mean-total,control,0.0,division:2026dal,raw_pred_red_win_probability,winner_log_loss,0.6968788971478316,140,lower
baseline,mean-total,control,0.0,division:2026dal,raw_pred_red_win_probability,winner_ece,0.04819663141300096,140,lower
baseline,mean-total,control,0.0,division:2026dal,transferred_platt_red_win_probability,alliance_score_mae,232.3421303476108,280,lower
baseline,mean-total,control,0.0,division:2026dal,transferred_platt_red_win_probability,alliance_score_rmse,275.6698454739585,280,lower
baseline,mean-total,control,0.0,division:2026dal,transferred_platt_red_win_probability,score_differential_mae,175.61428571428573,140,lower
baseline,mean-total,control,0.0,division:2026dal,transferred_platt_red_win_probability,score_differential_rmse,226.82872707964358,140,lower
baseline,mean-total,control,0.0,division:2026dal,transferred_platt_red_win_probability,mean_bias,-227.75604313218122,280,lower
baseline,mean-total,control,0.0,division:2026dal,transferred_platt_red_win_probability,relative_bias,-0.5586461453563673,280,lower
baseline,mean-total,control,0.0,division:2026dal,transferred_platt_red_win_probability,winner_accuracy,0.4785714285714286,140,higher
baseline,mean-total,control,0.0,division:2026dal,transferred_platt_red_win_probability,winner_brier,0.25186373160609127,140,lower
baseline,mean-total,control,0.0,division:2026dal,transferred_platt_red_win_probability,winner_log_loss,0.6968788971478316,140,lower
baseline,mean-total,control,0.0,division:2026dal,transferred_platt_red_win_probability,winner_ece,0.04819663141300096,140,lower
baseline,mean-total,control,0.0,division:2026dal,transferred_score_red_win_probability,alliance_score_mae,232.3421303476108,280,lower
baseline,mean-total,control,0.0,division:2026dal,transferred_score_red_win_probability,alliance_score_rmse,275.6698454739585,280,lower
baseline,mean-total,control,0.0,division:2026dal,transferred_score_red_win_probability,score_differential_mae,175.61428571428573,140,lower
baseline,mean-total,control,0.0,division:2026dal,transferred_score_red_win_probability,score_differential_rmse,226.82872707964358,140,lower
baseline,mean-total,control,0.0,division:2026dal,transferred_score_red_win_probability,mean_bias,-227.75604313218122,280,lower
baseline,mean-total,control,0.0,division:2026dal,transferred_score_red_win_probability,relative_bias,-0.5586461453563673,280,lower
baseline,mean-total,control,0.0,division:2026dal,transferred_score_red_win_probability,winner_accuracy,0.4785714285714286,140,higher
baseline,mean-total,control,0.0,division:2026dal,transferred_score_red_win_probability,winner_brier,0.25186373160609127,140,lower
baseline,mean-total,control,0.0,division:2026dal,transferred_score_red_win_probability,winner_log_loss,0.6968788971478316,140,lower
baseline,mean-total,control,0.0,division:2026dal,transferred_score_red_win_probability,winner_ece,0.04819663141300096,140,lower
baseline,mean-total,control,0.0,division:2026gal,raw_pred_red_win_probability,alliance_score_mae,254.29344513370634,280,lower
baseline,mean-total,control,0.0,division:2026gal,raw_pred_red_win_probability,alliance_score_rmse,292.48664965208417,280,lower
baseline,mean-total,control,0.0,division:2026gal,raw_pred_red_win_probability,score_differential_mae,166.30714285714285,140,lower
baseline,mean-total,control,0.0,division:2026gal,raw_pred_red_win_probability,score_differential_rmse,211.26244680153505,140,lower
baseline,mean-total,control,0.0,division:2026gal,raw_pred_red_win_probability,mean_bias,-245.45961456075264,280,lower
baseline,mean-total,control,0.0,division:2026gal,raw_pred_red_win_probability,relative_bias,-0.5770138112937575,280,lower
baseline,mean-total,control,0.0,division:2026gal,raw_pred_red_win_probability,winner_accuracy,0.5755395683453237,139,higher
baseline,mean-total,control,0.0,division:2026gal,raw_pred_red_win_probability,winner_brier,0.24667243364199895,139,lower
baseline,mean-total,control,0.0,division:2026gal,raw_pred_red_win_probability,winner_log_loss,0.6864863648849018,139,lower
baseline,mean-total,control,0.0,division:2026gal,raw_pred_red_win_probability,winner_ece,0.04877150836089417,139,lower
baseline,mean-total,control,0.0,division:2026gal,transferred_platt_red_win_probability,alliance_score_mae,254.29344513370634,280,lower
baseline,mean-total,control,0.0,division:2026gal,transferred_platt_red_win_probability,alliance_score_rmse,292.48664965208417,280,lower
baseline,mean-total,control,0.0,division:2026gal,transferred_platt_red_win_probability,score_differential_mae,166.30714285714285,140,lower
baseline,mean-total,control,0.0,division:2026gal,transferred_platt_red_win_probability,score_differential_rmse,211.26244680153505,140,lower
baseline,mean-total,control,0.0,division:2026gal,transferred_platt_red_win_probability,mean_bias,-245.45961456075264,280,lower
baseline,mean-total,control,0.0,division:2026gal,transferred_platt_red_win_probability,relative_bias,-0.5770138112937575,280,lower
baseline,mean-total,control,0.0,division:2026gal,transferred_platt_red_win_probability,winner_accuracy,0.5755395683453237,139,higher
baseline,mean-total,control,0.0,division:2026gal,transferred_platt_red_win_probability,winner_brier,0.24667243364199895,139,lower
baseline,mean-total,control,0.0,division:2026gal,transferred_platt_red_win_probability,winner_log_loss,0.6864863648849018,139,lower
baseline,mean-total,control,0.0,division:2026gal,transferred_platt_red_win_probability,winner_ece,0.04877150836089417,139,lower
baseline,mean-total,control,0.0,division:2026gal,transferred_score_red_win_probability,alliance_score_mae,254.29344513370634,280,lower
baseline,mean-total,control,0.0,division:2026gal,transferred_score_red_win_probability,alliance_score_rmse,292.48664965208417,280,lower
baseline,mean-total,control,0.0,division:2026gal,transferred_score_red_win_probability,score_differential_mae,166.30714285714285,140,lower
baseline,mean-total,control,0.0,division:2026gal,transferred_score_red_win_probability,score_differential_rmse,211.26244680153505,140,lower
baseline,mean-total,control,0.0,division:2026gal,transferred_score_red_win_probability,mean_bias,-245.45961456075264,280,lower
baseline,mean-total,control,0.0,division:2026gal,transferred_score_red_win_probability,relative_bias,-0.5770138112937575,280,lower
baseline,mean-total,control,0.0,division:2026gal,transferred_score_red_win_probability,winner_accuracy,0.5755395683453237,139,higher
baseline,mean-total,control,0.0,division:2026gal,transferred_score_red_win_probability,winner_brier,0.24667243364199895,139,lower
baseline,mean-total,control,0.0,division:2026gal,transferred_score_red_win_probability,winner_log_loss,0.6864863648849018,139,lower
baseline,mean-total,control,0.0,division:2026gal,transferred_score_red_win_probability,winner_ece,0.04877150836089417,139,lower
baseline,mean-total,control,0.0,division:2026hop,raw_pred_red_win_probability,alliance_score_mae,286.0506271902392,280,lower
baseline,mean-total,control,0.0,division:2026hop,raw_pred_red_win_probability,alliance_score_rmse,322.6439166259334,280,lower
baseline,mean-total,control,0.0,division:2026hop,raw_pred_red_win_probability,score_differential_mae,171.07142857142858,140,lower
baseline,mean-total,control,0.0,division:2026hop,raw_pred_red_win_probability,score_differential_rmse,212.94046787105276,140,lower
baseline,mean-total,control,0.0,division:2026hop,raw_pred_red_win_probability,mean_bias,-281.2631859893241,280,lower
baseline,mean-total,control,0.0,division:2026hop,raw_pred_red_win_probability,relative_bias,-0.609850793558812,280,lower
baseline,mean-total,control,0.0,division:2026hop,raw_pred_red_win_probability,winner_accuracy,0.4928571428571429,140,higher
baseline,mean-total,control,0.0,division:2026hop,raw_pred_red_win_probability,winner_brier,0.25109892989225047,140,lower
baseline,mean-total,control,0.0,division:2026hop,raw_pred_red_win_probability,winner_log_loss,0.695347829861613,140,lower
baseline,mean-total,control,0.0,division:2026hop,raw_pred_red_win_probability,winner_ece,0.033910917127286666,140,lower
baseline,mean-total,control,0.0,division:2026hop,transferred_platt_red_win_probability,alliance_score_mae,286.0506271902392,280,lower
baseline,mean-total,control,0.0,division:2026hop,transferred_platt_red_win_probability,alliance_score_rmse,322.6439166259334,280,lower
baseline,mean-total,control,0.0,division:2026hop,transferred_platt_red_win_probability,score_differential_mae,171.07142857142858,140,lower
baseline,mean-total,control,0.0,division:2026hop,transferred_platt_red_win_probability,score_differential_rmse,212.94046787105276,140,lower
baseline,mean-total,control,0.0,division:2026hop,transferred_platt_red_win_probability,mean_bias,-281.2631859893241,280,lower
baseline,mean-total,control,0.0,division:2026hop,transferred_platt_red_win_probability,relative_bias,-0.609850793558812,280,lower
baseline,mean-total,control,0.0,division:2026hop,transferred_platt_red_win_probability,winner_accuracy,0.4928571428571429,140,higher
baseline,mean-total,control,0.0,division:2026hop,transferred_platt_red_win_probability,winner_brier,0.25109892989225047,140,lower
baseline,mean-total,control,0.0,division:2026hop,transferred_platt_red_win_probability,winner_log_loss,0.695347829861613,140,lower
baseline,mean-total,control,0.0,division:2026hop,transferred_platt_red_win_probability,winner_ece,0.033910917127286666,140,lower
baseline,mean-total,control,0.0,division:2026hop,transferred_score_red_win_probability,alliance_score_mae,286.0506271902392,280,lower
baseline,mean-total,control,0.0,division:2026hop,transferred_score_red_win_probability,alliance_score_rmse,322.6439166259334,280,lower
baseline,mean-total,control,0.0,division:2026hop,transferred_score_red_win_probability,score_differential_mae,171.07142857142858,140,lower
baseline,mean-total,control,0.0,division:2026hop,transferred_score_red_win_probability,score_differential_rmse,212.94046787105276,140,lower
baseline,mean-total,control,0.0,division:2026hop,transferred_score_red_win_probability,mean_bias,-281.2631859893241,280,lower
baseline,mean-total,control,0.0,division:2026hop,transferred_score_red_win_probability,relative_bias,-0.609850793558812,280,lower
baseline,mean-total,control,0.0,division:2026hop,transferred_score_red_win_probability,winner_accuracy,0.4928571428571429,140,higher
baseline,mean-total,control,0.0,division:2026hop,transferred_score_red_win_probability,winner_brier,0.25109892989225047,140,lower
baseline,mean-total,control,0.0,division:2026hop,transferred_score_red_win_probability,winner_log_loss,0.695347829861613,140,lower
baseline,mean-total,control,0.0,division:2026hop,transferred_score_red_win_probability,winner_ece,0.033910917127286666,140,lower
baseline,mean-total,control,0.0,division:2026joh,raw_pred_red_win_probability,alliance_score_mae,238.8948383185818,280,lower
baseline,mean-total,control,0.0,division:2026joh,raw_pred_red_win_probability,alliance_score_rmse,276.8056610220902,280,lower
baseline,mean-total,control,0.0,division:2026joh,raw_pred_red_win_probability,score_differential_mae,160.94285714285715,140,lower
baseline,mean-total,control,0.0,division:2026joh,raw_pred_red_win_probability,score_differential_rmse,201.05741894863198,140,lower
baseline,mean-total,control,0.0,division:2026joh,raw_pred_red_win_probability,mean_bias,-235.24175741789549,280,lower
baseline,mean-total,control,0.0,division:2026joh,raw_pred_red_win_probability,relative_bias,-0.5666038028129956,280,lower
baseline,mean-total,control,0.0,division:2026joh,raw_pred_red_win_probability,winner_accuracy,0.55,140,higher
baseline,mean-total,control,0.0,division:2026joh,raw_pred_red_win_probability,winner_brier,0.24803972303688704,140,lower
baseline,mean-total,control,0.0,division:2026joh,raw_pred_red_win_probability,winner_log_loss,0.6892235607167386,140,lower
baseline,mean-total,control,0.0,division:2026joh,raw_pred_red_win_probability,winner_ece,0.023231940015570496,140,lower
baseline,mean-total,control,0.0,division:2026joh,transferred_platt_red_win_probability,alliance_score_mae,238.8948383185818,280,lower
baseline,mean-total,control,0.0,division:2026joh,transferred_platt_red_win_probability,alliance_score_rmse,276.8056610220902,280,lower
baseline,mean-total,control,0.0,division:2026joh,transferred_platt_red_win_probability,score_differential_mae,160.94285714285715,140,lower
baseline,mean-total,control,0.0,division:2026joh,transferred_platt_red_win_probability,score_differential_rmse,201.05741894863198,140,lower
baseline,mean-total,control,0.0,division:2026joh,transferred_platt_red_win_probability,mean_bias,-235.24175741789549,280,lower
baseline,mean-total,control,0.0,division:2026joh,transferred_platt_red_win_probability,relative_bias,-0.5666038028129956,280,lower
baseline,mean-total,control,0.0,division:2026joh,transferred_platt_red_win_probability,winner_accuracy,0.55,140,higher
baseline,mean-total,control,0.0,division:2026joh,transferred_platt_red_win_probability,winner_brier,0.24803972303688704,140,lower
baseline,mean-total,control,0.0,division:2026joh,transferred_platt_red_win_probability,winner_log_loss,0.6892235607167386,140,lower
baseline,mean-total,control,0.0,division:2026joh,transferred_platt_red_win_probability,winner_ece,0.023231940015570496,140,lower
baseline,mean-total,control,0.0,division:2026joh,transferred_score_red_win_probability,alliance_score_mae,238.8948383185818,280,lower
baseline,mean-total,control,0.0,division:2026joh,transferred_score_red_win_probability,alliance_score_rmse,276.8056610220902,280,lower
baseline,mean-total,control,0.0,division:2026joh,transferred_score_red_win_probability,score_differential_mae,160.94285714285715,140,lower
baseline,mean-total,control,0.0,division:2026joh,transferred_score_red_win_probability,score_differential_rmse,201.05741894863198,140,lower
baseline,mean-total,control,0.0,division:2026joh,transferred_score_red_win_probability,mean_bias,-235.24175741789549,280,lower
baseline,mean-total,control,0.0,division:2026joh,transferred_score_red_win_probability,relative_bias,-0.5666038028129956,280,lower
baseline,mean-total,control,0.0,division:2026joh,transferred_score_red_win_probability,winner_accuracy,0.55,140,higher
baseline,mean-total,control,0.0,division:2026joh,transferred_score_red_win_probability,winner_brier,0.24803972303688704,140,lower
baseline,mean-total,control,0.0,division:2026joh,transferred_score_red_win_probability,winner_log_loss,0.6892235607167386,140,lower
baseline,mean-total,control,0.0,division:2026joh,transferred_score_red_win_probability,winner_ece,0.023231940015570496,140,lower
baseline,mean-total,control,0.0,division:2026mil,raw_pred_red_win_probability,alliance_score_mae,238.67461781789112,278,lower
baseline,mean-total,control,0.0,division:2026mil,raw_pred_red_win_probability,alliance_score_rmse,277.32290331090377,278,lower
baseline,mean-total,control,0.0,division:2026mil,raw_pred_red_win_probability,score_differential_mae,165.6115107913669,139,lower
baseline,mean-total,control,0.0,division:2026mil,raw_pred_red_win_probability,score_differential_rmse,210.40300487500565,139,lower
baseline,mean-total,control,0.0,division:2026mil,raw_pred_red_win_probability,mean_bias,-231.73225073752556,278,lower
baseline,mean-total,control,0.0,division:2026mil,raw_pred_red_win_probability,relative_bias,-0.5629090708558955,278,lower
baseline,mean-total,control,0.0,division:2026mil,raw_pred_red_win_probability,winner_accuracy,0.5107913669064749,139,higher
baseline,mean-total,control,0.0,division:2026mil,raw_pred_red_win_probability,winner_brier,0.25013880112199705,139,lower
baseline,mean-total,control,0.0,division:2026mil,raw_pred_red_win_probability,winner_log_loss,0.6934257345994176,139,lower
baseline,mean-total,control,0.0,division:2026mil,raw_pred_red_win_probability,winner_ece,0.015976693077954685,139,lower
baseline,mean-total,control,0.0,division:2026mil,transferred_platt_red_win_probability,alliance_score_mae,238.67461781789112,278,lower
baseline,mean-total,control,0.0,division:2026mil,transferred_platt_red_win_probability,alliance_score_rmse,277.32290331090377,278,lower
baseline,mean-total,control,0.0,division:2026mil,transferred_platt_red_win_probability,score_differential_mae,165.6115107913669,139,lower
baseline,mean-total,control,0.0,division:2026mil,transferred_platt_red_win_probability,score_differential_rmse,210.40300487500565,139,lower
baseline,mean-total,control,0.0,division:2026mil,transferred_platt_red_win_probability,mean_bias,-231.73225073752556,278,lower
baseline,mean-total,control,0.0,division:2026mil,transferred_platt_red_win_probability,relative_bias,-0.5629090708558955,278,lower
baseline,mean-total,control,0.0,division:2026mil,transferred_platt_red_win_probability,winner_accuracy,0.5107913669064749,139,higher
baseline,mean-total,control,0.0,division:2026mil,transferred_platt_red_win_probability,winner_brier,0.25013880112199705,139,lower
baseline,mean-total,control,0.0,division:2026mil,transferred_platt_red_win_probability,winner_log_loss,0.6934257345994176,139,lower
baseline,mean-total,control,0.0,division:2026mil,transferred_platt_red_win_probability,winner_ece,0.015976693077954685,139,lower
baseline,mean-total,control,0.0,division:2026mil,transferred_score_red_win_probability,alliance_score_mae,238.67461781789112,278,lower
baseline,mean-total,control,0.0,division:2026mil,transferred_score_red_win_probability,alliance_score_rmse,277.32290331090377,278,lower
baseline,mean-total,control,0.0,division:2026mil,transferred_score_red_win_probability,score_differential_mae,165.6115107913669,139,lower
baseline,mean-total,control,0.0,division:2026mil,transferred_score_red_win_probability,score_differential_rmse,210.40300487500565,139,lower
baseline,mean-total,control,0.0,division:2026mil,transferred_score_red_win_probability,mean_bias,-231.73225073752556,278,lower
baseline,mean-total,control,0.0,division:2026mil,transferred_score_red_win_probability,relative_bias,-0.5629090708558955,278,lower
baseline,mean-total,control,0.0,division:2026mil,transferred_score_red_win_probability,winner_accuracy,0.5107913669064749,139,higher
baseline,mean-total,control,0.0,division:2026mil,transferred_score_red_win_probability,winner_brier,0.25013880112199705,139,lower
baseline,mean-total,control,0.0,division:2026mil,transferred_score_red_win_probability,winner_log_loss,0.6934257345994176,139,lower
baseline,mean-total,control,0.0,division:2026mil,transferred_score_red_win_probability,winner_ece,0.015976693077954685,139,lower
baseline,mean-total,control,0.0,division:2026new,raw_pred_red_win_probability,alliance_score_mae,293.1872833323338,280,lower
baseline,mean-total,control,0.0,division:2026new,raw_pred_red_win_probability,alliance_score_rmse,321.9359055981821,280,lower
baseline,mean-total,control,0.0,division:2026new,raw_pred_red_win_probability,score_differential_mae,151.06428571428572,140,lower
baseline,mean-total,control,0.0,division:2026new,raw_pred_red_win_probability,score_differential_rmse,191.25571886874388,140,lower
baseline,mean-total,control,0.0,division:2026new,raw_pred_red_win_probability,mean_bias,-292.6667574178955,280,lower
baseline,mean-total,control,0.0,division:2026new,raw_pred_red_win_probability,relative_bias,-0.619264802703948,280,lower
baseline,mean-total,control,0.0,division:2026new,raw_pred_red_win_probability,winner_accuracy,0.5214285714285715,140,higher
baseline,mean-total,control,0.0,division:2026new,raw_pred_red_win_probability,winner_brier,0.24956932646456878,140,lower
baseline,mean-total,control,0.0,division:2026new,raw_pred_red_win_probability,winner_log_loss,0.6922856952891757,140,lower
baseline,mean-total,control,0.0,division:2026new,raw_pred_red_win_probability,winner_ece,0.005339488555858085,140,lower
baseline,mean-total,control,0.0,division:2026new,transferred_platt_red_win_probability,alliance_score_mae,293.1872833323338,280,lower
baseline,mean-total,control,0.0,division:2026new,transferred_platt_red_win_probability,alliance_score_rmse,321.9359055981821,280,lower
baseline,mean-total,control,0.0,division:2026new,transferred_platt_red_win_probability,score_differential_mae,151.06428571428572,140,lower
baseline,mean-total,control,0.0,division:2026new,transferred_platt_red_win_probability,score_differential_rmse,191.25571886874388,140,lower
baseline,mean-total,control,0.0,division:2026new,transferred_platt_red_win_probability,mean_bias,-292.6667574178955,280,lower
baseline,mean-total,control,0.0,division:2026new,transferred_platt_red_win_probability,relative_bias,-0.619264802703948,280,lower
baseline,mean-total,control,0.0,division:2026new,transferred_platt_red_win_probability,winner_accuracy,0.5214285714285715,140,higher
baseline,mean-total,control,0.0,division:2026new,transferred_platt_red_win_probability,winner_brier,0.24956932646456878,140,lower
baseline,mean-total,control,0.0,division:2026new,transferred_platt_red_win_probability,winner_log_loss,0.6922856952891757,140,lower
baseline,mean-total,control,0.0,division:2026new,transferred_platt_red_win_probability,winner_ece,0.005339488555858085,140,lower
baseline,mean-total,control,0.0,division:2026new,transferred_score_red_win_probability,alliance_score_mae,293.1872833323338,280,lower
baseline,mean-total,control,0.0,division:2026new,transferred_score_red_win_probability,alliance_score_rmse,321.9359055981821,280,lower
baseline,mean-total,control,0.0,division:2026new,transferred_score_red_win_probability,score_differential_mae,151.06428571428572,140,lower
baseline,mean-total,control,0.0,division:2026new,transferred_score_red_win_probability,score_differential_rmse,191.25571886874388,140,lower
baseline,mean-total,control,0.0,division:2026new,transferred_score_red_win_probability,mean_bias,-292.6667574178955,280,lower
baseline,mean-total,control,0.0,division:2026new,transferred_score_red_win_probability,relative_bias,-0.619264802703948,280,lower
baseline,mean-total,control,0.0,division:2026new,transferred_score_red_win_probability,winner_accuracy,0.5214285714285715,140,higher
baseline,mean-total,control,0.0,division:2026new,transferred_score_red_win_probability,winner_brier,0.24956932646456878,140,lower
baseline,mean-total,control,0.0,division:2026new,transferred_score_red_win_probability,winner_log_loss,0.6922856952891757,140,lower
baseline,mean-total,control,0.0,division:2026new,transferred_score_red_win_probability,winner_ece,0.005339488555858085,140,lower
baseline,mean-total,control,0.0,observation:high,raw_pred_red_win_probability,alliance_score_mae,260.2019004287275,2134,lower
baseline,mean-total,control,0.0,observation:high,raw_pred_red_win_probability,alliance_score_rmse,297.9481089410665,2134,lower
baseline,mean-total,control,0.0,observation:high,raw_pred_red_win_probability,score_differential_mae,164.04873477038424,1067,lower
baseline,mean-total,control,0.0,observation:high,raw_pred_red_win_probability,score_differential_rmse,206.55905432608424,1067,lower
baseline,mean-total,control,0.0,observation:high,raw_pred_red_win_probability,mean_bias,-256.5205430652379,2134,lower
baseline,mean-total,control,0.0,observation:high,raw_pred_red_win_probability,relative_bias,-0.5877333464689904,2134,lower
baseline,mean-total,control,0.0,observation:high,raw_pred_red_win_probability,winner_accuracy,0.5230046948356808,1065,higher
baseline,mean-total,control,0.0,observation:high,raw_pred_red_win_probability,winner_brier,0.24948494693276002,1065,lower
baseline,mean-total,control,0.0,observation:high,raw_pred_red_win_probability,winner_log_loss,0.692116774720039,1065,lower
baseline,mean-total,control,0.0,observation:high,raw_pred_red_win_probability,winner_ece,0.003763365148748865,1065,lower
baseline,mean-total,control,0.0,observation:high,transferred_platt_red_win_probability,alliance_score_mae,260.2019004287275,2134,lower
baseline,mean-total,control,0.0,observation:high,transferred_platt_red_win_probability,alliance_score_rmse,297.9481089410665,2134,lower
baseline,mean-total,control,0.0,observation:high,transferred_platt_red_win_probability,score_differential_mae,164.04873477038424,1067,lower
baseline,mean-total,control,0.0,observation:high,transferred_platt_red_win_probability,score_differential_rmse,206.55905432608424,1067,lower
baseline,mean-total,control,0.0,observation:high,transferred_platt_red_win_probability,mean_bias,-256.5205430652379,2134,lower
baseline,mean-total,control,0.0,observation:high,transferred_platt_red_win_probability,relative_bias,-0.5877333464689904,2134,lower
baseline,mean-total,control,0.0,observation:high,transferred_platt_red_win_probability,winner_accuracy,0.5230046948356808,1065,higher
baseline,mean-total,control,0.0,observation:high,transferred_platt_red_win_probability,winner_brier,0.24948494693276002,1065,lower
baseline,mean-total,control,0.0,observation:high,transferred_platt_red_win_probability,winner_log_loss,0.692116774720039,1065,lower
baseline,mean-total,control,0.0,observation:high,transferred_platt_red_win_probability,winner_ece,0.003763365148748865,1065,lower
baseline,mean-total,control,0.0,observation:high,transferred_score_red_win_probability,alliance_score_mae,260.2019004287275,2134,lower
baseline,mean-total,control,0.0,observation:high,transferred_score_red_win_probability,alliance_score_rmse,297.9481089410665,2134,lower
baseline,mean-total,control,0.0,observation:high,transferred_score_red_win_probability,score_differential_mae,164.04873477038424,1067,lower
baseline,mean-total,control,0.0,observation:high,transferred_score_red_win_probability,score_differential_rmse,206.55905432608424,1067,lower
baseline,mean-total,control,0.0,observation:high,transferred_score_red_win_probability,mean_bias,-256.5205430652379,2134,lower
baseline,mean-total,control,0.0,observation:high,transferred_score_red_win_probability,relative_bias,-0.5877333464689904,2134,lower
baseline,mean-total,control,0.0,observation:high,transferred_score_red_win_probability,winner_accuracy,0.5230046948356808,1065,higher
baseline,mean-total,control,0.0,observation:high,transferred_score_red_win_probability,winner_brier,0.24948494693276002,1065,lower
baseline,mean-total,control,0.0,observation:high,transferred_score_red_win_probability,winner_log_loss,0.692116774720039,1065,lower
baseline,mean-total,control,0.0,observation:high,transferred_score_red_win_probability,winner_ece,0.003763365148748865,1065,lower
baseline,mean-total,control,0.0,observation:low,raw_pred_red_win_probability,alliance_score_mae,195.5631859893241,4,lower
baseline,mean-total,control,0.0,observation:low,raw_pred_red_win_probability,alliance_score_rmse,236.3645694986771,4,lower
baseline,mean-total,control,0.0,observation:low,raw_pred_red_win_probability,score_differential_mae,164.0,2,lower
baseline,mean-total,control,0.0,observation:low,raw_pred_red_win_probability,score_differential_rmse,216.27991122617004,2,lower
baseline,mean-total,control,0.0,observation:low,raw_pred_red_win_probability,mean_bias,-195.5631859893241,4,lower
baseline,mean-total,control,0.0,observation:low,raw_pred_red_win_probability,relative_bias,-0.5208074194123145,4,lower
baseline,mean-total,control,0.0,observation:low,raw_pred_red_win_probability,winner_accuracy,0.5,2,higher
baseline,mean-total,control,0.0,observation:low,raw_pred_red_win_probability,winner_brier,0.25071652903533004,2,lower
baseline,mean-total,control,0.0,observation:low,raw_pred_red_win_probability,winner_log_loss,0.6945822962185036,2,lower
baseline,mean-total,control,0.0,observation:low,raw_pred_red_win_probability,winner_ece,0.02676805998442966,2,lower
baseline,mean-total,control,0.0,observation:low,transferred_platt_red_win_probability,alliance_score_mae,195.5631859893241,4,lower
baseline,mean-total,control,0.0,observation:low,transferred_platt_red_win_probability,alliance_score_rmse,236.3645694986771,4,lower
baseline,mean-total,control,0.0,observation:low,transferred_platt_red_win_probability,score_differential_mae,164.0,2,lower
baseline,mean-total,control,0.0,observation:low,transferred_platt_red_win_probability,score_differential_rmse,216.27991122617004,2,lower
baseline,mean-total,control,0.0,observation:low,transferred_platt_red_win_probability,mean_bias,-195.5631859893241,4,lower
baseline,mean-total,control,0.0,observation:low,transferred_platt_red_win_probability,relative_bias,-0.5208074194123145,4,lower
baseline,mean-total,control,0.0,observation:low,transferred_platt_red_win_probability,winner_accuracy,0.5,2,higher
baseline,mean-total,control,0.0,observation:low,transferred_platt_red_win_probability,winner_brier,0.25071652903533004,2,lower
baseline,mean-total,control,0.0,observation:low,transferred_platt_red_win_probability,winner_log_loss,0.6945822962185036,2,lower
baseline,mean-total,control,0.0,observation:low,transferred_platt_red_win_probability,winner_ece,0.02676805998442966,2,lower
baseline,mean-total,control,0.0,observation:low,transferred_score_red_win_probability,alliance_score_mae,195.5631859893241,4,lower
baseline,mean-total,control,0.0,observation:low,transferred_score_red_win_probability,alliance_score_rmse,236.3645694986771,4,lower
baseline,mean-total,control,0.0,observation:low,transferred_score_red_win_probability,score_differential_mae,164.0,2,lower
baseline,mean-total,control,0.0,observation:low,transferred_score_red_win_probability,score_differential_rmse,216.27991122617004,2,lower
baseline,mean-total,control,0.0,observation:low,transferred_score_red_win_probability,mean_bias,-195.5631859893241,4,lower
baseline,mean-total,control,0.0,observation:low,transferred_score_red_win_probability,relative_bias,-0.5208074194123145,4,lower
baseline,mean-total,control,0.0,observation:low,transferred_score_red_win_probability,winner_accuracy,0.5,2,higher
baseline,mean-total,control,0.0,observation:low,transferred_score_red_win_probability,winner_brier,0.25071652903533004,2,lower
baseline,mean-total,control,0.0,observation:low,transferred_score_red_win_probability,winner_log_loss,0.6945822962185036,2,lower
baseline,mean-total,control,0.0,observation:low,transferred_score_red_win_probability,winner_ece,0.02676805998442966,2,lower
baseline,mean-total,control,0.0,observation:medium,raw_pred_red_win_probability,alliance_score_mae,222.92928507167287,100,lower
baseline,mean-total,control,0.0,observation:medium,raw_pred_red_win_probability,alliance_score_rmse,258.3631119391742,100,lower
baseline,mean-total,control,0.0,observation:medium,raw_pred_red_win_probability,score_differential_mae,184.16,50,lower
baseline,mean-total,control,0.0,observation:medium,raw_pred_red_win_probability,score_differential_rmse,240.79094667366545,50,lower
baseline,mean-total,control,0.0,observation:medium,raw_pred_red_win_probability,mean_bias,-204.96318598932413,100,lower
baseline,mean-total,control,0.0,observation:medium,raw_pred_red_win_probability,relative_bias,-0.5325102260049991,100,lower
baseline,mean-total,control,0.0,observation:medium,raw_pred_red_win_probability,winner_accuracy,0.52,50,higher
baseline,mean-total,control,0.0,observation:medium,raw_pred_red_win_probability,winner_brier,0.24964580663595284,50,lower
baseline,mean-total,control,0.0,observation:medium,raw_pred_red_win_probability,winner_log_loss,0.6924388020177976,50,lower
baseline,mean-total,control,0.0,observation:medium,raw_pred_red_win_probability,winner_ece,0.006768059984429642,50,lower
baseline,mean-total,control,0.0,observation:medium,transferred_platt_red_win_probability,alliance_score_mae,222.92928507167287,100,lower
baseline,mean-total,control,0.0,observation:medium,transferred_platt_red_win_probability,alliance_score_rmse,258.3631119391742,100,lower
baseline,mean-total,control,0.0,observation:medium,transferred_platt_red_win_probability,score_differential_mae,184.16,50,lower
baseline,mean-total,control,0.0,observation:medium,transferred_platt_red_win_probability,score_differential_rmse,240.79094667366545,50,lower
baseline,mean-total,control,0.0,observation:medium,transferred_platt_red_win_probability,mean_bias,-204.96318598932413,100,lower
baseline,mean-total,control,0.0,observation:medium,transferred_platt_red_win_probability,relative_bias,-0.5325102260049991,100,lower
baseline,mean-total,control,0.0,observation:medium,transferred_platt_red_win_probability,winner_accuracy,0.52,50,higher
baseline,mean-total,control,0.0,observation:medium,transferred_platt_red_win_probability,winner_brier,0.24964580663595284,50,lower
baseline,mean-total,control,0.0,observation:medium,transferred_platt_red_win_probability,winner_log_loss,0.6924388020177976,50,lower
baseline,mean-total,control,0.0,observation:medium,transferred_platt_red_win_probability,winner_ece,0.006768059984429642,50,lower
baseline,mean-total,control,0.0,observation:medium,transferred_score_red_win_probability,alliance_score_mae,222.92928507167287,100,lower
baseline,mean-total,control,0.0,observation:medium,transferred_score_red_win_probability,alliance_score_rmse,258.3631119391742,100,lower
baseline,mean-total,control,0.0,observation:medium,transferred_score_red_win_probability,score_differential_mae,184.16,50,lower
baseline,mean-total,control,0.0,observation:medium,transferred_score_red_win_probability,score_differential_rmse,240.79094667366545,50,lower
baseline,mean-total,control,0.0,observation:medium,transferred_score_red_win_probability,mean_bias,-204.96318598932413,100,lower
baseline,mean-total,control,0.0,observation:medium,transferred_score_red_win_probability,relative_bias,-0.5325102260049991,100,lower
baseline,mean-total,control,0.0,observation:medium,transferred_score_red_win_probability,winner_accuracy,0.52,50,higher
baseline,mean-total,control,0.0,observation:medium,transferred_score_red_win_probability,winner_brier,0.24964580663595284,50,lower
baseline,mean-total,control,0.0,observation:medium,transferred_score_red_win_probability,winner_log_loss,0.6924388020177976,50,lower
baseline,mean-total,control,0.0,observation:medium,transferred_score_red_win_probability,winner_ece,0.006768059984429642,50,lower
historical-uncontrolled-reference,additive,historical,,primary-clean,raw_pred_red_win_probability,alliance_score_mae,122.0303885491849,2216,lower
historical-uncontrolled-reference,additive,historical,,primary-clean,raw_pred_red_win_probability,alliance_score_rmse,150.7503127636979,2216,lower
historical-uncontrolled-reference,additive,historical,,primary-clean,raw_pred_red_win_probability,score_differential_mae,125.85736498080762,1108,lower
historical-uncontrolled-reference,additive,historical,,primary-clean,raw_pred_red_win_probability,score_differential_rmse,158.05946507476065,1108,lower
historical-uncontrolled-reference,additive,historical,,primary-clean,raw_pred_red_win_probability,mean_bias,-95.21672865848558,2216,lower
historical-uncontrolled-reference,additive,historical,,primary-clean,raw_pred_red_win_probability,relative_bias,-0.2190646994895114,2216,lower
historical-uncontrolled-reference,additive,historical,,primary-clean,raw_pred_red_win_probability,winner_accuracy,0.6844484629294756,1106,higher
historical-uncontrolled-reference,additive,historical,,primary-clean,raw_pred_red_win_probability,winner_brier,0.19969597633161237,1106,lower
historical-uncontrolled-reference,additive,historical,,primary-clean,raw_pred_red_win_probability,winner_log_loss,0.5813084963958316,1106,lower
historical-uncontrolled-reference,additive,historical,,primary-clean,raw_pred_red_win_probability,winner_ece,0.11793351065696432,1106,lower
historical-uncontrolled-reference,additive,historical,,primary-clean,transferred_platt_red_win_probability,alliance_score_mae,122.0303885491849,2216,lower
historical-uncontrolled-reference,additive,historical,,primary-clean,transferred_platt_red_win_probability,alliance_score_rmse,150.7503127636979,2216,lower
historical-uncontrolled-reference,additive,historical,,primary-clean,transferred_platt_red_win_probability,score_differential_mae,125.85736498080762,1108,lower
historical-uncontrolled-reference,additive,historical,,primary-clean,transferred_platt_red_win_probability,score_differential_rmse,158.05946507476065,1108,lower
historical-uncontrolled-reference,additive,historical,,primary-clean,transferred_platt_red_win_probability,mean_bias,-95.21672865848558,2216,lower
historical-uncontrolled-reference,additive,historical,,primary-clean,transferred_platt_red_win_probability,relative_bias,-0.2190646994895114,2216,lower
historical-uncontrolled-reference,additive,historical,,primary-clean,transferred_platt_red_win_probability,winner_accuracy,0.6844484629294756,1106,higher
historical-uncontrolled-reference,additive,historical,,primary-clean,transferred_platt_red_win_probability,winner_brier,0.19969597633161237,1106,lower
historical-uncontrolled-reference,additive,historical,,primary-clean,transferred_platt_red_win_probability,winner_log_loss,0.5813084963958316,1106,lower
historical-uncontrolled-reference,additive,historical,,primary-clean,transferred_platt_red_win_probability,winner_ece,0.11793351065696432,1106,lower
historical-uncontrolled-reference,additive,historical,,primary-clean,transferred_score_red_win_probability,alliance_score_mae,122.0303885491849,2216,lower
historical-uncontrolled-reference,additive,historical,,primary-clean,transferred_score_red_win_probability,alliance_score_rmse,150.7503127636979,2216,lower
historical-uncontrolled-reference,additive,historical,,primary-clean,transferred_score_red_win_probability,score_differential_mae,125.85736498080762,1108,lower
historical-uncontrolled-reference,additive,historical,,primary-clean,transferred_score_red_win_probability,score_differential_rmse,158.05946507476065,1108,lower
historical-uncontrolled-reference,additive,historical,,primary-clean,transferred_score_red_win_probability,mean_bias,-95.21672865848558,2216,lower
historical-uncontrolled-reference,additive,historical,,primary-clean,transferred_score_red_win_probability,relative_bias,-0.2190646994895114,2216,lower
historical-uncontrolled-reference,additive,historical,,primary-clean,transferred_score_red_win_probability,winner_accuracy,0.6844484629294756,1106,higher
historical-uncontrolled-reference,additive,historical,,primary-clean,transferred_score_red_win_probability,winner_brier,0.19969597633161237,1106,lower
historical-uncontrolled-reference,additive,historical,,primary-clean,transferred_score_red_win_probability,winner_log_loss,0.5813084963958316,1106,lower
historical-uncontrolled-reference,additive,historical,,primary-clean,transferred_score_red_win_probability,winner_ece,0.11793351065696432,1106,lower
historical-uncontrolled-reference,additive,historical,,all-official,raw_pred_red_win_probability,alliance_score_mae,122.08128499454516,2238,lower
historical-uncontrolled-reference,additive,historical,,all-official,raw_pred_red_win_probability,alliance_score_rmse,150.98103174159206,2238,lower
historical-uncontrolled-reference,additive,historical,,all-official,raw_pred_red_win_probability,score_differential_mae,126.2840222187269,1119,lower
historical-uncontrolled-reference,additive,historical,,all-official,raw_pred_red_win_probability,score_differential_rmse,158.70454339775054,1119,lower
historical-uncontrolled-reference,additive,historical,,all-official,raw_pred_red_win_probability,mean_bias,-95.00705336311668,2238,lower
historical-uncontrolled-reference,additive,historical,,all-official,raw_pred_red_win_probability,relative_bias,-0.21888772547710414,2238,lower
historical-uncontrolled-reference,additive,historical,,all-official,raw_pred_red_win_probability,winner_accuracy,0.6866606982990152,1117,higher
historical-uncontrolled-reference,additive,historical,,all-official,raw_pred_red_win_probability,winner_brier,0.19923464479138522,1117,lower
historical-uncontrolled-reference,additive,historical,,all-official,raw_pred_red_win_probability,winner_log_loss,0.5803659377337393,1117,lower
historical-uncontrolled-reference,additive,historical,,all-official,raw_pred_red_win_probability,winner_ece,0.11647132141209192,1117,lower
historical-uncontrolled-reference,additive,historical,,all-official,transferred_platt_red_win_probability,alliance_score_mae,122.08128499454516,2238,lower
historical-uncontrolled-reference,additive,historical,,all-official,transferred_platt_red_win_probability,alliance_score_rmse,150.98103174159206,2238,lower
historical-uncontrolled-reference,additive,historical,,all-official,transferred_platt_red_win_probability,score_differential_mae,126.2840222187269,1119,lower
historical-uncontrolled-reference,additive,historical,,all-official,transferred_platt_red_win_probability,score_differential_rmse,158.70454339775054,1119,lower
historical-uncontrolled-reference,additive,historical,,all-official,transferred_platt_red_win_probability,mean_bias,-95.00705336311668,2238,lower
historical-uncontrolled-reference,additive,historical,,all-official,transferred_platt_red_win_probability,relative_bias,-0.21888772547710414,2238,lower
historical-uncontrolled-reference,additive,historical,,all-official,transferred_platt_red_win_probability,winner_accuracy,0.6866606982990152,1117,higher
historical-uncontrolled-reference,additive,historical,,all-official,transferred_platt_red_win_probability,winner_brier,0.19923464479138522,1117,lower
historical-uncontrolled-reference,additive,historical,,all-official,transferred_platt_red_win_probability,winner_log_loss,0.5803659377337393,1117,lower
historical-uncontrolled-reference,additive,historical,,all-official,transferred_platt_red_win_probability,winner_ece,0.11647132141209192,1117,lower
historical-uncontrolled-reference,additive,historical,,all-official,transferred_score_red_win_probability,alliance_score_mae,122.08128499454516,2238,lower
historical-uncontrolled-reference,additive,historical,,all-official,transferred_score_red_win_probability,alliance_score_rmse,150.98103174159206,2238,lower
historical-uncontrolled-reference,additive,historical,,all-official,transferred_score_red_win_probability,score_differential_mae,126.2840222187269,1119,lower
historical-uncontrolled-reference,additive,historical,,all-official,transferred_score_red_win_probability,score_differential_rmse,158.70454339775054,1119,lower
historical-uncontrolled-reference,additive,historical,,all-official,transferred_score_red_win_probability,mean_bias,-95.00705336311668,2238,lower
historical-uncontrolled-reference,additive,historical,,all-official,transferred_score_red_win_probability,relative_bias,-0.21888772547710414,2238,lower
historical-uncontrolled-reference,additive,historical,,all-official,transferred_score_red_win_probability,winner_accuracy,0.6866606982990152,1117,higher
historical-uncontrolled-reference,additive,historical,,all-official,transferred_score_red_win_probability,winner_brier,0.19923464479138522,1117,lower
historical-uncontrolled-reference,additive,historical,,all-official,transferred_score_red_win_probability,winner_log_loss,0.5803659377337393,1117,lower
historical-uncontrolled-reference,additive,historical,,all-official,transferred_score_red_win_probability,winner_ece,0.11647132141209192,1117,lower
historical-uncontrolled-reference,additive,historical,,DQ-only,raw_pred_red_win_probability,alliance_score_mae,127.20794512719759,22,lower
historical-uncontrolled-reference,additive,historical,,DQ-only,raw_pred_red_win_probability,alliance_score_rmse,172.6482432119021,22,lower
historical-uncontrolled-reference,additive,historical,,DQ-only,raw_pred_red_win_probability,score_differential_mae,169.26004218368823,11,lower
historical-uncontrolled-reference,additive,historical,,DQ-only,raw_pred_red_win_probability,score_differential_rmse,213.9380770042047,11,lower
historical-uncontrolled-reference,additive,historical,,DQ-only,raw_pred_red_win_probability,mean_bias,-73.88703270232304,22,lower
historical-uncontrolled-reference,additive,historical,,DQ-only,raw_pred_red_win_probability,relative_bias,-0.19811270194407155,22,lower
historical-uncontrolled-reference,additive,historical,,DQ-only,raw_pred_red_win_probability,winner_accuracy,0.9090909090909091,11,higher
historical-uncontrolled-reference,additive,historical,,DQ-only,raw_pred_red_win_probability,winner_brier,0.15284985538309287,11,lower
historical-uncontrolled-reference,additive,historical,,DQ-only,raw_pred_red_win_probability,winner_log_loss,0.4855959486179291,11,lower
historical-uncontrolled-reference,additive,historical,,DQ-only,raw_pred_red_win_probability,winner_ece,0.37130369298370297,11,lower
historical-uncontrolled-reference,additive,historical,,DQ-only,transferred_platt_red_win_probability,alliance_score_mae,127.20794512719759,22,lower
historical-uncontrolled-reference,additive,historical,,DQ-only,transferred_platt_red_win_probability,alliance_score_rmse,172.6482432119021,22,lower
historical-uncontrolled-reference,additive,historical,,DQ-only,transferred_platt_red_win_probability,score_differential_mae,169.26004218368823,11,lower
historical-uncontrolled-reference,additive,historical,,DQ-only,transferred_platt_red_win_probability,score_differential_rmse,213.9380770042047,11,lower
historical-uncontrolled-reference,additive,historical,,DQ-only,transferred_platt_red_win_probability,mean_bias,-73.88703270232304,22,lower
historical-uncontrolled-reference,additive,historical,,DQ-only,transferred_platt_red_win_probability,relative_bias,-0.19811270194407155,22,lower
historical-uncontrolled-reference,additive,historical,,DQ-only,transferred_platt_red_win_probability,winner_accuracy,0.9090909090909091,11,higher
historical-uncontrolled-reference,additive,historical,,DQ-only,transferred_platt_red_win_probability,winner_brier,0.15284985538309287,11,lower
historical-uncontrolled-reference,additive,historical,,DQ-only,transferred_platt_red_win_probability,winner_log_loss,0.4855959486179291,11,lower
historical-uncontrolled-reference,additive,historical,,DQ-only,transferred_platt_red_win_probability,winner_ece,0.37130369298370297,11,lower
historical-uncontrolled-reference,additive,historical,,DQ-only,transferred_score_red_win_probability,alliance_score_mae,127.20794512719759,22,lower
historical-uncontrolled-reference,additive,historical,,DQ-only,transferred_score_red_win_probability,alliance_score_rmse,172.6482432119021,22,lower
historical-uncontrolled-reference,additive,historical,,DQ-only,transferred_score_red_win_probability,score_differential_mae,169.26004218368823,11,lower
historical-uncontrolled-reference,additive,historical,,DQ-only,transferred_score_red_win_probability,score_differential_rmse,213.9380770042047,11,lower
historical-uncontrolled-reference,additive,historical,,DQ-only,transferred_score_red_win_probability,mean_bias,-73.88703270232304,22,lower
historical-uncontrolled-reference,additive,historical,,DQ-only,transferred_score_red_win_probability,relative_bias,-0.19811270194407155,22,lower
historical-uncontrolled-reference,additive,historical,,DQ-only,transferred_score_red_win_probability,winner_accuracy,0.9090909090909091,11,higher
historical-uncontrolled-reference,additive,historical,,DQ-only,transferred_score_red_win_probability,winner_brier,0.15284985538309287,11,lower
historical-uncontrolled-reference,additive,historical,,DQ-only,transferred_score_red_win_probability,winner_log_loss,0.4855959486179291,11,lower
historical-uncontrolled-reference,additive,historical,,DQ-only,transferred_score_red_win_probability,winner_ece,0.37130369298370297,11,lower
historical-uncontrolled-reference,additive,historical,,surrogate-only,raw_pred_red_win_probability,alliance_score_mae,88.48259788553837,12,lower
historical-uncontrolled-reference,additive,historical,,surrogate-only,raw_pred_red_win_probability,alliance_score_rmse,111.22617785479102,12,lower
historical-uncontrolled-reference,additive,historical,,surrogate-only,raw_pred_red_win_probability,score_differential_mae,107.18592245463005,6,lower
historical-uncontrolled-reference,additive,historical,,surrogate-only,raw_pred_red_win_probability,score_differential_rmse,116.71174755685956,6,lower
historical-uncontrolled-reference,additive,historical,,surrogate-only,raw_pred_red_win_probability,mean_bias,-59.226999859732565,12,lower
historical-uncontrolled-reference,additive,historical,,surrogate-only,raw_pred_red_win_probability,relative_bias,-0.15307430504346128,12,lower
historical-uncontrolled-reference,additive,historical,,surrogate-only,raw_pred_red_win_probability,winner_accuracy,0.8333333333333334,6,higher
historical-uncontrolled-reference,additive,historical,,surrogate-only,raw_pred_red_win_probability,winner_brier,0.13871907583041748,6,lower
historical-uncontrolled-reference,additive,historical,,surrogate-only,raw_pred_red_win_probability,winner_log_loss,0.4498389636927675,6,lower
historical-uncontrolled-reference,additive,historical,,surrogate-only,raw_pred_red_win_probability,winner_ece,0.06637091866263571,6,lower
historical-uncontrolled-reference,additive,historical,,surrogate-only,transferred_platt_red_win_probability,alliance_score_mae,88.48259788553837,12,lower
historical-uncontrolled-reference,additive,historical,,surrogate-only,transferred_platt_red_win_probability,alliance_score_rmse,111.22617785479102,12,lower
historical-uncontrolled-reference,additive,historical,,surrogate-only,transferred_platt_red_win_probability,score_differential_mae,107.18592245463005,6,lower
historical-uncontrolled-reference,additive,historical,,surrogate-only,transferred_platt_red_win_probability,score_differential_rmse,116.71174755685956,6,lower
historical-uncontrolled-reference,additive,historical,,surrogate-only,transferred_platt_red_win_probability,mean_bias,-59.226999859732565,12,lower
historical-uncontrolled-reference,additive,historical,,surrogate-only,transferred_platt_red_win_probability,relative_bias,-0.15307430504346128,12,lower
historical-uncontrolled-reference,additive,historical,,surrogate-only,transferred_platt_red_win_probability,winner_accuracy,0.8333333333333334,6,higher
historical-uncontrolled-reference,additive,historical,,surrogate-only,transferred_platt_red_win_probability,winner_brier,0.13871907583041748,6,lower
historical-uncontrolled-reference,additive,historical,,surrogate-only,transferred_platt_red_win_probability,winner_log_loss,0.4498389636927675,6,lower
historical-uncontrolled-reference,additive,historical,,surrogate-only,transferred_platt_red_win_probability,winner_ece,0.06637091866263571,6,lower
historical-uncontrolled-reference,additive,historical,,surrogate-only,transferred_score_red_win_probability,alliance_score_mae,88.48259788553837,12,lower
historical-uncontrolled-reference,additive,historical,,surrogate-only,transferred_score_red_win_probability,alliance_score_rmse,111.22617785479102,12,lower
historical-uncontrolled-reference,additive,historical,,surrogate-only,transferred_score_red_win_probability,score_differential_mae,107.18592245463005,6,lower
historical-uncontrolled-reference,additive,historical,,surrogate-only,transferred_score_red_win_probability,score_differential_rmse,116.71174755685956,6,lower
historical-uncontrolled-reference,additive,historical,,surrogate-only,transferred_score_red_win_probability,mean_bias,-59.226999859732565,12,lower
historical-uncontrolled-reference,additive,historical,,surrogate-only,transferred_score_red_win_probability,relative_bias,-0.15307430504346128,12,lower
historical-uncontrolled-reference,additive,historical,,surrogate-only,transferred_score_red_win_probability,winner_accuracy,0.8333333333333334,6,higher
historical-uncontrolled-reference,additive,historical,,surrogate-only,transferred_score_red_win_probability,winner_brier,0.13871907583041748,6,lower
historical-uncontrolled-reference,additive,historical,,surrogate-only,transferred_score_red_win_probability,winner_log_loss,0.4498389636927675,6,lower
historical-uncontrolled-reference,additive,historical,,surrogate-only,transferred_score_red_win_probability,winner_ece,0.06637091866263571,6,lower
historical-uncontrolled-reference,additive,historical,,division:2026arc,raw_pred_red_win_probability,alliance_score_mae,114.14706706860196,282,lower
historical-uncontrolled-reference,additive,historical,,division:2026arc,raw_pred_red_win_probability,alliance_score_rmse,144.57517420488136,282,lower
historical-uncontrolled-reference,additive,historical,,division:2026arc,raw_pred_red_win_probability,score_differential_mae,125.73696836891929,141,lower
historical-uncontrolled-reference,additive,historical,,division:2026arc,raw_pred_red_win_probability,score_differential_rmse,160.1695367925168,141,lower
historical-uncontrolled-reference,additive,historical,,division:2026arc,raw_pred_red_win_probability,mean_bias,-85.6220859093096,282,lower
historical-uncontrolled-reference,additive,historical,,division:2026arc,raw_pred_red_win_probability,relative_bias,-0.1926148586938424,282,lower
historical-uncontrolled-reference,additive,historical,,division:2026arc,raw_pred_red_win_probability,winner_accuracy,0.65,140,higher
historical-uncontrolled-reference,additive,historical,,division:2026arc,raw_pred_red_win_probability,winner_brier,0.2010150390279802,140,lower
historical-uncontrolled-reference,additive,historical,,division:2026arc,raw_pred_red_win_probability,winner_log_loss,0.583838058706917,140,lower
historical-uncontrolled-reference,additive,historical,,division:2026arc,raw_pred_red_win_probability,winner_ece,0.1821552920067805,140,lower
historical-uncontrolled-reference,additive,historical,,division:2026arc,transferred_platt_red_win_probability,alliance_score_mae,114.14706706860196,282,lower
historical-uncontrolled-reference,additive,historical,,division:2026arc,transferred_platt_red_win_probability,alliance_score_rmse,144.57517420488136,282,lower
historical-uncontrolled-reference,additive,historical,,division:2026arc,transferred_platt_red_win_probability,score_differential_mae,125.73696836891929,141,lower
historical-uncontrolled-reference,additive,historical,,division:2026arc,transferred_platt_red_win_probability,score_differential_rmse,160.1695367925168,141,lower
historical-uncontrolled-reference,additive,historical,,division:2026arc,transferred_platt_red_win_probability,mean_bias,-85.6220859093096,282,lower
historical-uncontrolled-reference,additive,historical,,division:2026arc,transferred_platt_red_win_probability,relative_bias,-0.1926148586938424,282,lower
historical-uncontrolled-reference,additive,historical,,division:2026arc,transferred_platt_red_win_probability,winner_accuracy,0.65,140,higher
historical-uncontrolled-reference,additive,historical,,division:2026arc,transferred_platt_red_win_probability,winner_brier,0.2010150390279802,140,lower
historical-uncontrolled-reference,additive,historical,,division:2026arc,transferred_platt_red_win_probability,winner_log_loss,0.583838058706917,140,lower
historical-uncontrolled-reference,additive,historical,,division:2026arc,transferred_platt_red_win_probability,winner_ece,0.1821552920067805,140,lower
historical-uncontrolled-reference,additive,historical,,division:2026arc,transferred_score_red_win_probability,alliance_score_mae,114.14706706860196,282,lower
historical-uncontrolled-reference,additive,historical,,division:2026arc,transferred_score_red_win_probability,alliance_score_rmse,144.57517420488136,282,lower
historical-uncontrolled-reference,additive,historical,,division:2026arc,transferred_score_red_win_probability,score_differential_mae,125.73696836891929,141,lower
historical-uncontrolled-reference,additive,historical,,division:2026arc,transferred_score_red_win_probability,score_differential_rmse,160.1695367925168,141,lower
historical-uncontrolled-reference,additive,historical,,division:2026arc,transferred_score_red_win_probability,mean_bias,-85.6220859093096,282,lower
historical-uncontrolled-reference,additive,historical,,division:2026arc,transferred_score_red_win_probability,relative_bias,-0.1926148586938424,282,lower
historical-uncontrolled-reference,additive,historical,,division:2026arc,transferred_score_red_win_probability,winner_accuracy,0.65,140,higher
historical-uncontrolled-reference,additive,historical,,division:2026arc,transferred_score_red_win_probability,winner_brier,0.2010150390279802,140,lower
historical-uncontrolled-reference,additive,historical,,division:2026arc,transferred_score_red_win_probability,winner_log_loss,0.583838058706917,140,lower
historical-uncontrolled-reference,additive,historical,,division:2026arc,transferred_score_red_win_probability,winner_ece,0.1821552920067805,140,lower
historical-uncontrolled-reference,additive,historical,,division:2026cur,raw_pred_red_win_probability,alliance_score_mae,115.67970283391611,278,lower
historical-uncontrolled-reference,additive,historical,,division:2026cur,raw_pred_red_win_probability,alliance_score_rmse,142.00145479157501,278,lower
historical-uncontrolled-reference,additive,historical,,division:2026cur,raw_pred_red_win_probability,score_differential_mae,109.8144691816485,139,lower
historical-uncontrolled-reference,additive,historical,,division:2026cur,raw_pred_red_win_probability,score_differential_rmse,134.2802787888603,139,lower
historical-uncontrolled-reference,additive,historical,,division:2026cur,raw_pred_red_win_probability,mean_bias,-94.92904885174666,278,lower
historical-uncontrolled-reference,additive,historical,,division:2026cur,raw_pred_red_win_probability,relative_bias,-0.21880306752881612,278,lower
historical-uncontrolled-reference,additive,historical,,division:2026cur,raw_pred_red_win_probability,winner_accuracy,0.7122302158273381,139,higher
historical-uncontrolled-reference,additive,historical,,division:2026cur,raw_pred_red_win_probability,winner_brier,0.18467984054343584,139,lower
historical-uncontrolled-reference,additive,historical,,division:2026cur,raw_pred_red_win_probability,winner_log_loss,0.5469078307192863,139,lower
historical-uncontrolled-reference,additive,historical,,division:2026cur,raw_pred_red_win_probability,winner_ece,0.11483692275617208,139,lower
historical-uncontrolled-reference,additive,historical,,division:2026cur,transferred_platt_red_win_probability,alliance_score_mae,115.67970283391611,278,lower
historical-uncontrolled-reference,additive,historical,,division:2026cur,transferred_platt_red_win_probability,alliance_score_rmse,142.00145479157501,278,lower
historical-uncontrolled-reference,additive,historical,,division:2026cur,transferred_platt_red_win_probability,score_differential_mae,109.8144691816485,139,lower
historical-uncontrolled-reference,additive,historical,,division:2026cur,transferred_platt_red_win_probability,score_differential_rmse,134.2802787888603,139,lower
historical-uncontrolled-reference,additive,historical,,division:2026cur,transferred_platt_red_win_probability,mean_bias,-94.92904885174666,278,lower
historical-uncontrolled-reference,additive,historical,,division:2026cur,transferred_platt_red_win_probability,relative_bias,-0.21880306752881612,278,lower
historical-uncontrolled-reference,additive,historical,,division:2026cur,transferred_platt_red_win_probability,winner_accuracy,0.7122302158273381,139,higher
historical-uncontrolled-reference,additive,historical,,division:2026cur,transferred_platt_red_win_probability,winner_brier,0.18467984054343584,139,lower
historical-uncontrolled-reference,additive,historical,,division:2026cur,transferred_platt_red_win_probability,winner_log_loss,0.5469078307192863,139,lower
historical-uncontrolled-reference,additive,historical,,division:2026cur,transferred_platt_red_win_probability,winner_ece,0.11483692275617208,139,lower
historical-uncontrolled-reference,additive,historical,,division:2026cur,transferred_score_red_win_probability,alliance_score_mae,115.67970283391611,278,lower
historical-uncontrolled-reference,additive,historical,,division:2026cur,transferred_score_red_win_probability,alliance_score_rmse,142.00145479157501,278,lower
historical-uncontrolled-reference,additive,historical,,division:2026cur,transferred_score_red_win_probability,score_differential_mae,109.8144691816485,139,lower
historical-uncontrolled-reference,additive,historical,,division:2026cur,transferred_score_red_win_probability,score_differential_rmse,134.2802787888603,139,lower
historical-uncontrolled-reference,additive,historical,,division:2026cur,transferred_score_red_win_probability,mean_bias,-94.92904885174666,278,lower
historical-uncontrolled-reference,additive,historical,,division:2026cur,transferred_score_red_win_probability,relative_bias,-0.21880306752881612,278,lower
historical-uncontrolled-reference,additive,historical,,division:2026cur,transferred_score_red_win_probability,winner_accuracy,0.7122302158273381,139,higher
historical-uncontrolled-reference,additive,historical,,division:2026cur,transferred_score_red_win_probability,winner_brier,0.18467984054343584,139,lower
historical-uncontrolled-reference,additive,historical,,division:2026cur,transferred_score_red_win_probability,winner_log_loss,0.5469078307192863,139,lower
historical-uncontrolled-reference,additive,historical,,division:2026cur,transferred_score_red_win_probability,winner_ece,0.11483692275617208,139,lower
historical-uncontrolled-reference,additive,historical,,division:2026dal,raw_pred_red_win_probability,alliance_score_mae,104.5866894769629,280,lower
historical-uncontrolled-reference,additive,historical,,division:2026dal,raw_pred_red_win_probability,alliance_score_rmse,130.02263445144877,280,lower
historical-uncontrolled-reference,additive,historical,,division:2026dal,raw_pred_red_win_probability,score_differential_mae,128.87177784052136,140,lower
historical-uncontrolled-reference,additive,historical,,division:2026dal,raw_pred_red_win_probability,score_differential_rmse,164.61353005230262,140,lower
historical-uncontrolled-reference,additive,historical,,division:2026dal,raw_pred_red_win_probability,mean_bias,-71.4442428715876,280,lower
historical-uncontrolled-reference,additive,historical,,division:2026dal,raw_pred_red_win_probability,relative_bias,-0.17524035954977074,280,lower
historical-uncontrolled-reference,additive,historical,,division:2026dal,raw_pred_red_win_probability,winner_accuracy,0.6571428571428571,140,higher
historical-uncontrolled-reference,additive,historical,,division:2026dal,raw_pred_red_win_probability,winner_brier,0.20426401135588698,140,lower
historical-uncontrolled-reference,additive,historical,,division:2026dal,raw_pred_red_win_probability,winner_log_loss,0.5868187137068251,140,lower
historical-uncontrolled-reference,additive,historical,,division:2026dal,raw_pred_red_win_probability,winner_ece,0.17416784199547594,140,lower
historical-uncontrolled-reference,additive,historical,,division:2026dal,transferred_platt_red_win_probability,alliance_score_mae,104.5866894769629,280,lower
historical-uncontrolled-reference,additive,historical,,division:2026dal,transferred_platt_red_win_probability,alliance_score_rmse,130.02263445144877,280,lower
historical-uncontrolled-reference,additive,historical,,division:2026dal,transferred_platt_red_win_probability,score_differential_mae,128.87177784052136,140,lower
historical-uncontrolled-reference,additive,historical,,division:2026dal,transferred_platt_red_win_probability,score_differential_rmse,164.61353005230262,140,lower
historical-uncontrolled-reference,additive,historical,,division:2026dal,transferred_platt_red_win_probability,mean_bias,-71.4442428715876,280,lower
historical-uncontrolled-reference,additive,historical,,division:2026dal,transferred_platt_red_win_probability,relative_bias,-0.17524035954977074,280,lower
historical-uncontrolled-reference,additive,historical,,division:2026dal,transferred_platt_red_win_probability,winner_accuracy,0.6571428571428571,140,higher
historical-uncontrolled-reference,additive,historical,,division:2026dal,transferred_platt_red_win_probability,winner_brier,0.20426401135588698,140,lower
historical-uncontrolled-reference,additive,historical,,division:2026dal,transferred_platt_red_win_probability,winner_log_loss,0.5868187137068251,140,lower
historical-uncontrolled-reference,additive,historical,,division:2026dal,transferred_platt_red_win_probability,winner_ece,0.17416784199547594,140,lower
historical-uncontrolled-reference,additive,historical,,division:2026dal,transferred_score_red_win_probability,alliance_score_mae,104.5866894769629,280,lower
historical-uncontrolled-reference,additive,historical,,division:2026dal,transferred_score_red_win_probability,alliance_score_rmse,130.02263445144877,280,lower
historical-uncontrolled-reference,additive,historical,,division:2026dal,transferred_score_red_win_probability,score_differential_mae,128.87177784052136,140,lower
historical-uncontrolled-reference,additive,historical,,division:2026dal,transferred_score_red_win_probability,score_differential_rmse,164.61353005230262,140,lower
historical-uncontrolled-reference,additive,historical,,division:2026dal,transferred_score_red_win_probability,mean_bias,-71.4442428715876,280,lower
historical-uncontrolled-reference,additive,historical,,division:2026dal,transferred_score_red_win_probability,relative_bias,-0.17524035954977074,280,lower
historical-uncontrolled-reference,additive,historical,,division:2026dal,transferred_score_red_win_probability,winner_accuracy,0.6571428571428571,140,higher
historical-uncontrolled-reference,additive,historical,,division:2026dal,transferred_score_red_win_probability,winner_brier,0.20426401135588698,140,lower
historical-uncontrolled-reference,additive,historical,,division:2026dal,transferred_score_red_win_probability,winner_log_loss,0.5868187137068251,140,lower
historical-uncontrolled-reference,additive,historical,,division:2026dal,transferred_score_red_win_probability,winner_ece,0.17416784199547594,140,lower
historical-uncontrolled-reference,additive,historical,,division:2026gal,raw_pred_red_win_probability,alliance_score_mae,147.7278365282302,280,lower
historical-uncontrolled-reference,additive,historical,,division:2026gal,raw_pred_red_win_probability,alliance_score_rmse,180.79977957814594,280,lower
historical-uncontrolled-reference,additive,historical,,division:2026gal,raw_pred_red_win_probability,score_differential_mae,147.83733476008987,140,lower
historical-uncontrolled-reference,additive,historical,,division:2026gal,raw_pred_red_win_probability,score_differential_rmse,180.9903223641208,140,lower
historical-uncontrolled-reference,additive,historical,,division:2026gal,raw_pred_red_win_probability,mean_bias,-125.21507442400096,280,lower
historical-uncontrolled-reference,additive,historical,,division:2026gal,raw_pred_red_win_probability,relative_bias,-0.2943491435612183,280,lower
historical-uncontrolled-reference,additive,historical,,division:2026gal,raw_pred_red_win_probability,winner_accuracy,0.6690647482014388,139,higher
historical-uncontrolled-reference,additive,historical,,division:2026gal,raw_pred_red_win_probability,winner_brier,0.2198769480579252,139,lower
historical-uncontrolled-reference,additive,historical,,division:2026gal,raw_pred_red_win_probability,winner_log_loss,0.6358954197524762,139,lower
historical-uncontrolled-reference,additive,historical,,division:2026gal,raw_pred_red_win_probability,winner_ece,0.07909465406397007,139,lower
historical-uncontrolled-reference,additive,historical,,division:2026gal,transferred_platt_red_win_probability,alliance_score_mae,147.7278365282302,280,lower
historical-uncontrolled-reference,additive,historical,,division:2026gal,transferred_platt_red_win_probability,alliance_score_rmse,180.79977957814594,280,lower
historical-uncontrolled-reference,additive,historical,,division:2026gal,transferred_platt_red_win_probability,score_differential_mae,147.83733476008987,140,lower
historical-uncontrolled-reference,additive,historical,,division:2026gal,transferred_platt_red_win_probability,score_differential_rmse,180.9903223641208,140,lower
historical-uncontrolled-reference,additive,historical,,division:2026gal,transferred_platt_red_win_probability,mean_bias,-125.21507442400096,280,lower
historical-uncontrolled-reference,additive,historical,,division:2026gal,transferred_platt_red_win_probability,relative_bias,-0.2943491435612183,280,lower
historical-uncontrolled-reference,additive,historical,,division:2026gal,transferred_platt_red_win_probability,winner_accuracy,0.6690647482014388,139,higher
historical-uncontrolled-reference,additive,historical,,division:2026gal,transferred_platt_red_win_probability,winner_brier,0.2198769480579252,139,lower
historical-uncontrolled-reference,additive,historical,,division:2026gal,transferred_platt_red_win_probability,winner_log_loss,0.6358954197524762,139,lower
historical-uncontrolled-reference,additive,historical,,division:2026gal,transferred_platt_red_win_probability,winner_ece,0.07909465406397007,139,lower
historical-uncontrolled-reference,additive,historical,,division:2026gal,transferred_score_red_win_probability,alliance_score_mae,147.7278365282302,280,lower
historical-uncontrolled-reference,additive,historical,,division:2026gal,transferred_score_red_win_probability,alliance_score_rmse,180.79977957814594,280,lower
historical-uncontrolled-reference,additive,historical,,division:2026gal,transferred_score_red_win_probability,score_differential_mae,147.83733476008987,140,lower
historical-uncontrolled-reference,additive,historical,,division:2026gal,transferred_score_red_win_probability,score_differential_rmse,180.9903223641208,140,lower
historical-uncontrolled-reference,additive,historical,,division:2026gal,transferred_score_red_win_probability,mean_bias,-125.21507442400096,280,lower
historical-uncontrolled-reference,additive,historical,,division:2026gal,transferred_score_red_win_probability,relative_bias,-0.2943491435612183,280,lower
historical-uncontrolled-reference,additive,historical,,division:2026gal,transferred_score_red_win_probability,winner_accuracy,0.6690647482014388,139,higher
historical-uncontrolled-reference,additive,historical,,division:2026gal,transferred_score_red_win_probability,winner_brier,0.2198769480579252,139,lower
historical-uncontrolled-reference,additive,historical,,division:2026gal,transferred_score_red_win_probability,winner_log_loss,0.6358954197524762,139,lower
historical-uncontrolled-reference,additive,historical,,division:2026gal,transferred_score_red_win_probability,winner_ece,0.07909465406397007,139,lower
historical-uncontrolled-reference,additive,historical,,division:2026hop,raw_pred_red_win_probability,alliance_score_mae,140.3789448561821,280,lower
historical-uncontrolled-reference,additive,historical,,division:2026hop,raw_pred_red_win_probability,alliance_score_rmse,170.86878830171952,280,lower
historical-uncontrolled-reference,additive,historical,,division:2026hop,raw_pred_red_win_probability,score_differential_mae,135.50037547457939,140,lower
historical-uncontrolled-reference,additive,historical,,division:2026hop,raw_pred_red_win_probability,score_differential_rmse,170.03975962913324,140,lower
historical-uncontrolled-reference,additive,historical,,division:2026hop,raw_pred_red_win_probability,mean_bias,-115.92604657669798,280,lower
historical-uncontrolled-reference,additive,historical,,division:2026hop,raw_pred_red_win_probability,relative_bias,-0.2513574296979575,280,lower
historical-uncontrolled-reference,additive,historical,,division:2026hop,raw_pred_red_win_probability,winner_accuracy,0.6714285714285714,140,higher
historical-uncontrolled-reference,additive,historical,,division:2026hop,raw_pred_red_win_probability,winner_brier,0.2093931367932104,140,lower
historical-uncontrolled-reference,additive,historical,,division:2026hop,raw_pred_red_win_probability,winner_log_loss,0.6012706744983388,140,lower
historical-uncontrolled-reference,additive,historical,,division:2026hop,raw_pred_red_win_probability,winner_ece,0.14299558757000633,140,lower
historical-uncontrolled-reference,additive,historical,,division:2026hop,transferred_platt_red_win_probability,alliance_score_mae,140.3789448561821,280,lower
historical-uncontrolled-reference,additive,historical,,division:2026hop,transferred_platt_red_win_probability,alliance_score_rmse,170.86878830171952,280,lower
historical-uncontrolled-reference,additive,historical,,division:2026hop,transferred_platt_red_win_probability,score_differential_mae,135.50037547457939,140,lower
historical-uncontrolled-reference,additive,historical,,division:2026hop,transferred_platt_red_win_probability,score_differential_rmse,170.03975962913324,140,lower
historical-uncontrolled-reference,additive,historical,,division:2026hop,transferred_platt_red_win_probability,mean_bias,-115.92604657669798,280,lower
historical-uncontrolled-reference,additive,historical,,division:2026hop,transferred_platt_red_win_probability,relative_bias,-0.2513574296979575,280,lower
historical-uncontrolled-reference,additive,historical,,division:2026hop,transferred_platt_red_win_probability,winner_accuracy,0.6714285714285714,140,higher
historical-uncontrolled-reference,additive,historical,,division:2026hop,transferred_platt_red_win_probability,winner_brier,0.2093931367932104,140,lower
historical-uncontrolled-reference,additive,historical,,division:2026hop,transferred_platt_red_win_probability,winner_log_loss,0.6012706744983388,140,lower
historical-uncontrolled-reference,additive,historical,,division:2026hop,transferred_platt_red_win_probability,winner_ece,0.14299558757000633,140,lower
historical-uncontrolled-reference,additive,historical,,division:2026hop,transferred_score_red_win_probability,alliance_score_mae,140.3789448561821,280,lower
historical-uncontrolled-reference,additive,historical,,division:2026hop,transferred_score_red_win_probability,alliance_score_rmse,170.86878830171952,280,lower
historical-uncontrolled-reference,additive,historical,,division:2026hop,transferred_score_red_win_probability,score_differential_mae,135.50037547457939,140,lower
historical-uncontrolled-reference,additive,historical,,division:2026hop,transferred_score_red_win_probability,score_differential_rmse,170.03975962913324,140,lower
historical-uncontrolled-reference,additive,historical,,division:2026hop,transferred_score_red_win_probability,mean_bias,-115.92604657669798,280,lower
historical-uncontrolled-reference,additive,historical,,division:2026hop,transferred_score_red_win_probability,relative_bias,-0.2513574296979575,280,lower
historical-uncontrolled-reference,additive,historical,,division:2026hop,transferred_score_red_win_probability,winner_accuracy,0.6714285714285714,140,higher
historical-uncontrolled-reference,additive,historical,,division:2026hop,transferred_score_red_win_probability,winner_brier,0.2093931367932104,140,lower
historical-uncontrolled-reference,additive,historical,,division:2026hop,transferred_score_red_win_probability,winner_log_loss,0.6012706744983388,140,lower
historical-uncontrolled-reference,additive,historical,,division:2026hop,transferred_score_red_win_probability,winner_ece,0.14299558757000633,140,lower
historical-uncontrolled-reference,additive,historical,,division:2026joh,raw_pred_red_win_probability,alliance_score_mae,114.73665259583527,280,lower
historical-uncontrolled-reference,additive,historical,,division:2026joh,raw_pred_red_win_probability,alliance_score_rmse,141.96839075911714,280,lower
historical-uncontrolled-reference,additive,historical,,division:2026joh,raw_pred_red_win_probability,score_differential_mae,126.29920718899474,140,lower
historical-uncontrolled-reference,additive,historical,,division:2026joh,raw_pred_red_win_probability,score_differential_rmse,158.31167179905225,140,lower
historical-uncontrolled-reference,additive,historical,,division:2026joh,raw_pred_red_win_probability,mean_bias,-74.34696974361131,280,lower
historical-uncontrolled-reference,additive,historical,,division:2026joh,raw_pred_red_win_probability,relative_bias,-0.17907227121041863,280,lower
historical-uncontrolled-reference,additive,historical,,division:2026joh,raw_pred_red_win_probability,winner_accuracy,0.7785714285714286,140,higher
historical-uncontrolled-reference,additive,historical,,division:2026joh,raw_pred_red_win_probability,winner_brier,0.17564539550596678,140,lower
historical-uncontrolled-reference,additive,historical,,division:2026joh,raw_pred_red_win_probability,winner_log_loss,0.5308609600107682,140,lower
historical-uncontrolled-reference,additive,historical,,division:2026joh,raw_pred_red_win_probability,winner_ece,0.1091178740740392,140,lower
historical-uncontrolled-reference,additive,historical,,division:2026joh,transferred_platt_red_win_probability,alliance_score_mae,114.73665259583527,280,lower
historical-uncontrolled-reference,additive,historical,,division:2026joh,transferred_platt_red_win_probability,alliance_score_rmse,141.96839075911714,280,lower
historical-uncontrolled-reference,additive,historical,,division:2026joh,transferred_platt_red_win_probability,score_differential_mae,126.29920718899474,140,lower
historical-uncontrolled-reference,additive,historical,,division:2026joh,transferred_platt_red_win_probability,score_differential_rmse,158.31167179905225,140,lower
historical-uncontrolled-reference,additive,historical,,division:2026joh,transferred_platt_red_win_probability,mean_bias,-74.34696974361131,280,lower
historical-uncontrolled-reference,additive,historical,,division:2026joh,transferred_platt_red_win_probability,relative_bias,-0.17907227121041863,280,lower
historical-uncontrolled-reference,additive,historical,,division:2026joh,transferred_platt_red_win_probability,winner_accuracy,0.7785714285714286,140,higher
historical-uncontrolled-reference,additive,historical,,division:2026joh,transferred_platt_red_win_probability,winner_brier,0.17564539550596678,140,lower
historical-uncontrolled-reference,additive,historical,,division:2026joh,transferred_platt_red_win_probability,winner_log_loss,0.5308609600107682,140,lower
historical-uncontrolled-reference,additive,historical,,division:2026joh,transferred_platt_red_win_probability,winner_ece,0.1091178740740392,140,lower
historical-uncontrolled-reference,additive,historical,,division:2026joh,transferred_score_red_win_probability,alliance_score_mae,114.73665259583527,280,lower
historical-uncontrolled-reference,additive,historical,,division:2026joh,transferred_score_red_win_probability,alliance_score_rmse,141.96839075911714,280,lower
historical-uncontrolled-reference,additive,historical,,division:2026joh,transferred_score_red_win_probability,score_differential_mae,126.29920718899474,140,lower
historical-uncontrolled-reference,additive,historical,,division:2026joh,transferred_score_red_win_probability,score_differential_rmse,158.31167179905225,140,lower
historical-uncontrolled-reference,additive,historical,,division:2026joh,transferred_score_red_win_probability,mean_bias,-74.34696974361131,280,lower
historical-uncontrolled-reference,additive,historical,,division:2026joh,transferred_score_red_win_probability,relative_bias,-0.17907227121041863,280,lower
historical-uncontrolled-reference,additive,historical,,division:2026joh,transferred_score_red_win_probability,winner_accuracy,0.7785714285714286,140,higher
historical-uncontrolled-reference,additive,historical,,division:2026joh,transferred_score_red_win_probability,winner_brier,0.17564539550596678,140,lower
historical-uncontrolled-reference,additive,historical,,division:2026joh,transferred_score_red_win_probability,winner_log_loss,0.5308609600107682,140,lower
historical-uncontrolled-reference,additive,historical,,division:2026joh,transferred_score_red_win_probability,winner_ece,0.1091178740740392,140,lower
historical-uncontrolled-reference,additive,historical,,division:2026mil,raw_pred_red_win_probability,alliance_score_mae,100.89876639449467,278,lower
historical-uncontrolled-reference,additive,historical,,division:2026mil,raw_pred_red_win_probability,alliance_score_rmse,124.00818334995019,278,lower
historical-uncontrolled-reference,additive,historical,,division:2026mil,raw_pred_red_win_probability,score_differential_mae,111.83667595134105,139,lower
historical-uncontrolled-reference,additive,historical,,division:2026mil,raw_pred_red_win_probability,score_differential_rmse,137.46717742258537,139,lower
historical-uncontrolled-reference,additive,historical,,division:2026mil,raw_pred_red_win_probability,mean_bias,-73.21573014314458,278,lower
historical-uncontrolled-reference,additive,historical,,division:2026mil,raw_pred_red_win_probability,relative_bias,-0.17785094002126975,278,lower
historical-uncontrolled-reference,additive,historical,,division:2026mil,raw_pred_red_win_probability,winner_accuracy,0.7266187050359713,139,higher
historical-uncontrolled-reference,additive,historical,,division:2026mil,raw_pred_red_win_probability,winner_brier,0.17407401363279737,139,lower
historical-uncontrolled-reference,additive,historical,,division:2026mil,raw_pred_red_win_probability,winner_log_loss,0.5183352471146109,139,lower
historical-uncontrolled-reference,additive,historical,,division:2026mil,raw_pred_red_win_probability,winner_ece,0.15837336511841443,139,lower
historical-uncontrolled-reference,additive,historical,,division:2026mil,transferred_platt_red_win_probability,alliance_score_mae,100.89876639449467,278,lower
historical-uncontrolled-reference,additive,historical,,division:2026mil,transferred_platt_red_win_probability,alliance_score_rmse,124.00818334995019,278,lower
historical-uncontrolled-reference,additive,historical,,division:2026mil,transferred_platt_red_win_probability,score_differential_mae,111.83667595134105,139,lower
historical-uncontrolled-reference,additive,historical,,division:2026mil,transferred_platt_red_win_probability,score_differential_rmse,137.46717742258537,139,lower
historical-uncontrolled-reference,additive,historical,,division:2026mil,transferred_platt_red_win_probability,mean_bias,-73.21573014314458,278,lower
historical-uncontrolled-reference,additive,historical,,division:2026mil,transferred_platt_red_win_probability,relative_bias,-0.17785094002126975,278,lower
historical-uncontrolled-reference,additive,historical,,division:2026mil,transferred_platt_red_win_probability,winner_accuracy,0.7266187050359713,139,higher
historical-uncontrolled-reference,additive,historical,,division:2026mil,transferred_platt_red_win_probability,winner_brier,0.17407401363279737,139,lower
historical-uncontrolled-reference,additive,historical,,division:2026mil,transferred_platt_red_win_probability,winner_log_loss,0.5183352471146109,139,lower
historical-uncontrolled-reference,additive,historical,,division:2026mil,transferred_platt_red_win_probability,winner_ece,0.15837336511841443,139,lower
historical-uncontrolled-reference,additive,historical,,division:2026mil,transferred_score_red_win_probability,alliance_score_mae,100.89876639449467,278,lower
historical-uncontrolled-reference,additive,historical,,division:2026mil,transferred_score_red_win_probability,alliance_score_rmse,124.00818334995019,278,lower
historical-uncontrolled-reference,additive,historical,,division:2026mil,transferred_score_red_win_probability,score_differential_mae,111.83667595134105,139,lower
historical-uncontrolled-reference,additive,historical,,division:2026mil,transferred_score_red_win_probability,score_differential_rmse,137.46717742258537,139,lower
historical-uncontrolled-reference,additive,historical,,division:2026mil,transferred_score_red_win_probability,mean_bias,-73.21573014314458,278,lower
historical-uncontrolled-reference,additive,historical,,division:2026mil,transferred_score_red_win_probability,relative_bias,-0.17785094002126975,278,lower
historical-uncontrolled-reference,additive,historical,,division:2026mil,transferred_score_red_win_probability,winner_accuracy,0.7266187050359713,139,higher
historical-uncontrolled-reference,additive,historical,,division:2026mil,transferred_score_red_win_probability,winner_brier,0.17407401363279737,139,lower
historical-uncontrolled-reference,additive,historical,,division:2026mil,transferred_score_red_win_probability,winner_log_loss,0.5183352471146109,139,lower
historical-uncontrolled-reference,additive,historical,,division:2026mil,transferred_score_red_win_probability,winner_ece,0.15837336511841443,139,lower
historical-uncontrolled-reference,additive,historical,,division:2026new,raw_pred_red_win_probability,alliance_score_mae,138.35426389617575,280,lower
historical-uncontrolled-reference,additive,historical,,division:2026new,raw_pred_red_win_probability,alliance_score_rmse,164.05453565439896,280,lower
historical-uncontrolled-reference,additive,historical,,division:2026new,raw_pred_red_win_probability,score_differential_mae,124.15844151618772,140,lower
historical-uncontrolled-reference,additive,historical,,division:2026new,raw_pred_red_win_probability,score_differential_rmse,158.0625294748926,140,lower
historical-uncontrolled-reference,additive,historical,,division:2026new,raw_pred_red_win_probability,mean_bias,-119.26805438285238,280,lower
historical-uncontrolled-reference,additive,historical,,division:2026new,raw_pred_red_win_probability,relative_bias,-0.2523638448654389,280,lower
historical-uncontrolled-reference,additive,historical,,division:2026new,raw_pred_red_win_probability,winner_accuracy,0.6285714285714286,140,higher
historical-uncontrolled-reference,additive,historical,,division:2026new,raw_pred_red_win_probability,winner_brier,0.2247925367557363,140,lower
historical-uncontrolled-reference,additive,historical,,division:2026new,raw_pred_red_win_probability,winner_log_loss,0.6387151736777296,140,lower
historical-uncontrolled-reference,additive,historical,,division:2026new,raw_pred_red_win_probability,winner_ece,0.1265625201467187,140,lower
historical-uncontrolled-reference,additive,historical,,division:2026new,transferred_platt_red_win_probability,alliance_score_mae,138.35426389617575,280,lower
historical-uncontrolled-reference,additive,historical,,division:2026new,transferred_platt_red_win_probability,alliance_score_rmse,164.05453565439896,280,lower
historical-uncontrolled-reference,additive,historical,,division:2026new,transferred_platt_red_win_probability,score_differential_mae,124.15844151618772,140,lower
historical-uncontrolled-reference,additive,historical,,division:2026new,transferred_platt_red_win_probability,score_differential_rmse,158.0625294748926,140,lower
historical-uncontrolled-reference,additive,historical,,division:2026new,transferred_platt_red_win_probability,mean_bias,-119.26805438285238,280,lower
historical-uncontrolled-reference,additive,historical,,division:2026new,transferred_platt_red_win_probability,relative_bias,-0.2523638448654389,280,lower
historical-uncontrolled-reference,additive,historical,,division:2026new,transferred_platt_red_win_probability,winner_accuracy,0.6285714285714286,140,higher
historical-uncontrolled-reference,additive,historical,,division:2026new,transferred_platt_red_win_probability,winner_brier,0.2247925367557363,140,lower
historical-uncontrolled-reference,additive,historical,,division:2026new,transferred_platt_red_win_probability,winner_log_loss,0.6387151736777296,140,lower
historical-uncontrolled-reference,additive,historical,,division:2026new,transferred_platt_red_win_probability,winner_ece,0.1265625201467187,140,lower
historical-uncontrolled-reference,additive,historical,,division:2026new,transferred_score_red_win_probability,alliance_score_mae,138.35426389617575,280,lower
historical-uncontrolled-reference,additive,historical,,division:2026new,transferred_score_red_win_probability,alliance_score_rmse,164.05453565439896,280,lower
historical-uncontrolled-reference,additive,historical,,division:2026new,transferred_score_red_win_probability,score_differential_mae,124.15844151618772,140,lower
historical-uncontrolled-reference,additive,historical,,division:2026new,transferred_score_red_win_probability,score_differential_rmse,158.0625294748926,140,lower
historical-uncontrolled-reference,additive,historical,,division:2026new,transferred_score_red_win_probability,mean_bias,-119.26805438285238,280,lower
historical-uncontrolled-reference,additive,historical,,division:2026new,transferred_score_red_win_probability,relative_bias,-0.2523638448654389,280,lower
historical-uncontrolled-reference,additive,historical,,division:2026new,transferred_score_red_win_probability,winner_accuracy,0.6285714285714286,140,higher
historical-uncontrolled-reference,additive,historical,,division:2026new,transferred_score_red_win_probability,winner_brier,0.2247925367557363,140,lower
historical-uncontrolled-reference,additive,historical,,division:2026new,transferred_score_red_win_probability,winner_log_loss,0.6387151736777296,140,lower
historical-uncontrolled-reference,additive,historical,,division:2026new,transferred_score_red_win_probability,winner_ece,0.1265625201467187,140,lower
historical-uncontrolled-reference,additive,historical,,observation:high,raw_pred_red_win_probability,alliance_score_mae,121.08324556716151,2134,lower
historical-uncontrolled-reference,additive,historical,,observation:high,raw_pred_red_win_probability,alliance_score_rmse,149.83453508680608,2134,lower
historical-uncontrolled-reference,additive,historical,,observation:high,raw_pred_red_win_probability,score_differential_mae,124.79726093963733,1067,lower
historical-uncontrolled-reference,additive,historical,,observation:high,raw_pred_red_win_probability,score_differential_rmse,156.2062218190642,1067,lower
historical-uncontrolled-reference,additive,historical,,observation:high,raw_pred_red_win_probability,mean_bias,-94.3668973510951,2134,lower
historical-uncontrolled-reference,additive,historical,,observation:high,raw_pred_red_win_probability,relative_bias,-0.21621103601807704,2134,lower
historical-uncontrolled-reference,additive,historical,,observation:high,raw_pred_red_win_probability,winner_accuracy,0.6863849765258216,1065,higher
historical-uncontrolled-reference,additive,historical,,observation:high,raw_pred_red_win_probability,winner_brier,0.19885792937163277,1065,lower
historical-uncontrolled-reference,additive,historical,,observation:high,raw_pred_red_win_probability,winner_log_loss,0.5796659046352973,1065,lower
historical-uncontrolled-reference,additive,historical,,observation:high,raw_pred_red_win_probability,winner_ece,0.11770481369010481,1065,lower
historical-uncontrolled-reference,additive,historical,,observation:high,transferred_platt_red_win_probability,alliance_score_mae,121.08324556716151,2134,lower
historical-uncontrolled-reference,additive,historical,,observation:high,transferred_platt_red_win_probability,alliance_score_rmse,149.83453508680608,2134,lower
historical-uncontrolled-reference,additive,historical,,observation:high,transferred_platt_red_win_probability,score_differential_mae,124.79726093963733,1067,lower
historical-uncontrolled-reference,additive,historical,,observation:high,transferred_platt_red_win_probability,score_differential_rmse,156.2062218190642,1067,lower
historical-uncontrolled-reference,additive,historical,,observation:high,transferred_platt_red_win_probability,mean_bias,-94.3668973510951,2134,lower
historical-uncontrolled-reference,additive,historical,,observation:high,transferred_platt_red_win_probability,relative_bias,-0.21621103601807704,2134,lower
historical-uncontrolled-reference,additive,historical,,observation:high,transferred_platt_red_win_probability,winner_accuracy,0.6863849765258216,1065,higher
historical-uncontrolled-reference,additive,historical,,observation:high,transferred_platt_red_win_probability,winner_brier,0.19885792937163277,1065,lower
historical-uncontrolled-reference,additive,historical,,observation:high,transferred_platt_red_win_probability,winner_log_loss,0.5796659046352973,1065,lower
historical-uncontrolled-reference,additive,historical,,observation:high,transferred_platt_red_win_probability,winner_ece,0.11770481369010481,1065,lower
historical-uncontrolled-reference,additive,historical,,observation:high,transferred_score_red_win_probability,alliance_score_mae,121.08324556716151,2134,lower
historical-uncontrolled-reference,additive,historical,,observation:high,transferred_score_red_win_probability,alliance_score_rmse,149.83453508680608,2134,lower
historical-uncontrolled-reference,additive,historical,,observation:high,transferred_score_red_win_probability,score_differential_mae,124.79726093963733,1067,lower
historical-uncontrolled-reference,additive,historical,,observation:high,transferred_score_red_win_probability,score_differential_rmse,156.2062218190642,1067,lower
historical-uncontrolled-reference,additive,historical,,observation:high,transferred_score_red_win_probability,mean_bias,-94.3668973510951,2134,lower
historical-uncontrolled-reference,additive,historical,,observation:high,transferred_score_red_win_probability,relative_bias,-0.21621103601807704,2134,lower
historical-uncontrolled-reference,additive,historical,,observation:high,transferred_score_red_win_probability,winner_accuracy,0.6863849765258216,1065,higher
historical-uncontrolled-reference,additive,historical,,observation:high,transferred_score_red_win_probability,winner_brier,0.19885792937163277,1065,lower
historical-uncontrolled-reference,additive,historical,,observation:high,transferred_score_red_win_probability,winner_log_loss,0.5796659046352973,1065,lower
historical-uncontrolled-reference,additive,historical,,observation:high,transferred_score_red_win_probability,winner_ece,0.11770481369010481,1065,lower
historical-uncontrolled-reference,additive,historical,,observation:low,raw_pred_red_win_probability,alliance_score_mae,150.89507217236007,4,lower
historical-uncontrolled-reference,additive,historical,,observation:low,raw_pred_red_win_probability,alliance_score_rmse,192.59267614468266,4,lower
historical-uncontrolled-reference,additive,historical,,observation:low,raw_pred_red_win_probability,score_differential_mae,113.76769823441018,2,lower
historical-uncontrolled-reference,additive,historical,,observation:low,raw_pred_red_win_probability,score_differential_rmse,117.3893556688993,2,lower
historical-uncontrolled-reference,additive,historical,,observation:low,raw_pred_red_win_probability,mean_bias,-131.88106094628995,4,lower
historical-uncontrolled-reference,additive,historical,,observation:low,raw_pred_red_win_probability,relative_bias,-0.3512145431325964,4,lower
historical-uncontrolled-reference,additive,historical,,observation:low,raw_pred_red_win_probability,winner_accuracy,0.5,2,higher
historical-uncontrolled-reference,additive,historical,,observation:low,raw_pred_red_win_probability,winner_brier,0.2476485718544875,2,lower
historical-uncontrolled-reference,additive,historical,,observation:low,raw_pred_red_win_probability,winner_log_loss,0.6579019768978266,2,lower
historical-uncontrolled-reference,additive,historical,,observation:low,raw_pred_red_win_probability,winner_ece,0.41081720770700786,2,lower
historical-uncontrolled-reference,additive,historical,,observation:low,transferred_platt_red_win_probability,alliance_score_mae,150.89507217236007,4,lower
historical-uncontrolled-reference,additive,historical,,observation:low,transferred_platt_red_win_probability,alliance_score_rmse,192.59267614468266,4,lower
historical-uncontrolled-reference,additive,historical,,observation:low,transferred_platt_red_win_probability,score_differential_mae,113.76769823441018,2,lower
historical-uncontrolled-reference,additive,historical,,observation:low,transferred_platt_red_win_probability,score_differential_rmse,117.3893556688993,2,lower
historical-uncontrolled-reference,additive,historical,,observation:low,transferred_platt_red_win_probability,mean_bias,-131.88106094628995,4,lower
historical-uncontrolled-reference,additive,historical,,observation:low,transferred_platt_red_win_probability,relative_bias,-0.3512145431325964,4,lower
historical-uncontrolled-reference,additive,historical,,observation:low,transferred_platt_red_win_probability,winner_accuracy,0.5,2,higher
historical-uncontrolled-reference,additive,historical,,observation:low,transferred_platt_red_win_probability,winner_brier,0.2476485718544875,2,lower
historical-uncontrolled-reference,additive,historical,,observation:low,transferred_platt_red_win_probability,winner_log_loss,0.6579019768978266,2,lower
historical-uncontrolled-reference,additive,historical,,observation:low,transferred_platt_red_win_probability,winner_ece,0.41081720770700786,2,lower
historical-uncontrolled-reference,additive,historical,,observation:low,transferred_score_red_win_probability,alliance_score_mae,150.89507217236007,4,lower
historical-uncontrolled-reference,additive,historical,,observation:low,transferred_score_red_win_probability,alliance_score_rmse,192.59267614468266,4,lower
historical-uncontrolled-reference,additive,historical,,observation:low,transferred_score_red_win_probability,score_differential_mae,113.76769823441018,2,lower
historical-uncontrolled-reference,additive,historical,,observation:low,transferred_score_red_win_probability,score_differential_rmse,117.3893556688993,2,lower
historical-uncontrolled-reference,additive,historical,,observation:low,transferred_score_red_win_probability,mean_bias,-131.88106094628995,4,lower
historical-uncontrolled-reference,additive,historical,,observation:low,transferred_score_red_win_probability,relative_bias,-0.3512145431325964,4,lower
historical-uncontrolled-reference,additive,historical,,observation:low,transferred_score_red_win_probability,winner_accuracy,0.5,2,higher
historical-uncontrolled-reference,additive,historical,,observation:low,transferred_score_red_win_probability,winner_brier,0.2476485718544875,2,lower
historical-uncontrolled-reference,additive,historical,,observation:low,transferred_score_red_win_probability,winner_log_loss,0.6579019768978266,2,lower
historical-uncontrolled-reference,additive,historical,,observation:low,transferred_score_red_win_probability,winner_ece,0.41081720770700786,2,lower
historical-uncontrolled-reference,additive,historical,,observation:medium,raw_pred_red_win_probability,alliance_score_mae,142.22689488779994,100,lower
historical-uncontrolled-reference,additive,historical,,observation:medium,raw_pred_red_win_probability,alliance_score_rmse,171.99776365979707,100,lower
historical-uncontrolled-reference,additive,historical,,observation:medium,raw_pred_red_win_probability,score_differential_mae,158.51216087387127,50,lower
historical-uncontrolled-reference,additive,historical,,observation:medium,raw_pred_red_win_probability,score_differential_rmse,205.99178855112132,50,lower
historical-uncontrolled-reference,additive,historical,,observation:medium,raw_pred_red_win_probability,mean_bias,-107.19302235633036,100,lower
historical-uncontrolled-reference,additive,historical,,observation:medium,raw_pred_red_win_probability,relative_bias,-0.2784957712557297,100,lower
historical-uncontrolled-reference,additive,historical,,observation:medium,raw_pred_red_win_probability,winner_accuracy,0.7,50,higher
historical-uncontrolled-reference,additive,historical,,observation:medium,raw_pred_red_win_probability,winner_brier,0.20532212614958897,50,lower
historical-uncontrolled-reference,additive,historical,,observation:medium,raw_pred_red_win_probability,winner_log_loss,0.5921752011639922,50,lower
historical-uncontrolled-reference,additive,historical,,observation:medium,raw_pred_red_win_probability,winner_ece,0.11571802808684432,50,lower
historical-uncontrolled-reference,additive,historical,,observation:medium,transferred_platt_red_win_probability,alliance_score_mae,142.22689488779994,100,lower
historical-uncontrolled-reference,additive,historical,,observation:medium,transferred_platt_red_win_probability,alliance_score_rmse,171.99776365979707,100,lower
historical-uncontrolled-reference,additive,historical,,observation:medium,transferred_platt_red_win_probability,score_differential_mae,158.51216087387127,50,lower
historical-uncontrolled-reference,additive,historical,,observation:medium,transferred_platt_red_win_probability,score_differential_rmse,205.99178855112132,50,lower
historical-uncontrolled-reference,additive,historical,,observation:medium,transferred_platt_red_win_probability,mean_bias,-107.19302235633036,100,lower
historical-uncontrolled-reference,additive,historical,,observation:medium,transferred_platt_red_win_probability,relative_bias,-0.2784957712557297,100,lower
historical-uncontrolled-reference,additive,historical,,observation:medium,transferred_platt_red_win_probability,winner_accuracy,0.7,50,higher
historical-uncontrolled-reference,additive,historical,,observation:medium,transferred_platt_red_win_probability,winner_brier,0.20532212614958897,50,lower
historical-uncontrolled-reference,additive,historical,,observation:medium,transferred_platt_red_win_probability,winner_log_loss,0.5921752011639922,50,lower
historical-uncontrolled-reference,additive,historical,,observation:medium,transferred_platt_red_win_probability,winner_ece,0.11571802808684432,50,lower
historical-uncontrolled-reference,additive,historical,,observation:medium,transferred_score_red_win_probability,alliance_score_mae,142.22689488779994,100,lower
historical-uncontrolled-reference,additive,historical,,observation:medium,transferred_score_red_win_probability,alliance_score_rmse,171.99776365979707,100,lower
historical-uncontrolled-reference,additive,historical,,observation:medium,transferred_score_red_win_probability,score_differential_mae,158.51216087387127,50,lower
historical-uncontrolled-reference,additive,historical,,observation:medium,transferred_score_red_win_probability,score_differential_rmse,205.99178855112132,50,lower
historical-uncontrolled-reference,additive,historical,,observation:medium,transferred_score_red_win_probability,mean_bias,-107.19302235633036,100,lower
historical-uncontrolled-reference,additive,historical,,observation:medium,transferred_score_red_win_probability,relative_bias,-0.2784957712557297,100,lower
historical-uncontrolled-reference,additive,historical,,observation:medium,transferred_score_red_win_probability,winner_accuracy,0.7,50,higher
historical-uncontrolled-reference,additive,historical,,observation:medium,transferred_score_red_win_probability,winner_brier,0.20532212614958897,50,lower
historical-uncontrolled-reference,additive,historical,,observation:medium,transferred_score_red_win_probability,winner_log_loss,0.5921752011639922,50,lower
historical-uncontrolled-reference,additive,historical,,observation:medium,transferred_score_red_win_probability,winner_ece,0.11571802808684432,50,lower
historical-uncontrolled-reference,full-match,historical,,primary-clean,raw_pred_red_win_probability,alliance_score_mae,106.48046059115588,2216,lower
historical-uncontrolled-reference,full-match,historical,,primary-clean,raw_pred_red_win_probability,alliance_score_rmse,133.82217192415598,2216,lower
historical-uncontrolled-reference,full-match,historical,,primary-clean,raw_pred_red_win_probability,score_differential_mae,126.73970148800117,1108,lower
historical-uncontrolled-reference,full-match,historical,,primary-clean,raw_pred_red_win_probability,score_differential_rmse,157.00494831604817,1108,lower
historical-uncontrolled-reference,full-match,historical,,primary-clean,raw_pred_red_win_probability,mean_bias,-67.31604729691338,2216,lower
historical-uncontrolled-reference,full-match,historical,,primary-clean,raw_pred_red_win_probability,relative_bias,-0.1548737273343183,2216,lower
historical-uncontrolled-reference,full-match,historical,,primary-clean,raw_pred_red_win_probability,winner_accuracy,0.7124773960216998,1106,higher
historical-uncontrolled-reference,full-match,historical,,primary-clean,raw_pred_red_win_probability,winner_brier,0.1850222473952833,1106,lower
historical-uncontrolled-reference,full-match,historical,,primary-clean,raw_pred_red_win_probability,winner_log_loss,0.5558503218889347,1106,lower
historical-uncontrolled-reference,full-match,historical,,primary-clean,raw_pred_red_win_probability,winner_ece,0.08489695538611494,1106,lower
historical-uncontrolled-reference,full-match,historical,,primary-clean,transferred_platt_red_win_probability,alliance_score_mae,106.48046059115588,2216,lower
historical-uncontrolled-reference,full-match,historical,,primary-clean,transferred_platt_red_win_probability,alliance_score_rmse,133.82217192415598,2216,lower
historical-uncontrolled-reference,full-match,historical,,primary-clean,transferred_platt_red_win_probability,score_differential_mae,126.73970148800117,1108,lower
historical-uncontrolled-reference,full-match,historical,,primary-clean,transferred_platt_red_win_probability,score_differential_rmse,157.00494831604817,1108,lower
historical-uncontrolled-reference,full-match,historical,,primary-clean,transferred_platt_red_win_probability,mean_bias,-67.31604729691338,2216,lower
historical-uncontrolled-reference,full-match,historical,,primary-clean,transferred_platt_red_win_probability,relative_bias,-0.1548737273343183,2216,lower
historical-uncontrolled-reference,full-match,historical,,primary-clean,transferred_platt_red_win_probability,winner_accuracy,0.7124773960216998,1106,higher
historical-uncontrolled-reference,full-match,historical,,primary-clean,transferred_platt_red_win_probability,winner_brier,0.1850222473952833,1106,lower
historical-uncontrolled-reference,full-match,historical,,primary-clean,transferred_platt_red_win_probability,winner_log_loss,0.5558503218889347,1106,lower
historical-uncontrolled-reference,full-match,historical,,primary-clean,transferred_platt_red_win_probability,winner_ece,0.08489695538611494,1106,lower
historical-uncontrolled-reference,full-match,historical,,primary-clean,transferred_score_red_win_probability,alliance_score_mae,106.48046059115588,2216,lower
historical-uncontrolled-reference,full-match,historical,,primary-clean,transferred_score_red_win_probability,alliance_score_rmse,133.82217192415598,2216,lower
historical-uncontrolled-reference,full-match,historical,,primary-clean,transferred_score_red_win_probability,score_differential_mae,126.73970148800117,1108,lower
historical-uncontrolled-reference,full-match,historical,,primary-clean,transferred_score_red_win_probability,score_differential_rmse,157.00494831604817,1108,lower
historical-uncontrolled-reference,full-match,historical,,primary-clean,transferred_score_red_win_probability,mean_bias,-67.31604729691338,2216,lower
historical-uncontrolled-reference,full-match,historical,,primary-clean,transferred_score_red_win_probability,relative_bias,-0.1548737273343183,2216,lower
historical-uncontrolled-reference,full-match,historical,,primary-clean,transferred_score_red_win_probability,winner_accuracy,0.7124773960216998,1106,higher
historical-uncontrolled-reference,full-match,historical,,primary-clean,transferred_score_red_win_probability,winner_brier,0.1850222473952833,1106,lower
historical-uncontrolled-reference,full-match,historical,,primary-clean,transferred_score_red_win_probability,winner_log_loss,0.5558503218889347,1106,lower
historical-uncontrolled-reference,full-match,historical,,primary-clean,transferred_score_red_win_probability,winner_ece,0.08489695538611494,1106,lower
historical-uncontrolled-reference,full-match,historical,,all-official,raw_pred_red_win_probability,alliance_score_mae,106.3569617533388,2238,lower
historical-uncontrolled-reference,full-match,historical,,all-official,raw_pred_red_win_probability,alliance_score_rmse,133.90853661190283,2238,lower
historical-uncontrolled-reference,full-match,historical,,all-official,raw_pred_red_win_probability,score_differential_mae,127.00310859720845,1119,lower
historical-uncontrolled-reference,full-match,historical,,all-official,raw_pred_red_win_probability,score_differential_rmse,157.55064510126803,1119,lower
historical-uncontrolled-reference,full-match,historical,,all-official,raw_pred_red_win_probability,mean_bias,-66.86598177807355,2238,lower
historical-uncontrolled-reference,full-match,historical,,all-official,raw_pred_red_win_probability,relative_bias,-0.15405322178824676,2238,lower
historical-uncontrolled-reference,full-match,historical,,all-official,raw_pred_red_win_probability,winner_accuracy,0.7126230975828111,1117,higher
historical-uncontrolled-reference,full-match,historical,,all-official,raw_pred_red_win_probability,winner_brier,0.1854141608355544,1117,lower
historical-uncontrolled-reference,full-match,historical,,all-official,raw_pred_red_win_probability,winner_log_loss,0.5571829895073467,1117,lower
historical-uncontrolled-reference,full-match,historical,,all-official,raw_pred_red_win_probability,winner_ece,0.08416089637850716,1117,lower
historical-uncontrolled-reference,full-match,historical,,all-official,transferred_platt_red_win_probability,alliance_score_mae,106.3569617533388,2238,lower
historical-uncontrolled-reference,full-match,historical,,all-official,transferred_platt_red_win_probability,alliance_score_rmse,133.90853661190283,2238,lower
historical-uncontrolled-reference,full-match,historical,,all-official,transferred_platt_red_win_probability,score_differential_mae,127.00310859720845,1119,lower
historical-uncontrolled-reference,full-match,historical,,all-official,transferred_platt_red_win_probability,score_differential_rmse,157.55064510126803,1119,lower
historical-uncontrolled-reference,full-match,historical,,all-official,transferred_platt_red_win_probability,mean_bias,-66.86598177807355,2238,lower
historical-uncontrolled-reference,full-match,historical,,all-official,transferred_platt_red_win_probability,relative_bias,-0.15405322178824676,2238,lower
historical-uncontrolled-reference,full-match,historical,,all-official,transferred_platt_red_win_probability,winner_accuracy,0.7126230975828111,1117,higher
historical-uncontrolled-reference,full-match,historical,,all-official,transferred_platt_red_win_probability,winner_brier,0.1854141608355544,1117,lower
historical-uncontrolled-reference,full-match,historical,,all-official,transferred_platt_red_win_probability,winner_log_loss,0.5571829895073467,1117,lower
historical-uncontrolled-reference,full-match,historical,,all-official,transferred_platt_red_win_probability,winner_ece,0.08416089637850716,1117,lower
historical-uncontrolled-reference,full-match,historical,,all-official,transferred_score_red_win_probability,alliance_score_mae,106.3569617533388,2238,lower
historical-uncontrolled-reference,full-match,historical,,all-official,transferred_score_red_win_probability,alliance_score_rmse,133.90853661190283,2238,lower
historical-uncontrolled-reference,full-match,historical,,all-official,transferred_score_red_win_probability,score_differential_mae,127.00310859720845,1119,lower
historical-uncontrolled-reference,full-match,historical,,all-official,transferred_score_red_win_probability,score_differential_rmse,157.55064510126803,1119,lower
historical-uncontrolled-reference,full-match,historical,,all-official,transferred_score_red_win_probability,mean_bias,-66.86598177807355,2238,lower
historical-uncontrolled-reference,full-match,historical,,all-official,transferred_score_red_win_probability,relative_bias,-0.15405322178824676,2238,lower
historical-uncontrolled-reference,full-match,historical,,all-official,transferred_score_red_win_probability,winner_accuracy,0.7126230975828111,1117,higher
historical-uncontrolled-reference,full-match,historical,,all-official,transferred_score_red_win_probability,winner_brier,0.1854141608355544,1117,lower
historical-uncontrolled-reference,full-match,historical,,all-official,transferred_score_red_win_probability,winner_log_loss,0.5571829895073467,1117,lower
historical-uncontrolled-reference,full-match,historical,,all-official,transferred_score_red_win_probability,winner_ece,0.08416089637850716,1117,lower
historical-uncontrolled-reference,full-match,historical,,DQ-only,raw_pred_red_win_probability,alliance_score_mae,93.91726063503728,22,lower
historical-uncontrolled-reference,full-match,historical,,DQ-only,raw_pred_red_win_probability,alliance_score_rmse,142.33959544073528,22,lower
historical-uncontrolled-reference,full-match,historical,,DQ-only,raw_pred_red_win_probability,score_differential_mae,153.53538832463377,11,lower
historical-uncontrolled-reference,full-match,historical,,DQ-only,raw_pred_red_win_probability,score_differential_rmse,205.2126730557895,11,lower
historical-uncontrolled-reference,full-match,historical,,DQ-only,raw_pred_red_win_probability,mean_bias,-21.53210951675268,22,lower
historical-uncontrolled-reference,full-match,historical,,DQ-only,raw_pred_red_win_probability,relative_bias,-0.05773387073352334,22,lower
historical-uncontrolled-reference,full-match,historical,,DQ-only,raw_pred_red_win_probability,winner_accuracy,0.7272727272727273,11,higher
historical-uncontrolled-reference,full-match,historical,,DQ-only,raw_pred_red_win_probability,winner_brier,0.22481927583008804,11,lower
historical-uncontrolled-reference,full-match,historical,,DQ-only,raw_pred_red_win_probability,winner_log_loss,0.691176660958591,11,lower
historical-uncontrolled-reference,full-match,historical,,DQ-only,raw_pred_red_win_probability,winner_ece,0.3167559017394771,11,lower
historical-uncontrolled-reference,full-match,historical,,DQ-only,transferred_platt_red_win_probability,alliance_score_mae,93.91726063503728,22,lower
historical-uncontrolled-reference,full-match,historical,,DQ-only,transferred_platt_red_win_probability,alliance_score_rmse,142.33959544073528,22,lower
historical-uncontrolled-reference,full-match,historical,,DQ-only,transferred_platt_red_win_probability,score_differential_mae,153.53538832463377,11,lower
historical-uncontrolled-reference,full-match,historical,,DQ-only,transferred_platt_red_win_probability,score_differential_rmse,205.2126730557895,11,lower
historical-uncontrolled-reference,full-match,historical,,DQ-only,transferred_platt_red_win_probability,mean_bias,-21.53210951675268,22,lower
historical-uncontrolled-reference,full-match,historical,,DQ-only,transferred_platt_red_win_probability,relative_bias,-0.05773387073352334,22,lower
historical-uncontrolled-reference,full-match,historical,,DQ-only,transferred_platt_red_win_probability,winner_accuracy,0.7272727272727273,11,higher
historical-uncontrolled-reference,full-match,historical,,DQ-only,transferred_platt_red_win_probability,winner_brier,0.22481927583008804,11,lower
historical-uncontrolled-reference,full-match,historical,,DQ-only,transferred_platt_red_win_probability,winner_log_loss,0.691176660958591,11,lower
historical-uncontrolled-reference,full-match,historical,,DQ-only,transferred_platt_red_win_probability,winner_ece,0.3167559017394771,11,lower
historical-uncontrolled-reference,full-match,historical,,DQ-only,transferred_score_red_win_probability,alliance_score_mae,93.91726063503728,22,lower
historical-uncontrolled-reference,full-match,historical,,DQ-only,transferred_score_red_win_probability,alliance_score_rmse,142.33959544073528,22,lower
historical-uncontrolled-reference,full-match,historical,,DQ-only,transferred_score_red_win_probability,score_differential_mae,153.53538832463377,11,lower
historical-uncontrolled-reference,full-match,historical,,DQ-only,transferred_score_red_win_probability,score_differential_rmse,205.2126730557895,11,lower
historical-uncontrolled-reference,full-match,historical,,DQ-only,transferred_score_red_win_probability,mean_bias,-21.53210951675268,22,lower
historical-uncontrolled-reference,full-match,historical,,DQ-only,transferred_score_red_win_probability,relative_bias,-0.05773387073352334,22,lower
historical-uncontrolled-reference,full-match,historical,,DQ-only,transferred_score_red_win_probability,winner_accuracy,0.7272727272727273,11,higher
historical-uncontrolled-reference,full-match,historical,,DQ-only,transferred_score_red_win_probability,winner_brier,0.22481927583008804,11,lower
historical-uncontrolled-reference,full-match,historical,,DQ-only,transferred_score_red_win_probability,winner_log_loss,0.691176660958591,11,lower
historical-uncontrolled-reference,full-match,historical,,DQ-only,transferred_score_red_win_probability,winner_ece,0.3167559017394771,11,lower
historical-uncontrolled-reference,full-match,historical,,surrogate-only,raw_pred_red_win_probability,alliance_score_mae,92.60380742029112,12,lower
historical-uncontrolled-reference,full-match,historical,,surrogate-only,raw_pred_red_win_probability,alliance_score_rmse,113.27333177926786,12,lower
historical-uncontrolled-reference,full-match,historical,,surrogate-only,raw_pred_red_win_probability,score_differential_mae,68.86114621689866,6,lower
historical-uncontrolled-reference,full-match,historical,,surrogate-only,raw_pred_red_win_probability,score_differential_rmse,71.91925457209985,6,lower
historical-uncontrolled-reference,full-match,historical,,surrogate-only,raw_pred_red_win_probability,mean_bias,-49.0599444211785,12,lower
historical-uncontrolled-reference,full-match,historical,,surrogate-only,raw_pred_red_win_probability,relative_bias,-0.12679718566748696,12,lower
historical-uncontrolled-reference,full-match,historical,,surrogate-only,raw_pred_red_win_probability,winner_accuracy,0.8333333333333334,6,higher
historical-uncontrolled-reference,full-match,historical,,surrogate-only,raw_pred_red_win_probability,winner_brier,0.08057022021273219,6,lower
historical-uncontrolled-reference,full-match,historical,,surrogate-only,raw_pred_red_win_probability,winner_log_loss,0.27183670855591896,6,lower
historical-uncontrolled-reference,full-match,historical,,surrogate-only,raw_pred_red_win_probability,winner_ece,0.20908991557817336,6,lower
historical-uncontrolled-reference,full-match,historical,,surrogate-only,transferred_platt_red_win_probability,alliance_score_mae,92.60380742029112,12,lower
historical-uncontrolled-reference,full-match,historical,,surrogate-only,transferred_platt_red_win_probability,alliance_score_rmse,113.27333177926786,12,lower
historical-uncontrolled-reference,full-match,historical,,surrogate-only,transferred_platt_red_win_probability,score_differential_mae,68.86114621689866,6,lower
historical-uncontrolled-reference,full-match,historical,,surrogate-only,transferred_platt_red_win_probability,score_differential_rmse,71.91925457209985,6,lower
historical-uncontrolled-reference,full-match,historical,,surrogate-only,transferred_platt_red_win_probability,mean_bias,-49.0599444211785,12,lower
historical-uncontrolled-reference,full-match,historical,,surrogate-only,transferred_platt_red_win_probability,relative_bias,-0.12679718566748696,12,lower
historical-uncontrolled-reference,full-match,historical,,surrogate-only,transferred_platt_red_win_probability,winner_accuracy,0.8333333333333334,6,higher
historical-uncontrolled-reference,full-match,historical,,surrogate-only,transferred_platt_red_win_probability,winner_brier,0.08057022021273219,6,lower
historical-uncontrolled-reference,full-match,historical,,surrogate-only,transferred_platt_red_win_probability,winner_log_loss,0.27183670855591896,6,lower
historical-uncontrolled-reference,full-match,historical,,surrogate-only,transferred_platt_red_win_probability,winner_ece,0.20908991557817336,6,lower
historical-uncontrolled-reference,full-match,historical,,surrogate-only,transferred_score_red_win_probability,alliance_score_mae,92.60380742029112,12,lower
historical-uncontrolled-reference,full-match,historical,,surrogate-only,transferred_score_red_win_probability,alliance_score_rmse,113.27333177926786,12,lower
historical-uncontrolled-reference,full-match,historical,,surrogate-only,transferred_score_red_win_probability,score_differential_mae,68.86114621689866,6,lower
historical-uncontrolled-reference,full-match,historical,,surrogate-only,transferred_score_red_win_probability,score_differential_rmse,71.91925457209985,6,lower
historical-uncontrolled-reference,full-match,historical,,surrogate-only,transferred_score_red_win_probability,mean_bias,-49.0599444211785,12,lower
historical-uncontrolled-reference,full-match,historical,,surrogate-only,transferred_score_red_win_probability,relative_bias,-0.12679718566748696,12,lower
historical-uncontrolled-reference,full-match,historical,,surrogate-only,transferred_score_red_win_probability,winner_accuracy,0.8333333333333334,6,higher
historical-uncontrolled-reference,full-match,historical,,surrogate-only,transferred_score_red_win_probability,winner_brier,0.08057022021273219,6,lower
historical-uncontrolled-reference,full-match,historical,,surrogate-only,transferred_score_red_win_probability,winner_log_loss,0.27183670855591896,6,lower
historical-uncontrolled-reference,full-match,historical,,surrogate-only,transferred_score_red_win_probability,winner_ece,0.20908991557817336,6,lower
historical-uncontrolled-reference,full-match,historical,,division:2026arc,raw_pred_red_win_probability,alliance_score_mae,107.1670160105368,282,lower
historical-uncontrolled-reference,full-match,historical,,division:2026arc,raw_pred_red_win_probability,alliance_score_rmse,136.44484689429885,282,lower
historical-uncontrolled-reference,full-match,historical,,division:2026arc,raw_pred_red_win_probability,score_differential_mae,140.7110627348465,141,lower
historical-uncontrolled-reference,full-match,historical,,division:2026arc,raw_pred_red_win_probability,score_differential_rmse,169.70971315487932,141,lower
historical-uncontrolled-reference,full-match,historical,,division:2026arc,raw_pred_red_win_probability,mean_bias,-64.09980597997983,282,lower
historical-uncontrolled-reference,full-match,historical,,division:2026arc,raw_pred_red_win_probability,relative_bias,-0.14419848500553872,282,lower
historical-uncontrolled-reference,full-match,historical,,division:2026arc,raw_pred_red_win_probability,winner_accuracy,0.6714285714285714,140,higher
historical-uncontrolled-reference,full-match,historical,,division:2026arc,raw_pred_red_win_probability,winner_brier,0.21710302258922512,140,lower
historical-uncontrolled-reference,full-match,historical,,division:2026arc,raw_pred_red_win_probability,winner_log_loss,0.6481974446539535,140,lower
historical-uncontrolled-reference,full-match,historical,,division:2026arc,raw_pred_red_win_probability,winner_ece,0.16611262740490693,140,lower
historical-uncontrolled-reference,full-match,historical,,division:2026arc,transferred_platt_red_win_probability,alliance_score_mae,107.1670160105368,282,lower
historical-uncontrolled-reference,full-match,historical,,division:2026arc,transferred_platt_red_win_probability,alliance_score_rmse,136.44484689429885,282,lower
historical-uncontrolled-reference,full-match,historical,,division:2026arc,transferred_platt_red_win_probability,score_differential_mae,140.7110627348465,141,lower
historical-uncontrolled-reference,full-match,historical,,division:2026arc,transferred_platt_red_win_probability,score_differential_rmse,169.70971315487932,141,lower
historical-uncontrolled-reference,full-match,historical,,division:2026arc,transferred_platt_red_win_probability,mean_bias,-64.09980597997983,282,lower
historical-uncontrolled-reference,full-match,historical,,division:2026arc,transferred_platt_red_win_probability,relative_bias,-0.14419848500553872,282,lower
historical-uncontrolled-reference,full-match,historical,,division:2026arc,transferred_platt_red_win_probability,winner_accuracy,0.6714285714285714,140,higher
historical-uncontrolled-reference,full-match,historical,,division:2026arc,transferred_platt_red_win_probability,winner_brier,0.21710302258922512,140,lower
historical-uncontrolled-reference,full-match,historical,,division:2026arc,transferred_platt_red_win_probability,winner_log_loss,0.6481974446539535,140,lower
historical-uncontrolled-reference,full-match,historical,,division:2026arc,transferred_platt_red_win_probability,winner_ece,0.16611262740490693,140,lower
historical-uncontrolled-reference,full-match,historical,,division:2026arc,transferred_score_red_win_probability,alliance_score_mae,107.1670160105368,282,lower
historical-uncontrolled-reference,full-match,historical,,division:2026arc,transferred_score_red_win_probability,alliance_score_rmse,136.44484689429885,282,lower
historical-uncontrolled-reference,full-match,historical,,division:2026arc,transferred_score_red_win_probability,score_differential_mae,140.7110627348465,141,lower
historical-uncontrolled-reference,full-match,historical,,division:2026arc,transferred_score_red_win_probability,score_differential_rmse,169.70971315487932,141,lower
historical-uncontrolled-reference,full-match,historical,,division:2026arc,transferred_score_red_win_probability,mean_bias,-64.09980597997983,282,lower
historical-uncontrolled-reference,full-match,historical,,division:2026arc,transferred_score_red_win_probability,relative_bias,-0.14419848500553872,282,lower
historical-uncontrolled-reference,full-match,historical,,division:2026arc,transferred_score_red_win_probability,winner_accuracy,0.6714285714285714,140,higher
historical-uncontrolled-reference,full-match,historical,,division:2026arc,transferred_score_red_win_probability,winner_brier,0.21710302258922512,140,lower
historical-uncontrolled-reference,full-match,historical,,division:2026arc,transferred_score_red_win_probability,winner_log_loss,0.6481974446539535,140,lower
historical-uncontrolled-reference,full-match,historical,,division:2026arc,transferred_score_red_win_probability,winner_ece,0.16611262740490693,140,lower
historical-uncontrolled-reference,full-match,historical,,division:2026cur,raw_pred_red_win_probability,alliance_score_mae,98.70180627107004,278,lower
historical-uncontrolled-reference,full-match,historical,,division:2026cur,raw_pred_red_win_probability,alliance_score_rmse,125.26008087103428,278,lower
historical-uncontrolled-reference,full-match,historical,,division:2026cur,raw_pred_red_win_probability,score_differential_mae,116.9496310540463,139,lower
historical-uncontrolled-reference,full-match,historical,,division:2026cur,raw_pred_red_win_probability,score_differential_rmse,141.9857216523187,139,lower
historical-uncontrolled-reference,full-match,historical,,division:2026cur,raw_pred_red_win_probability,mean_bias,-59.76957434285184,278,lower
historical-uncontrolled-reference,full-match,historical,,division:2026cur,raw_pred_red_win_probability,relative_bias,-0.1377635862709582,278,lower
historical-uncontrolled-reference,full-match,historical,,division:2026cur,raw_pred_red_win_probability,winner_accuracy,0.7338129496402878,139,higher
historical-uncontrolled-reference,full-match,historical,,division:2026cur,raw_pred_red_win_probability,winner_brier,0.17081039562855097,139,lower
historical-uncontrolled-reference,full-match,historical,,division:2026cur,raw_pred_red_win_probability,winner_log_loss,0.5200051918329041,139,lower
historical-uncontrolled-reference,full-match,historical,,division:2026cur,raw_pred_red_win_probability,winner_ece,0.07838202087502404,139,lower
historical-uncontrolled-reference,full-match,historical,,division:2026cur,transferred_platt_red_win_probability,alliance_score_mae,98.70180627107004,278,lower
historical-uncontrolled-reference,full-match,historical,,division:2026cur,transferred_platt_red_win_probability,alliance_score_rmse,125.26008087103428,278,lower
historical-uncontrolled-reference,full-match,historical,,division:2026cur,transferred_platt_red_win_probability,score_differential_mae,116.9496310540463,139,lower
historical-uncontrolled-reference,full-match,historical,,division:2026cur,transferred_platt_red_win_probability,score_differential_rmse,141.9857216523187,139,lower
historical-uncontrolled-reference,full-match,historical,,division:2026cur,transferred_platt_red_win_probability,mean_bias,-59.76957434285184,278,lower
historical-uncontrolled-reference,full-match,historical,,division:2026cur,transferred_platt_red_win_probability,relative_bias,-0.1377635862709582,278,lower
historical-uncontrolled-reference,full-match,historical,,division:2026cur,transferred_platt_red_win_probability,winner_accuracy,0.7338129496402878,139,higher
historical-uncontrolled-reference,full-match,historical,,division:2026cur,transferred_platt_red_win_probability,winner_brier,0.17081039562855097,139,lower
historical-uncontrolled-reference,full-match,historical,,division:2026cur,transferred_platt_red_win_probability,winner_log_loss,0.5200051918329041,139,lower
historical-uncontrolled-reference,full-match,historical,,division:2026cur,transferred_platt_red_win_probability,winner_ece,0.07838202087502404,139,lower
historical-uncontrolled-reference,full-match,historical,,division:2026cur,transferred_score_red_win_probability,alliance_score_mae,98.70180627107004,278,lower
historical-uncontrolled-reference,full-match,historical,,division:2026cur,transferred_score_red_win_probability,alliance_score_rmse,125.26008087103428,278,lower
historical-uncontrolled-reference,full-match,historical,,division:2026cur,transferred_score_red_win_probability,score_differential_mae,116.9496310540463,139,lower
historical-uncontrolled-reference,full-match,historical,,division:2026cur,transferred_score_red_win_probability,score_differential_rmse,141.9857216523187,139,lower
historical-uncontrolled-reference,full-match,historical,,division:2026cur,transferred_score_red_win_probability,mean_bias,-59.76957434285184,278,lower
historical-uncontrolled-reference,full-match,historical,,division:2026cur,transferred_score_red_win_probability,relative_bias,-0.1377635862709582,278,lower
historical-uncontrolled-reference,full-match,historical,,division:2026cur,transferred_score_red_win_probability,winner_accuracy,0.7338129496402878,139,higher
historical-uncontrolled-reference,full-match,historical,,division:2026cur,transferred_score_red_win_probability,winner_brier,0.17081039562855097,139,lower
historical-uncontrolled-reference,full-match,historical,,division:2026cur,transferred_score_red_win_probability,winner_log_loss,0.5200051918329041,139,lower
historical-uncontrolled-reference,full-match,historical,,division:2026cur,transferred_score_red_win_probability,winner_ece,0.07838202087502404,139,lower
historical-uncontrolled-reference,full-match,historical,,division:2026dal,raw_pred_red_win_probability,alliance_score_mae,92.60107785226708,280,lower
historical-uncontrolled-reference,full-match,historical,,division:2026dal,raw_pred_red_win_probability,alliance_score_rmse,121.36325662641065,280,lower
historical-uncontrolled-reference,full-match,historical,,division:2026dal,raw_pred_red_win_probability,score_differential_mae,127.4334433471343,140,lower
historical-uncontrolled-reference,full-match,historical,,division:2026dal,raw_pred_red_win_probability,score_differential_rmse,159.88364550345716,140,lower
historical-uncontrolled-reference,full-match,historical,,division:2026dal,raw_pred_red_win_probability,mean_bias,-41.04089842964069,280,lower
historical-uncontrolled-reference,full-match,historical,,division:2026dal,raw_pred_red_win_probability,relative_bias,-0.10066621896998261,280,lower
historical-uncontrolled-reference,full-match,historical,,division:2026dal,raw_pred_red_win_probability,winner_accuracy,0.7142857142857143,140,higher
historical-uncontrolled-reference,full-match,historical,,division:2026dal,raw_pred_red_win_probability,winner_brier,0.17520107860853265,140,lower
historical-uncontrolled-reference,full-match,historical,,division:2026dal,raw_pred_red_win_probability,winner_log_loss,0.5138482705210764,140,lower
historical-uncontrolled-reference,full-match,historical,,division:2026dal,raw_pred_red_win_probability,winner_ece,0.09082863912424721,140,lower
historical-uncontrolled-reference,full-match,historical,,division:2026dal,transferred_platt_red_win_probability,alliance_score_mae,92.60107785226708,280,lower
historical-uncontrolled-reference,full-match,historical,,division:2026dal,transferred_platt_red_win_probability,alliance_score_rmse,121.36325662641065,280,lower
historical-uncontrolled-reference,full-match,historical,,division:2026dal,transferred_platt_red_win_probability,score_differential_mae,127.4334433471343,140,lower
historical-uncontrolled-reference,full-match,historical,,division:2026dal,transferred_platt_red_win_probability,score_differential_rmse,159.88364550345716,140,lower
historical-uncontrolled-reference,full-match,historical,,division:2026dal,transferred_platt_red_win_probability,mean_bias,-41.04089842964069,280,lower
historical-uncontrolled-reference,full-match,historical,,division:2026dal,transferred_platt_red_win_probability,relative_bias,-0.10066621896998261,280,lower
historical-uncontrolled-reference,full-match,historical,,division:2026dal,transferred_platt_red_win_probability,winner_accuracy,0.7142857142857143,140,higher
historical-uncontrolled-reference,full-match,historical,,division:2026dal,transferred_platt_red_win_probability,winner_brier,0.17520107860853265,140,lower
historical-uncontrolled-reference,full-match,historical,,division:2026dal,transferred_platt_red_win_probability,winner_log_loss,0.5138482705210764,140,lower
historical-uncontrolled-reference,full-match,historical,,division:2026dal,transferred_platt_red_win_probability,winner_ece,0.09082863912424721,140,lower
historical-uncontrolled-reference,full-match,historical,,division:2026dal,transferred_score_red_win_probability,alliance_score_mae,92.60107785226708,280,lower
historical-uncontrolled-reference,full-match,historical,,division:2026dal,transferred_score_red_win_probability,alliance_score_rmse,121.36325662641065,280,lower
historical-uncontrolled-reference,full-match,historical,,division:2026dal,transferred_score_red_win_probability,score_differential_mae,127.4334433471343,140,lower
historical-uncontrolled-reference,full-match,historical,,division:2026dal,transferred_score_red_win_probability,score_differential_rmse,159.88364550345716,140,lower
historical-uncontrolled-reference,full-match,historical,,division:2026dal,transferred_score_red_win_probability,mean_bias,-41.04089842964069,280,lower
historical-uncontrolled-reference,full-match,historical,,division:2026dal,transferred_score_red_win_probability,relative_bias,-0.10066621896998261,280,lower
historical-uncontrolled-reference,full-match,historical,,division:2026dal,transferred_score_red_win_probability,winner_accuracy,0.7142857142857143,140,higher
historical-uncontrolled-reference,full-match,historical,,division:2026dal,transferred_score_red_win_probability,winner_brier,0.17520107860853265,140,lower
historical-uncontrolled-reference,full-match,historical,,division:2026dal,transferred_score_red_win_probability,winner_log_loss,0.5138482705210764,140,lower
historical-uncontrolled-reference,full-match,historical,,division:2026dal,transferred_score_red_win_probability,winner_ece,0.09082863912424721,140,lower
historical-uncontrolled-reference,full-match,historical,,division:2026gal,raw_pred_red_win_probability,alliance_score_mae,114.79409957107904,280,lower
historical-uncontrolled-reference,full-match,historical,,division:2026gal,raw_pred_red_win_probability,alliance_score_rmse,142.8236477847375,280,lower
historical-uncontrolled-reference,full-match,historical,,division:2026gal,raw_pred_red_win_probability,score_differential_mae,129.84968387958813,140,lower
historical-uncontrolled-reference,full-match,historical,,division:2026gal,raw_pred_red_win_probability,score_differential_rmse,167.37533516251423,140,lower
historical-uncontrolled-reference,full-match,historical,,division:2026gal,raw_pred_red_win_probability,mean_bias,-82.52374384075144,280,lower
historical-uncontrolled-reference,full-match,historical,,division:2026gal,raw_pred_red_win_probability,relative_bias,-0.1939925638724417,280,lower
historical-uncontrolled-reference,full-match,historical,,division:2026gal,raw_pred_red_win_probability,winner_accuracy,0.697841726618705,139,higher
historical-uncontrolled-reference,full-match,historical,,division:2026gal,raw_pred_red_win_probability,winner_brier,0.20521403240787844,139,lower
historical-uncontrolled-reference,full-match,historical,,division:2026gal,raw_pred_red_win_probability,winner_log_loss,0.6305873683675234,139,lower
historical-uncontrolled-reference,full-match,historical,,division:2026gal,raw_pred_red_win_probability,winner_ece,0.14214783122362015,139,lower
historical-uncontrolled-reference,full-match,historical,,division:2026gal,transferred_platt_red_win_probability,alliance_score_mae,114.79409957107904,280,lower
historical-uncontrolled-reference,full-match,historical,,division:2026gal,transferred_platt_red_win_probability,alliance_score_rmse,142.8236477847375,280,lower
historical-uncontrolled-reference,full-match,historical,,division:2026gal,transferred_platt_red_win_probability,score_differential_mae,129.84968387958813,140,lower
historical-uncontrolled-reference,full-match,historical,,division:2026gal,transferred_platt_red_win_probability,score_differential_rmse,167.37533516251423,140,lower
historical-uncontrolled-reference,full-match,historical,,division:2026gal,transferred_platt_red_win_probability,mean_bias,-82.52374384075144,280,lower
historical-uncontrolled-reference,full-match,historical,,division:2026gal,transferred_platt_red_win_probability,relative_bias,-0.1939925638724417,280,lower
historical-uncontrolled-reference,full-match,historical,,division:2026gal,transferred_platt_red_win_probability,winner_accuracy,0.697841726618705,139,higher
historical-uncontrolled-reference,full-match,historical,,division:2026gal,transferred_platt_red_win_probability,winner_brier,0.20521403240787844,139,lower
historical-uncontrolled-reference,full-match,historical,,division:2026gal,transferred_platt_red_win_probability,winner_log_loss,0.6305873683675234,139,lower
historical-uncontrolled-reference,full-match,historical,,division:2026gal,transferred_platt_red_win_probability,winner_ece,0.14214783122362015,139,lower
historical-uncontrolled-reference,full-match,historical,,division:2026gal,transferred_score_red_win_probability,alliance_score_mae,114.79409957107904,280,lower
historical-uncontrolled-reference,full-match,historical,,division:2026gal,transferred_score_red_win_probability,alliance_score_rmse,142.8236477847375,280,lower
historical-uncontrolled-reference,full-match,historical,,division:2026gal,transferred_score_red_win_probability,score_differential_mae,129.84968387958813,140,lower
historical-uncontrolled-reference,full-match,historical,,division:2026gal,transferred_score_red_win_probability,score_differential_rmse,167.37533516251423,140,lower
historical-uncontrolled-reference,full-match,historical,,division:2026gal,transferred_score_red_win_probability,mean_bias,-82.52374384075144,280,lower
historical-uncontrolled-reference,full-match,historical,,division:2026gal,transferred_score_red_win_probability,relative_bias,-0.1939925638724417,280,lower
historical-uncontrolled-reference,full-match,historical,,division:2026gal,transferred_score_red_win_probability,winner_accuracy,0.697841726618705,139,higher
historical-uncontrolled-reference,full-match,historical,,division:2026gal,transferred_score_red_win_probability,winner_brier,0.20521403240787844,139,lower
historical-uncontrolled-reference,full-match,historical,,division:2026gal,transferred_score_red_win_probability,winner_log_loss,0.6305873683675234,139,lower
historical-uncontrolled-reference,full-match,historical,,division:2026gal,transferred_score_red_win_probability,winner_ece,0.14214783122362015,139,lower
historical-uncontrolled-reference,full-match,historical,,division:2026hop,raw_pred_red_win_probability,alliance_score_mae,122.05391466486536,280,lower
historical-uncontrolled-reference,full-match,historical,,division:2026hop,raw_pred_red_win_probability,alliance_score_rmse,150.30953713221461,280,lower
historical-uncontrolled-reference,full-match,historical,,division:2026hop,raw_pred_red_win_probability,score_differential_mae,132.51451565035586,140,lower
historical-uncontrolled-reference,full-match,historical,,division:2026hop,raw_pred_red_win_probability,score_differential_rmse,162.61311211415762,140,lower
historical-uncontrolled-reference,full-match,historical,,division:2026hop,raw_pred_red_win_probability,mean_bias,-90.54842199225702,280,lower
historical-uncontrolled-reference,full-match,historical,,division:2026hop,raw_pred_red_win_probability,relative_bias,-0.1963322246146076,280,lower
historical-uncontrolled-reference,full-match,historical,,division:2026hop,raw_pred_red_win_probability,winner_accuracy,0.7071428571428572,140,higher
historical-uncontrolled-reference,full-match,historical,,division:2026hop,raw_pred_red_win_probability,winner_brier,0.18493667786594986,140,lower
historical-uncontrolled-reference,full-match,historical,,division:2026hop,raw_pred_red_win_probability,winner_log_loss,0.5600448689909792,140,lower
historical-uncontrolled-reference,full-match,historical,,division:2026hop,raw_pred_red_win_probability,winner_ece,0.10950287159236356,140,lower
historical-uncontrolled-reference,full-match,historical,,division:2026hop,transferred_platt_red_win_probability,alliance_score_mae,122.05391466486536,280,lower
historical-uncontrolled-reference,full-match,historical,,division:2026hop,transferred_platt_red_win_probability,alliance_score_rmse,150.30953713221461,280,lower
historical-uncontrolled-reference,full-match,historical,,division:2026hop,transferred_platt_red_win_probability,score_differential_mae,132.51451565035586,140,lower
historical-uncontrolled-reference,full-match,historical,,division:2026hop,transferred_platt_red_win_probability,score_differential_rmse,162.61311211415762,140,lower
historical-uncontrolled-reference,full-match,historical,,division:2026hop,transferred_platt_red_win_probability,mean_bias,-90.54842199225702,280,lower
historical-uncontrolled-reference,full-match,historical,,division:2026hop,transferred_platt_red_win_probability,relative_bias,-0.1963322246146076,280,lower
historical-uncontrolled-reference,full-match,historical,,division:2026hop,transferred_platt_red_win_probability,winner_accuracy,0.7071428571428572,140,higher
historical-uncontrolled-reference,full-match,historical,,division:2026hop,transferred_platt_red_win_probability,winner_brier,0.18493667786594986,140,lower
historical-uncontrolled-reference,full-match,historical,,division:2026hop,transferred_platt_red_win_probability,winner_log_loss,0.5600448689909792,140,lower
historical-uncontrolled-reference,full-match,historical,,division:2026hop,transferred_platt_red_win_probability,winner_ece,0.10950287159236356,140,lower
historical-uncontrolled-reference,full-match,historical,,division:2026hop,transferred_score_red_win_probability,alliance_score_mae,122.05391466486536,280,lower
historical-uncontrolled-reference,full-match,historical,,division:2026hop,transferred_score_red_win_probability,alliance_score_rmse,150.30953713221461,280,lower
historical-uncontrolled-reference,full-match,historical,,division:2026hop,transferred_score_red_win_probability,score_differential_mae,132.51451565035586,140,lower
historical-uncontrolled-reference,full-match,historical,,division:2026hop,transferred_score_red_win_probability,score_differential_rmse,162.61311211415762,140,lower
historical-uncontrolled-reference,full-match,historical,,division:2026hop,transferred_score_red_win_probability,mean_bias,-90.54842199225702,280,lower
historical-uncontrolled-reference,full-match,historical,,division:2026hop,transferred_score_red_win_probability,relative_bias,-0.1963322246146076,280,lower
historical-uncontrolled-reference,full-match,historical,,division:2026hop,transferred_score_red_win_probability,winner_accuracy,0.7071428571428572,140,higher
historical-uncontrolled-reference,full-match,historical,,division:2026hop,transferred_score_red_win_probability,winner_brier,0.18493667786594986,140,lower
historical-uncontrolled-reference,full-match,historical,,division:2026hop,transferred_score_red_win_probability,winner_log_loss,0.5600448689909792,140,lower
historical-uncontrolled-reference,full-match,historical,,division:2026hop,transferred_score_red_win_probability,winner_ece,0.10950287159236356,140,lower
historical-uncontrolled-reference,full-match,historical,,division:2026joh,raw_pred_red_win_probability,alliance_score_mae,103.78899540182096,280,lower
historical-uncontrolled-reference,full-match,historical,,division:2026joh,raw_pred_red_win_probability,alliance_score_rmse,129.44942096486432,280,lower
historical-uncontrolled-reference,full-match,historical,,division:2026joh,raw_pred_red_win_probability,score_differential_mae,127.35993241536478,140,lower
historical-uncontrolled-reference,full-match,historical,,division:2026joh,raw_pred_red_win_probability,score_differential_rmse,159.46557149829673,140,lower
historical-uncontrolled-reference,full-match,historical,,division:2026joh,raw_pred_red_win_probability,mean_bias,-47.33024535274889,280,lower
historical-uncontrolled-reference,full-match,historical,,division:2026joh,raw_pred_red_win_probability,relative_bias,-0.11399973074210484,280,lower
historical-uncontrolled-reference,full-match,historical,,division:2026joh,raw_pred_red_win_probability,winner_accuracy,0.75,140,higher
historical-uncontrolled-reference,full-match,historical,,division:2026joh,raw_pred_red_win_probability,winner_brier,0.16510475790292048,140,lower
historical-uncontrolled-reference,full-match,historical,,division:2026joh,raw_pred_red_win_probability,winner_log_loss,0.4997385292149949,140,lower
historical-uncontrolled-reference,full-match,historical,,division:2026joh,raw_pred_red_win_probability,winner_ece,0.0713983515957718,140,lower
historical-uncontrolled-reference,full-match,historical,,division:2026joh,transferred_platt_red_win_probability,alliance_score_mae,103.78899540182096,280,lower
historical-uncontrolled-reference,full-match,historical,,division:2026joh,transferred_platt_red_win_probability,alliance_score_rmse,129.44942096486432,280,lower
historical-uncontrolled-reference,full-match,historical,,division:2026joh,transferred_platt_red_win_probability,score_differential_mae,127.35993241536478,140,lower
historical-uncontrolled-reference,full-match,historical,,division:2026joh,transferred_platt_red_win_probability,score_differential_rmse,159.46557149829673,140,lower
historical-uncontrolled-reference,full-match,historical,,division:2026joh,transferred_platt_red_win_probability,mean_bias,-47.33024535274889,280,lower
historical-uncontrolled-reference,full-match,historical,,division:2026joh,transferred_platt_red_win_probability,relative_bias,-0.11399973074210484,280,lower
historical-uncontrolled-reference,full-match,historical,,division:2026joh,transferred_platt_red_win_probability,winner_accuracy,0.75,140,higher
historical-uncontrolled-reference,full-match,historical,,division:2026joh,transferred_platt_red_win_probability,winner_brier,0.16510475790292048,140,lower
historical-uncontrolled-reference,full-match,historical,,division:2026joh,transferred_platt_red_win_probability,winner_log_loss,0.4997385292149949,140,lower
historical-uncontrolled-reference,full-match,historical,,division:2026joh,transferred_platt_red_win_probability,winner_ece,0.0713983515957718,140,lower
historical-uncontrolled-reference,full-match,historical,,division:2026joh,transferred_score_red_win_probability,alliance_score_mae,103.78899540182096,280,lower
historical-uncontrolled-reference,full-match,historical,,division:2026joh,transferred_score_red_win_probability,alliance_score_rmse,129.44942096486432,280,lower
historical-uncontrolled-reference,full-match,historical,,division:2026joh,transferred_score_red_win_probability,score_differential_mae,127.35993241536478,140,lower
historical-uncontrolled-reference,full-match,historical,,division:2026joh,transferred_score_red_win_probability,score_differential_rmse,159.46557149829673,140,lower
historical-uncontrolled-reference,full-match,historical,,division:2026joh,transferred_score_red_win_probability,mean_bias,-47.33024535274889,280,lower
historical-uncontrolled-reference,full-match,historical,,division:2026joh,transferred_score_red_win_probability,relative_bias,-0.11399973074210484,280,lower
historical-uncontrolled-reference,full-match,historical,,division:2026joh,transferred_score_red_win_probability,winner_accuracy,0.75,140,higher
historical-uncontrolled-reference,full-match,historical,,division:2026joh,transferred_score_red_win_probability,winner_brier,0.16510475790292048,140,lower
historical-uncontrolled-reference,full-match,historical,,division:2026joh,transferred_score_red_win_probability,winner_log_loss,0.4997385292149949,140,lower
historical-uncontrolled-reference,full-match,historical,,division:2026joh,transferred_score_red_win_probability,winner_ece,0.0713983515957718,140,lower
historical-uncontrolled-reference,full-match,historical,,division:2026mil,raw_pred_red_win_probability,alliance_score_mae,96.9397024342531,278,lower
historical-uncontrolled-reference,full-match,historical,,division:2026mil,raw_pred_red_win_probability,alliance_score_rmse,121.45934994124664,278,lower
historical-uncontrolled-reference,full-match,historical,,division:2026mil,raw_pred_red_win_probability,score_differential_mae,114.28147841682316,139,lower
historical-uncontrolled-reference,full-match,historical,,division:2026mil,raw_pred_red_win_probability,score_differential_rmse,137.94124357303383,139,lower
historical-uncontrolled-reference,full-match,historical,,division:2026mil,raw_pred_red_win_probability,mean_bias,-66.00018834938392,278,lower
historical-uncontrolled-reference,full-match,historical,,division:2026mil,raw_pred_red_win_probability,relative_bias,-0.16032341023669855,278,lower
historical-uncontrolled-reference,full-match,historical,,division:2026mil,raw_pred_red_win_probability,winner_accuracy,0.7697841726618705,139,higher
historical-uncontrolled-reference,full-match,historical,,division:2026mil,raw_pred_red_win_probability,winner_brier,0.15753927788602037,139,lower
historical-uncontrolled-reference,full-match,historical,,division:2026mil,raw_pred_red_win_probability,winner_log_loss,0.4713920681130768,139,lower
historical-uncontrolled-reference,full-match,historical,,division:2026mil,raw_pred_red_win_probability,winner_ece,0.0953109060581241,139,lower
historical-uncontrolled-reference,full-match,historical,,division:2026mil,transferred_platt_red_win_probability,alliance_score_mae,96.9397024342531,278,lower
historical-uncontrolled-reference,full-match,historical,,division:2026mil,transferred_platt_red_win_probability,alliance_score_rmse,121.45934994124664,278,lower
historical-uncontrolled-reference,full-match,historical,,division:2026mil,transferred_platt_red_win_probability,score_differential_mae,114.28147841682316,139,lower
historical-uncontrolled-reference,full-match,historical,,division:2026mil,transferred_platt_red_win_probability,score_differential_rmse,137.94124357303383,139,lower
historical-uncontrolled-reference,full-match,historical,,division:2026mil,transferred_platt_red_win_probability,mean_bias,-66.00018834938392,278,lower
historical-uncontrolled-reference,full-match,historical,,division:2026mil,transferred_platt_red_win_probability,relative_bias,-0.16032341023669855,278,lower
historical-uncontrolled-reference,full-match,historical,,division:2026mil,transferred_platt_red_win_probability,winner_accuracy,0.7697841726618705,139,higher
historical-uncontrolled-reference,full-match,historical,,division:2026mil,transferred_platt_red_win_probability,winner_brier,0.15753927788602037,139,lower
historical-uncontrolled-reference,full-match,historical,,division:2026mil,transferred_platt_red_win_probability,winner_log_loss,0.4713920681130768,139,lower
historical-uncontrolled-reference,full-match,historical,,division:2026mil,transferred_platt_red_win_probability,winner_ece,0.0953109060581241,139,lower
historical-uncontrolled-reference,full-match,historical,,division:2026mil,transferred_score_red_win_probability,alliance_score_mae,96.9397024342531,278,lower
historical-uncontrolled-reference,full-match,historical,,division:2026mil,transferred_score_red_win_probability,alliance_score_rmse,121.45934994124664,278,lower
historical-uncontrolled-reference,full-match,historical,,division:2026mil,transferred_score_red_win_probability,score_differential_mae,114.28147841682316,139,lower
historical-uncontrolled-reference,full-match,historical,,division:2026mil,transferred_score_red_win_probability,score_differential_rmse,137.94124357303383,139,lower
historical-uncontrolled-reference,full-match,historical,,division:2026mil,transferred_score_red_win_probability,mean_bias,-66.00018834938392,278,lower
historical-uncontrolled-reference,full-match,historical,,division:2026mil,transferred_score_red_win_probability,relative_bias,-0.16032341023669855,278,lower
historical-uncontrolled-reference,full-match,historical,,division:2026mil,transferred_score_red_win_probability,winner_accuracy,0.7697841726618705,139,higher
historical-uncontrolled-reference,full-match,historical,,division:2026mil,transferred_score_red_win_probability,winner_brier,0.15753927788602037,139,lower
historical-uncontrolled-reference,full-match,historical,,division:2026mil,transferred_score_red_win_probability,winner_log_loss,0.4713920681130768,139,lower
historical-uncontrolled-reference,full-match,historical,,division:2026mil,transferred_score_red_win_probability,winner_ece,0.0953109060581241,139,lower
historical-uncontrolled-reference,full-match,historical,,division:2026new,raw_pred_red_win_probability,alliance_score_mae,114.68134989897119,280,lower
historical-uncontrolled-reference,full-match,historical,,division:2026new,raw_pred_red_win_probability,alliance_score_rmse,140.96436332277867,280,lower
historical-uncontrolled-reference,full-match,historical,,division:2026new,raw_pred_red_win_probability,score_differential_mae,126.66452798050008,140,lower
historical-uncontrolled-reference,full-match,historical,,division:2026new,raw_pred_red_win_probability,score_differential_rmse,158.227174241196,140,lower
historical-uncontrolled-reference,full-match,historical,,division:2026new,raw_pred_red_win_probability,mean_bias,-83.57786147221891,280,lower
historical-uncontrolled-reference,full-match,historical,,division:2026new,raw_pred_red_win_probability,relative_bias,-0.17684559856283424,280,lower
historical-uncontrolled-reference,full-match,historical,,division:2026new,raw_pred_red_win_probability,winner_accuracy,0.6571428571428571,140,higher
historical-uncontrolled-reference,full-match,historical,,division:2026new,raw_pred_red_win_probability,winner_brier,0.20724205253404154,140,lower
historical-uncontrolled-reference,full-match,historical,,division:2026new,raw_pred_red_win_probability,winner_log_loss,0.6132961433627757,140,lower
historical-uncontrolled-reference,full-match,historical,,division:2026new,raw_pred_red_win_probability,winner_ece,0.12869197381862008,140,lower
historical-uncontrolled-reference,full-match,historical,,division:2026new,transferred_platt_red_win_probability,alliance_score_mae,114.68134989897119,280,lower
historical-uncontrolled-reference,full-match,historical,,division:2026new,transferred_platt_red_win_probability,alliance_score_rmse,140.96436332277867,280,lower
historical-uncontrolled-reference,full-match,historical,,division:2026new,transferred_platt_red_win_probability,score_differential_mae,126.66452798050008,140,lower
historical-uncontrolled-reference,full-match,historical,,division:2026new,transferred_platt_red_win_probability,score_differential_rmse,158.227174241196,140,lower
historical-uncontrolled-reference,full-match,historical,,division:2026new,transferred_platt_red_win_probability,mean_bias,-83.57786147221891,280,lower
historical-uncontrolled-reference,full-match,historical,,division:2026new,transferred_platt_red_win_probability,relative_bias,-0.17684559856283424,280,lower
historical-uncontrolled-reference,full-match,historical,,division:2026new,transferred_platt_red_win_probability,winner_accuracy,0.6571428571428571,140,higher
historical-uncontrolled-reference,full-match,historical,,division:2026new,transferred_platt_red_win_probability,winner_brier,0.20724205253404154,140,lower
historical-uncontrolled-reference,full-match,historical,,division:2026new,transferred_platt_red_win_probability,winner_log_loss,0.6132961433627757,140,lower
historical-uncontrolled-reference,full-match,historical,,division:2026new,transferred_platt_red_win_probability,winner_ece,0.12869197381862008,140,lower
historical-uncontrolled-reference,full-match,historical,,division:2026new,transferred_score_red_win_probability,alliance_score_mae,114.68134989897119,280,lower
historical-uncontrolled-reference,full-match,historical,,division:2026new,transferred_score_red_win_probability,alliance_score_rmse,140.96436332277867,280,lower
historical-uncontrolled-reference,full-match,historical,,division:2026new,transferred_score_red_win_probability,score_differential_mae,126.66452798050008,140,lower
historical-uncontrolled-reference,full-match,historical,,division:2026new,transferred_score_red_win_probability,score_differential_rmse,158.227174241196,140,lower
historical-uncontrolled-reference,full-match,historical,,division:2026new,transferred_score_red_win_probability,mean_bias,-83.57786147221891,280,lower
historical-uncontrolled-reference,full-match,historical,,division:2026new,transferred_score_red_win_probability,relative_bias,-0.17684559856283424,280,lower
historical-uncontrolled-reference,full-match,historical,,division:2026new,transferred_score_red_win_probability,winner_accuracy,0.6571428571428571,140,higher
historical-uncontrolled-reference,full-match,historical,,division:2026new,transferred_score_red_win_probability,winner_brier,0.20724205253404154,140,lower
historical-uncontrolled-reference,full-match,historical,,division:2026new,transferred_score_red_win_probability,winner_log_loss,0.6132961433627757,140,lower
historical-uncontrolled-reference,full-match,historical,,division:2026new,transferred_score_red_win_probability,winner_ece,0.12869197381862008,140,lower
historical-uncontrolled-reference,full-match,historical,,observation:high,raw_pred_red_win_probability,alliance_score_mae,105.85471040876446,2134,lower
historical-uncontrolled-reference,full-match,historical,,observation:high,raw_pred_red_win_probability,alliance_score_rmse,133.50102347612386,2134,lower
historical-uncontrolled-reference,full-match,historical,,observation:high,raw_pred_red_win_probability,score_differential_mae,126.38320960633659,1067,lower
historical-uncontrolled-reference,full-match,historical,,observation:high,raw_pred_red_win_probability,score_differential_rmse,155.985842494503,1067,lower
historical-uncontrolled-reference,full-match,historical,,observation:high,raw_pred_red_win_probability,mean_bias,-66.81375130786954,2134,lower
historical-uncontrolled-reference,full-match,historical,,observation:high,raw_pred_red_win_probability,relative_bias,-0.15308196831757956,2134,lower
historical-uncontrolled-reference,full-match,historical,,observation:high,raw_pred_red_win_probability,winner_accuracy,0.711737089201878,1065,higher
historical-uncontrolled-reference,full-match,historical,,observation:high,raw_pred_red_win_probability,winner_brier,0.18648116884785051,1065,lower
historical-uncontrolled-reference,full-match,historical,,observation:high,raw_pred_red_win_probability,winner_log_loss,0.5581993039717428,1065,lower
historical-uncontrolled-reference,full-match,historical,,observation:high,raw_pred_red_win_probability,winner_ece,0.08467853651587072,1065,lower
historical-uncontrolled-reference,full-match,historical,,observation:high,transferred_platt_red_win_probability,alliance_score_mae,105.85471040876446,2134,lower
historical-uncontrolled-reference,full-match,historical,,observation:high,transferred_platt_red_win_probability,alliance_score_rmse,133.50102347612386,2134,lower
historical-uncontrolled-reference,full-match,historical,,observation:high,transferred_platt_red_win_probability,score_differential_mae,126.38320960633659,1067,lower
historical-uncontrolled-reference,full-match,historical,,observation:high,transferred_platt_red_win_probability,score_differential_rmse,155.985842494503,1067,lower
historical-uncontrolled-reference,full-match,historical,,observation:high,transferred_platt_red_win_probability,mean_bias,-66.81375130786954,2134,lower
historical-uncontrolled-reference,full-match,historical,,observation:high,transferred_platt_red_win_probability,relative_bias,-0.15308196831757956,2134,lower
historical-uncontrolled-reference,full-match,historical,,observation:high,transferred_platt_red_win_probability,winner_accuracy,0.711737089201878,1065,higher
historical-uncontrolled-reference,full-match,historical,,observation:high,transferred_platt_red_win_probability,winner_brier,0.18648116884785051,1065,lower
historical-uncontrolled-reference,full-match,historical,,observation:high,transferred_platt_red_win_probability,winner_log_loss,0.5581993039717428,1065,lower
historical-uncontrolled-reference,full-match,historical,,observation:high,transferred_platt_red_win_probability,winner_ece,0.08467853651587072,1065,lower
historical-uncontrolled-reference,full-match,historical,,observation:high,transferred_score_red_win_probability,alliance_score_mae,105.85471040876446,2134,lower
historical-uncontrolled-reference,full-match,historical,,observation:high,transferred_score_red_win_probability,alliance_score_rmse,133.50102347612386,2134,lower
historical-uncontrolled-reference,full-match,historical,,observation:high,transferred_score_red_win_probability,score_differential_mae,126.38320960633659,1067,lower
historical-uncontrolled-reference,full-match,historical,,observation:high,transferred_score_red_win_probability,score_differential_rmse,155.985842494503,1067,lower
historical-uncontrolled-reference,full-match,historical,,observation:high,transferred_score_red_win_probability,mean_bias,-66.81375130786954,2134,lower
historical-uncontrolled-reference,full-match,historical,,observation:high,transferred_score_red_win_probability,relative_bias,-0.15308196831757956,2134,lower
historical-uncontrolled-reference,full-match,historical,,observation:high,transferred_score_red_win_probability,winner_accuracy,0.711737089201878,1065,higher
historical-uncontrolled-reference,full-match,historical,,observation:high,transferred_score_red_win_probability,winner_brier,0.18648116884785051,1065,lower
historical-uncontrolled-reference,full-match,historical,,observation:high,transferred_score_red_win_probability,winner_log_loss,0.5581993039717428,1065,lower
historical-uncontrolled-reference,full-match,historical,,observation:high,transferred_score_red_win_probability,winner_ece,0.08467853651587072,1065,lower
historical-uncontrolled-reference,full-match,historical,,observation:low,raw_pred_red_win_probability,alliance_score_mae,104.31255608972558,4,lower
historical-uncontrolled-reference,full-match,historical,,observation:low,raw_pred_red_win_probability,alliance_score_rmse,111.44449943193393,4,lower
historical-uncontrolled-reference,full-match,historical,,observation:low,raw_pred_red_win_probability,score_differential_mae,53.43651768984094,2,lower
historical-uncontrolled-reference,full-match,historical,,observation:low,raw_pred_red_win_probability,score_differential_rmse,60.136932336985645,2,lower
historical-uncontrolled-reference,full-match,historical,,observation:low,raw_pred_red_win_probability,mean_bias,-25.192348797529355,4,lower
historical-uncontrolled-reference,full-match,historical,,observation:low,raw_pred_red_win_probability,relative_bias,-0.06709014326905288,4,lower
historical-uncontrolled-reference,full-match,historical,,observation:low,raw_pred_red_win_probability,winner_accuracy,1.0,2,higher
historical-uncontrolled-reference,full-match,historical,,observation:low,raw_pred_red_win_probability,winner_brier,0.12309903759028135,2,lower
historical-uncontrolled-reference,full-match,historical,,observation:low,raw_pred_red_win_probability,winner_log_loss,0.34827961396965634,2,lower
historical-uncontrolled-reference,full-match,historical,,observation:low,raw_pred_red_win_probability,winner_ece,0.2536304390656433,2,lower
historical-uncontrolled-reference,full-match,historical,,observation:low,transferred_platt_red_win_probability,alliance_score_mae,104.31255608972558,4,lower
historical-uncontrolled-reference,full-match,historical,,observation:low,transferred_platt_red_win_probability,alliance_score_rmse,111.44449943193393,4,lower
historical-uncontrolled-reference,full-match,historical,,observation:low,transferred_platt_red_win_probability,score_differential_mae,53.43651768984094,2,lower
historical-uncontrolled-reference,full-match,historical,,observation:low,transferred_platt_red_win_probability,score_differential_rmse,60.136932336985645,2,lower
historical-uncontrolled-reference,full-match,historical,,observation:low,transferred_platt_red_win_probability,mean_bias,-25.192348797529355,4,lower
historical-uncontrolled-reference,full-match,historical,,observation:low,transferred_platt_red_win_probability,relative_bias,-0.06709014326905288,4,lower
historical-uncontrolled-reference,full-match,historical,,observation:low,transferred_platt_red_win_probability,winner_accuracy,1.0,2,higher
historical-uncontrolled-reference,full-match,historical,,observation:low,transferred_platt_red_win_probability,winner_brier,0.12309903759028135,2,lower
historical-uncontrolled-reference,full-match,historical,,observation:low,transferred_platt_red_win_probability,winner_log_loss,0.34827961396965634,2,lower
historical-uncontrolled-reference,full-match,historical,,observation:low,transferred_platt_red_win_probability,winner_ece,0.2536304390656433,2,lower
historical-uncontrolled-reference,full-match,historical,,observation:low,transferred_score_red_win_probability,alliance_score_mae,104.31255608972558,4,lower
historical-uncontrolled-reference,full-match,historical,,observation:low,transferred_score_red_win_probability,alliance_score_rmse,111.44449943193393,4,lower
historical-uncontrolled-reference,full-match,historical,,observation:low,transferred_score_red_win_probability,score_differential_mae,53.43651768984094,2,lower
historical-uncontrolled-reference,full-match,historical,,observation:low,transferred_score_red_win_probability,score_differential_rmse,60.136932336985645,2,lower
historical-uncontrolled-reference,full-match,historical,,observation:low,transferred_score_red_win_probability,mean_bias,-25.192348797529355,4,lower
historical-uncontrolled-reference,full-match,historical,,observation:low,transferred_score_red_win_probability,relative_bias,-0.06709014326905288,4,lower
historical-uncontrolled-reference,full-match,historical,,observation:low,transferred_score_red_win_probability,winner_accuracy,1.0,2,higher
historical-uncontrolled-reference,full-match,historical,,observation:low,transferred_score_red_win_probability,winner_brier,0.12309903759028135,2,lower
historical-uncontrolled-reference,full-match,historical,,observation:low,transferred_score_red_win_probability,winner_log_loss,0.34827961396965634,2,lower
historical-uncontrolled-reference,full-match,historical,,observation:low,transferred_score_red_win_probability,winner_ece,0.2536304390656433,2,lower
historical-uncontrolled-reference,full-match,historical,,observation:medium,raw_pred_red_win_probability,alliance_score_mae,117.1567816730996,100,lower
historical-uncontrolled-reference,full-match,historical,,observation:medium,raw_pred_red_win_probability,alliance_score_rmse,143.09941590057835,100,lower
historical-uncontrolled-reference,full-match,historical,,observation:medium,raw_pred_red_win_probability,score_differential_mae,143.17441669870811,50,lower
historical-uncontrolled-reference,full-match,historical,,observation:medium,raw_pred_red_win_probability,score_differential_rmse,190.1060879486526,50,lower
historical-uncontrolled-reference,full-match,historical,,observation:medium,raw_pred_red_win_probability,mean_bias,-69.64752533144882,100,lower
historical-uncontrolled-reference,full-match,historical,,observation:medium,raw_pred_red_win_probability,relative_bias,-0.18094966311106475,100,lower
historical-uncontrolled-reference,full-match,historical,,observation:medium,raw_pred_red_win_probability,winner_accuracy,0.72,50,higher
historical-uncontrolled-reference,full-match,historical,,observation:medium,raw_pred_red_win_probability,winner_brier,0.16517949510345822,50,lower
historical-uncontrolled-reference,full-match,historical,,observation:medium,raw_pred_red_win_probability,winner_log_loss,0.5438916264372166,50,lower
historical-uncontrolled-reference,full-match,historical,,observation:medium,raw_pred_red_win_probability,winner_ece,0.19889953881712777,50,lower
historical-uncontrolled-reference,full-match,historical,,observation:medium,transferred_platt_red_win_probability,alliance_score_mae,117.1567816730996,100,lower
historical-uncontrolled-reference,full-match,historical,,observation:medium,transferred_platt_red_win_probability,alliance_score_rmse,143.09941590057835,100,lower
historical-uncontrolled-reference,full-match,historical,,observation:medium,transferred_platt_red_win_probability,score_differential_mae,143.17441669870811,50,lower
historical-uncontrolled-reference,full-match,historical,,observation:medium,transferred_platt_red_win_probability,score_differential_rmse,190.1060879486526,50,lower
historical-uncontrolled-reference,full-match,historical,,observation:medium,transferred_platt_red_win_probability,mean_bias,-69.64752533144882,100,lower
historical-uncontrolled-reference,full-match,historical,,observation:medium,transferred_platt_red_win_probability,relative_bias,-0.18094966311106475,100,lower
historical-uncontrolled-reference,full-match,historical,,observation:medium,transferred_platt_red_win_probability,winner_accuracy,0.72,50,higher
historical-uncontrolled-reference,full-match,historical,,observation:medium,transferred_platt_red_win_probability,winner_brier,0.16517949510345822,50,lower
historical-uncontrolled-reference,full-match,historical,,observation:medium,transferred_platt_red_win_probability,winner_log_loss,0.5438916264372166,50,lower
historical-uncontrolled-reference,full-match,historical,,observation:medium,transferred_platt_red_win_probability,winner_ece,0.19889953881712777,50,lower
historical-uncontrolled-reference,full-match,historical,,observation:medium,transferred_score_red_win_probability,alliance_score_mae,117.1567816730996,100,lower
historical-uncontrolled-reference,full-match,historical,,observation:medium,transferred_score_red_win_probability,alliance_score_rmse,143.09941590057835,100,lower
historical-uncontrolled-reference,full-match,historical,,observation:medium,transferred_score_red_win_probability,score_differential_mae,143.17441669870811,50,lower
historical-uncontrolled-reference,full-match,historical,,observation:medium,transferred_score_red_win_probability,score_differential_rmse,190.1060879486526,50,lower
historical-uncontrolled-reference,full-match,historical,,observation:medium,transferred_score_red_win_probability,mean_bias,-69.64752533144882,100,lower
historical-uncontrolled-reference,full-match,historical,,observation:medium,transferred_score_red_win_probability,relative_bias,-0.18094966311106475,100,lower
historical-uncontrolled-reference,full-match,historical,,observation:medium,transferred_score_red_win_probability,winner_accuracy,0.72,50,higher
historical-uncontrolled-reference,full-match,historical,,observation:medium,transferred_score_red_win_probability,winner_brier,0.16517949510345822,50,lower
historical-uncontrolled-reference,full-match,historical,,observation:medium,transferred_score_red_win_probability,winner_log_loss,0.5438916264372166,50,lower
historical-uncontrolled-reference,full-match,historical,,observation:medium,transferred_score_red_win_probability,winner_ece,0.19889953881712777,50,lower
historical-uncontrolled-reference,mean,historical,,primary-clean,raw_pred_red_win_probability,alliance_score_mae,260.2308866346705,2216,lower
historical-uncontrolled-reference,mean,historical,,primary-clean,raw_pred_red_win_probability,alliance_score_rmse,297.82222213841067,2216,lower
historical-uncontrolled-reference,mean,historical,,primary-clean,raw_pred_red_win_probability,score_differential_mae,164.59515202670832,1108,lower
historical-uncontrolled-reference,mean,historical,,primary-clean,raw_pred_red_win_probability,score_differential_rmse,207.85203453002964,1108,lower
historical-uncontrolled-reference,mean,historical,,primary-clean,raw_pred_red_win_probability,mean_bias,-256.09805801125407,2216,lower
historical-uncontrolled-reference,mean,historical,,primary-clean,raw_pred_red_win_probability,relative_bias,-0.5892036505402782,2216,lower
historical-uncontrolled-reference,mean,historical,,primary-clean,raw_pred_red_win_probability,winner_accuracy,0.5226039783001808,1106,higher
historical-uncontrolled-reference,mean,historical,,primary-clean,raw_pred_red_win_probability,winner_brier,0.24955077423777003,1106,lower
historical-uncontrolled-reference,mean,historical,,primary-clean,raw_pred_red_win_probability,winner_log_loss,0.6922487662778081,1106,lower
historical-uncontrolled-reference,mean,historical,,primary-clean,raw_pred_red_win_probability,winner_ece,0.007855830494933325,1106,lower
historical-uncontrolled-reference,mean,historical,,primary-clean,transferred_platt_red_win_probability,alliance_score_mae,260.2308866346705,2216,lower
historical-uncontrolled-reference,mean,historical,,primary-clean,transferred_platt_red_win_probability,alliance_score_rmse,297.82222213841067,2216,lower
historical-uncontrolled-reference,mean,historical,,primary-clean,transferred_platt_red_win_probability,score_differential_mae,164.59515202670832,1108,lower
historical-uncontrolled-reference,mean,historical,,primary-clean,transferred_platt_red_win_probability,score_differential_rmse,207.85203453002964,1108,lower
historical-uncontrolled-reference,mean,historical,,primary-clean,transferred_platt_red_win_probability,mean_bias,-256.09805801125407,2216,lower
historical-uncontrolled-reference,mean,historical,,primary-clean,transferred_platt_red_win_probability,relative_bias,-0.5892036505402782,2216,lower
historical-uncontrolled-reference,mean,historical,,primary-clean,transferred_platt_red_win_probability,winner_accuracy,0.5226039783001808,1106,higher
historical-uncontrolled-reference,mean,historical,,primary-clean,transferred_platt_red_win_probability,winner_brier,0.24955077423777003,1106,lower
historical-uncontrolled-reference,mean,historical,,primary-clean,transferred_platt_red_win_probability,winner_log_loss,0.6922487662778081,1106,lower
historical-uncontrolled-reference,mean,historical,,primary-clean,transferred_platt_red_win_probability,winner_ece,0.007855830494933325,1106,lower
historical-uncontrolled-reference,mean,historical,,primary-clean,transferred_score_red_win_probability,alliance_score_mae,260.2308866346705,2216,lower
historical-uncontrolled-reference,mean,historical,,primary-clean,transferred_score_red_win_probability,alliance_score_rmse,297.82222213841067,2216,lower
historical-uncontrolled-reference,mean,historical,,primary-clean,transferred_score_red_win_probability,score_differential_mae,164.59515202670832,1108,lower
historical-uncontrolled-reference,mean,historical,,primary-clean,transferred_score_red_win_probability,score_differential_rmse,207.85203453002964,1108,lower
historical-uncontrolled-reference,mean,historical,,primary-clean,transferred_score_red_win_probability,mean_bias,-256.09805801125407,2216,lower
historical-uncontrolled-reference,mean,historical,,primary-clean,transferred_score_red_win_probability,relative_bias,-0.5892036505402782,2216,lower
historical-uncontrolled-reference,mean,historical,,primary-clean,transferred_score_red_win_probability,winner_accuracy,0.5226039783001808,1106,higher
historical-uncontrolled-reference,mean,historical,,primary-clean,transferred_score_red_win_probability,winner_brier,0.24955077423777003,1106,lower
historical-uncontrolled-reference,mean,historical,,primary-clean,transferred_score_red_win_probability,winner_log_loss,0.6922487662778081,1106,lower
historical-uncontrolled-reference,mean,historical,,primary-clean,transferred_score_red_win_probability,winner_ece,0.007855830494933325,1106,lower
historical-uncontrolled-reference,mean,historical,,all-official,raw_pred_red_win_probability,alliance_score_mae,259.74537627054843,2238,lower
historical-uncontrolled-reference,mean,historical,,all-official,raw_pred_red_win_probability,alliance_score_rmse,297.3584971532707,2238,lower
historical-uncontrolled-reference,mean,historical,,all-official,raw_pred_red_win_probability,score_differential_mae,164.86831342905504,1119,lower
historical-uncontrolled-reference,mean,historical,,all-official,raw_pred_red_win_probability,score_differential_rmse,208.09829643725902,1119,lower
historical-uncontrolled-reference,mean,historical,,all-official,raw_pred_red_win_probability,mean_bias,-255.49156747851302,2238,lower
historical-uncontrolled-reference,mean,historical,,all-official,raw_pred_red_win_probability,relative_bias,-0.5886296448981586,2238,lower
historical-uncontrolled-reference,mean,historical,,all-official,raw_pred_red_win_probability,winner_accuracy,0.5228290062667861,1117,higher
historical-uncontrolled-reference,mean,historical,,all-official,raw_pred_red_win_probability,winner_brier,0.24953706562009736,1117,lower
historical-uncontrolled-reference,mean,historical,,all-official,raw_pred_red_win_probability,winner_log_loss,0.6922213150497923,1117,lower
historical-uncontrolled-reference,mean,historical,,all-official,raw_pred_red_win_probability,winner_ece,0.007630802528327929,1117,lower
historical-uncontrolled-reference,mean,historical,,all-official,transferred_platt_red_win_probability,alliance_score_mae,259.74537627054843,2238,lower
historical-uncontrolled-reference,mean,historical,,all-official,transferred_platt_red_win_probability,alliance_score_rmse,297.3584971532707,2238,lower
historical-uncontrolled-reference,mean,historical,,all-official,transferred_platt_red_win_probability,score_differential_mae,164.86831342905504,1119,lower
historical-uncontrolled-reference,mean,historical,,all-official,transferred_platt_red_win_probability,score_differential_rmse,208.09829643725902,1119,lower
historical-uncontrolled-reference,mean,historical,,all-official,transferred_platt_red_win_probability,mean_bias,-255.49156747851302,2238,lower
historical-uncontrolled-reference,mean,historical,,all-official,transferred_platt_red_win_probability,relative_bias,-0.5886296448981586,2238,lower
historical-uncontrolled-reference,mean,historical,,all-official,transferred_platt_red_win_probability,winner_accuracy,0.5228290062667861,1117,higher
historical-uncontrolled-reference,mean,historical,,all-official,transferred_platt_red_win_probability,winner_brier,0.24953706562009736,1117,lower
historical-uncontrolled-reference,mean,historical,,all-official,transferred_platt_red_win_probability,winner_log_loss,0.6922213150497923,1117,lower
historical-uncontrolled-reference,mean,historical,,all-official,transferred_platt_red_win_probability,winner_ece,0.007630802528327929,1117,lower
historical-uncontrolled-reference,mean,historical,,all-official,transferred_score_red_win_probability,alliance_score_mae,259.74537627054843,2238,lower
historical-uncontrolled-reference,mean,historical,,all-official,transferred_score_red_win_probability,alliance_score_rmse,297.3584971532707,2238,lower
historical-uncontrolled-reference,mean,historical,,all-official,transferred_score_red_win_probability,score_differential_mae,164.86831342905504,1119,lower
historical-uncontrolled-reference,mean,historical,,all-official,transferred_score_red_win_probability,score_differential_rmse,208.09829643725902,1119,lower
historical-uncontrolled-reference,mean,historical,,all-official,transferred_score_red_win_probability,mean_bias,-255.49156747851302,2238,lower
historical-uncontrolled-reference,mean,historical,,all-official,transferred_score_red_win_probability,relative_bias,-0.5886296448981586,2238,lower
historical-uncontrolled-reference,mean,historical,,all-official,transferred_score_red_win_probability,winner_accuracy,0.5228290062667861,1117,higher
historical-uncontrolled-reference,mean,historical,,all-official,transferred_score_red_win_probability,winner_brier,0.24953706562009736,1117,lower
historical-uncontrolled-reference,mean,historical,,all-official,transferred_score_red_win_probability,winner_log_loss,0.6922213150497923,1117,lower
historical-uncontrolled-reference,mean,historical,,all-official,transferred_score_red_win_probability,winner_ece,0.007630802528327929,1117,lower
historical-uncontrolled-reference,mean,historical,,DQ-only,raw_pred_red_win_probability,alliance_score_mae,210.8412414117094,22,lower
historical-uncontrolled-reference,mean,historical,,DQ-only,raw_pred_red_win_probability,alliance_score_rmse,246.21399515833036,22,lower
historical-uncontrolled-reference,mean,historical,,DQ-only,raw_pred_red_win_probability,score_differential_mae,192.3831165017964,11,lower
historical-uncontrolled-reference,mean,historical,,DQ-only,raw_pred_red_win_probability,score_differential_rmse,231.56569194661765,11,lower
historical-uncontrolled-reference,mean,historical,,DQ-only,raw_pred_red_win_probability,mean_bias,-194.40143018060098,22,lower
historical-uncontrolled-reference,mean,historical,,DQ-only,raw_pred_red_win_probability,relative_bias,-0.5212469791557857,22,lower
historical-uncontrolled-reference,mean,historical,,DQ-only,raw_pred_red_win_probability,winner_accuracy,0.5454545454545454,11,higher
historical-uncontrolled-reference,mean,historical,,DQ-only,raw_pred_red_win_probability,winner_brier,0.24815872642500636,11,lower
historical-uncontrolled-reference,mean,historical,,DQ-only,raw_pred_red_win_probability,winner_log_loss,0.6894612188511039,11,lower
historical-uncontrolled-reference,mean,historical,,DQ-only,raw_pred_red_win_probability,winner_ece,0.014994736659431296,11,lower
historical-uncontrolled-reference,mean,historical,,DQ-only,transferred_platt_red_win_probability,alliance_score_mae,210.8412414117094,22,lower
historical-uncontrolled-reference,mean,historical,,DQ-only,transferred_platt_red_win_probability,alliance_score_rmse,246.21399515833036,22,lower
historical-uncontrolled-reference,mean,historical,,DQ-only,transferred_platt_red_win_probability,score_differential_mae,192.3831165017964,11,lower
historical-uncontrolled-reference,mean,historical,,DQ-only,transferred_platt_red_win_probability,score_differential_rmse,231.56569194661765,11,lower
historical-uncontrolled-reference,mean,historical,,DQ-only,transferred_platt_red_win_probability,mean_bias,-194.40143018060098,22,lower
historical-uncontrolled-reference,mean,historical,,DQ-only,transferred_platt_red_win_probability,relative_bias,-0.5212469791557857,22,lower
historical-uncontrolled-reference,mean,historical,,DQ-only,transferred_platt_red_win_probability,winner_accuracy,0.5454545454545454,11,higher
historical-uncontrolled-reference,mean,historical,,DQ-only,transferred_platt_red_win_probability,winner_brier,0.24815872642500636,11,lower
historical-uncontrolled-reference,mean,historical,,DQ-only,transferred_platt_red_win_probability,winner_log_loss,0.6894612188511039,11,lower
historical-uncontrolled-reference,mean,historical,,DQ-only,transferred_platt_red_win_probability,winner_ece,0.014994736659431296,11,lower
historical-uncontrolled-reference,mean,historical,,DQ-only,transferred_score_red_win_probability,alliance_score_mae,210.8412414117094,22,lower
historical-uncontrolled-reference,mean,historical,,DQ-only,transferred_score_red_win_probability,alliance_score_rmse,246.21399515833036,22,lower
historical-uncontrolled-reference,mean,historical,,DQ-only,transferred_score_red_win_probability,score_differential_mae,192.3831165017964,11,lower
historical-uncontrolled-reference,mean,historical,,DQ-only,transferred_score_red_win_probability,score_differential_rmse,231.56569194661765,11,lower
historical-uncontrolled-reference,mean,historical,,DQ-only,transferred_score_red_win_probability,mean_bias,-194.40143018060098,22,lower
historical-uncontrolled-reference,mean,historical,,DQ-only,transferred_score_red_win_probability,relative_bias,-0.5212469791557857,22,lower
historical-uncontrolled-reference,mean,historical,,DQ-only,transferred_score_red_win_probability,winner_accuracy,0.5454545454545454,11,higher
historical-uncontrolled-reference,mean,historical,,DQ-only,transferred_score_red_win_probability,winner_brier,0.24815872642500636,11,lower
historical-uncontrolled-reference,mean,historical,,DQ-only,transferred_score_red_win_probability,winner_log_loss,0.6894612188511039,11,lower
historical-uncontrolled-reference,mean,historical,,DQ-only,transferred_score_red_win_probability,winner_ece,0.014994736659431296,11,lower
historical-uncontrolled-reference,mean,historical,,surrogate-only,raw_pred_red_win_probability,alliance_score_mae,208.3635513927222,12,lower
historical-uncontrolled-reference,mean,historical,,surrogate-only,raw_pred_red_win_probability,alliance_score_rmse,256.96110807999065,12,lower
historical-uncontrolled-reference,mean,historical,,surrogate-only,raw_pred_red_win_probability,score_differential_mae,165.42857282674652,6,lower
historical-uncontrolled-reference,mean,historical,,surrogate-only,raw_pred_red_win_probability,score_differential_rmse,190.00112414916748,6,lower
historical-uncontrolled-reference,mean,historical,,surrogate-only,raw_pred_red_win_probability,mean_bias,-208.3635513927222,12,lower
historical-uncontrolled-reference,mean,historical,,surrogate-only,raw_pred_red_win_probability,relative_bias,-0.5385230705820948,12,lower
historical-uncontrolled-reference,mean,historical,,surrogate-only,raw_pred_red_win_probability,winner_accuracy,0.6666666666666666,6,higher
historical-uncontrolled-reference,mean,historical,,surrogate-only,raw_pred_red_win_probability,winner_brier,0.24077453035346352,6,lower
historical-uncontrolled-reference,mean,historical,,surrogate-only,raw_pred_red_win_probability,winner_log_loss,0.6746745164341496,6,lower
historical-uncontrolled-reference,mean,historical,,surrogate-only,raw_pred_red_win_probability,winner_ece,0.1362068578715525,6,lower
historical-uncontrolled-reference,mean,historical,,surrogate-only,transferred_platt_red_win_probability,alliance_score_mae,208.3635513927222,12,lower
historical-uncontrolled-reference,mean,historical,,surrogate-only,transferred_platt_red_win_probability,alliance_score_rmse,256.96110807999065,12,lower
historical-uncontrolled-reference,mean,historical,,surrogate-only,transferred_platt_red_win_probability,score_differential_mae,165.42857282674652,6,lower
historical-uncontrolled-reference,mean,historical,,surrogate-only,transferred_platt_red_win_probability,score_differential_rmse,190.00112414916748,6,lower
historical-uncontrolled-reference,mean,historical,,surrogate-only,transferred_platt_red_win_probability,mean_bias,-208.3635513927222,12,lower
historical-uncontrolled-reference,mean,historical,,surrogate-only,transferred_platt_red_win_probability,relative_bias,-0.5385230705820948,12,lower
historical-uncontrolled-reference,mean,historical,,surrogate-only,transferred_platt_red_win_probability,winner_accuracy,0.6666666666666666,6,higher
historical-uncontrolled-reference,mean,historical,,surrogate-only,transferred_platt_red_win_probability,winner_brier,0.24077453035346352,6,lower
historical-uncontrolled-reference,mean,historical,,surrogate-only,transferred_platt_red_win_probability,winner_log_loss,0.6746745164341496,6,lower
historical-uncontrolled-reference,mean,historical,,surrogate-only,transferred_platt_red_win_probability,winner_ece,0.1362068578715525,6,lower
historical-uncontrolled-reference,mean,historical,,surrogate-only,transferred_score_red_win_probability,alliance_score_mae,208.3635513927222,12,lower
historical-uncontrolled-reference,mean,historical,,surrogate-only,transferred_score_red_win_probability,alliance_score_rmse,256.96110807999065,12,lower
historical-uncontrolled-reference,mean,historical,,surrogate-only,transferred_score_red_win_probability,score_differential_mae,165.42857282674652,6,lower
historical-uncontrolled-reference,mean,historical,,surrogate-only,transferred_score_red_win_probability,score_differential_rmse,190.00112414916748,6,lower
historical-uncontrolled-reference,mean,historical,,surrogate-only,transferred_score_red_win_probability,mean_bias,-208.3635513927222,12,lower
historical-uncontrolled-reference,mean,historical,,surrogate-only,transferred_score_red_win_probability,relative_bias,-0.5385230705820948,12,lower
historical-uncontrolled-reference,mean,historical,,surrogate-only,transferred_score_red_win_probability,winner_accuracy,0.6666666666666666,6,higher
historical-uncontrolled-reference,mean,historical,,surrogate-only,transferred_score_red_win_probability,winner_brier,0.24077453035346352,6,lower
historical-uncontrolled-reference,mean,historical,,surrogate-only,transferred_score_red_win_probability,winner_log_loss,0.6746745164341496,6,lower
historical-uncontrolled-reference,mean,historical,,surrogate-only,transferred_score_red_win_probability,winner_ece,0.1362068578715525,6,lower
historical-uncontrolled-reference,mean,historical,,division:2026arc,raw_pred_red_win_probability,alliance_score_mae,268.54918913876156,282,lower
historical-uncontrolled-reference,mean,historical,,division:2026arc,raw_pred_red_win_probability,alliance_score_rmse,304.58106868610787,282,lower
historical-uncontrolled-reference,mean,historical,,division:2026arc,raw_pred_red_win_probability,score_differential_mae,168.58206672055886,141,lower
historical-uncontrolled-reference,mean,historical,,division:2026arc,raw_pred_red_win_probability,score_differential_rmse,208.77256759961395,141,lower
historical-uncontrolled-reference,mean,historical,,division:2026arc,raw_pred_red_win_probability,mean_bias,-265.97170742109097,282,lower
historical-uncontrolled-reference,mean,historical,,division:2026arc,raw_pred_red_win_probability,relative_bias,-0.5983281334180067,282,lower
historical-uncontrolled-reference,mean,historical,,division:2026arc,raw_pred_red_win_probability,winner_accuracy,0.5,140,higher
historical-uncontrolled-reference,mean,historical,,division:2026arc,raw_pred_red_win_probability,winner_brier,0.25092779995183495,140,lower
historical-uncontrolled-reference,mean,historical,,division:2026arc,raw_pred_red_win_probability,winner_log_loss,0.6950062322574618,140,lower
historical-uncontrolled-reference,mean,historical,,division:2026arc,raw_pred_red_win_probability,winner_ece,0.03045980879511412,140,lower
historical-uncontrolled-reference,mean,historical,,division:2026arc,transferred_platt_red_win_probability,alliance_score_mae,268.54918913876156,282,lower
historical-uncontrolled-reference,mean,historical,,division:2026arc,transferred_platt_red_win_probability,alliance_score_rmse,304.58106868610787,282,lower
historical-uncontrolled-reference,mean,historical,,division:2026arc,transferred_platt_red_win_probability,score_differential_mae,168.58206672055886,141,lower
historical-uncontrolled-reference,mean,historical,,division:2026arc,transferred_platt_red_win_probability,score_differential_rmse,208.77256759961395,141,lower
historical-uncontrolled-reference,mean,historical,,division:2026arc,transferred_platt_red_win_probability,mean_bias,-265.97170742109097,282,lower
historical-uncontrolled-reference,mean,historical,,division:2026arc,transferred_platt_red_win_probability,relative_bias,-0.5983281334180067,282,lower
historical-uncontrolled-reference,mean,historical,,division:2026arc,transferred_platt_red_win_probability,winner_accuracy,0.5,140,higher
historical-uncontrolled-reference,mean,historical,,division:2026arc,transferred_platt_red_win_probability,winner_brier,0.25092779995183495,140,lower
historical-uncontrolled-reference,mean,historical,,division:2026arc,transferred_platt_red_win_probability,winner_log_loss,0.6950062322574618,140,lower
historical-uncontrolled-reference,mean,historical,,division:2026arc,transferred_platt_red_win_probability,winner_ece,0.03045980879511412,140,lower
historical-uncontrolled-reference,mean,historical,,division:2026arc,transferred_score_red_win_probability,alliance_score_mae,268.54918913876156,282,lower
historical-uncontrolled-reference,mean,historical,,division:2026arc,transferred_score_red_win_probability,alliance_score_rmse,304.58106868610787,282,lower
historical-uncontrolled-reference,mean,historical,,division:2026arc,transferred_score_red_win_probability,score_differential_mae,168.58206672055886,141,lower
historical-uncontrolled-reference,mean,historical,,division:2026arc,transferred_score_red_win_probability,score_differential_rmse,208.77256759961395,141,lower
historical-uncontrolled-reference,mean,historical,,division:2026arc,transferred_score_red_win_probability,mean_bias,-265.97170742109097,282,lower
historical-uncontrolled-reference,mean,historical,,division:2026arc,transferred_score_red_win_probability,relative_bias,-0.5983281334180067,282,lower
historical-uncontrolled-reference,mean,historical,,division:2026arc,transferred_score_red_win_probability,winner_accuracy,0.5,140,higher
historical-uncontrolled-reference,mean,historical,,division:2026arc,transferred_score_red_win_probability,winner_brier,0.25092779995183495,140,lower
historical-uncontrolled-reference,mean,historical,,division:2026arc,transferred_score_red_win_probability,winner_log_loss,0.6950062322574618,140,lower
historical-uncontrolled-reference,mean,historical,,division:2026arc,transferred_score_red_win_probability,winner_ece,0.03045980879511412,140,lower
historical-uncontrolled-reference,mean,historical,,division:2026cur,raw_pred_red_win_probability,alliance_score_mae,257.8263482818772,278,lower
historical-uncontrolled-reference,mean,historical,,division:2026cur,raw_pred_red_win_probability,alliance_score_rmse,295.8820300872496,278,lower
historical-uncontrolled-reference,mean,historical,,division:2026cur,raw_pred_red_win_probability,score_differential_mae,159.39516972950503,139,lower
historical-uncontrolled-reference,mean,historical,,division:2026cur,raw_pred_red_win_probability,score_differential_rmse,201.03658597554994,139,lower
historical-uncontrolled-reference,mean,historical,,division:2026cur,raw_pred_red_win_probability,mean_bias,-255.30299983396924,278,lower
historical-uncontrolled-reference,mean,historical,,division:2026cur,raw_pred_red_win_probability,relative_bias,-0.5884508502789394,278,lower
historical-uncontrolled-reference,mean,historical,,division:2026cur,raw_pred_red_win_probability,winner_accuracy,0.5539568345323741,139,higher
historical-uncontrolled-reference,mean,historical,,division:2026cur,raw_pred_red_win_probability,winner_brier,0.24764077022574343,139,lower
historical-uncontrolled-reference,mean,historical,,division:2026cur,raw_pred_red_win_probability,winner_log_loss,0.6884240220988354,139,lower
historical-uncontrolled-reference,mean,historical,,division:2026cur,raw_pred_red_win_probability,winner_ece,0.02349702573725998,139,lower
historical-uncontrolled-reference,mean,historical,,division:2026cur,transferred_platt_red_win_probability,alliance_score_mae,257.8263482818772,278,lower
historical-uncontrolled-reference,mean,historical,,division:2026cur,transferred_platt_red_win_probability,alliance_score_rmse,295.8820300872496,278,lower
historical-uncontrolled-reference,mean,historical,,division:2026cur,transferred_platt_red_win_probability,score_differential_mae,159.39516972950503,139,lower
historical-uncontrolled-reference,mean,historical,,division:2026cur,transferred_platt_red_win_probability,score_differential_rmse,201.03658597554994,139,lower
historical-uncontrolled-reference,mean,historical,,division:2026cur,transferred_platt_red_win_probability,mean_bias,-255.30299983396924,278,lower
historical-uncontrolled-reference,mean,historical,,division:2026cur,transferred_platt_red_win_probability,relative_bias,-0.5884508502789394,278,lower
historical-uncontrolled-reference,mean,historical,,division:2026cur,transferred_platt_red_win_probability,winner_accuracy,0.5539568345323741,139,higher
historical-uncontrolled-reference,mean,historical,,division:2026cur,transferred_platt_red_win_probability,winner_brier,0.24764077022574343,139,lower
historical-uncontrolled-reference,mean,historical,,division:2026cur,transferred_platt_red_win_probability,winner_log_loss,0.6884240220988354,139,lower
historical-uncontrolled-reference,mean,historical,,division:2026cur,transferred_platt_red_win_probability,winner_ece,0.02349702573725998,139,lower
historical-uncontrolled-reference,mean,historical,,division:2026cur,transferred_score_red_win_probability,alliance_score_mae,257.8263482818772,278,lower
historical-uncontrolled-reference,mean,historical,,division:2026cur,transferred_score_red_win_probability,alliance_score_rmse,295.8820300872496,278,lower
historical-uncontrolled-reference,mean,historical,,division:2026cur,transferred_score_red_win_probability,score_differential_mae,159.39516972950503,139,lower
historical-uncontrolled-reference,mean,historical,,division:2026cur,transferred_score_red_win_probability,score_differential_rmse,201.03658597554994,139,lower
historical-uncontrolled-reference,mean,historical,,division:2026cur,transferred_score_red_win_probability,mean_bias,-255.30299983396924,278,lower
historical-uncontrolled-reference,mean,historical,,division:2026cur,transferred_score_red_win_probability,relative_bias,-0.5884508502789394,278,lower
historical-uncontrolled-reference,mean,historical,,division:2026cur,transferred_score_red_win_probability,winner_accuracy,0.5539568345323741,139,higher
historical-uncontrolled-reference,mean,historical,,division:2026cur,transferred_score_red_win_probability,winner_brier,0.24764077022574343,139,lower
historical-uncontrolled-reference,mean,historical,,division:2026cur,transferred_score_red_win_probability,winner_log_loss,0.6884240220988354,139,lower
historical-uncontrolled-reference,mean,historical,,division:2026cur,transferred_score_red_win_probability,winner_ece,0.02349702573725998,139,lower
historical-uncontrolled-reference,mean,historical,,division:2026dal,raw_pred_red_win_probability,alliance_score_mae,233.61048379654872,280,lower
historical-uncontrolled-reference,mean,historical,,division:2026dal,raw_pred_red_win_probability,alliance_score_rmse,276.645051249477,280,lower
historical-uncontrolled-reference,mean,historical,,division:2026dal,raw_pred_red_win_probability,score_differential_mae,176.6499995805475,140,lower
historical-uncontrolled-reference,mean,historical,,division:2026dal,raw_pred_red_win_probability,score_differential_rmse,226.00205675000834,140,lower
historical-uncontrolled-reference,mean,historical,,division:2026dal,raw_pred_red_win_probability,mean_bias,-229.13974186891267,280,lower
historical-uncontrolled-reference,mean,historical,,division:2026dal,raw_pred_red_win_probability,relative_bias,-0.5620401188157712,280,lower
historical-uncontrolled-reference,mean,historical,,division:2026dal,raw_pred_red_win_probability,winner_accuracy,0.4785714285714286,140,higher
historical-uncontrolled-reference,mean,historical,,division:2026dal,raw_pred_red_win_probability,winner_brier,0.2522332203287684,140,lower
historical-uncontrolled-reference,mean,historical,,division:2026dal,raw_pred_red_win_probability,winner_log_loss,0.6976203100061732,140,lower
historical-uncontrolled-reference,mean,historical,,division:2026dal,raw_pred_red_win_probability,winner_ece,0.051888380223685526,140,lower
historical-uncontrolled-reference,mean,historical,,division:2026dal,transferred_platt_red_win_probability,alliance_score_mae,233.61048379654872,280,lower
historical-uncontrolled-reference,mean,historical,,division:2026dal,transferred_platt_red_win_probability,alliance_score_rmse,276.645051249477,280,lower
historical-uncontrolled-reference,mean,historical,,division:2026dal,transferred_platt_red_win_probability,score_differential_mae,176.6499995805475,140,lower
historical-uncontrolled-reference,mean,historical,,division:2026dal,transferred_platt_red_win_probability,score_differential_rmse,226.00205675000834,140,lower
historical-uncontrolled-reference,mean,historical,,division:2026dal,transferred_platt_red_win_probability,mean_bias,-229.13974186891267,280,lower
historical-uncontrolled-reference,mean,historical,,division:2026dal,transferred_platt_red_win_probability,relative_bias,-0.5620401188157712,280,lower
historical-uncontrolled-reference,mean,historical,,division:2026dal,transferred_platt_red_win_probability,winner_accuracy,0.4785714285714286,140,higher
historical-uncontrolled-reference,mean,historical,,division:2026dal,transferred_platt_red_win_probability,winner_brier,0.2522332203287684,140,lower
historical-uncontrolled-reference,mean,historical,,division:2026dal,transferred_platt_red_win_probability,winner_log_loss,0.6976203100061732,140,lower
historical-uncontrolled-reference,mean,historical,,division:2026dal,transferred_platt_red_win_probability,winner_ece,0.051888380223685526,140,lower
historical-uncontrolled-reference,mean,historical,,division:2026dal,transferred_score_red_win_probability,alliance_score_mae,233.61048379654872,280,lower
historical-uncontrolled-reference,mean,historical,,division:2026dal,transferred_score_red_win_probability,alliance_score_rmse,276.645051249477,280,lower
historical-uncontrolled-reference,mean,historical,,division:2026dal,transferred_score_red_win_probability,score_differential_mae,176.6499995805475,140,lower
historical-uncontrolled-reference,mean,historical,,division:2026dal,transferred_score_red_win_probability,score_differential_rmse,226.00205675000834,140,lower
historical-uncontrolled-reference,mean,historical,,division:2026dal,transferred_score_red_win_probability,mean_bias,-229.13974186891267,280,lower
historical-uncontrolled-reference,mean,historical,,division:2026dal,transferred_score_red_win_probability,relative_bias,-0.5620401188157712,280,lower
historical-uncontrolled-reference,mean,historical,,division:2026dal,transferred_score_red_win_probability,winner_accuracy,0.4785714285714286,140,higher
historical-uncontrolled-reference,mean,historical,,division:2026dal,transferred_score_red_win_probability,winner_brier,0.2522332203287684,140,lower
historical-uncontrolled-reference,mean,historical,,division:2026dal,transferred_score_red_win_probability,winner_log_loss,0.6976203100061732,140,lower
historical-uncontrolled-reference,mean,historical,,division:2026dal,transferred_score_red_win_probability,winner_ece,0.051888380223685526,140,lower
historical-uncontrolled-reference,mean,historical,,division:2026gal,raw_pred_red_win_probability,alliance_score_mae,255.62424624380256,280,lower
historical-uncontrolled-reference,mean,historical,,division:2026gal,raw_pred_red_win_probability,alliance_score_rmse,293.5091416243506,280,lower
historical-uncontrolled-reference,mean,historical,,division:2026gal,raw_pred_red_win_probability,score_differential_mae,164.90918391315654,140,lower
historical-uncontrolled-reference,mean,historical,,division:2026gal,raw_pred_red_win_probability,score_differential_rmse,210.4845116405318,140,lower
historical-uncontrolled-reference,mean,historical,,division:2026gal,raw_pred_red_win_probability,mean_bias,-246.84331329748406,280,lower
historical-uncontrolled-reference,mean,historical,,division:2026gal,raw_pred_red_win_probability,relative_bias,-0.5802665389703348,280,lower
historical-uncontrolled-reference,mean,historical,,division:2026gal,raw_pred_red_win_probability,winner_accuracy,0.5755395683453237,139,higher
historical-uncontrolled-reference,mean,historical,,division:2026gal,raw_pred_red_win_probability,winner_brier,0.24632595833530685,139,lower
historical-uncontrolled-reference,mean,historical,,division:2026gal,raw_pred_red_win_probability,winner_log_loss,0.6857911380353849,139,lower
historical-uncontrolled-reference,mean,historical,,division:2026gal,raw_pred_red_win_probability,winner_ece,0.0450797595502096,139,lower
historical-uncontrolled-reference,mean,historical,,division:2026gal,transferred_platt_red_win_probability,alliance_score_mae,255.62424624380256,280,lower
historical-uncontrolled-reference,mean,historical,,division:2026gal,transferred_platt_red_win_probability,alliance_score_rmse,293.5091416243506,280,lower
historical-uncontrolled-reference,mean,historical,,division:2026gal,transferred_platt_red_win_probability,score_differential_mae,164.90918391315654,140,lower
historical-uncontrolled-reference,mean,historical,,division:2026gal,transferred_platt_red_win_probability,score_differential_rmse,210.4845116405318,140,lower
historical-uncontrolled-reference,mean,historical,,division:2026gal,transferred_platt_red_win_probability,mean_bias,-246.84331329748406,280,lower
historical-uncontrolled-reference,mean,historical,,division:2026gal,transferred_platt_red_win_probability,relative_bias,-0.5802665389703348,280,lower
historical-uncontrolled-reference,mean,historical,,division:2026gal,transferred_platt_red_win_probability,winner_accuracy,0.5755395683453237,139,higher
historical-uncontrolled-reference,mean,historical,,division:2026gal,transferred_platt_red_win_probability,winner_brier,0.24632595833530685,139,lower
historical-uncontrolled-reference,mean,historical,,division:2026gal,transferred_platt_red_win_probability,winner_log_loss,0.6857911380353849,139,lower
historical-uncontrolled-reference,mean,historical,,division:2026gal,transferred_platt_red_win_probability,winner_ece,0.0450797595502096,139,lower
historical-uncontrolled-reference,mean,historical,,division:2026gal,transferred_score_red_win_probability,alliance_score_mae,255.62424624380256,280,lower
historical-uncontrolled-reference,mean,historical,,division:2026gal,transferred_score_red_win_probability,alliance_score_rmse,293.5091416243506,280,lower
historical-uncontrolled-reference,mean,historical,,division:2026gal,transferred_score_red_win_probability,score_differential_mae,164.90918391315654,140,lower
historical-uncontrolled-reference,mean,historical,,division:2026gal,transferred_score_red_win_probability,score_differential_rmse,210.4845116405318,140,lower
historical-uncontrolled-reference,mean,historical,,division:2026gal,transferred_score_red_win_probability,mean_bias,-246.84331329748406,280,lower
historical-uncontrolled-reference,mean,historical,,division:2026gal,transferred_score_red_win_probability,relative_bias,-0.5802665389703348,280,lower
historical-uncontrolled-reference,mean,historical,,division:2026gal,transferred_score_red_win_probability,winner_accuracy,0.5755395683453237,139,higher
historical-uncontrolled-reference,mean,historical,,division:2026gal,transferred_score_red_win_probability,winner_brier,0.24632595833530685,139,lower
historical-uncontrolled-reference,mean,historical,,division:2026gal,transferred_score_red_win_probability,winner_log_loss,0.6857911380353849,139,lower
historical-uncontrolled-reference,mean,historical,,division:2026gal,transferred_score_red_win_probability,winner_ece,0.0450797595502096,139,lower
historical-uncontrolled-reference,mean,historical,,division:2026hop,raw_pred_red_win_probability,alliance_score_mae,287.5988863535313,280,lower
historical-uncontrolled-reference,mean,historical,,division:2026hop,raw_pred_red_win_probability,alliance_score_rmse,324.0471663723848,280,lower
historical-uncontrolled-reference,mean,historical,,division:2026hop,raw_pred_red_win_probability,score_differential_mae,171.6724486799829,140,lower
historical-uncontrolled-reference,mean,historical,,division:2026hop,raw_pred_red_win_probability,score_differential_rmse,214.13171796869796,140,lower
historical-uncontrolled-reference,mean,historical,,division:2026hop,raw_pred_red_win_probability,mean_bias,-282.6468847260555,280,lower
historical-uncontrolled-reference,mean,historical,,division:2026hop,raw_pred_red_win_probability,relative_bias,-0.6128510076453935,280,lower
historical-uncontrolled-reference,mean,historical,,division:2026hop,raw_pred_red_win_probability,winner_accuracy,0.4928571428571429,140,higher
historical-uncontrolled-reference,mean,historical,,division:2026hop,raw_pred_red_win_probability,winner_brier,0.2513629400774794,140,lower
historical-uncontrolled-reference,mean,historical,,division:2026hop,raw_pred_red_win_probability,winner_log_loss,0.6958775915070322,140,lower
historical-uncontrolled-reference,mean,historical,,division:2026hop,raw_pred_red_win_probability,winner_ece,0.037602665937971236,140,lower
historical-uncontrolled-reference,mean,historical,,division:2026hop,transferred_platt_red_win_probability,alliance_score_mae,287.5988863535313,280,lower
historical-uncontrolled-reference,mean,historical,,division:2026hop,transferred_platt_red_win_probability,alliance_score_rmse,324.0471663723848,280,lower
historical-uncontrolled-reference,mean,historical,,division:2026hop,transferred_platt_red_win_probability,score_differential_mae,171.6724486799829,140,lower
historical-uncontrolled-reference,mean,historical,,division:2026hop,transferred_platt_red_win_probability,score_differential_rmse,214.13171796869796,140,lower
historical-uncontrolled-reference,mean,historical,,division:2026hop,transferred_platt_red_win_probability,mean_bias,-282.6468847260555,280,lower
historical-uncontrolled-reference,mean,historical,,division:2026hop,transferred_platt_red_win_probability,relative_bias,-0.6128510076453935,280,lower
historical-uncontrolled-reference,mean,historical,,division:2026hop,transferred_platt_red_win_probability,winner_accuracy,0.4928571428571429,140,higher
historical-uncontrolled-reference,mean,historical,,division:2026hop,transferred_platt_red_win_probability,winner_brier,0.2513629400774794,140,lower
historical-uncontrolled-reference,mean,historical,,division:2026hop,transferred_platt_red_win_probability,winner_log_loss,0.6958775915070322,140,lower
historical-uncontrolled-reference,mean,historical,,division:2026hop,transferred_platt_red_win_probability,winner_ece,0.037602665937971236,140,lower
historical-uncontrolled-reference,mean,historical,,division:2026hop,transferred_score_red_win_probability,alliance_score_mae,287.5988863535313,280,lower
historical-uncontrolled-reference,mean,historical,,division:2026hop,transferred_score_red_win_probability,alliance_score_rmse,324.0471663723848,280,lower
historical-uncontrolled-reference,mean,historical,,division:2026hop,transferred_score_red_win_probability,score_differential_mae,171.6724486799829,140,lower
historical-uncontrolled-reference,mean,historical,,division:2026hop,transferred_score_red_win_probability,score_differential_rmse,214.13171796869796,140,lower
historical-uncontrolled-reference,mean,historical,,division:2026hop,transferred_score_red_win_probability,mean_bias,-282.6468847260555,280,lower
historical-uncontrolled-reference,mean,historical,,division:2026hop,transferred_score_red_win_probability,relative_bias,-0.6128510076453935,280,lower
historical-uncontrolled-reference,mean,historical,,division:2026hop,transferred_score_red_win_probability,winner_accuracy,0.4928571428571429,140,higher
historical-uncontrolled-reference,mean,historical,,division:2026hop,transferred_score_red_win_probability,winner_brier,0.2513629400774794,140,lower
historical-uncontrolled-reference,mean,historical,,division:2026hop,transferred_score_red_win_probability,winner_log_loss,0.6958775915070322,140,lower
historical-uncontrolled-reference,mean,historical,,division:2026hop,transferred_score_red_win_probability,winner_ece,0.037602665937971236,140,lower
historical-uncontrolled-reference,mean,historical,,division:2026joh,raw_pred_red_win_probability,alliance_score_mae,240.25935211362125,280,lower
historical-uncontrolled-reference,mean,historical,,division:2026joh,raw_pred_red_win_probability,alliance_score_rmse,278.1397962440614,280,lower
historical-uncontrolled-reference,mean,historical,,division:2026joh,raw_pred_red_win_probability,score_differential_mae,160.15102052800685,140,lower
historical-uncontrolled-reference,mean,historical,,division:2026joh,raw_pred_red_win_probability,score_differential_rmse,201.92544804514154,140,lower
historical-uncontrolled-reference,mean,historical,,division:2026joh,raw_pred_red_win_probability,mean_bias,-236.62545615462696,280,lower
historical-uncontrolled-reference,mean,historical,,division:2026joh,raw_pred_red_win_probability,relative_bias,-0.5699365825659832,280,lower
historical-uncontrolled-reference,mean,historical,,division:2026joh,raw_pred_red_win_probability,winner_accuracy,0.55,140,higher
historical-uncontrolled-reference,mean,historical,,division:2026joh,raw_pred_red_win_probability,winner_brier,0.24788181907232348,140,lower
historical-uncontrolled-reference,mean,historical,,division:2026joh,raw_pred_red_win_probability,winner_log_loss,0.6889067175104682,140,lower
historical-uncontrolled-reference,mean,historical,,division:2026joh,raw_pred_red_win_probability,winner_ece,0.019540191204885926,140,lower
historical-uncontrolled-reference,mean,historical,,division:2026joh,transferred_platt_red_win_probability,alliance_score_mae,240.25935211362125,280,lower
historical-uncontrolled-reference,mean,historical,,division:2026joh,transferred_platt_red_win_probability,alliance_score_rmse,278.1397962440614,280,lower
historical-uncontrolled-reference,mean,historical,,division:2026joh,transferred_platt_red_win_probability,score_differential_mae,160.15102052800685,140,lower
historical-uncontrolled-reference,mean,historical,,division:2026joh,transferred_platt_red_win_probability,score_differential_rmse,201.92544804514154,140,lower
historical-uncontrolled-reference,mean,historical,,division:2026joh,transferred_platt_red_win_probability,mean_bias,-236.62545615462696,280,lower
historical-uncontrolled-reference,mean,historical,,division:2026joh,transferred_platt_red_win_probability,relative_bias,-0.5699365825659832,280,lower
historical-uncontrolled-reference,mean,historical,,division:2026joh,transferred_platt_red_win_probability,winner_accuracy,0.55,140,higher
historical-uncontrolled-reference,mean,historical,,division:2026joh,transferred_platt_red_win_probability,winner_brier,0.24788181907232348,140,lower
historical-uncontrolled-reference,mean,historical,,division:2026joh,transferred_platt_red_win_probability,winner_log_loss,0.6889067175104682,140,lower
historical-uncontrolled-reference,mean,historical,,division:2026joh,transferred_platt_red_win_probability,winner_ece,0.019540191204885926,140,lower
historical-uncontrolled-reference,mean,historical,,division:2026joh,transferred_score_red_win_probability,alliance_score_mae,240.25935211362125,280,lower
historical-uncontrolled-reference,mean,historical,,division:2026joh,transferred_score_red_win_probability,alliance_score_rmse,278.1397962440614,280,lower
historical-uncontrolled-reference,mean,historical,,division:2026joh,transferred_score_red_win_probability,score_differential_mae,160.15102052800685,140,lower
historical-uncontrolled-reference,mean,historical,,division:2026joh,transferred_score_red_win_probability,score_differential_rmse,201.92544804514154,140,lower
historical-uncontrolled-reference,mean,historical,,division:2026joh,transferred_score_red_win_probability,mean_bias,-236.62545615462696,280,lower
historical-uncontrolled-reference,mean,historical,,division:2026joh,transferred_score_red_win_probability,relative_bias,-0.5699365825659832,280,lower
historical-uncontrolled-reference,mean,historical,,division:2026joh,transferred_score_red_win_probability,winner_accuracy,0.55,140,higher
historical-uncontrolled-reference,mean,historical,,division:2026joh,transferred_score_red_win_probability,winner_brier,0.24788181907232348,140,lower
historical-uncontrolled-reference,mean,historical,,division:2026joh,transferred_score_red_win_probability,winner_log_loss,0.6889067175104682,140,lower
historical-uncontrolled-reference,mean,historical,,division:2026joh,transferred_score_red_win_probability,winner_ece,0.019540191204885926,140,lower
historical-uncontrolled-reference,mean,historical,,division:2026mil,raw_pred_red_win_probability,alliance_score_mae,239.81875226813673,278,lower
historical-uncontrolled-reference,mean,historical,,division:2026mil,raw_pred_red_win_probability,alliance_score_rmse,278.4417914109242,278,lower
historical-uncontrolled-reference,mean,historical,,division:2026mil,raw_pred_red_win_probability,score_differential_mae,166.3180879337871,139,lower
historical-uncontrolled-reference,mean,historical,,division:2026mil,raw_pred_red_win_probability,score_differential_rmse,210.19975976236262,139,lower
historical-uncontrolled-reference,mean,historical,,division:2026mil,raw_pred_red_win_probability,mean_bias,-233.115949474257,278,lower
historical-uncontrolled-reference,mean,historical,,division:2026mil,raw_pred_red_win_probability,relative_bias,-0.5662702627821768,278,lower
historical-uncontrolled-reference,mean,historical,,division:2026mil,raw_pred_red_win_probability,winner_accuracy,0.5107913669064749,139,higher
historical-uncontrolled-reference,mean,historical,,division:2026mil,raw_pred_red_win_probability,winner_brier,0.2502703940066166,139,lower
historical-uncontrolled-reference,mean,historical,,division:2026mil,raw_pred_red_win_probability,winner_log_loss,0.6936897902257364,139,lower
historical-uncontrolled-reference,mean,historical,,division:2026mil,raw_pred_red_win_probability,winner_ece,0.019668441888639254,139,lower
historical-uncontrolled-reference,mean,historical,,division:2026mil,transferred_platt_red_win_probability,alliance_score_mae,239.81875226813673,278,lower
historical-uncontrolled-reference,mean,historical,,division:2026mil,transferred_platt_red_win_probability,alliance_score_rmse,278.4417914109242,278,lower
historical-uncontrolled-reference,mean,historical,,division:2026mil,transferred_platt_red_win_probability,score_differential_mae,166.3180879337871,139,lower
historical-uncontrolled-reference,mean,historical,,division:2026mil,transferred_platt_red_win_probability,score_differential_rmse,210.19975976236262,139,lower
historical-uncontrolled-reference,mean,historical,,division:2026mil,transferred_platt_red_win_probability,mean_bias,-233.115949474257,278,lower
historical-uncontrolled-reference,mean,historical,,division:2026mil,transferred_platt_red_win_probability,relative_bias,-0.5662702627821768,278,lower
historical-uncontrolled-reference,mean,historical,,division:2026mil,transferred_platt_red_win_probability,winner_accuracy,0.5107913669064749,139,higher
historical-uncontrolled-reference,mean,historical,,division:2026mil,transferred_platt_red_win_probability,winner_brier,0.2502703940066166,139,lower
historical-uncontrolled-reference,mean,historical,,division:2026mil,transferred_platt_red_win_probability,winner_log_loss,0.6936897902257364,139,lower
historical-uncontrolled-reference,mean,historical,,division:2026mil,transferred_platt_red_win_probability,winner_ece,0.019668441888639254,139,lower
historical-uncontrolled-reference,mean,historical,,division:2026mil,transferred_score_red_win_probability,alliance_score_mae,239.81875226813673,278,lower
historical-uncontrolled-reference,mean,historical,,division:2026mil,transferred_score_red_win_probability,alliance_score_rmse,278.4417914109242,278,lower
historical-uncontrolled-reference,mean,historical,,division:2026mil,transferred_score_red_win_probability,score_differential_mae,166.3180879337871,139,lower
historical-uncontrolled-reference,mean,historical,,division:2026mil,transferred_score_red_win_probability,score_differential_rmse,210.19975976236262,139,lower
historical-uncontrolled-reference,mean,historical,,division:2026mil,transferred_score_red_win_probability,mean_bias,-233.115949474257,278,lower
historical-uncontrolled-reference,mean,historical,,division:2026mil,transferred_score_red_win_probability,relative_bias,-0.5662702627821768,278,lower
historical-uncontrolled-reference,mean,historical,,division:2026mil,transferred_score_red_win_probability,winner_accuracy,0.5107913669064749,139,higher
historical-uncontrolled-reference,mean,historical,,division:2026mil,transferred_score_red_win_probability,winner_brier,0.2502703940066166,139,lower
historical-uncontrolled-reference,mean,historical,,division:2026mil,transferred_score_red_win_probability,winner_log_loss,0.6936897902257364,139,lower
historical-uncontrolled-reference,mean,historical,,division:2026mil,transferred_score_red_win_probability,winner_ece,0.019668441888639254,139,lower
historical-uncontrolled-reference,mean,historical,,division:2026new,raw_pred_red_win_probability,alliance_score_mae,294.45682721911356,280,lower
historical-uncontrolled-reference,mean,historical,,division:2026new,raw_pred_red_win_probability,alliance_score_rmse,323.05951045650755,280,lower
historical-uncontrolled-reference,mean,historical,,division:2026new,raw_pred_red_win_probability,score_differential_mae,151.21326518627887,140,lower
historical-uncontrolled-reference,mean,historical,,division:2026new,raw_pred_red_win_probability,score_differential_rmse,190.3425082932114,140,lower
historical-uncontrolled-reference,mean,historical,,division:2026new,raw_pred_red_win_probability,mean_bias,-294.0504561546269,280,lower
historical-uncontrolled-reference,mean,historical,,division:2026new,raw_pred_red_win_probability,relative_bias,-0.6221926238639718,280,lower
historical-uncontrolled-reference,mean,historical,,division:2026new,raw_pred_red_win_probability,winner_accuracy,0.5214285714285715,140,higher
historical-uncontrolled-reference,mean,historical,,division:2026new,raw_pred_red_win_probability,winner_brier,0.24962237957490144,140,lower
historical-uncontrolled-reference,mean,historical,,division:2026new,raw_pred_red_win_probability,winner_log_loss,0.6923921545087501,140,lower
historical-uncontrolled-reference,mean,historical,,division:2026new,raw_pred_red_win_probability,winner_ece,0.009031237366542655,140,lower
historical-uncontrolled-reference,mean,historical,,division:2026new,transferred_platt_red_win_probability,alliance_score_mae,294.45682721911356,280,lower
historical-uncontrolled-reference,mean,historical,,division:2026new,transferred_platt_red_win_probability,alliance_score_rmse,323.05951045650755,280,lower
historical-uncontrolled-reference,mean,historical,,division:2026new,transferred_platt_red_win_probability,score_differential_mae,151.21326518627887,140,lower
historical-uncontrolled-reference,mean,historical,,division:2026new,transferred_platt_red_win_probability,score_differential_rmse,190.3425082932114,140,lower
historical-uncontrolled-reference,mean,historical,,division:2026new,transferred_platt_red_win_probability,mean_bias,-294.0504561546269,280,lower
historical-uncontrolled-reference,mean,historical,,division:2026new,transferred_platt_red_win_probability,relative_bias,-0.6221926238639718,280,lower
historical-uncontrolled-reference,mean,historical,,division:2026new,transferred_platt_red_win_probability,winner_accuracy,0.5214285714285715,140,higher
historical-uncontrolled-reference,mean,historical,,division:2026new,transferred_platt_red_win_probability,winner_brier,0.24962237957490144,140,lower
historical-uncontrolled-reference,mean,historical,,division:2026new,transferred_platt_red_win_probability,winner_log_loss,0.6923921545087501,140,lower
historical-uncontrolled-reference,mean,historical,,division:2026new,transferred_platt_red_win_probability,winner_ece,0.009031237366542655,140,lower
historical-uncontrolled-reference,mean,historical,,division:2026new,transferred_score_red_win_probability,alliance_score_mae,294.45682721911356,280,lower
historical-uncontrolled-reference,mean,historical,,division:2026new,transferred_score_red_win_probability,alliance_score_rmse,323.05951045650755,280,lower
historical-uncontrolled-reference,mean,historical,,division:2026new,transferred_score_red_win_probability,score_differential_mae,151.21326518627887,140,lower
historical-uncontrolled-reference,mean,historical,,division:2026new,transferred_score_red_win_probability,score_differential_rmse,190.3425082932114,140,lower
historical-uncontrolled-reference,mean,historical,,division:2026new,transferred_score_red_win_probability,mean_bias,-294.0504561546269,280,lower
historical-uncontrolled-reference,mean,historical,,division:2026new,transferred_score_red_win_probability,relative_bias,-0.6221926238639718,280,lower
historical-uncontrolled-reference,mean,historical,,division:2026new,transferred_score_red_win_probability,winner_accuracy,0.5214285714285715,140,higher
historical-uncontrolled-reference,mean,historical,,division:2026new,transferred_score_red_win_probability,winner_brier,0.24962237957490144,140,lower
historical-uncontrolled-reference,mean,historical,,division:2026new,transferred_score_red_win_probability,winner_log_loss,0.6923921545087501,140,lower
historical-uncontrolled-reference,mean,historical,,division:2026new,transferred_score_red_win_probability,winner_ece,0.009031237366542655,140,lower
historical-uncontrolled-reference,mean,historical,,observation:high,raw_pred_red_win_probability,alliance_score_mae,261.5315338633698,2134,lower
historical-uncontrolled-reference,mean,historical,,observation:high,raw_pred_red_win_probability,alliance_score_rmse,299.1170759926768,2134,lower
historical-uncontrolled-reference,mean,historical,,observation:high,raw_pred_red_win_probability,score_differential_mae,163.99069474241057,1067,lower
historical-uncontrolled-reference,mean,historical,,observation:high,raw_pred_red_win_probability,score_differential_rmse,206.42481764466814,1067,lower
historical-uncontrolled-reference,mean,historical,,observation:high,raw_pred_red_win_probability,mean_bias,-257.9042418019693,2134,lower
historical-uncontrolled-reference,mean,historical,,observation:high,raw_pred_red_win_probability,relative_bias,-0.5909036418353044,2134,lower
historical-uncontrolled-reference,mean,historical,,observation:high,raw_pred_red_win_probability,winner_accuracy,0.5230046948356808,1065,higher
historical-uncontrolled-reference,mean,historical,,observation:high,raw_pred_red_win_probability,winner_brier,0.24952636273966536,1065,lower
historical-uncontrolled-reference,mean,historical,,observation:high,raw_pred_red_win_probability,winner_log_loss,0.6921998827494553,1065,lower
historical-uncontrolled-reference,mean,historical,,observation:high,raw_pred_red_win_probability,winner_ece,0.007455113959433213,1065,lower
historical-uncontrolled-reference,mean,historical,,observation:high,transferred_platt_red_win_probability,alliance_score_mae,261.5315338633698,2134,lower
historical-uncontrolled-reference,mean,historical,,observation:high,transferred_platt_red_win_probability,alliance_score_rmse,299.1170759926768,2134,lower
historical-uncontrolled-reference,mean,historical,,observation:high,transferred_platt_red_win_probability,score_differential_mae,163.99069474241057,1067,lower
historical-uncontrolled-reference,mean,historical,,observation:high,transferred_platt_red_win_probability,score_differential_rmse,206.42481764466814,1067,lower
historical-uncontrolled-reference,mean,historical,,observation:high,transferred_platt_red_win_probability,mean_bias,-257.9042418019693,2134,lower
historical-uncontrolled-reference,mean,historical,,observation:high,transferred_platt_red_win_probability,relative_bias,-0.5909036418353044,2134,lower
historical-uncontrolled-reference,mean,historical,,observation:high,transferred_platt_red_win_probability,winner_accuracy,0.5230046948356808,1065,higher
historical-uncontrolled-reference,mean,historical,,observation:high,transferred_platt_red_win_probability,winner_brier,0.24952636273966536,1065,lower
historical-uncontrolled-reference,mean,historical,,observation:high,transferred_platt_red_win_probability,winner_log_loss,0.6921998827494553,1065,lower
historical-uncontrolled-reference,mean,historical,,observation:high,transferred_platt_red_win_probability,winner_ece,0.007455113959433213,1065,lower
historical-uncontrolled-reference,mean,historical,,observation:high,transferred_score_red_win_probability,alliance_score_mae,261.5315338633698,2134,lower
historical-uncontrolled-reference,mean,historical,,observation:high,transferred_score_red_win_probability,alliance_score_rmse,299.1170759926768,2134,lower
historical-uncontrolled-reference,mean,historical,,observation:high,transferred_score_red_win_probability,score_differential_mae,163.99069474241057,1067,lower
historical-uncontrolled-reference,mean,historical,,observation:high,transferred_score_red_win_probability,score_differential_rmse,206.42481764466814,1067,lower
historical-uncontrolled-reference,mean,historical,,observation:high,transferred_score_red_win_probability,mean_bias,-257.9042418019693,2134,lower
historical-uncontrolled-reference,mean,historical,,observation:high,transferred_score_red_win_probability,relative_bias,-0.5909036418353044,2134,lower
historical-uncontrolled-reference,mean,historical,,observation:high,transferred_score_red_win_probability,winner_accuracy,0.5230046948356808,1065,higher
historical-uncontrolled-reference,mean,historical,,observation:high,transferred_score_red_win_probability,winner_brier,0.24952636273966536,1065,lower
historical-uncontrolled-reference,mean,historical,,observation:high,transferred_score_red_win_probability,winner_log_loss,0.6921998827494553,1065,lower
historical-uncontrolled-reference,mean,historical,,observation:high,transferred_score_red_win_probability,winner_ece,0.007455113959433213,1065,lower
historical-uncontrolled-reference,mean,historical,,observation:low,raw_pred_red_win_probability,alliance_score_mae,196.94688472605554,4,lower
historical-uncontrolled-reference,mean,historical,,observation:low,raw_pred_red_win_probability,alliance_score_rmse,235.63398070986275,4,lower
historical-uncontrolled-reference,mean,historical,,observation:low,raw_pred_red_win_probability,score_differential_mae,164.0,2,lower
historical-uncontrolled-reference,mean,historical,,observation:low,raw_pred_red_win_probability,score_differential_rmse,207.90668543245798,2,lower
historical-uncontrolled-reference,mean,historical,,observation:low,raw_pred_red_win_probability,mean_bias,-196.94688472605554,4,lower
historical-uncontrolled-reference,mean,historical,,observation:low,raw_pred_red_win_probability,relative_bias,-0.5244923694435567,4,lower
historical-uncontrolled-reference,mean,historical,,observation:low,raw_pred_red_win_probability,winner_accuracy,0.5,2,higher
historical-uncontrolled-reference,mean,historical,,observation:low,raw_pred_red_win_probability,winner_brier,0.2509277999518349,2,lower
historical-uncontrolled-reference,mean,historical,,observation:low,raw_pred_red_win_probability,winner_log_loss,0.6950062322574618,2,lower
historical-uncontrolled-reference,mean,historical,,observation:low,raw_pred_red_win_probability,winner_ece,0.03045980879511423,2,lower
historical-uncontrolled-reference,mean,historical,,observation:low,transferred_platt_red_win_probability,alliance_score_mae,196.94688472605554,4,lower
historical-uncontrolled-reference,mean,historical,,observation:low,transferred_platt_red_win_probability,alliance_score_rmse,235.63398070986275,4,lower
historical-uncontrolled-reference,mean,historical,,observation:low,transferred_platt_red_win_probability,score_differential_mae,164.0,2,lower
historical-uncontrolled-reference,mean,historical,,observation:low,transferred_platt_red_win_probability,score_differential_rmse,207.90668543245798,2,lower
historical-uncontrolled-reference,mean,historical,,observation:low,transferred_platt_red_win_probability,mean_bias,-196.94688472605554,4,lower
historical-uncontrolled-reference,mean,historical,,observation:low,transferred_platt_red_win_probability,relative_bias,-0.5244923694435567,4,lower
historical-uncontrolled-reference,mean,historical,,observation:low,transferred_platt_red_win_probability,winner_accuracy,0.5,2,higher
historical-uncontrolled-reference,mean,historical,,observation:low,transferred_platt_red_win_probability,winner_brier,0.2509277999518349,2,lower
historical-uncontrolled-reference,mean,historical,,observation:low,transferred_platt_red_win_probability,winner_log_loss,0.6950062322574618,2,lower
historical-uncontrolled-reference,mean,historical,,observation:low,transferred_platt_red_win_probability,winner_ece,0.03045980879511423,2,lower
historical-uncontrolled-reference,mean,historical,,observation:low,transferred_score_red_win_probability,alliance_score_mae,196.94688472605554,4,lower
historical-uncontrolled-reference,mean,historical,,observation:low,transferred_score_red_win_probability,alliance_score_rmse,235.63398070986275,4,lower
historical-uncontrolled-reference,mean,historical,,observation:low,transferred_score_red_win_probability,score_differential_mae,164.0,2,lower
historical-uncontrolled-reference,mean,historical,,observation:low,transferred_score_red_win_probability,score_differential_rmse,207.90668543245798,2,lower
historical-uncontrolled-reference,mean,historical,,observation:low,transferred_score_red_win_probability,mean_bias,-196.94688472605554,4,lower
historical-uncontrolled-reference,mean,historical,,observation:low,transferred_score_red_win_probability,relative_bias,-0.5244923694435567,4,lower
historical-uncontrolled-reference,mean,historical,,observation:low,transferred_score_red_win_probability,winner_accuracy,0.5,2,higher
historical-uncontrolled-reference,mean,historical,,observation:low,transferred_score_red_win_probability,winner_brier,0.2509277999518349,2,lower
historical-uncontrolled-reference,mean,historical,,observation:low,transferred_score_red_win_probability,winner_log_loss,0.6950062322574618,2,lower
historical-uncontrolled-reference,mean,historical,,observation:low,transferred_score_red_win_probability,winner_ece,0.03045980879511423,2,lower
historical-uncontrolled-reference,mean,historical,,observation:medium,raw_pred_red_win_probability,alliance_score_mae,224.14071290152094,100,lower
historical-uncontrolled-reference,mean,historical,,observation:medium,raw_pred_red_win_probability,alliance_score_rmse,259.52542348356303,100,lower
historical-uncontrolled-reference,mean,historical,,observation:medium,raw_pred_red_win_probability,score_differential_mae,183.63142873920958,50,lower
historical-uncontrolled-reference,mean,historical,,observation:medium,raw_pred_red_win_probability,score_differential_rmse,241.06338252148265,50,lower
historical-uncontrolled-reference,mean,historical,,observation:medium,raw_pred_red_win_probability,mean_bias,-206.34688472605555,100,lower
historical-uncontrolled-reference,mean,historical,,observation:medium,raw_pred_red_win_probability,relative_bias,-0.5361051824527294,100,lower
historical-uncontrolled-reference,mean,historical,,observation:medium,raw_pred_red_win_probability,winner_accuracy,0.52,50,higher
historical-uncontrolled-reference,mean,historical,,observation:medium,raw_pred_red_win_probability,winner_brier,0.24970940760003033,50,lower
historical-uncontrolled-reference,mean,historical,,observation:medium,raw_pred_red_win_probability,winner_log_loss,0.6925664263586643,50,lower
historical-uncontrolled-reference,mean,historical,,observation:medium,raw_pred_red_win_probability,winner_ece,0.010459808795114212,50,lower
historical-uncontrolled-reference,mean,historical,,observation:medium,transferred_platt_red_win_probability,alliance_score_mae,224.14071290152094,100,lower
historical-uncontrolled-reference,mean,historical,,observation:medium,transferred_platt_red_win_probability,alliance_score_rmse,259.52542348356303,100,lower
historical-uncontrolled-reference,mean,historical,,observation:medium,transferred_platt_red_win_probability,score_differential_mae,183.63142873920958,50,lower
historical-uncontrolled-reference,mean,historical,,observation:medium,transferred_platt_red_win_probability,score_differential_rmse,241.06338252148265,50,lower
historical-uncontrolled-reference,mean,historical,,observation:medium,transferred_platt_red_win_probability,mean_bias,-206.34688472605555,100,lower
historical-uncontrolled-reference,mean,historical,,observation:medium,transferred_platt_red_win_probability,relative_bias,-0.5361051824527294,100,lower
historical-uncontrolled-reference,mean,historical,,observation:medium,transferred_platt_red_win_probability,winner_accuracy,0.52,50,higher
historical-uncontrolled-reference,mean,historical,,observation:medium,transferred_platt_red_win_probability,winner_brier,0.24970940760003033,50,lower
historical-uncontrolled-reference,mean,historical,,observation:medium,transferred_platt_red_win_probability,winner_log_loss,0.6925664263586643,50,lower
historical-uncontrolled-reference,mean,historical,,observation:medium,transferred_platt_red_win_probability,winner_ece,0.010459808795114212,50,lower
historical-uncontrolled-reference,mean,historical,,observation:medium,transferred_score_red_win_probability,alliance_score_mae,224.14071290152094,100,lower
historical-uncontrolled-reference,mean,historical,,observation:medium,transferred_score_red_win_probability,alliance_score_rmse,259.52542348356303,100,lower
historical-uncontrolled-reference,mean,historical,,observation:medium,transferred_score_red_win_probability,score_differential_mae,183.63142873920958,50,lower
historical-uncontrolled-reference,mean,historical,,observation:medium,transferred_score_red_win_probability,score_differential_rmse,241.06338252148265,50,lower
historical-uncontrolled-reference,mean,historical,,observation:medium,transferred_score_red_win_probability,mean_bias,-206.34688472605555,100,lower
historical-uncontrolled-reference,mean,historical,,observation:medium,transferred_score_red_win_probability,relative_bias,-0.5361051824527294,100,lower
historical-uncontrolled-reference,mean,historical,,observation:medium,transferred_score_red_win_probability,winner_accuracy,0.52,50,higher
historical-uncontrolled-reference,mean,historical,,observation:medium,transferred_score_red_win_probability,winner_brier,0.24970940760003033,50,lower
historical-uncontrolled-reference,mean,historical,,observation:medium,transferred_score_red_win_probability,winner_log_loss,0.6925664263586643,50,lower
historical-uncontrolled-reference,mean,historical,,observation:medium,transferred_score_red_win_probability,winner_ece,0.010459808795114212,50,lower
historical-uncontrolled-reference,ridge,historical,,primary-clean,raw_pred_red_win_probability,alliance_score_mae,116.14230085968558,2216,lower
historical-uncontrolled-reference,ridge,historical,,primary-clean,raw_pred_red_win_probability,alliance_score_rmse,147.83701892860847,2216,lower
historical-uncontrolled-reference,ridge,historical,,primary-clean,raw_pred_red_win_probability,score_differential_mae,131.85780280925852,1108,lower
historical-uncontrolled-reference,ridge,historical,,primary-clean,raw_pred_red_win_probability,score_differential_rmse,168.15291358009557,1108,lower
historical-uncontrolled-reference,ridge,historical,,primary-clean,raw_pred_red_win_probability,mean_bias,-65.49318605787472,2216,lower
historical-uncontrolled-reference,ridge,historical,,primary-clean,raw_pred_red_win_probability,relative_bias,-0.1506798786780245,2216,lower
historical-uncontrolled-reference,ridge,historical,,primary-clean,raw_pred_red_win_probability,winner_accuracy,0.6980108499095841,1106,higher
historical-uncontrolled-reference,ridge,historical,,primary-clean,raw_pred_red_win_probability,winner_brier,0.24088257452479397,1106,lower
historical-uncontrolled-reference,ridge,historical,,primary-clean,raw_pred_red_win_probability,winner_log_loss,0.9812360348938929,1106,lower
historical-uncontrolled-reference,ridge,historical,,primary-clean,raw_pred_red_win_probability,winner_ece,0.20796013652141007,1106,lower
historical-uncontrolled-reference,ridge,historical,,primary-clean,transferred_platt_red_win_probability,alliance_score_mae,116.14230085968558,2216,lower
historical-uncontrolled-reference,ridge,historical,,primary-clean,transferred_platt_red_win_probability,alliance_score_rmse,147.83701892860847,2216,lower
historical-uncontrolled-reference,ridge,historical,,primary-clean,transferred_platt_red_win_probability,score_differential_mae,131.85780280925852,1108,lower
historical-uncontrolled-reference,ridge,historical,,primary-clean,transferred_platt_red_win_probability,score_differential_rmse,168.15291358009557,1108,lower
historical-uncontrolled-reference,ridge,historical,,primary-clean,transferred_platt_red_win_probability,mean_bias,-65.49318605787472,2216,lower
historical-uncontrolled-reference,ridge,historical,,primary-clean,transferred_platt_red_win_probability,relative_bias,-0.1506798786780245,2216,lower
historical-uncontrolled-reference,ridge,historical,,primary-clean,transferred_platt_red_win_probability,winner_accuracy,0.6980108499095841,1106,higher
historical-uncontrolled-reference,ridge,historical,,primary-clean,transferred_platt_red_win_probability,winner_brier,0.24088257452479397,1106,lower
historical-uncontrolled-reference,ridge,historical,,primary-clean,transferred_platt_red_win_probability,winner_log_loss,0.9812360348938929,1106,lower
historical-uncontrolled-reference,ridge,historical,,primary-clean,transferred_platt_red_win_probability,winner_ece,0.20796013652141007,1106,lower
historical-uncontrolled-reference,ridge,historical,,primary-clean,transferred_score_red_win_probability,alliance_score_mae,116.14230085968558,2216,lower
historical-uncontrolled-reference,ridge,historical,,primary-clean,transferred_score_red_win_probability,alliance_score_rmse,147.83701892860847,2216,lower
historical-uncontrolled-reference,ridge,historical,,primary-clean,transferred_score_red_win_probability,score_differential_mae,131.85780280925852,1108,lower
historical-uncontrolled-reference,ridge,historical,,primary-clean,transferred_score_red_win_probability,score_differential_rmse,168.15291358009557,1108,lower
historical-uncontrolled-reference,ridge,historical,,primary-clean,transferred_score_red_win_probability,mean_bias,-65.49318605787472,2216,lower
historical-uncontrolled-reference,ridge,historical,,primary-clean,transferred_score_red_win_probability,relative_bias,-0.1506798786780245,2216,lower
historical-uncontrolled-reference,ridge,historical,,primary-clean,transferred_score_red_win_probability,winner_accuracy,0.6980108499095841,1106,higher
historical-uncontrolled-reference,ridge,historical,,primary-clean,transferred_score_red_win_probability,winner_brier,0.24088257452479397,1106,lower
historical-uncontrolled-reference,ridge,historical,,primary-clean,transferred_score_red_win_probability,winner_log_loss,0.9812360348938929,1106,lower
historical-uncontrolled-reference,ridge,historical,,primary-clean,transferred_score_red_win_probability,winner_ece,0.20796013652141007,1106,lower
historical-uncontrolled-reference,ridge,historical,,all-official,raw_pred_red_win_probability,alliance_score_mae,116.15920905300786,2238,lower
historical-uncontrolled-reference,ridge,historical,,all-official,raw_pred_red_win_probability,alliance_score_rmse,148.12073212185769,2238,lower
historical-uncontrolled-reference,ridge,historical,,all-official,raw_pred_red_win_probability,score_differential_mae,132.51218391663468,1119,lower
historical-uncontrolled-reference,ridge,historical,,all-official,raw_pred_red_win_probability,score_differential_rmse,169.0802113866653,1119,lower
historical-uncontrolled-reference,ridge,historical,,all-official,raw_pred_red_win_probability,mean_bias,-65.1372868135999,2238,lower
historical-uncontrolled-reference,ridge,historical,,all-official,raw_pred_red_win_probability,relative_bias,-0.15007046371478927,2238,lower
historical-uncontrolled-reference,ridge,historical,,all-official,raw_pred_red_win_probability,winner_accuracy,0.6956132497761862,1117,higher
historical-uncontrolled-reference,ridge,historical,,all-official,raw_pred_red_win_probability,winner_brier,0.2427786002374634,1117,lower
historical-uncontrolled-reference,ridge,historical,,all-official,raw_pred_red_win_probability,winner_log_loss,0.9856565161061339,1117,lower
historical-uncontrolled-reference,ridge,historical,,all-official,raw_pred_red_win_probability,winner_ece,0.210541171448232,1117,lower
historical-uncontrolled-reference,ridge,historical,,all-official,transferred_platt_red_win_probability,alliance_score_mae,116.15920905300786,2238,lower
historical-uncontrolled-reference,ridge,historical,,all-official,transferred_platt_red_win_probability,alliance_score_rmse,148.12073212185769,2238,lower
historical-uncontrolled-reference,ridge,historical,,all-official,transferred_platt_red_win_probability,score_differential_mae,132.51218391663468,1119,lower
historical-uncontrolled-reference,ridge,historical,,all-official,transferred_platt_red_win_probability,score_differential_rmse,169.0802113866653,1119,lower
historical-uncontrolled-reference,ridge,historical,,all-official,transferred_platt_red_win_probability,mean_bias,-65.1372868135999,2238,lower
historical-uncontrolled-reference,ridge,historical,,all-official,transferred_platt_red_win_probability,relative_bias,-0.15007046371478927,2238,lower
historical-uncontrolled-reference,ridge,historical,,all-official,transferred_platt_red_win_probability,winner_accuracy,0.6956132497761862,1117,higher
historical-uncontrolled-reference,ridge,historical,,all-official,transferred_platt_red_win_probability,winner_brier,0.2427786002374634,1117,lower
historical-uncontrolled-reference,ridge,historical,,all-official,transferred_platt_red_win_probability,winner_log_loss,0.9856565161061339,1117,lower
historical-uncontrolled-reference,ridge,historical,,all-official,transferred_platt_red_win_probability,winner_ece,0.210541171448232,1117,lower
historical-uncontrolled-reference,ridge,historical,,all-official,transferred_score_red_win_probability,alliance_score_mae,116.15920905300786,2238,lower
historical-uncontrolled-reference,ridge,historical,,all-official,transferred_score_red_win_probability,alliance_score_rmse,148.12073212185769,2238,lower
historical-uncontrolled-reference,ridge,historical,,all-official,transferred_score_red_win_probability,score_differential_mae,132.51218391663468,1119,lower
historical-uncontrolled-reference,ridge,historical,,all-official,transferred_score_red_win_probability,score_differential_rmse,169.0802113866653,1119,lower
historical-uncontrolled-reference,ridge,historical,,all-official,transferred_score_red_win_probability,mean_bias,-65.1372868135999,2238,lower
historical-uncontrolled-reference,ridge,historical,,all-official,transferred_score_red_win_probability,relative_bias,-0.15007046371478927,2238,lower
historical-uncontrolled-reference,ridge,historical,,all-official,transferred_score_red_win_probability,winner_accuracy,0.6956132497761862,1117,higher
historical-uncontrolled-reference,ridge,historical,,all-official,transferred_score_red_win_probability,winner_brier,0.2427786002374634,1117,lower
historical-uncontrolled-reference,ridge,historical,,all-official,transferred_score_red_win_probability,winner_log_loss,0.9856565161061339,1117,lower
historical-uncontrolled-reference,ridge,historical,,all-official,transferred_score_red_win_probability,winner_ece,0.210541171448232,1117,lower
historical-uncontrolled-reference,ridge,historical,,DQ-only,raw_pred_red_win_probability,alliance_score_mae,117.86232525310515,22,lower
historical-uncontrolled-reference,ridge,historical,,DQ-only,raw_pred_red_win_probability,alliance_score_rmse,174.3488747925016,22,lower
historical-uncontrolled-reference,ridge,historical,,DQ-only,raw_pred_red_win_probability,score_differential_mae,198.42620818688712,11,lower
historical-uncontrolled-reference,ridge,historical,,DQ-only,raw_pred_red_win_probability,score_differential_rmse,245.12670411954045,11,lower
historical-uncontrolled-reference,ridge,historical,,DQ-only,raw_pred_red_win_probability,mean_bias,-29.288526572098725,22,lower
historical-uncontrolled-reference,ridge,historical,,DQ-only,raw_pred_red_win_probability,relative_bias,-0.07853108891970408,22,lower
historical-uncontrolled-reference,ridge,historical,,DQ-only,raw_pred_red_win_probability,winner_accuracy,0.45454545454545453,11,higher
historical-uncontrolled-reference,ridge,historical,,DQ-only,raw_pred_red_win_probability,winner_brier,0.4334153673476729,11,lower
historical-uncontrolled-reference,ridge,historical,,DQ-only,raw_pred_red_win_probability,winner_log_loss,1.4301158089005466,11,lower
historical-uncontrolled-reference,ridge,historical,,DQ-only,raw_pred_red_win_probability,winner_ece,0.496066952359833,11,lower
historical-uncontrolled-reference,ridge,historical,,DQ-only,transferred_platt_red_win_probability,alliance_score_mae,117.86232525310515,22,lower
historical-uncontrolled-reference,ridge,historical,,DQ-only,transferred_platt_red_win_probability,alliance_score_rmse,174.3488747925016,22,lower
historical-uncontrolled-reference,ridge,historical,,DQ-only,transferred_platt_red_win_probability,score_differential_mae,198.42620818688712,11,lower
historical-uncontrolled-reference,ridge,historical,,DQ-only,transferred_platt_red_win_probability,score_differential_rmse,245.12670411954045,11,lower
historical-uncontrolled-reference,ridge,historical,,DQ-only,transferred_platt_red_win_probability,mean_bias,-29.288526572098725,22,lower
historical-uncontrolled-reference,ridge,historical,,DQ-only,transferred_platt_red_win_probability,relative_bias,-0.07853108891970408,22,lower
historical-uncontrolled-reference,ridge,historical,,DQ-only,transferred_platt_red_win_probability,winner_accuracy,0.45454545454545453,11,higher
historical-uncontrolled-reference,ridge,historical,,DQ-only,transferred_platt_red_win_probability,winner_brier,0.4334153673476729,11,lower
historical-uncontrolled-reference,ridge,historical,,DQ-only,transferred_platt_red_win_probability,winner_log_loss,1.4301158089005466,11,lower
historical-uncontrolled-reference,ridge,historical,,DQ-only,transferred_platt_red_win_probability,winner_ece,0.496066952359833,11,lower
historical-uncontrolled-reference,ridge,historical,,DQ-only,transferred_score_red_win_probability,alliance_score_mae,117.86232525310515,22,lower
historical-uncontrolled-reference,ridge,historical,,DQ-only,transferred_score_red_win_probability,alliance_score_rmse,174.3488747925016,22,lower
historical-uncontrolled-reference,ridge,historical,,DQ-only,transferred_score_red_win_probability,score_differential_mae,198.42620818688712,11,lower
historical-uncontrolled-reference,ridge,historical,,DQ-only,transferred_score_red_win_probability,score_differential_rmse,245.12670411954045,11,lower
historical-uncontrolled-reference,ridge,historical,,DQ-only,transferred_score_red_win_probability,mean_bias,-29.288526572098725,22,lower
historical-uncontrolled-reference,ridge,historical,,DQ-only,transferred_score_red_win_probability,relative_bias,-0.07853108891970408,22,lower
historical-uncontrolled-reference,ridge,historical,,DQ-only,transferred_score_red_win_probability,winner_accuracy,0.45454545454545453,11,higher
historical-uncontrolled-reference,ridge,historical,,DQ-only,transferred_score_red_win_probability,winner_brier,0.4334153673476729,11,lower
historical-uncontrolled-reference,ridge,historical,,DQ-only,transferred_score_red_win_probability,winner_log_loss,1.4301158089005466,11,lower
historical-uncontrolled-reference,ridge,historical,,DQ-only,transferred_score_red_win_probability,winner_ece,0.496066952359833,11,lower
historical-uncontrolled-reference,ridge,historical,,surrogate-only,raw_pred_red_win_probability,alliance_score_mae,117.06423785219472,12,lower
historical-uncontrolled-reference,ridge,historical,,surrogate-only,raw_pred_red_win_probability,alliance_score_rmse,146.44800460975094,12,lower
historical-uncontrolled-reference,ridge,historical,,surrogate-only,raw_pred_red_win_probability,score_differential_mae,114.92313544714337,6,lower
historical-uncontrolled-reference,ridge,historical,,surrogate-only,raw_pred_red_win_probability,score_differential_rmse,140.76622064097947,6,lower
historical-uncontrolled-reference,ridge,historical,,surrogate-only,raw_pred_red_win_probability,mean_bias,-74.27297713277478,12,lower
historical-uncontrolled-reference,ridge,historical,,surrogate-only,raw_pred_red_win_probability,relative_bias,-0.19196117286092987,12,lower
historical-uncontrolled-reference,ridge,historical,,surrogate-only,raw_pred_red_win_probability,winner_accuracy,0.8333333333333334,6,higher
historical-uncontrolled-reference,ridge,historical,,surrogate-only,raw_pred_red_win_probability,winner_brier,0.16493228267897964,6,lower
historical-uncontrolled-reference,ridge,historical,,surrogate-only,raw_pred_red_win_probability,winner_log_loss,0.8755963669378571,6,lower
historical-uncontrolled-reference,ridge,historical,,surrogate-only,raw_pred_red_win_probability,winner_ece,0.1623079642138345,6,lower
historical-uncontrolled-reference,ridge,historical,,surrogate-only,transferred_platt_red_win_probability,alliance_score_mae,117.06423785219472,12,lower
historical-uncontrolled-reference,ridge,historical,,surrogate-only,transferred_platt_red_win_probability,alliance_score_rmse,146.44800460975094,12,lower
historical-uncontrolled-reference,ridge,historical,,surrogate-only,transferred_platt_red_win_probability,score_differential_mae,114.92313544714337,6,lower
historical-uncontrolled-reference,ridge,historical,,surrogate-only,transferred_platt_red_win_probability,score_differential_rmse,140.76622064097947,6,lower
historical-uncontrolled-reference,ridge,historical,,surrogate-only,transferred_platt_red_win_probability,mean_bias,-74.27297713277478,12,lower
historical-uncontrolled-reference,ridge,historical,,surrogate-only,transferred_platt_red_win_probability,relative_bias,-0.19196117286092987,12,lower
historical-uncontrolled-reference,ridge,historical,,surrogate-only,transferred_platt_red_win_probability,winner_accuracy,0.8333333333333334,6,higher
historical-uncontrolled-reference,ridge,historical,,surrogate-only,transferred_platt_red_win_probability,winner_brier,0.16493228267897964,6,lower
historical-uncontrolled-reference,ridge,historical,,surrogate-only,transferred_platt_red_win_probability,winner_log_loss,0.8755963669378571,6,lower
historical-uncontrolled-reference,ridge,historical,,surrogate-only,transferred_platt_red_win_probability,winner_ece,0.1623079642138345,6,lower
historical-uncontrolled-reference,ridge,historical,,surrogate-only,transferred_score_red_win_probability,alliance_score_mae,117.06423785219472,12,lower
historical-uncontrolled-reference,ridge,historical,,surrogate-only,transferred_score_red_win_probability,alliance_score_rmse,146.44800460975094,12,lower
historical-uncontrolled-reference,ridge,historical,,surrogate-only,transferred_score_red_win_probability,score_differential_mae,114.92313544714337,6,lower
historical-uncontrolled-reference,ridge,historical,,surrogate-only,transferred_score_red_win_probability,score_differential_rmse,140.76622064097947,6,lower
historical-uncontrolled-reference,ridge,historical,,surrogate-only,transferred_score_red_win_probability,mean_bias,-74.27297713277478,12,lower
historical-uncontrolled-reference,ridge,historical,,surrogate-only,transferred_score_red_win_probability,relative_bias,-0.19196117286092987,12,lower
historical-uncontrolled-reference,ridge,historical,,surrogate-only,transferred_score_red_win_probability,winner_accuracy,0.8333333333333334,6,higher
historical-uncontrolled-reference,ridge,historical,,surrogate-only,transferred_score_red_win_probability,winner_brier,0.16493228267897964,6,lower
historical-uncontrolled-reference,ridge,historical,,surrogate-only,transferred_score_red_win_probability,winner_log_loss,0.8755963669378571,6,lower
historical-uncontrolled-reference,ridge,historical,,surrogate-only,transferred_score_red_win_probability,winner_ece,0.1623079642138345,6,lower
historical-uncontrolled-reference,ridge,historical,,division:2026arc,raw_pred_red_win_probability,alliance_score_mae,103.80192072081597,282,lower
historical-uncontrolled-reference,ridge,historical,,division:2026arc,raw_pred_red_win_probability,alliance_score_rmse,131.32819429457103,282,lower
historical-uncontrolled-reference,ridge,historical,,division:2026arc,raw_pred_red_win_probability,score_differential_mae,125.09136862698315,141,lower
historical-uncontrolled-reference,ridge,historical,,division:2026arc,raw_pred_red_win_probability,score_differential_rmse,159.6068789614835,141,lower
historical-uncontrolled-reference,ridge,historical,,division:2026arc,raw_pred_red_win_probability,mean_bias,-53.734386347710625,282,lower
historical-uncontrolled-reference,ridge,historical,,division:2026arc,raw_pred_red_win_probability,relative_bias,-0.12088050791389639,282,lower
historical-uncontrolled-reference,ridge,historical,,division:2026arc,raw_pred_red_win_probability,winner_accuracy,0.7142857142857143,140,higher
historical-uncontrolled-reference,ridge,historical,,division:2026arc,raw_pred_red_win_probability,winner_brier,0.22033449043877693,140,lower
historical-uncontrolled-reference,ridge,historical,,division:2026arc,raw_pred_red_win_probability,winner_log_loss,0.8918006319613213,140,lower
historical-uncontrolled-reference,ridge,historical,,division:2026arc,raw_pred_red_win_probability,winner_ece,0.20252405759403208,140,lower
historical-uncontrolled-reference,ridge,historical,,division:2026arc,transferred_platt_red_win_probability,alliance_score_mae,103.80192072081597,282,lower
historical-uncontrolled-reference,ridge,historical,,division:2026arc,transferred_platt_red_win_probability,alliance_score_rmse,131.32819429457103,282,lower
historical-uncontrolled-reference,ridge,historical,,division:2026arc,transferred_platt_red_win_probability,score_differential_mae,125.09136862698315,141,lower
historical-uncontrolled-reference,ridge,historical,,division:2026arc,transferred_platt_red_win_probability,score_differential_rmse,159.6068789614835,141,lower
historical-uncontrolled-reference,ridge,historical,,division:2026arc,transferred_platt_red_win_probability,mean_bias,-53.734386347710625,282,lower
historical-uncontrolled-reference,ridge,historical,,division:2026arc,transferred_platt_red_win_probability,relative_bias,-0.12088050791389639,282,lower
historical-uncontrolled-reference,ridge,historical,,division:2026arc,transferred_platt_red_win_probability,winner_accuracy,0.7142857142857143,140,higher
historical-uncontrolled-reference,ridge,historical,,division:2026arc,transferred_platt_red_win_probability,winner_brier,0.22033449043877693,140,lower
historical-uncontrolled-reference,ridge,historical,,division:2026arc,transferred_platt_red_win_probability,winner_log_loss,0.8918006319613213,140,lower
historical-uncontrolled-reference,ridge,historical,,division:2026arc,transferred_platt_red_win_probability,winner_ece,0.20252405759403208,140,lower
historical-uncontrolled-reference,ridge,historical,,division:2026arc,transferred_score_red_win_probability,alliance_score_mae,103.80192072081597,282,lower
historical-uncontrolled-reference,ridge,historical,,division:2026arc,transferred_score_red_win_probability,alliance_score_rmse,131.32819429457103,282,lower
historical-uncontrolled-reference,ridge,historical,,division:2026arc,transferred_score_red_win_probability,score_differential_mae,125.09136862698315,141,lower
historical-uncontrolled-reference,ridge,historical,,division:2026arc,transferred_score_red_win_probability,score_differential_rmse,159.6068789614835,141,lower
historical-uncontrolled-reference,ridge,historical,,division:2026arc,transferred_score_red_win_probability,mean_bias,-53.734386347710625,282,lower
historical-uncontrolled-reference,ridge,historical,,division:2026arc,transferred_score_red_win_probability,relative_bias,-0.12088050791389639,282,lower
historical-uncontrolled-reference,ridge,historical,,division:2026arc,transferred_score_red_win_probability,winner_accuracy,0.7142857142857143,140,higher
historical-uncontrolled-reference,ridge,historical,,division:2026arc,transferred_score_red_win_probability,winner_brier,0.22033449043877693,140,lower
historical-uncontrolled-reference,ridge,historical,,division:2026arc,transferred_score_red_win_probability,winner_log_loss,0.8918006319613213,140,lower
historical-uncontrolled-reference,ridge,historical,,division:2026arc,transferred_score_red_win_probability,winner_ece,0.20252405759403208,140,lower
historical-uncontrolled-reference,ridge,historical,,division:2026cur,raw_pred_red_win_probability,alliance_score_mae,107.55053611399217,278,lower
historical-uncontrolled-reference,ridge,historical,,division:2026cur,raw_pred_red_win_probability,alliance_score_rmse,137.02537673198293,278,lower
historical-uncontrolled-reference,ridge,historical,,division:2026cur,raw_pred_red_win_probability,score_differential_mae,111.6549390431319,139,lower
historical-uncontrolled-reference,ridge,historical,,division:2026cur,raw_pred_red_win_probability,score_differential_rmse,140.55562087070484,139,lower
historical-uncontrolled-reference,ridge,historical,,division:2026cur,raw_pred_red_win_probability,mean_bias,-59.17087394796285,278,lower
historical-uncontrolled-reference,ridge,historical,,division:2026cur,raw_pred_red_win_probability,relative_bias,-0.13638363477542592,278,lower
historical-uncontrolled-reference,ridge,historical,,division:2026cur,raw_pred_red_win_probability,winner_accuracy,0.7482014388489209,139,higher
historical-uncontrolled-reference,ridge,historical,,division:2026cur,raw_pred_red_win_probability,winner_brier,0.2068297419798658,139,lower
historical-uncontrolled-reference,ridge,historical,,division:2026cur,raw_pred_red_win_probability,winner_log_loss,0.7672619646358116,139,lower
historical-uncontrolled-reference,ridge,historical,,division:2026cur,raw_pred_red_win_probability,winner_ece,0.1839887744709994,139,lower
historical-uncontrolled-reference,ridge,historical,,division:2026cur,transferred_platt_red_win_probability,alliance_score_mae,107.55053611399217,278,lower
historical-uncontrolled-reference,ridge,historical,,division:2026cur,transferred_platt_red_win_probability,alliance_score_rmse,137.02537673198293,278,lower
historical-uncontrolled-reference,ridge,historical,,division:2026cur,transferred_platt_red_win_probability,score_differential_mae,111.6549390431319,139,lower
historical-uncontrolled-reference,ridge,historical,,division:2026cur,transferred_platt_red_win_probability,score_differential_rmse,140.55562087070484,139,lower
historical-uncontrolled-reference,ridge,historical,,division:2026cur,transferred_platt_red_win_probability,mean_bias,-59.17087394796285,278,lower
historical-uncontrolled-reference,ridge,historical,,division:2026cur,transferred_platt_red_win_probability,relative_bias,-0.13638363477542592,278,lower
historical-uncontrolled-reference,ridge,historical,,division:2026cur,transferred_platt_red_win_probability,winner_accuracy,0.7482014388489209,139,higher
historical-uncontrolled-reference,ridge,historical,,division:2026cur,transferred_platt_red_win_probability,winner_brier,0.2068297419798658,139,lower
historical-uncontrolled-reference,ridge,historical,,division:2026cur,transferred_platt_red_win_probability,winner_log_loss,0.7672619646358116,139,lower
historical-uncontrolled-reference,ridge,historical,,division:2026cur,transferred_platt_red_win_probability,winner_ece,0.1839887744709994,139,lower
historical-uncontrolled-reference,ridge,historical,,division:2026cur,transferred_score_red_win_probability,alliance_score_mae,107.55053611399217,278,lower
historical-uncontrolled-reference,ridge,historical,,division:2026cur,transferred_score_red_win_probability,alliance_score_rmse,137.02537673198293,278,lower
historical-uncontrolled-reference,ridge,historical,,division:2026cur,transferred_score_red_win_probability,score_differential_mae,111.6549390431319,139,lower
historical-uncontrolled-reference,ridge,historical,,division:2026cur,transferred_score_red_win_probability,score_differential_rmse,140.55562087070484,139,lower
historical-uncontrolled-reference,ridge,historical,,division:2026cur,transferred_score_red_win_probability,mean_bias,-59.17087394796285,278,lower
historical-uncontrolled-reference,ridge,historical,,division:2026cur,transferred_score_red_win_probability,relative_bias,-0.13638363477542592,278,lower
historical-uncontrolled-reference,ridge,historical,,division:2026cur,transferred_score_red_win_probability,winner_accuracy,0.7482014388489209,139,higher
historical-uncontrolled-reference,ridge,historical,,division:2026cur,transferred_score_red_win_probability,winner_brier,0.2068297419798658,139,lower
historical-uncontrolled-reference,ridge,historical,,division:2026cur,transferred_score_red_win_probability,winner_log_loss,0.7672619646358116,139,lower
historical-uncontrolled-reference,ridge,historical,,division:2026cur,transferred_score_red_win_probability,winner_ece,0.1839887744709994,139,lower
historical-uncontrolled-reference,ridge,historical,,division:2026dal,raw_pred_red_win_probability,alliance_score_mae,94.86374328478394,280,lower
historical-uncontrolled-reference,ridge,historical,,division:2026dal,raw_pred_red_win_probability,alliance_score_rmse,122.5297357288597,280,lower
historical-uncontrolled-reference,ridge,historical,,division:2026dal,raw_pred_red_win_probability,score_differential_mae,129.81420110240657,140,lower
historical-uncontrolled-reference,ridge,historical,,division:2026dal,raw_pred_red_win_probability,score_differential_rmse,162.6795055324818,140,lower
historical-uncontrolled-reference,ridge,historical,,division:2026dal,raw_pred_red_win_probability,mean_bias,-23.655693099848186,280,lower
historical-uncontrolled-reference,ridge,historical,,division:2026dal,raw_pred_red_win_probability,relative_bias,-0.058023319970894514,280,lower
historical-uncontrolled-reference,ridge,historical,,division:2026dal,raw_pred_red_win_probability,winner_accuracy,0.6642857142857143,140,higher
historical-uncontrolled-reference,ridge,historical,,division:2026dal,raw_pred_red_win_probability,winner_brier,0.25664372210269704,140,lower
historical-uncontrolled-reference,ridge,historical,,division:2026dal,raw_pred_red_win_probability,winner_log_loss,0.946093791624899,140,lower
historical-uncontrolled-reference,ridge,historical,,division:2026dal,raw_pred_red_win_probability,winner_ece,0.2506204198014236,140,lower
historical-uncontrolled-reference,ridge,historical,,division:2026dal,transferred_platt_red_win_probability,alliance_score_mae,94.86374328478394,280,lower
historical-uncontrolled-reference,ridge,historical,,division:2026dal,transferred_platt_red_win_probability,alliance_score_rmse,122.5297357288597,280,lower
historical-uncontrolled-reference,ridge,historical,,division:2026dal,transferred_platt_red_win_probability,score_differential_mae,129.81420110240657,140,lower
historical-uncontrolled-reference,ridge,historical,,division:2026dal,transferred_platt_red_win_probability,score_differential_rmse,162.6795055324818,140,lower
historical-uncontrolled-reference,ridge,historical,,division:2026dal,transferred_platt_red_win_probability,mean_bias,-23.655693099848186,280,lower
historical-uncontrolled-reference,ridge,historical,,division:2026dal,transferred_platt_red_win_probability,relative_bias,-0.058023319970894514,280,lower
historical-uncontrolled-reference,ridge,historical,,division:2026dal,transferred_platt_red_win_probability,winner_accuracy,0.6642857142857143,140,higher
historical-uncontrolled-reference,ridge,historical,,division:2026dal,transferred_platt_red_win_probability,winner_brier,0.25664372210269704,140,lower
historical-uncontrolled-reference,ridge,historical,,division:2026dal,transferred_platt_red_win_probability,winner_log_loss,0.946093791624899,140,lower
historical-uncontrolled-reference,ridge,historical,,division:2026dal,transferred_platt_red_win_probability,winner_ece,0.2506204198014236,140,lower
historical-uncontrolled-reference,ridge,historical,,division:2026dal,transferred_score_red_win_probability,alliance_score_mae,94.86374328478394,280,lower
historical-uncontrolled-reference,ridge,historical,,division:2026dal,transferred_score_red_win_probability,alliance_score_rmse,122.5297357288597,280,lower
historical-uncontrolled-reference,ridge,historical,,division:2026dal,transferred_score_red_win_probability,score_differential_mae,129.81420110240657,140,lower
historical-uncontrolled-reference,ridge,historical,,division:2026dal,transferred_score_red_win_probability,score_differential_rmse,162.6795055324818,140,lower
historical-uncontrolled-reference,ridge,historical,,division:2026dal,transferred_score_red_win_probability,mean_bias,-23.655693099848186,280,lower
historical-uncontrolled-reference,ridge,historical,,division:2026dal,transferred_score_red_win_probability,relative_bias,-0.058023319970894514,280,lower
historical-uncontrolled-reference,ridge,historical,,division:2026dal,transferred_score_red_win_probability,winner_accuracy,0.6642857142857143,140,higher
historical-uncontrolled-reference,ridge,historical,,division:2026dal,transferred_score_red_win_probability,winner_brier,0.25664372210269704,140,lower
historical-uncontrolled-reference,ridge,historical,,division:2026dal,transferred_score_red_win_probability,winner_log_loss,0.946093791624899,140,lower
historical-uncontrolled-reference,ridge,historical,,division:2026dal,transferred_score_red_win_probability,winner_ece,0.2506204198014236,140,lower
historical-uncontrolled-reference,ridge,historical,,division:2026gal,raw_pred_red_win_probability,alliance_score_mae,133.27125587242145,280,lower
historical-uncontrolled-reference,ridge,historical,,division:2026gal,raw_pred_red_win_probability,alliance_score_rmse,173.5271282709476,280,lower
historical-uncontrolled-reference,ridge,historical,,division:2026gal,raw_pred_red_win_probability,score_differential_mae,156.21068887529873,140,lower
historical-uncontrolled-reference,ridge,historical,,division:2026gal,raw_pred_red_win_probability,score_differential_rmse,199.90240921898294,140,lower
historical-uncontrolled-reference,ridge,historical,,division:2026gal,raw_pred_red_win_probability,mean_bias,-95.0958176410079,280,lower
historical-uncontrolled-reference,ridge,historical,,division:2026gal,raw_pred_red_win_probability,relative_bias,-0.223546347016499,280,lower
historical-uncontrolled-reference,ridge,historical,,division:2026gal,raw_pred_red_win_probability,winner_accuracy,0.6115107913669064,139,higher
historical-uncontrolled-reference,ridge,historical,,division:2026gal,raw_pred_red_win_probability,winner_brier,0.30760052283010286,139,lower
historical-uncontrolled-reference,ridge,historical,,division:2026gal,raw_pred_red_win_probability,winner_log_loss,1.2250241632136263,139,lower
historical-uncontrolled-reference,ridge,historical,,division:2026gal,raw_pred_red_win_probability,winner_ece,0.27690974087955245,139,lower
historical-uncontrolled-reference,ridge,historical,,division:2026gal,transferred_platt_red_win_probability,alliance_score_mae,133.27125587242145,280,lower
historical-uncontrolled-reference,ridge,historical,,division:2026gal,transferred_platt_red_win_probability,alliance_score_rmse,173.5271282709476,280,lower
historical-uncontrolled-reference,ridge,historical,,division:2026gal,transferred_platt_red_win_probability,score_differential_mae,156.21068887529873,140,lower
historical-uncontrolled-reference,ridge,historical,,division:2026gal,transferred_platt_red_win_probability,score_differential_rmse,199.90240921898294,140,lower
historical-uncontrolled-reference,ridge,historical,,division:2026gal,transferred_platt_red_win_probability,mean_bias,-95.0958176410079,280,lower
historical-uncontrolled-reference,ridge,historical,,division:2026gal,transferred_platt_red_win_probability,relative_bias,-0.223546347016499,280,lower
historical-uncontrolled-reference,ridge,historical,,division:2026gal,transferred_platt_red_win_probability,winner_accuracy,0.6115107913669064,139,higher
historical-uncontrolled-reference,ridge,historical,,division:2026gal,transferred_platt_red_win_probability,winner_brier,0.30760052283010286,139,lower
historical-uncontrolled-reference,ridge,historical,,division:2026gal,transferred_platt_red_win_probability,winner_log_loss,1.2250241632136263,139,lower
historical-uncontrolled-reference,ridge,historical,,division:2026gal,transferred_platt_red_win_probability,winner_ece,0.27690974087955245,139,lower
historical-uncontrolled-reference,ridge,historical,,division:2026gal,transferred_score_red_win_probability,alliance_score_mae,133.27125587242145,280,lower
historical-uncontrolled-reference,ridge,historical,,division:2026gal,transferred_score_red_win_probability,alliance_score_rmse,173.5271282709476,280,lower
historical-uncontrolled-reference,ridge,historical,,division:2026gal,transferred_score_red_win_probability,score_differential_mae,156.21068887529873,140,lower
historical-uncontrolled-reference,ridge,historical,,division:2026gal,transferred_score_red_win_probability,score_differential_rmse,199.90240921898294,140,lower
historical-uncontrolled-reference,ridge,historical,,division:2026gal,transferred_score_red_win_probability,mean_bias,-95.0958176410079,280,lower
historical-uncontrolled-reference,ridge,historical,,division:2026gal,transferred_score_red_win_probability,relative_bias,-0.223546347016499,280,lower
historical-uncontrolled-reference,ridge,historical,,division:2026gal,transferred_score_red_win_probability,winner_accuracy,0.6115107913669064,139,higher
historical-uncontrolled-reference,ridge,historical,,division:2026gal,transferred_score_red_win_probability,winner_brier,0.30760052283010286,139,lower
historical-uncontrolled-reference,ridge,historical,,division:2026gal,transferred_score_red_win_probability,winner_log_loss,1.2250241632136263,139,lower
historical-uncontrolled-reference,ridge,historical,,division:2026gal,transferred_score_red_win_probability,winner_ece,0.27690974087955245,139,lower
historical-uncontrolled-reference,ridge,historical,,division:2026hop,raw_pred_red_win_probability,alliance_score_mae,132.75561663402866,280,lower
historical-uncontrolled-reference,ridge,historical,,division:2026hop,raw_pred_red_win_probability,alliance_score_rmse,166.8363700682048,280,lower
historical-uncontrolled-reference,ridge,historical,,division:2026hop,raw_pred_red_win_probability,score_differential_mae,156.32919203379402,140,lower
historical-uncontrolled-reference,ridge,historical,,division:2026hop,raw_pred_red_win_probability,score_differential_rmse,204.59044107940912,140,lower
historical-uncontrolled-reference,ridge,historical,,division:2026hop,raw_pred_red_win_probability,mean_bias,-76.52878290496035,280,lower
historical-uncontrolled-reference,ridge,historical,,division:2026hop,raw_pred_red_win_probability,relative_bias,-0.16593404792922886,280,lower
historical-uncontrolled-reference,ridge,historical,,division:2026hop,raw_pred_red_win_probability,winner_accuracy,0.6928571428571428,140,higher
historical-uncontrolled-reference,ridge,historical,,division:2026hop,raw_pred_red_win_probability,winner_brier,0.25093535813019757,140,lower
historical-uncontrolled-reference,ridge,historical,,division:2026hop,raw_pred_red_win_probability,winner_log_loss,1.2244796711641142,140,lower
historical-uncontrolled-reference,ridge,historical,,division:2026hop,raw_pred_red_win_probability,winner_ece,0.2515460884260254,140,lower
historical-uncontrolled-reference,ridge,historical,,division:2026hop,transferred_platt_red_win_probability,alliance_score_mae,132.75561663402866,280,lower
historical-uncontrolled-reference,ridge,historical,,division:2026hop,transferred_platt_red_win_probability,alliance_score_rmse,166.8363700682048,280,lower
historical-uncontrolled-reference,ridge,historical,,division:2026hop,transferred_platt_red_win_probability,score_differential_mae,156.32919203379402,140,lower
historical-uncontrolled-reference,ridge,historical,,division:2026hop,transferred_platt_red_win_probability,score_differential_rmse,204.59044107940912,140,lower
historical-uncontrolled-reference,ridge,historical,,division:2026hop,transferred_platt_red_win_probability,mean_bias,-76.52878290496035,280,lower
historical-uncontrolled-reference,ridge,historical,,division:2026hop,transferred_platt_red_win_probability,relative_bias,-0.16593404792922886,280,lower
historical-uncontrolled-reference,ridge,historical,,division:2026hop,transferred_platt_red_win_probability,winner_accuracy,0.6928571428571428,140,higher
historical-uncontrolled-reference,ridge,historical,,division:2026hop,transferred_platt_red_win_probability,winner_brier,0.25093535813019757,140,lower
historical-uncontrolled-reference,ridge,historical,,division:2026hop,transferred_platt_red_win_probability,winner_log_loss,1.2244796711641142,140,lower
historical-uncontrolled-reference,ridge,historical,,division:2026hop,transferred_platt_red_win_probability,winner_ece,0.2515460884260254,140,lower
historical-uncontrolled-reference,ridge,historical,,division:2026hop,transferred_score_red_win_probability,alliance_score_mae,132.75561663402866,280,lower
historical-uncontrolled-reference,ridge,historical,,division:2026hop,transferred_score_red_win_probability,alliance_score_rmse,166.8363700682048,280,lower
historical-uncontrolled-reference,ridge,historical,,division:2026hop,transferred_score_red_win_probability,score_differential_mae,156.32919203379402,140,lower
historical-uncontrolled-reference,ridge,historical,,division:2026hop,transferred_score_red_win_probability,score_differential_rmse,204.59044107940912,140,lower
historical-uncontrolled-reference,ridge,historical,,division:2026hop,transferred_score_red_win_probability,mean_bias,-76.52878290496035,280,lower
historical-uncontrolled-reference,ridge,historical,,division:2026hop,transferred_score_red_win_probability,relative_bias,-0.16593404792922886,280,lower
historical-uncontrolled-reference,ridge,historical,,division:2026hop,transferred_score_red_win_probability,winner_accuracy,0.6928571428571428,140,higher
historical-uncontrolled-reference,ridge,historical,,division:2026hop,transferred_score_red_win_probability,winner_brier,0.25093535813019757,140,lower
historical-uncontrolled-reference,ridge,historical,,division:2026hop,transferred_score_red_win_probability,winner_log_loss,1.2244796711641142,140,lower
historical-uncontrolled-reference,ridge,historical,,division:2026hop,transferred_score_red_win_probability,winner_ece,0.2515460884260254,140,lower
historical-uncontrolled-reference,ridge,historical,,division:2026joh,raw_pred_red_win_probability,alliance_score_mae,108.02264290124951,280,lower
historical-uncontrolled-reference,ridge,historical,,division:2026joh,raw_pred_red_win_probability,alliance_score_rmse,138.24568866063743,280,lower
historical-uncontrolled-reference,ridge,historical,,division:2026joh,raw_pred_red_win_probability,score_differential_mae,131.13558219722884,140,lower
historical-uncontrolled-reference,ridge,historical,,division:2026joh,raw_pred_red_win_probability,score_differential_rmse,160.39994376076086,140,lower
historical-uncontrolled-reference,ridge,historical,,division:2026joh,raw_pred_red_win_probability,mean_bias,-38.68138140475688,280,lower
historical-uncontrolled-reference,ridge,historical,,division:2026joh,raw_pred_red_win_probability,relative_bias,-0.09316805843726388,280,lower
historical-uncontrolled-reference,ridge,historical,,division:2026joh,raw_pred_red_win_probability,winner_accuracy,0.6928571428571428,140,higher
historical-uncontrolled-reference,ridge,historical,,division:2026joh,raw_pred_red_win_probability,winner_brier,0.24670664502993447,140,lower
historical-uncontrolled-reference,ridge,historical,,division:2026joh,raw_pred_red_win_probability,winner_log_loss,1.0143537812538481,140,lower
historical-uncontrolled-reference,ridge,historical,,division:2026joh,raw_pred_red_win_probability,winner_ece,0.23095849339893518,140,lower
historical-uncontrolled-reference,ridge,historical,,division:2026joh,transferred_platt_red_win_probability,alliance_score_mae,108.02264290124951,280,lower
historical-uncontrolled-reference,ridge,historical,,division:2026joh,transferred_platt_red_win_probability,alliance_score_rmse,138.24568866063743,280,lower
historical-uncontrolled-reference,ridge,historical,,division:2026joh,transferred_platt_red_win_probability,score_differential_mae,131.13558219722884,140,lower
historical-uncontrolled-reference,ridge,historical,,division:2026joh,transferred_platt_red_win_probability,score_differential_rmse,160.39994376076086,140,lower
historical-uncontrolled-reference,ridge,historical,,division:2026joh,transferred_platt_red_win_probability,mean_bias,-38.68138140475688,280,lower
historical-uncontrolled-reference,ridge,historical,,division:2026joh,transferred_platt_red_win_probability,relative_bias,-0.09316805843726388,280,lower
historical-uncontrolled-reference,ridge,historical,,division:2026joh,transferred_platt_red_win_probability,winner_accuracy,0.6928571428571428,140,higher
historical-uncontrolled-reference,ridge,historical,,division:2026joh,transferred_platt_red_win_probability,winner_brier,0.24670664502993447,140,lower
historical-uncontrolled-reference,ridge,historical,,division:2026joh,transferred_platt_red_win_probability,winner_log_loss,1.0143537812538481,140,lower
historical-uncontrolled-reference,ridge,historical,,division:2026joh,transferred_platt_red_win_probability,winner_ece,0.23095849339893518,140,lower
historical-uncontrolled-reference,ridge,historical,,division:2026joh,transferred_score_red_win_probability,alliance_score_mae,108.02264290124951,280,lower
historical-uncontrolled-reference,ridge,historical,,division:2026joh,transferred_score_red_win_probability,alliance_score_rmse,138.24568866063743,280,lower
historical-uncontrolled-reference,ridge,historical,,division:2026joh,transferred_score_red_win_probability,score_differential_mae,131.13558219722884,140,lower
historical-uncontrolled-reference,ridge,historical,,division:2026joh,transferred_score_red_win_probability,score_differential_rmse,160.39994376076086,140,lower
historical-uncontrolled-reference,ridge,historical,,division:2026joh,transferred_score_red_win_probability,mean_bias,-38.68138140475688,280,lower
historical-uncontrolled-reference,ridge,historical,,division:2026joh,transferred_score_red_win_probability,relative_bias,-0.09316805843726388,280,lower
historical-uncontrolled-reference,ridge,historical,,division:2026joh,transferred_score_red_win_probability,winner_accuracy,0.6928571428571428,140,higher
historical-uncontrolled-reference,ridge,historical,,division:2026joh,transferred_score_red_win_probability,winner_brier,0.24670664502993447,140,lower
historical-uncontrolled-reference,ridge,historical,,division:2026joh,transferred_score_red_win_probability,winner_log_loss,1.0143537812538481,140,lower
historical-uncontrolled-reference,ridge,historical,,division:2026joh,transferred_score_red_win_probability,winner_ece,0.23095849339893518,140,lower
historical-uncontrolled-reference,ridge,historical,,division:2026mil,raw_pred_red_win_probability,alliance_score_mae,120.25918219331453,278,lower
historical-uncontrolled-reference,ridge,historical,,division:2026mil,raw_pred_red_win_probability,alliance_score_rmse,149.74975392195776,278,lower
historical-uncontrolled-reference,ridge,historical,,division:2026mil,raw_pred_red_win_probability,score_differential_mae,128.08520107977154,139,lower
historical-uncontrolled-reference,ridge,historical,,division:2026mil,raw_pred_red_win_probability,score_differential_rmse,163.89910205024066,139,lower
historical-uncontrolled-reference,ridge,historical,,division:2026mil,raw_pred_red_win_probability,mean_bias,-76.94178346590144,278,lower
historical-uncontrolled-reference,ridge,historical,,division:2026mil,raw_pred_red_win_probability,relative_bias,-0.18690202897068087,278,lower
historical-uncontrolled-reference,ridge,historical,,division:2026mil,raw_pred_red_win_probability,winner_accuracy,0.7266187050359713,139,higher
historical-uncontrolled-reference,ridge,historical,,division:2026mil,raw_pred_red_win_probability,winner_brier,0.22972435121843682,139,lower
historical-uncontrolled-reference,ridge,historical,,division:2026mil,raw_pred_red_win_probability,winner_log_loss,1.003317834954716,139,lower
historical-uncontrolled-reference,ridge,historical,,division:2026mil,raw_pred_red_win_probability,winner_ece,0.19169407801050414,139,lower
historical-uncontrolled-reference,ridge,historical,,division:2026mil,transferred_platt_red_win_probability,alliance_score_mae,120.25918219331453,278,lower
historical-uncontrolled-reference,ridge,historical,,division:2026mil,transferred_platt_red_win_probability,alliance_score_rmse,149.74975392195776,278,lower
historical-uncontrolled-reference,ridge,historical,,division:2026mil,transferred_platt_red_win_probability,score_differential_mae,128.08520107977154,139,lower
historical-uncontrolled-reference,ridge,historical,,division:2026mil,transferred_platt_red_win_probability,score_differential_rmse,163.89910205024066,139,lower
historical-uncontrolled-reference,ridge,historical,,division:2026mil,transferred_platt_red_win_probability,mean_bias,-76.94178346590144,278,lower
historical-uncontrolled-reference,ridge,historical,,division:2026mil,transferred_platt_red_win_probability,relative_bias,-0.18690202897068087,278,lower
historical-uncontrolled-reference,ridge,historical,,division:2026mil,transferred_platt_red_win_probability,winner_accuracy,0.7266187050359713,139,higher
historical-uncontrolled-reference,ridge,historical,,division:2026mil,transferred_platt_red_win_probability,winner_brier,0.22972435121843682,139,lower
historical-uncontrolled-reference,ridge,historical,,division:2026mil,transferred_platt_red_win_probability,winner_log_loss,1.003317834954716,139,lower
historical-uncontrolled-reference,ridge,historical,,division:2026mil,transferred_platt_red_win_probability,winner_ece,0.19169407801050414,139,lower
historical-uncontrolled-reference,ridge,historical,,division:2026mil,transferred_score_red_win_probability,alliance_score_mae,120.25918219331453,278,lower
historical-uncontrolled-reference,ridge,historical,,division:2026mil,transferred_score_red_win_probability,alliance_score_rmse,149.74975392195776,278,lower
historical-uncontrolled-reference,ridge,historical,,division:2026mil,transferred_score_red_win_probability,score_differential_mae,128.08520107977154,139,lower
historical-uncontrolled-reference,ridge,historical,,division:2026mil,transferred_score_red_win_probability,score_differential_rmse,163.89910205024066,139,lower
historical-uncontrolled-reference,ridge,historical,,division:2026mil,transferred_score_red_win_probability,mean_bias,-76.94178346590144,278,lower
historical-uncontrolled-reference,ridge,historical,,division:2026mil,transferred_score_red_win_probability,relative_bias,-0.18690202897068087,278,lower
historical-uncontrolled-reference,ridge,historical,,division:2026mil,transferred_score_red_win_probability,winner_accuracy,0.7266187050359713,139,higher
historical-uncontrolled-reference,ridge,historical,,division:2026mil,transferred_score_red_win_probability,winner_brier,0.22972435121843682,139,lower
historical-uncontrolled-reference,ridge,historical,,division:2026mil,transferred_score_red_win_probability,winner_log_loss,1.003317834954716,139,lower
historical-uncontrolled-reference,ridge,historical,,division:2026mil,transferred_score_red_win_probability,winner_ece,0.19169407801050414,139,lower
historical-uncontrolled-reference,ridge,historical,,division:2026new,raw_pred_red_win_probability,alliance_score_mae,128.80483605012427,280,lower
historical-uncontrolled-reference,ridge,historical,,division:2026new,raw_pred_red_win_probability,alliance_score_rmse,158.15471602378778,280,lower
historical-uncontrolled-reference,ridge,historical,,division:2026new,raw_pred_red_win_probability,score_differential_mae,121.6487025714576,140,lower
historical-uncontrolled-reference,ridge,historical,,division:2026new,raw_pred_red_win_probability,score_differential_rmse,150.15869823444214,140,lower
historical-uncontrolled-reference,ridge,historical,,division:2026new,raw_pred_red_win_probability,mean_bias,-97.41272558416914,280,lower
historical-uncontrolled-reference,ridge,historical,,division:2026new,raw_pred_red_win_probability,relative_bias,-0.20611931748571632,280,lower
historical-uncontrolled-reference,ridge,historical,,division:2026new,raw_pred_red_win_probability,winner_accuracy,0.7142857142857143,140,higher
historical-uncontrolled-reference,ridge,historical,,division:2026new,raw_pred_red_win_probability,winner_brier,0.22356696170766696,140,lower
historical-uncontrolled-reference,ridge,historical,,division:2026new,raw_pred_red_win_probability,winner_log_loss,0.8131962501442044,140,lower
historical-uncontrolled-reference,ridge,historical,,division:2026new,raw_pred_red_win_probability,winner_ece,0.19793178746885712,140,lower
historical-uncontrolled-reference,ridge,historical,,division:2026new,transferred_platt_red_win_probability,alliance_score_mae,128.80483605012427,280,lower
historical-uncontrolled-reference,ridge,historical,,division:2026new,transferred_platt_red_win_probability,alliance_score_rmse,158.15471602378778,280,lower
historical-uncontrolled-reference,ridge,historical,,division:2026new,transferred_platt_red_win_probability,score_differential_mae,121.6487025714576,140,lower
historical-uncontrolled-reference,ridge,historical,,division:2026new,transferred_platt_red_win_probability,score_differential_rmse,150.15869823444214,140,lower
historical-uncontrolled-reference,ridge,historical,,division:2026new,transferred_platt_red_win_probability,mean_bias,-97.41272558416914,280,lower
historical-uncontrolled-reference,ridge,historical,,division:2026new,transferred_platt_red_win_probability,relative_bias,-0.20611931748571632,280,lower
historical-uncontrolled-reference,ridge,historical,,division:2026new,transferred_platt_red_win_probability,winner_accuracy,0.7142857142857143,140,higher
historical-uncontrolled-reference,ridge,historical,,division:2026new,transferred_platt_red_win_probability,winner_brier,0.22356696170766696,140,lower
historical-uncontrolled-reference,ridge,historical,,division:2026new,transferred_platt_red_win_probability,winner_log_loss,0.8131962501442044,140,lower
historical-uncontrolled-reference,ridge,historical,,division:2026new,transferred_platt_red_win_probability,winner_ece,0.19793178746885712,140,lower
historical-uncontrolled-reference,ridge,historical,,division:2026new,transferred_score_red_win_probability,alliance_score_mae,128.80483605012427,280,lower
historical-uncontrolled-reference,ridge,historical,,division:2026new,transferred_score_red_win_probability,alliance_score_rmse,158.15471602378778,280,lower
historical-uncontrolled-reference,ridge,historical,,division:2026new,transferred_score_red_win_probability,score_differential_mae,121.6487025714576,140,lower
historical-uncontrolled-reference,ridge,historical,,division:2026new,transferred_score_red_win_probability,score_differential_rmse,150.15869823444214,140,lower
historical-uncontrolled-reference,ridge,historical,,division:2026new,transferred_score_red_win_probability,mean_bias,-97.41272558416914,280,lower
historical-uncontrolled-reference,ridge,historical,,division:2026new,transferred_score_red_win_probability,relative_bias,-0.20611931748571632,280,lower
historical-uncontrolled-reference,ridge,historical,,division:2026new,transferred_score_red_win_probability,winner_accuracy,0.7142857142857143,140,higher
historical-uncontrolled-reference,ridge,historical,,division:2026new,transferred_score_red_win_probability,winner_brier,0.22356696170766696,140,lower
historical-uncontrolled-reference,ridge,historical,,division:2026new,transferred_score_red_win_probability,winner_log_loss,0.8131962501442044,140,lower
historical-uncontrolled-reference,ridge,historical,,division:2026new,transferred_score_red_win_probability,winner_ece,0.19793178746885712,140,lower
historical-uncontrolled-reference,ridge,historical,,observation:high,raw_pred_red_win_probability,alliance_score_mae,113.92737586531872,2134,lower
historical-uncontrolled-reference,ridge,historical,,observation:high,raw_pred_red_win_probability,alliance_score_rmse,145.08495629318816,2134,lower
historical-uncontrolled-reference,ridge,historical,,observation:high,raw_pred_red_win_probability,score_differential_mae,130.3865349656273,1067,lower
historical-uncontrolled-reference,ridge,historical,,observation:high,raw_pred_red_win_probability,score_differential_rmse,165.8621548956559,1067,lower
historical-uncontrolled-reference,ridge,historical,,observation:high,raw_pred_red_win_probability,mean_bias,-62.8549697151582,2134,lower
historical-uncontrolled-reference,ridge,historical,,observation:high,raw_pred_red_win_probability,relative_bias,-0.14401170858078977,2134,lower
historical-uncontrolled-reference,ridge,historical,,observation:high,raw_pred_red_win_probability,winner_accuracy,0.6957746478873239,1065,higher
historical-uncontrolled-reference,ridge,historical,,observation:high,raw_pred_red_win_probability,winner_brier,0.2429446106474675,1065,lower
historical-uncontrolled-reference,ridge,historical,,observation:high,raw_pred_red_win_probability,winner_log_loss,0.9839972522942221,1065,lower
historical-uncontrolled-reference,ridge,historical,,observation:high,raw_pred_red_win_probability,winner_ece,0.21255463475628,1065,lower
historical-uncontrolled-reference,ridge,historical,,observation:high,transferred_platt_red_win_probability,alliance_score_mae,113.92737586531872,2134,lower
historical-uncontrolled-reference,ridge,historical,,observation:high,transferred_platt_red_win_probability,alliance_score_rmse,145.08495629318816,2134,lower
historical-uncontrolled-reference,ridge,historical,,observation:high,transferred_platt_red_win_probability,score_differential_mae,130.3865349656273,1067,lower
historical-uncontrolled-reference,ridge,historical,,observation:high,transferred_platt_red_win_probability,score_differential_rmse,165.8621548956559,1067,lower
historical-uncontrolled-reference,ridge,historical,,observation:high,transferred_platt_red_win_probability,mean_bias,-62.8549697151582,2134,lower
historical-uncontrolled-reference,ridge,historical,,observation:high,transferred_platt_red_win_probability,relative_bias,-0.14401170858078977,2134,lower
historical-uncontrolled-reference,ridge,historical,,observation:high,transferred_platt_red_win_probability,winner_accuracy,0.6957746478873239,1065,higher
historical-uncontrolled-reference,ridge,historical,,observation:high,transferred_platt_red_win_probability,winner_brier,0.2429446106474675,1065,lower
historical-uncontrolled-reference,ridge,historical,,observation:high,transferred_platt_red_win_probability,winner_log_loss,0.9839972522942221,1065,lower
historical-uncontrolled-reference,ridge,historical,,observation:high,transferred_platt_red_win_probability,winner_ece,0.21255463475628,1065,lower
historical-uncontrolled-reference,ridge,historical,,observation:high,transferred_score_red_win_probability,alliance_score_mae,113.92737586531872,2134,lower
historical-uncontrolled-reference,ridge,historical,,observation:high,transferred_score_red_win_probability,alliance_score_rmse,145.08495629318816,2134,lower
historical-uncontrolled-reference,ridge,historical,,observation:high,transferred_score_red_win_probability,score_differential_mae,130.3865349656273,1067,lower
historical-uncontrolled-reference,ridge,historical,,observation:high,transferred_score_red_win_probability,score_differential_rmse,165.8621548956559,1067,lower
historical-uncontrolled-reference,ridge,historical,,observation:high,transferred_score_red_win_probability,mean_bias,-62.8549697151582,2134,lower
historical-uncontrolled-reference,ridge,historical,,observation:high,transferred_score_red_win_probability,relative_bias,-0.14401170858078977,2134,lower
historical-uncontrolled-reference,ridge,historical,,observation:high,transferred_score_red_win_probability,winner_accuracy,0.6957746478873239,1065,higher
historical-uncontrolled-reference,ridge,historical,,observation:high,transferred_score_red_win_probability,winner_brier,0.2429446106474675,1065,lower
historical-uncontrolled-reference,ridge,historical,,observation:high,transferred_score_red_win_probability,winner_log_loss,0.9839972522942221,1065,lower
historical-uncontrolled-reference,ridge,historical,,observation:high,transferred_score_red_win_probability,winner_ece,0.21255463475628,1065,lower
historical-uncontrolled-reference,ridge,historical,,observation:low,raw_pred_red_win_probability,alliance_score_mae,157.28575825652925,4,lower
historical-uncontrolled-reference,ridge,historical,,observation:low,raw_pred_red_win_probability,alliance_score_rmse,167.995537588912,4,lower
historical-uncontrolled-reference,ridge,historical,,observation:low,raw_pred_red_win_probability,score_differential_mae,99.72783103476924,2,lower
historical-uncontrolled-reference,ridge,historical,,observation:low,raw_pred_red_win_probability,score_differential_rmse,115.86401339311973,2,lower
historical-uncontrolled-reference,ridge,historical,,observation:low,raw_pred_red_win_probability,mean_bias,-157.28575825652925,4,lower
historical-uncontrolled-reference,ridge,historical,,observation:low,raw_pred_red_win_probability,relative_bias,-0.41887019509062384,4,lower
historical-uncontrolled-reference,ridge,historical,,observation:low,raw_pred_red_win_probability,winner_accuracy,0.5,2,higher
historical-uncontrolled-reference,ridge,historical,,observation:low,raw_pred_red_win_probability,winner_brier,0.19276112195596554,2,lower
historical-uncontrolled-reference,ridge,historical,,observation:low,raw_pred_red_win_probability,winner_log_loss,0.49113070585634844,2,lower
historical-uncontrolled-reference,ridge,historical,,observation:low,raw_pred_red_win_probability,winner_ece,0.31666363312642726,2,lower
historical-uncontrolled-reference,ridge,historical,,observation:low,transferred_platt_red_win_probability,alliance_score_mae,157.28575825652925,4,lower
historical-uncontrolled-reference,ridge,historical,,observation:low,transferred_platt_red_win_probability,alliance_score_rmse,167.995537588912,4,lower
historical-uncontrolled-reference,ridge,historical,,observation:low,transferred_platt_red_win_probability,score_differential_mae,99.72783103476924,2,lower
historical-uncontrolled-reference,ridge,historical,,observation:low,transferred_platt_red_win_probability,score_differential_rmse,115.86401339311973,2,lower
historical-uncontrolled-reference,ridge,historical,,observation:low,transferred_platt_red_win_probability,mean_bias,-157.28575825652925,4,lower
historical-uncontrolled-reference,ridge,historical,,observation:low,transferred_platt_red_win_probability,relative_bias,-0.41887019509062384,4,lower
historical-uncontrolled-reference,ridge,historical,,observation:low,transferred_platt_red_win_probability,winner_accuracy,0.5,2,higher
historical-uncontrolled-reference,ridge,historical,,observation:low,transferred_platt_red_win_probability,winner_brier,0.19276112195596554,2,lower
historical-uncontrolled-reference,ridge,historical,,observation:low,transferred_platt_red_win_probability,winner_log_loss,0.49113070585634844,2,lower
historical-uncontrolled-reference,ridge,historical,,observation:low,transferred_platt_red_win_probability,winner_ece,0.31666363312642726,2,lower
historical-uncontrolled-reference,ridge,historical,,observation:low,transferred_score_red_win_probability,alliance_score_mae,157.28575825652925,4,lower
historical-uncontrolled-reference,ridge,historical,,observation:low,transferred_score_red_win_probability,alliance_score_rmse,167.995537588912,4,lower
historical-uncontrolled-reference,ridge,historical,,observation:low,transferred_score_red_win_probability,score_differential_mae,99.72783103476924,2,lower
historical-uncontrolled-reference,ridge,historical,,observation:low,transferred_score_red_win_probability,score_differential_rmse,115.86401339311973,2,lower
historical-uncontrolled-reference,ridge,historical,,observation:low,transferred_score_red_win_probability,mean_bias,-157.28575825652925,4,lower
historical-uncontrolled-reference,ridge,historical,,observation:low,transferred_score_red_win_probability,relative_bias,-0.41887019509062384,4,lower
historical-uncontrolled-reference,ridge,historical,,observation:low,transferred_score_red_win_probability,winner_accuracy,0.5,2,higher
historical-uncontrolled-reference,ridge,historical,,observation:low,transferred_score_red_win_probability,winner_brier,0.19276112195596554,2,lower
historical-uncontrolled-reference,ridge,historical,,observation:low,transferred_score_red_win_probability,winner_log_loss,0.49113070585634844,2,lower
historical-uncontrolled-reference,ridge,historical,,observation:low,transferred_score_red_win_probability,winner_ece,0.31666363312642726,2,lower
historical-uncontrolled-reference,ridge,historical,,observation:medium,raw_pred_red_win_probability,alliance_score_mae,162.1414673101531,100,lower
historical-uncontrolled-reference,ridge,historical,,observation:medium,raw_pred_red_win_probability,alliance_score_rmse,201.70106389896804,100,lower
historical-uncontrolled-reference,ridge,historical,,observation:medium,raw_pred_red_win_probability,score_differential_mae,179.18490664640677,50,lower
historical-uncontrolled-reference,ridge,historical,,observation:medium,raw_pred_red_win_probability,score_differential_rmse,228.46503006675098,50,lower
historical-uncontrolled-reference,ridge,historical,,observation:medium,raw_pred_red_win_probability,mean_bias,-110.15599483662854,100,lower
historical-uncontrolled-reference,ridge,historical,,observation:medium,raw_pred_red_win_probability,relative_bias,-0.28619380316089515,100,lower
historical-uncontrolled-reference,ridge,historical,,observation:medium,raw_pred_red_win_probability,winner_accuracy,0.7,50,higher
historical-uncontrolled-reference,ridge,historical,,observation:medium,raw_pred_red_win_probability,winner_brier,0.24124327763563674,50,lower
historical-uncontrolled-reference,ridge,historical,,observation:medium,raw_pred_red_win_probability,winner_log_loss,1.040779867709847,50,lower
historical-uncontrolled-reference,ridge,historical,,observation:medium,raw_pred_red_win_probability,winner_ece,0.23799151020909015,50,lower
historical-uncontrolled-reference,ridge,historical,,observation:medium,transferred_platt_red_win_probability,alliance_score_mae,162.1414673101531,100,lower
historical-uncontrolled-reference,ridge,historical,,observation:medium,transferred_platt_red_win_probability,alliance_score_rmse,201.70106389896804,100,lower
historical-uncontrolled-reference,ridge,historical,,observation:medium,transferred_platt_red_win_probability,score_differential_mae,179.18490664640677,50,lower
historical-uncontrolled-reference,ridge,historical,,observation:medium,transferred_platt_red_win_probability,score_differential_rmse,228.46503006675098,50,lower
historical-uncontrolled-reference,ridge,historical,,observation:medium,transferred_platt_red_win_probability,mean_bias,-110.15599483662854,100,lower
historical-uncontrolled-reference,ridge,historical,,observation:medium,transferred_platt_red_win_probability,relative_bias,-0.28619380316089515,100,lower
historical-uncontrolled-reference,ridge,historical,,observation:medium,transferred_platt_red_win_probability,winner_accuracy,0.7,50,higher
historical-uncontrolled-reference,ridge,historical,,observation:medium,transferred_platt_red_win_probability,winner_brier,0.24124327763563674,50,lower
historical-uncontrolled-reference,ridge,historical,,observation:medium,transferred_platt_red_win_probability,winner_log_loss,1.040779867709847,50,lower
historical-uncontrolled-reference,ridge,historical,,observation:medium,transferred_platt_red_win_probability,winner_ece,0.23799151020909015,50,lower
historical-uncontrolled-reference,ridge,historical,,observation:medium,transferred_score_red_win_probability,alliance_score_mae,162.1414673101531,100,lower
historical-uncontrolled-reference,ridge,historical,,observation:medium,transferred_score_red_win_probability,alliance_score_rmse,201.70106389896804,100,lower
historical-uncontrolled-reference,ridge,historical,,observation:medium,transferred_score_red_win_probability,score_differential_mae,179.18490664640677,50,lower
historical-uncontrolled-reference,ridge,historical,,observation:medium,transferred_score_red_win_probability,score_differential_rmse,228.46503006675098,50,lower
historical-uncontrolled-reference,ridge,historical,,observation:medium,transferred_score_red_win_probability,mean_bias,-110.15599483662854,100,lower
historical-uncontrolled-reference,ridge,historical,,observation:medium,transferred_score_red_win_probability,relative_bias,-0.28619380316089515,100,lower
historical-uncontrolled-reference,ridge,historical,,observation:medium,transferred_score_red_win_probability,winner_accuracy,0.7,50,higher
historical-uncontrolled-reference,ridge,historical,,observation:medium,transferred_score_red_win_probability,winner_brier,0.24124327763563674,50,lower
historical-uncontrolled-reference,ridge,historical,,observation:medium,transferred_score_red_win_probability,winner_log_loss,1.040779867709847,50,lower
historical-uncontrolled-reference,ridge,historical,,observation:medium,transferred_score_red_win_probability,winner_ece,0.23799151020909015,50,lower
historical-uncontrolled-reference,rolling-pridge,historical,,primary-clean,raw_pred_red_win_probability,alliance_score_mae,112.40348474327466,2216,lower
historical-uncontrolled-reference,rolling-pridge,historical,,primary-clean,raw_pred_red_win_probability,alliance_score_rmse,142.98909746763553,2216,lower
historical-uncontrolled-reference,rolling-pridge,historical,,primary-clean,raw_pred_red_win_probability,score_differential_mae,131.92784851102692,1108,lower
historical-uncontrolled-reference,rolling-pridge,historical,,primary-clean,raw_pred_red_win_probability,score_differential_rmse,168.09933114161194,1108,lower
historical-uncontrolled-reference,rolling-pridge,historical,,primary-clean,raw_pred_red_win_probability,mean_bias,-53.872366592783074,2216,lower
historical-uncontrolled-reference,rolling-pridge,historical,,primary-clean,raw_pred_red_win_probability,relative_bias,-0.12394391158685415,2216,lower
historical-uncontrolled-reference,rolling-pridge,historical,,primary-clean,raw_pred_red_win_probability,winner_accuracy,0.6998191681735986,1106,higher
historical-uncontrolled-reference,rolling-pridge,historical,,primary-clean,raw_pred_red_win_probability,winner_brier,0.2371166493329923,1106,lower
historical-uncontrolled-reference,rolling-pridge,historical,,primary-clean,raw_pred_red_win_probability,winner_log_loss,0.8849782646096298,1106,lower
historical-uncontrolled-reference,rolling-pridge,historical,,primary-clean,raw_pred_red_win_probability,winner_ece,0.19263378083717742,1106,lower
historical-uncontrolled-reference,rolling-pridge,historical,,primary-clean,transferred_platt_red_win_probability,alliance_score_mae,112.40348474327466,2216,lower
historical-uncontrolled-reference,rolling-pridge,historical,,primary-clean,transferred_platt_red_win_probability,alliance_score_rmse,142.98909746763553,2216,lower
historical-uncontrolled-reference,rolling-pridge,historical,,primary-clean,transferred_platt_red_win_probability,score_differential_mae,131.92784851102692,1108,lower
historical-uncontrolled-reference,rolling-pridge,historical,,primary-clean,transferred_platt_red_win_probability,score_differential_rmse,168.09933114161194,1108,lower
historical-uncontrolled-reference,rolling-pridge,historical,,primary-clean,transferred_platt_red_win_probability,mean_bias,-53.872366592783074,2216,lower
historical-uncontrolled-reference,rolling-pridge,historical,,primary-clean,transferred_platt_red_win_probability,relative_bias,-0.12394391158685415,2216,lower
historical-uncontrolled-reference,rolling-pridge,historical,,primary-clean,transferred_platt_red_win_probability,winner_accuracy,0.6998191681735986,1106,higher
historical-uncontrolled-reference,rolling-pridge,historical,,primary-clean,transferred_platt_red_win_probability,winner_brier,0.2371166493329923,1106,lower
historical-uncontrolled-reference,rolling-pridge,historical,,primary-clean,transferred_platt_red_win_probability,winner_log_loss,0.8849782646096298,1106,lower
historical-uncontrolled-reference,rolling-pridge,historical,,primary-clean,transferred_platt_red_win_probability,winner_ece,0.19263378083717742,1106,lower
historical-uncontrolled-reference,rolling-pridge,historical,,primary-clean,transferred_score_red_win_probability,alliance_score_mae,112.40348474327466,2216,lower
historical-uncontrolled-reference,rolling-pridge,historical,,primary-clean,transferred_score_red_win_probability,alliance_score_rmse,142.98909746763553,2216,lower
historical-uncontrolled-reference,rolling-pridge,historical,,primary-clean,transferred_score_red_win_probability,score_differential_mae,131.92784851102692,1108,lower
historical-uncontrolled-reference,rolling-pridge,historical,,primary-clean,transferred_score_red_win_probability,score_differential_rmse,168.09933114161194,1108,lower
historical-uncontrolled-reference,rolling-pridge,historical,,primary-clean,transferred_score_red_win_probability,mean_bias,-53.872366592783074,2216,lower
historical-uncontrolled-reference,rolling-pridge,historical,,primary-clean,transferred_score_red_win_probability,relative_bias,-0.12394391158685415,2216,lower
historical-uncontrolled-reference,rolling-pridge,historical,,primary-clean,transferred_score_red_win_probability,winner_accuracy,0.6998191681735986,1106,higher
historical-uncontrolled-reference,rolling-pridge,historical,,primary-clean,transferred_score_red_win_probability,winner_brier,0.2371166493329923,1106,lower
historical-uncontrolled-reference,rolling-pridge,historical,,primary-clean,transferred_score_red_win_probability,winner_log_loss,0.8849782646096298,1106,lower
historical-uncontrolled-reference,rolling-pridge,historical,,primary-clean,transferred_score_red_win_probability,winner_ece,0.19263378083717742,1106,lower
historical-uncontrolled-reference,rolling-pridge,historical,,all-official,raw_pred_red_win_probability,alliance_score_mae,112.49621101998889,2238,lower
historical-uncontrolled-reference,rolling-pridge,historical,,all-official,raw_pred_red_win_probability,alliance_score_rmse,143.420409043407,2238,lower
historical-uncontrolled-reference,rolling-pridge,historical,,all-official,raw_pred_red_win_probability,score_differential_mae,132.59843910150343,1119,lower
historical-uncontrolled-reference,rolling-pridge,historical,,all-official,raw_pred_red_win_probability,score_differential_rmse,169.10637314856734,1119,lower
historical-uncontrolled-reference,rolling-pridge,historical,,all-official,raw_pred_red_win_probability,mean_bias,-53.57298520681574,2238,lower
historical-uncontrolled-reference,rolling-pridge,historical,,all-official,raw_pred_red_win_probability,relative_bias,-0.12342735053701659,2238,lower
historical-uncontrolled-reference,rolling-pridge,historical,,all-official,raw_pred_red_win_probability,winner_accuracy,0.6982990152193375,1117,higher
historical-uncontrolled-reference,rolling-pridge,historical,,all-official,raw_pred_red_win_probability,winner_brier,0.23848567656914463,1117,lower
historical-uncontrolled-reference,rolling-pridge,historical,,all-official,raw_pred_red_win_probability,winner_log_loss,0.8878770865950385,1117,lower
historical-uncontrolled-reference,rolling-pridge,historical,,all-official,raw_pred_red_win_probability,winner_ece,0.19494723264459296,1117,lower
historical-uncontrolled-reference,rolling-pridge,historical,,all-official,transferred_platt_red_win_probability,alliance_score_mae,112.49621101998889,2238,lower
historical-uncontrolled-reference,rolling-pridge,historical,,all-official,transferred_platt_red_win_probability,alliance_score_rmse,143.420409043407,2238,lower
historical-uncontrolled-reference,rolling-pridge,historical,,all-official,transferred_platt_red_win_probability,score_differential_mae,132.59843910150343,1119,lower
historical-uncontrolled-reference,rolling-pridge,historical,,all-official,transferred_platt_red_win_probability,score_differential_rmse,169.10637314856734,1119,lower
historical-uncontrolled-reference,rolling-pridge,historical,,all-official,transferred_platt_red_win_probability,mean_bias,-53.57298520681574,2238,lower
historical-uncontrolled-reference,rolling-pridge,historical,,all-official,transferred_platt_red_win_probability,relative_bias,-0.12342735053701659,2238,lower
historical-uncontrolled-reference,rolling-pridge,historical,,all-official,transferred_platt_red_win_probability,winner_accuracy,0.6982990152193375,1117,higher
historical-uncontrolled-reference,rolling-pridge,historical,,all-official,transferred_platt_red_win_probability,winner_brier,0.23848567656914463,1117,lower
historical-uncontrolled-reference,rolling-pridge,historical,,all-official,transferred_platt_red_win_probability,winner_log_loss,0.8878770865950385,1117,lower
historical-uncontrolled-reference,rolling-pridge,historical,,all-official,transferred_platt_red_win_probability,winner_ece,0.19494723264459296,1117,lower
historical-uncontrolled-reference,rolling-pridge,historical,,all-official,transferred_score_red_win_probability,alliance_score_mae,112.49621101998889,2238,lower
historical-uncontrolled-reference,rolling-pridge,historical,,all-official,transferred_score_red_win_probability,alliance_score_rmse,143.420409043407,2238,lower
historical-uncontrolled-reference,rolling-pridge,historical,,all-official,transferred_score_red_win_probability,score_differential_mae,132.59843910150343,1119,lower
historical-uncontrolled-reference,rolling-pridge,historical,,all-official,transferred_score_red_win_probability,score_differential_rmse,169.10637314856734,1119,lower
historical-uncontrolled-reference,rolling-pridge,historical,,all-official,transferred_score_red_win_probability,mean_bias,-53.57298520681574,2238,lower
historical-uncontrolled-reference,rolling-pridge,historical,,all-official,transferred_score_red_win_probability,relative_bias,-0.12342735053701659,2238,lower
historical-uncontrolled-reference,rolling-pridge,historical,,all-official,transferred_score_red_win_probability,winner_accuracy,0.6982990152193375,1117,higher
historical-uncontrolled-reference,rolling-pridge,historical,,all-official,transferred_score_red_win_probability,winner_brier,0.23848567656914463,1117,lower
historical-uncontrolled-reference,rolling-pridge,historical,,all-official,transferred_score_red_win_probability,winner_log_loss,0.8878770865950385,1117,lower
historical-uncontrolled-reference,rolling-pridge,historical,,all-official,transferred_score_red_win_probability,winner_ece,0.19494723264459296,1117,lower
historical-uncontrolled-reference,rolling-pridge,historical,,DQ-only,raw_pred_red_win_probability,alliance_score_mae,121.83627598356794,22,lower
historical-uncontrolled-reference,rolling-pridge,historical,,DQ-only,raw_pred_red_win_probability,alliance_score_rmse,181.69322648170294,22,lower
historical-uncontrolled-reference,rolling-pridge,historical,,DQ-only,raw_pred_red_win_probability,score_differential_mae,200.14520039677393,11,lower
historical-uncontrolled-reference,rolling-pridge,historical,,DQ-only,raw_pred_red_win_probability,score_differential_rmse,250.60320001465726,11,lower
historical-uncontrolled-reference,rolling-pridge,historical,,DQ-only,raw_pred_red_win_probability,mean_bias,-23.41711469301532,22,lower
historical-uncontrolled-reference,rolling-pridge,historical,,DQ-only,raw_pred_red_win_probability,relative_bias,-0.06278811983501975,22,lower
historical-uncontrolled-reference,rolling-pridge,historical,,DQ-only,raw_pred_red_win_probability,winner_accuracy,0.5454545454545454,11,higher
historical-uncontrolled-reference,rolling-pridge,historical,,DQ-only,raw_pred_red_win_probability,winner_brier,0.3761351423131838,11,lower
historical-uncontrolled-reference,rolling-pridge,historical,,DQ-only,raw_pred_red_win_probability,winner_log_loss,1.179340460764316,11,lower
historical-uncontrolled-reference,rolling-pridge,historical,,DQ-only,raw_pred_red_win_probability,winner_ece,0.43318800722489453,11,lower
historical-uncontrolled-reference,rolling-pridge,historical,,DQ-only,transferred_platt_red_win_probability,alliance_score_mae,121.83627598356794,22,lower
historical-uncontrolled-reference,rolling-pridge,historical,,DQ-only,transferred_platt_red_win_probability,alliance_score_rmse,181.69322648170294,22,lower
historical-uncontrolled-reference,rolling-pridge,historical,,DQ-only,transferred_platt_red_win_probability,score_differential_mae,200.14520039677393,11,lower
historical-uncontrolled-reference,rolling-pridge,historical,,DQ-only,transferred_platt_red_win_probability,score_differential_rmse,250.60320001465726,11,lower
historical-uncontrolled-reference,rolling-pridge,historical,,DQ-only,transferred_platt_red_win_probability,mean_bias,-23.41711469301532,22,lower
historical-uncontrolled-reference,rolling-pridge,historical,,DQ-only,transferred_platt_red_win_probability,relative_bias,-0.06278811983501975,22,lower
historical-uncontrolled-reference,rolling-pridge,historical,,DQ-only,transferred_platt_red_win_probability,winner_accuracy,0.5454545454545454,11,higher
historical-uncontrolled-reference,rolling-pridge,historical,,DQ-only,transferred_platt_red_win_probability,winner_brier,0.3761351423131838,11,lower
historical-uncontrolled-reference,rolling-pridge,historical,,DQ-only,transferred_platt_red_win_probability,winner_log_loss,1.179340460764316,11,lower
historical-uncontrolled-reference,rolling-pridge,historical,,DQ-only,transferred_platt_red_win_probability,winner_ece,0.43318800722489453,11,lower
historical-uncontrolled-reference,rolling-pridge,historical,,DQ-only,transferred_score_red_win_probability,alliance_score_mae,121.83627598356794,22,lower
historical-uncontrolled-reference,rolling-pridge,historical,,DQ-only,transferred_score_red_win_probability,alliance_score_rmse,181.69322648170294,22,lower
historical-uncontrolled-reference,rolling-pridge,historical,,DQ-only,transferred_score_red_win_probability,score_differential_mae,200.14520039677393,11,lower
historical-uncontrolled-reference,rolling-pridge,historical,,DQ-only,transferred_score_red_win_probability,score_differential_rmse,250.60320001465726,11,lower
historical-uncontrolled-reference,rolling-pridge,historical,,DQ-only,transferred_score_red_win_probability,mean_bias,-23.41711469301532,22,lower
historical-uncontrolled-reference,rolling-pridge,historical,,DQ-only,transferred_score_red_win_probability,relative_bias,-0.06278811983501975,22,lower
historical-uncontrolled-reference,rolling-pridge,historical,,DQ-only,transferred_score_red_win_probability,winner_accuracy,0.5454545454545454,11,higher
historical-uncontrolled-reference,rolling-pridge,historical,,DQ-only,transferred_score_red_win_probability,winner_brier,0.3761351423131838,11,lower
historical-uncontrolled-reference,rolling-pridge,historical,,DQ-only,transferred_score_red_win_probability,winner_log_loss,1.179340460764316,11,lower
historical-uncontrolled-reference,rolling-pridge,historical,,DQ-only,transferred_score_red_win_probability,winner_ece,0.43318800722489453,11,lower
historical-uncontrolled-reference,rolling-pridge,historical,,surrogate-only,raw_pred_red_win_probability,alliance_score_mae,109.18769514336638,12,lower
historical-uncontrolled-reference,rolling-pridge,historical,,surrogate-only,raw_pred_red_win_probability,alliance_score_rmse,134.92970541800508,12,lower
historical-uncontrolled-reference,rolling-pridge,historical,,surrogate-only,raw_pred_red_win_probability,score_differential_mae,107.92877657352794,6,lower
historical-uncontrolled-reference,rolling-pridge,historical,,surrogate-only,raw_pred_red_win_probability,score_differential_rmse,137.97128241207446,6,lower
historical-uncontrolled-reference,rolling-pridge,historical,,surrogate-only,raw_pred_red_win_probability,mean_bias,-52.62333286592204,12,lower
historical-uncontrolled-reference,rolling-pridge,historical,,surrogate-only,raw_pred_red_win_probability,relative_bias,-0.13600689088758655,12,lower
historical-uncontrolled-reference,rolling-pridge,historical,,surrogate-only,raw_pred_red_win_probability,winner_accuracy,0.8333333333333334,6,higher
historical-uncontrolled-reference,rolling-pridge,historical,,surrogate-only,raw_pred_red_win_probability,winner_brier,0.16462278279053896,6,lower
historical-uncontrolled-reference,rolling-pridge,historical,,surrogate-only,raw_pred_red_win_probability,winner_log_loss,0.6794190871191687,6,lower
historical-uncontrolled-reference,rolling-pridge,historical,,surrogate-only,raw_pred_red_win_probability,winner_ece,0.18566292996908604,6,lower
historical-uncontrolled-reference,rolling-pridge,historical,,surrogate-only,transferred_platt_red_win_probability,alliance_score_mae,109.18769514336638,12,lower
historical-uncontrolled-reference,rolling-pridge,historical,,surrogate-only,transferred_platt_red_win_probability,alliance_score_rmse,134.92970541800508,12,lower
historical-uncontrolled-reference,rolling-pridge,historical,,surrogate-only,transferred_platt_red_win_probability,score_differential_mae,107.92877657352794,6,lower
historical-uncontrolled-reference,rolling-pridge,historical,,surrogate-only,transferred_platt_red_win_probability,score_differential_rmse,137.97128241207446,6,lower
historical-uncontrolled-reference,rolling-pridge,historical,,surrogate-only,transferred_platt_red_win_probability,mean_bias,-52.62333286592204,12,lower
historical-uncontrolled-reference,rolling-pridge,historical,,surrogate-only,transferred_platt_red_win_probability,relative_bias,-0.13600689088758655,12,lower
historical-uncontrolled-reference,rolling-pridge,historical,,surrogate-only,transferred_platt_red_win_probability,winner_accuracy,0.8333333333333334,6,higher
historical-uncontrolled-reference,rolling-pridge,historical,,surrogate-only,transferred_platt_red_win_probability,winner_brier,0.16462278279053896,6,lower
historical-uncontrolled-reference,rolling-pridge,historical,,surrogate-only,transferred_platt_red_win_probability,winner_log_loss,0.6794190871191687,6,lower
historical-uncontrolled-reference,rolling-pridge,historical,,surrogate-only,transferred_platt_red_win_probability,winner_ece,0.18566292996908604,6,lower
historical-uncontrolled-reference,rolling-pridge,historical,,surrogate-only,transferred_score_red_win_probability,alliance_score_mae,109.18769514336638,12,lower
historical-uncontrolled-reference,rolling-pridge,historical,,surrogate-only,transferred_score_red_win_probability,alliance_score_rmse,134.92970541800508,12,lower
historical-uncontrolled-reference,rolling-pridge,historical,,surrogate-only,transferred_score_red_win_probability,score_differential_mae,107.92877657352794,6,lower
historical-uncontrolled-reference,rolling-pridge,historical,,surrogate-only,transferred_score_red_win_probability,score_differential_rmse,137.97128241207446,6,lower
historical-uncontrolled-reference,rolling-pridge,historical,,surrogate-only,transferred_score_red_win_probability,mean_bias,-52.62333286592204,12,lower
historical-uncontrolled-reference,rolling-pridge,historical,,surrogate-only,transferred_score_red_win_probability,relative_bias,-0.13600689088758655,12,lower
historical-uncontrolled-reference,rolling-pridge,historical,,surrogate-only,transferred_score_red_win_probability,winner_accuracy,0.8333333333333334,6,higher
historical-uncontrolled-reference,rolling-pridge,historical,,surrogate-only,transferred_score_red_win_probability,winner_brier,0.16462278279053896,6,lower
historical-uncontrolled-reference,rolling-pridge,historical,,surrogate-only,transferred_score_red_win_probability,winner_log_loss,0.6794190871191687,6,lower
historical-uncontrolled-reference,rolling-pridge,historical,,surrogate-only,transferred_score_red_win_probability,winner_ece,0.18566292996908604,6,lower
historical-uncontrolled-reference,rolling-pridge,historical,,division:2026arc,raw_pred_red_win_probability,alliance_score_mae,101.56336492112993,282,lower
historical-uncontrolled-reference,rolling-pridge,historical,,division:2026arc,raw_pred_red_win_probability,alliance_score_rmse,128.13370562238592,282,lower
historical-uncontrolled-reference,rolling-pridge,historical,,division:2026arc,raw_pred_red_win_probability,score_differential_mae,127.40987308117897,141,lower
historical-uncontrolled-reference,rolling-pridge,historical,,division:2026arc,raw_pred_red_win_probability,score_differential_rmse,163.93616957894588,141,lower
historical-uncontrolled-reference,rolling-pridge,historical,,division:2026arc,raw_pred_red_win_probability,mean_bias,-34.11031409899464,282,lower
historical-uncontrolled-reference,rolling-pridge,historical,,division:2026arc,raw_pred_red_win_probability,relative_bias,-0.07673432923766305,282,lower
historical-uncontrolled-reference,rolling-pridge,historical,,division:2026arc,raw_pred_red_win_probability,winner_accuracy,0.7428571428571429,140,higher
historical-uncontrolled-reference,rolling-pridge,historical,,division:2026arc,raw_pred_red_win_probability,winner_brier,0.21030002509241288,140,lower
historical-uncontrolled-reference,rolling-pridge,historical,,division:2026arc,raw_pred_red_win_probability,winner_log_loss,0.8337223708072153,140,lower
historical-uncontrolled-reference,rolling-pridge,historical,,division:2026arc,raw_pred_red_win_probability,winner_ece,0.17628001566631732,140,lower
historical-uncontrolled-reference,rolling-pridge,historical,,division:2026arc,transferred_platt_red_win_probability,alliance_score_mae,101.56336492112993,282,lower
historical-uncontrolled-reference,rolling-pridge,historical,,division:2026arc,transferred_platt_red_win_probability,alliance_score_rmse,128.13370562238592,282,lower
historical-uncontrolled-reference,rolling-pridge,historical,,division:2026arc,transferred_platt_red_win_probability,score_differential_mae,127.40987308117897,141,lower
historical-uncontrolled-reference,rolling-pridge,historical,,division:2026arc,transferred_platt_red_win_probability,score_differential_rmse,163.93616957894588,141,lower
historical-uncontrolled-reference,rolling-pridge,historical,,division:2026arc,transferred_platt_red_win_probability,mean_bias,-34.11031409899464,282,lower
historical-uncontrolled-reference,rolling-pridge,historical,,division:2026arc,transferred_platt_red_win_probability,relative_bias,-0.07673432923766305,282,lower
historical-uncontrolled-reference,rolling-pridge,historical,,division:2026arc,transferred_platt_red_win_probability,winner_accuracy,0.7428571428571429,140,higher
historical-uncontrolled-reference,rolling-pridge,historical,,division:2026arc,transferred_platt_red_win_probability,winner_brier,0.21030002509241288,140,lower
historical-uncontrolled-reference,rolling-pridge,historical,,division:2026arc,transferred_platt_red_win_probability,winner_log_loss,0.8337223708072153,140,lower
historical-uncontrolled-reference,rolling-pridge,historical,,division:2026arc,transferred_platt_red_win_probability,winner_ece,0.17628001566631732,140,lower
historical-uncontrolled-reference,rolling-pridge,historical,,division:2026arc,transferred_score_red_win_probability,alliance_score_mae,101.56336492112993,282,lower
historical-uncontrolled-reference,rolling-pridge,historical,,division:2026arc,transferred_score_red_win_probability,alliance_score_rmse,128.13370562238592,282,lower
historical-uncontrolled-reference,rolling-pridge,historical,,division:2026arc,transferred_score_red_win_probability,score_differential_mae,127.40987308117897,141,lower
historical-uncontrolled-reference,rolling-pridge,historical,,division:2026arc,transferred_score_red_win_probability,score_differential_rmse,163.93616957894588,141,lower
historical-uncontrolled-reference,rolling-pridge,historical,,division:2026arc,transferred_score_red_win_probability,mean_bias,-34.11031409899464,282,lower
historical-uncontrolled-reference,rolling-pridge,historical,,division:2026arc,transferred_score_red_win_probability,relative_bias,-0.07673432923766305,282,lower
historical-uncontrolled-reference,rolling-pridge,historical,,division:2026arc,transferred_score_red_win_probability,winner_accuracy,0.7428571428571429,140,higher
historical-uncontrolled-reference,rolling-pridge,historical,,division:2026arc,transferred_score_red_win_probability,winner_brier,0.21030002509241288,140,lower
historical-uncontrolled-reference,rolling-pridge,historical,,division:2026arc,transferred_score_red_win_probability,winner_log_loss,0.8337223708072153,140,lower
historical-uncontrolled-reference,rolling-pridge,historical,,division:2026arc,transferred_score_red_win_probability,winner_ece,0.17628001566631732,140,lower
historical-uncontrolled-reference,rolling-pridge,historical,,division:2026cur,raw_pred_red_win_probability,alliance_score_mae,104.26032303021424,278,lower
historical-uncontrolled-reference,rolling-pridge,historical,,division:2026cur,raw_pred_red_win_probability,alliance_score_rmse,132.14733890781145,278,lower
historical-uncontrolled-reference,rolling-pridge,historical,,division:2026cur,raw_pred_red_win_probability,score_differential_mae,111.8724735558996,139,lower
historical-uncontrolled-reference,rolling-pridge,historical,,division:2026cur,raw_pred_red_win_probability,score_differential_rmse,138.4023696572746,139,lower
historical-uncontrolled-reference,rolling-pridge,historical,,division:2026cur,raw_pred_red_win_probability,mean_bias,-49.24082329058623,278,lower
historical-uncontrolled-reference,rolling-pridge,historical,,division:2026cur,raw_pred_red_win_probability,relative_bias,-0.11349574565369093,278,lower
historical-uncontrolled-reference,rolling-pridge,historical,,division:2026cur,raw_pred_red_win_probability,winner_accuracy,0.7697841726618705,139,higher
historical-uncontrolled-reference,rolling-pridge,historical,,division:2026cur,raw_pred_red_win_probability,winner_brier,0.20536029480736318,139,lower
historical-uncontrolled-reference,rolling-pridge,historical,,division:2026cur,raw_pred_red_win_probability,winner_log_loss,0.6826630911248034,139,lower
historical-uncontrolled-reference,rolling-pridge,historical,,division:2026cur,raw_pred_red_win_probability,winner_ece,0.2052216940284967,139,lower
historical-uncontrolled-reference,rolling-pridge,historical,,division:2026cur,transferred_platt_red_win_probability,alliance_score_mae,104.26032303021424,278,lower
historical-uncontrolled-reference,rolling-pridge,historical,,division:2026cur,transferred_platt_red_win_probability,alliance_score_rmse,132.14733890781145,278,lower
historical-uncontrolled-reference,rolling-pridge,historical,,division:2026cur,transferred_platt_red_win_probability,score_differential_mae,111.8724735558996,139,lower
historical-uncontrolled-reference,rolling-pridge,historical,,division:2026cur,transferred_platt_red_win_probability,score_differential_rmse,138.4023696572746,139,lower
historical-uncontrolled-reference,rolling-pridge,historical,,division:2026cur,transferred_platt_red_win_probability,mean_bias,-49.24082329058623,278,lower
historical-uncontrolled-reference,rolling-pridge,historical,,division:2026cur,transferred_platt_red_win_probability,relative_bias,-0.11349574565369093,278,lower
historical-uncontrolled-reference,rolling-pridge,historical,,division:2026cur,transferred_platt_red_win_probability,winner_accuracy,0.7697841726618705,139,higher
historical-uncontrolled-reference,rolling-pridge,historical,,division:2026cur,transferred_platt_red_win_probability,winner_brier,0.20536029480736318,139,lower
historical-uncontrolled-reference,rolling-pridge,historical,,division:2026cur,transferred_platt_red_win_probability,winner_log_loss,0.6826630911248034,139,lower
historical-uncontrolled-reference,rolling-pridge,historical,,division:2026cur,transferred_platt_red_win_probability,winner_ece,0.2052216940284967,139,lower
historical-uncontrolled-reference,rolling-pridge,historical,,division:2026cur,transferred_score_red_win_probability,alliance_score_mae,104.26032303021424,278,lower
historical-uncontrolled-reference,rolling-pridge,historical,,division:2026cur,transferred_score_red_win_probability,alliance_score_rmse,132.14733890781145,278,lower
historical-uncontrolled-reference,rolling-pridge,historical,,division:2026cur,transferred_score_red_win_probability,score_differential_mae,111.8724735558996,139,lower
historical-uncontrolled-reference,rolling-pridge,historical,,division:2026cur,transferred_score_red_win_probability,score_differential_rmse,138.4023696572746,139,lower
historical-uncontrolled-reference,rolling-pridge,historical,,division:2026cur,transferred_score_red_win_probability,mean_bias,-49.24082329058623,278,lower
historical-uncontrolled-reference,rolling-pridge,historical,,division:2026cur,transferred_score_red_win_probability,relative_bias,-0.11349574565369093,278,lower
historical-uncontrolled-reference,rolling-pridge,historical,,division:2026cur,transferred_score_red_win_probability,winner_accuracy,0.7697841726618705,139,higher
historical-uncontrolled-reference,rolling-pridge,historical,,division:2026cur,transferred_score_red_win_probability,winner_brier,0.20536029480736318,139,lower
historical-uncontrolled-reference,rolling-pridge,historical,,division:2026cur,transferred_score_red_win_probability,winner_log_loss,0.6826630911248034,139,lower
historical-uncontrolled-reference,rolling-pridge,historical,,division:2026cur,transferred_score_red_win_probability,winner_ece,0.2052216940284967,139,lower
historical-uncontrolled-reference,rolling-pridge,historical,,division:2026dal,raw_pred_red_win_probability,alliance_score_mae,96.59304516821317,280,lower
historical-uncontrolled-reference,rolling-pridge,historical,,division:2026dal,raw_pred_red_win_probability,alliance_score_rmse,125.03840222193656,280,lower
historical-uncontrolled-reference,rolling-pridge,historical,,division:2026dal,raw_pred_red_win_probability,score_differential_mae,133.30512827113384,140,lower
historical-uncontrolled-reference,rolling-pridge,historical,,division:2026dal,raw_pred_red_win_probability,score_differential_rmse,168.39062412001044,140,lower
historical-uncontrolled-reference,rolling-pridge,historical,,division:2026dal,raw_pred_red_win_probability,mean_bias,-11.690078482337436,280,lower
historical-uncontrolled-reference,rolling-pridge,historical,,division:2026dal,raw_pred_red_win_probability,relative_bias,-0.028673738765654135,280,lower
historical-uncontrolled-reference,rolling-pridge,historical,,division:2026dal,raw_pred_red_win_probability,winner_accuracy,0.6571428571428571,140,higher
historical-uncontrolled-reference,rolling-pridge,historical,,division:2026dal,raw_pred_red_win_probability,winner_brier,0.24892653861587227,140,lower
historical-uncontrolled-reference,rolling-pridge,historical,,division:2026dal,raw_pred_red_win_probability,winner_log_loss,0.8782569155871386,140,lower
historical-uncontrolled-reference,rolling-pridge,historical,,division:2026dal,raw_pred_red_win_probability,winner_ece,0.24465309417550324,140,lower
historical-uncontrolled-reference,rolling-pridge,historical,,division:2026dal,transferred_platt_red_win_probability,alliance_score_mae,96.59304516821317,280,lower
historical-uncontrolled-reference,rolling-pridge,historical,,division:2026dal,transferred_platt_red_win_probability,alliance_score_rmse,125.03840222193656,280,lower
historical-uncontrolled-reference,rolling-pridge,historical,,division:2026dal,transferred_platt_red_win_probability,score_differential_mae,133.30512827113384,140,lower
historical-uncontrolled-reference,rolling-pridge,historical,,division:2026dal,transferred_platt_red_win_probability,score_differential_rmse,168.39062412001044,140,lower
historical-uncontrolled-reference,rolling-pridge,historical,,division:2026dal,transferred_platt_red_win_probability,mean_bias,-11.690078482337436,280,lower
historical-uncontrolled-reference,rolling-pridge,historical,,division:2026dal,transferred_platt_red_win_probability,relative_bias,-0.028673738765654135,280,lower
historical-uncontrolled-reference,rolling-pridge,historical,,division:2026dal,transferred_platt_red_win_probability,winner_accuracy,0.6571428571428571,140,higher
historical-uncontrolled-reference,rolling-pridge,historical,,division:2026dal,transferred_platt_red_win_probability,winner_brier,0.24892653861587227,140,lower
historical-uncontrolled-reference,rolling-pridge,historical,,division:2026dal,transferred_platt_red_win_probability,winner_log_loss,0.8782569155871386,140,lower
historical-uncontrolled-reference,rolling-pridge,historical,,division:2026dal,transferred_platt_red_win_probability,winner_ece,0.24465309417550324,140,lower
historical-uncontrolled-reference,rolling-pridge,historical,,division:2026dal,transferred_score_red_win_probability,alliance_score_mae,96.59304516821317,280,lower
historical-uncontrolled-reference,rolling-pridge,historical,,division:2026dal,transferred_score_red_win_probability,alliance_score_rmse,125.03840222193656,280,lower
historical-uncontrolled-reference,rolling-pridge,historical,,division:2026dal,transferred_score_red_win_probability,score_differential_mae,133.30512827113384,140,lower
historical-uncontrolled-reference,rolling-pridge,historical,,division:2026dal,transferred_score_red_win_probability,score_differential_rmse,168.39062412001044,140,lower
historical-uncontrolled-reference,rolling-pridge,historical,,division:2026dal,transferred_score_red_win_probability,mean_bias,-11.690078482337436,280,lower
historical-uncontrolled-reference,rolling-pridge,historical,,division:2026dal,transferred_score_red_win_probability,relative_bias,-0.028673738765654135,280,lower
historical-uncontrolled-reference,rolling-pridge,historical,,division:2026dal,transferred_score_red_win_probability,winner_accuracy,0.6571428571428571,140,higher
historical-uncontrolled-reference,rolling-pridge,historical,,division:2026dal,transferred_score_red_win_probability,winner_brier,0.24892653861587227,140,lower
historical-uncontrolled-reference,rolling-pridge,historical,,division:2026dal,transferred_score_red_win_probability,winner_log_loss,0.8782569155871386,140,lower
historical-uncontrolled-reference,rolling-pridge,historical,,division:2026dal,transferred_score_red_win_probability,winner_ece,0.24465309417550324,140,lower
historical-uncontrolled-reference,rolling-pridge,historical,,division:2026gal,raw_pred_red_win_probability,alliance_score_mae,129.62976751920442,280,lower
historical-uncontrolled-reference,rolling-pridge,historical,,division:2026gal,raw_pred_red_win_probability,alliance_score_rmse,170.3762340125757,280,lower
historical-uncontrolled-reference,rolling-pridge,historical,,division:2026gal,raw_pred_red_win_probability,score_differential_mae,159.03561878334645,140,lower
historical-uncontrolled-reference,rolling-pridge,historical,,division:2026gal,raw_pred_red_win_probability,score_differential_rmse,206.3425887307427,140,lower
historical-uncontrolled-reference,rolling-pridge,historical,,division:2026gal,raw_pred_red_win_probability,mean_bias,-83.10267566022851,280,lower
historical-uncontrolled-reference,rolling-pridge,historical,,division:2026gal,raw_pred_red_win_probability,relative_bias,-0.1953534869564019,280,lower
historical-uncontrolled-reference,rolling-pridge,historical,,division:2026gal,raw_pred_red_win_probability,winner_accuracy,0.6402877697841727,139,higher
historical-uncontrolled-reference,rolling-pridge,historical,,division:2026gal,raw_pred_red_win_probability,winner_brier,0.29500062350401857,139,lower
historical-uncontrolled-reference,rolling-pridge,historical,,division:2026gal,raw_pred_red_win_probability,winner_log_loss,1.1276273711507743,139,lower
historical-uncontrolled-reference,rolling-pridge,historical,,division:2026gal,raw_pred_red_win_probability,winner_ece,0.24419479908485556,139,lower
historical-uncontrolled-reference,rolling-pridge,historical,,division:2026gal,transferred_platt_red_win_probability,alliance_score_mae,129.62976751920442,280,lower
historical-uncontrolled-reference,rolling-pridge,historical,,division:2026gal,transferred_platt_red_win_probability,alliance_score_rmse,170.3762340125757,280,lower
historical-uncontrolled-reference,rolling-pridge,historical,,division:2026gal,transferred_platt_red_win_probability,score_differential_mae,159.03561878334645,140,lower
historical-uncontrolled-reference,rolling-pridge,historical,,division:2026gal,transferred_platt_red_win_probability,score_differential_rmse,206.3425887307427,140,lower
historical-uncontrolled-reference,rolling-pridge,historical,,division:2026gal,transferred_platt_red_win_probability,mean_bias,-83.10267566022851,280,lower
historical-uncontrolled-reference,rolling-pridge,historical,,division:2026gal,transferred_platt_red_win_probability,relative_bias,-0.1953534869564019,280,lower
historical-uncontrolled-reference,rolling-pridge,historical,,division:2026gal,transferred_platt_red_win_probability,winner_accuracy,0.6402877697841727,139,higher
historical-uncontrolled-reference,rolling-pridge,historical,,division:2026gal,transferred_platt_red_win_probability,winner_brier,0.29500062350401857,139,lower
historical-uncontrolled-reference,rolling-pridge,historical,,division:2026gal,transferred_platt_red_win_probability,winner_log_loss,1.1276273711507743,139,lower
historical-uncontrolled-reference,rolling-pridge,historical,,division:2026gal,transferred_platt_red_win_probability,winner_ece,0.24419479908485556,139,lower
historical-uncontrolled-reference,rolling-pridge,historical,,division:2026gal,transferred_score_red_win_probability,alliance_score_mae,129.62976751920442,280,lower
historical-uncontrolled-reference,rolling-pridge,historical,,division:2026gal,transferred_score_red_win_probability,alliance_score_rmse,170.3762340125757,280,lower
historical-uncontrolled-reference,rolling-pridge,historical,,division:2026gal,transferred_score_red_win_probability,score_differential_mae,159.03561878334645,140,lower
historical-uncontrolled-reference,rolling-pridge,historical,,division:2026gal,transferred_score_red_win_probability,score_differential_rmse,206.3425887307427,140,lower
historical-uncontrolled-reference,rolling-pridge,historical,,division:2026gal,transferred_score_red_win_probability,mean_bias,-83.10267566022851,280,lower
historical-uncontrolled-reference,rolling-pridge,historical,,division:2026gal,transferred_score_red_win_probability,relative_bias,-0.1953534869564019,280,lower
historical-uncontrolled-reference,rolling-pridge,historical,,division:2026gal,transferred_score_red_win_probability,winner_accuracy,0.6402877697841727,139,higher
historical-uncontrolled-reference,rolling-pridge,historical,,division:2026gal,transferred_score_red_win_probability,winner_brier,0.29500062350401857,139,lower
historical-uncontrolled-reference,rolling-pridge,historical,,division:2026gal,transferred_score_red_win_probability,winner_log_loss,1.1276273711507743,139,lower
historical-uncontrolled-reference,rolling-pridge,historical,,division:2026gal,transferred_score_red_win_probability,winner_ece,0.24419479908485556,139,lower
historical-uncontrolled-reference,rolling-pridge,historical,,division:2026hop,raw_pred_red_win_probability,alliance_score_mae,122.20891580563023,280,lower
historical-uncontrolled-reference,rolling-pridge,historical,,division:2026hop,raw_pred_red_win_probability,alliance_score_rmse,152.63523502078712,280,lower
historical-uncontrolled-reference,rolling-pridge,historical,,division:2026hop,raw_pred_red_win_probability,score_differential_mae,150.74756284106255,140,lower
historical-uncontrolled-reference,rolling-pridge,historical,,division:2026hop,raw_pred_red_win_probability,score_differential_rmse,191.46185801971725,140,lower
historical-uncontrolled-reference,rolling-pridge,historical,,division:2026hop,raw_pred_red_win_probability,mean_bias,-63.205799008889684,280,lower
historical-uncontrolled-reference,rolling-pridge,historical,,division:2026hop,raw_pred_red_win_probability,relative_bias,-0.13704639854486056,280,lower
historical-uncontrolled-reference,rolling-pridge,historical,,division:2026hop,raw_pred_red_win_probability,winner_accuracy,0.6857142857142857,140,higher
historical-uncontrolled-reference,rolling-pridge,historical,,division:2026hop,raw_pred_red_win_probability,winner_brier,0.25097939251278917,140,lower
historical-uncontrolled-reference,rolling-pridge,historical,,division:2026hop,raw_pred_red_win_probability,winner_log_loss,1.0449630181356755,140,lower
historical-uncontrolled-reference,rolling-pridge,historical,,division:2026hop,raw_pred_red_win_probability,winner_ece,0.22496144874056856,140,lower
historical-uncontrolled-reference,rolling-pridge,historical,,division:2026hop,transferred_platt_red_win_probability,alliance_score_mae,122.20891580563023,280,lower
historical-uncontrolled-reference,rolling-pridge,historical,,division:2026hop,transferred_platt_red_win_probability,alliance_score_rmse,152.63523502078712,280,lower
historical-uncontrolled-reference,rolling-pridge,historical,,division:2026hop,transferred_platt_red_win_probability,score_differential_mae,150.74756284106255,140,lower
historical-uncontrolled-reference,rolling-pridge,historical,,division:2026hop,transferred_platt_red_win_probability,score_differential_rmse,191.46185801971725,140,lower
historical-uncontrolled-reference,rolling-pridge,historical,,division:2026hop,transferred_platt_red_win_probability,mean_bias,-63.205799008889684,280,lower
historical-uncontrolled-reference,rolling-pridge,historical,,division:2026hop,transferred_platt_red_win_probability,relative_bias,-0.13704639854486056,280,lower
historical-uncontrolled-reference,rolling-pridge,historical,,division:2026hop,transferred_platt_red_win_probability,winner_accuracy,0.6857142857142857,140,higher
historical-uncontrolled-reference,rolling-pridge,historical,,division:2026hop,transferred_platt_red_win_probability,winner_brier,0.25097939251278917,140,lower
historical-uncontrolled-reference,rolling-pridge,historical,,division:2026hop,transferred_platt_red_win_probability,winner_log_loss,1.0449630181356755,140,lower
historical-uncontrolled-reference,rolling-pridge,historical,,division:2026hop,transferred_platt_red_win_probability,winner_ece,0.22496144874056856,140,lower
historical-uncontrolled-reference,rolling-pridge,historical,,division:2026hop,transferred_score_red_win_probability,alliance_score_mae,122.20891580563023,280,lower
historical-uncontrolled-reference,rolling-pridge,historical,,division:2026hop,transferred_score_red_win_probability,alliance_score_rmse,152.63523502078712,280,lower
historical-uncontrolled-reference,rolling-pridge,historical,,division:2026hop,transferred_score_red_win_probability,score_differential_mae,150.74756284106255,140,lower
historical-uncontrolled-reference,rolling-pridge,historical,,division:2026hop,transferred_score_red_win_probability,score_differential_rmse,191.46185801971725,140,lower
historical-uncontrolled-reference,rolling-pridge,historical,,division:2026hop,transferred_score_red_win_probability,mean_bias,-63.205799008889684,280,lower
historical-uncontrolled-reference,rolling-pridge,historical,,division:2026hop,transferred_score_red_win_probability,relative_bias,-0.13704639854486056,280,lower
historical-uncontrolled-reference,rolling-pridge,historical,,division:2026hop,transferred_score_red_win_probability,winner_accuracy,0.6857142857142857,140,higher
historical-uncontrolled-reference,rolling-pridge,historical,,division:2026hop,transferred_score_red_win_probability,winner_brier,0.25097939251278917,140,lower
historical-uncontrolled-reference,rolling-pridge,historical,,division:2026hop,transferred_score_red_win_probability,winner_log_loss,1.0449630181356755,140,lower
historical-uncontrolled-reference,rolling-pridge,historical,,division:2026hop,transferred_score_red_win_probability,winner_ece,0.22496144874056856,140,lower
historical-uncontrolled-reference,rolling-pridge,historical,,division:2026joh,raw_pred_red_win_probability,alliance_score_mae,108.25957757968452,280,lower
historical-uncontrolled-reference,rolling-pridge,historical,,division:2026joh,raw_pred_red_win_probability,alliance_score_rmse,136.96434577596486,280,lower
historical-uncontrolled-reference,rolling-pridge,historical,,division:2026joh,raw_pred_red_win_probability,score_differential_mae,130.08175475062566,140,lower
historical-uncontrolled-reference,rolling-pridge,historical,,division:2026joh,raw_pred_red_win_probability,score_differential_rmse,161.22341244054334,140,lower
historical-uncontrolled-reference,rolling-pridge,historical,,division:2026joh,raw_pred_red_win_probability,mean_bias,-41.03774104186801,280,lower
historical-uncontrolled-reference,rolling-pridge,historical,,division:2026joh,raw_pred_red_win_probability,relative_bias,-0.09884359132664983,280,lower
historical-uncontrolled-reference,rolling-pridge,historical,,division:2026joh,raw_pred_red_win_probability,winner_accuracy,0.6857142857142857,140,higher
historical-uncontrolled-reference,rolling-pridge,historical,,division:2026joh,raw_pred_red_win_probability,winner_brier,0.24154955343561665,140,lower
historical-uncontrolled-reference,rolling-pridge,historical,,division:2026joh,raw_pred_red_win_probability,winner_log_loss,0.875605720295489,140,lower
historical-uncontrolled-reference,rolling-pridge,historical,,division:2026joh,raw_pred_red_win_probability,winner_ece,0.21591426184247683,140,lower
historical-uncontrolled-reference,rolling-pridge,historical,,division:2026joh,transferred_platt_red_win_probability,alliance_score_mae,108.25957757968452,280,lower
historical-uncontrolled-reference,rolling-pridge,historical,,division:2026joh,transferred_platt_red_win_probability,alliance_score_rmse,136.96434577596486,280,lower
historical-uncontrolled-reference,rolling-pridge,historical,,division:2026joh,transferred_platt_red_win_probability,score_differential_mae,130.08175475062566,140,lower
historical-uncontrolled-reference,rolling-pridge,historical,,division:2026joh,transferred_platt_red_win_probability,score_differential_rmse,161.22341244054334,140,lower
historical-uncontrolled-reference,rolling-pridge,historical,,division:2026joh,transferred_platt_red_win_probability,mean_bias,-41.03774104186801,280,lower
historical-uncontrolled-reference,rolling-pridge,historical,,division:2026joh,transferred_platt_red_win_probability,relative_bias,-0.09884359132664983,280,lower
historical-uncontrolled-reference,rolling-pridge,historical,,division:2026joh,transferred_platt_red_win_probability,winner_accuracy,0.6857142857142857,140,higher
historical-uncontrolled-reference,rolling-pridge,historical,,division:2026joh,transferred_platt_red_win_probability,winner_brier,0.24154955343561665,140,lower
historical-uncontrolled-reference,rolling-pridge,historical,,division:2026joh,transferred_platt_red_win_probability,winner_log_loss,0.875605720295489,140,lower
historical-uncontrolled-reference,rolling-pridge,historical,,division:2026joh,transferred_platt_red_win_probability,winner_ece,0.21591426184247683,140,lower
historical-uncontrolled-reference,rolling-pridge,historical,,division:2026joh,transferred_score_red_win_probability,alliance_score_mae,108.25957757968452,280,lower
historical-uncontrolled-reference,rolling-pridge,historical,,division:2026joh,transferred_score_red_win_probability,alliance_score_rmse,136.96434577596486,280,lower
historical-uncontrolled-reference,rolling-pridge,historical,,division:2026joh,transferred_score_red_win_probability,score_differential_mae,130.08175475062566,140,lower
historical-uncontrolled-reference,rolling-pridge,historical,,division:2026joh,transferred_score_red_win_probability,score_differential_rmse,161.22341244054334,140,lower
historical-uncontrolled-reference,rolling-pridge,historical,,division:2026joh,transferred_score_red_win_probability,mean_bias,-41.03774104186801,280,lower
historical-uncontrolled-reference,rolling-pridge,historical,,division:2026joh,transferred_score_red_win_probability,relative_bias,-0.09884359132664983,280,lower
historical-uncontrolled-reference,rolling-pridge,historical,,division:2026joh,transferred_score_red_win_probability,winner_accuracy,0.6857142857142857,140,higher
historical-uncontrolled-reference,rolling-pridge,historical,,division:2026joh,transferred_score_red_win_probability,winner_brier,0.24154955343561665,140,lower
historical-uncontrolled-reference,rolling-pridge,historical,,division:2026joh,transferred_score_red_win_probability,winner_log_loss,0.875605720295489,140,lower
historical-uncontrolled-reference,rolling-pridge,historical,,division:2026joh,transferred_score_red_win_probability,winner_ece,0.21591426184247683,140,lower
historical-uncontrolled-reference,rolling-pridge,historical,,division:2026mil,raw_pred_red_win_probability,alliance_score_mae,114.7551597870736,278,lower
historical-uncontrolled-reference,rolling-pridge,historical,,division:2026mil,raw_pred_red_win_probability,alliance_score_rmse,145.2247234809244,278,lower
historical-uncontrolled-reference,rolling-pridge,historical,,division:2026mil,raw_pred_red_win_probability,score_differential_mae,129.11949392715115,139,lower
historical-uncontrolled-reference,rolling-pridge,historical,,division:2026mil,raw_pred_red_win_probability,score_differential_rmse,162.7614198187434,139,lower
historical-uncontrolled-reference,rolling-pridge,historical,,division:2026mil,raw_pred_red_win_probability,mean_bias,-62.96081981097355,278,lower
historical-uncontrolled-reference,rolling-pridge,historical,,division:2026mil,raw_pred_red_win_probability,relative_bias,-0.15294037177528438,278,lower
historical-uncontrolled-reference,rolling-pridge,historical,,division:2026mil,raw_pred_red_win_probability,winner_accuracy,0.6834532374100719,139,higher
historical-uncontrolled-reference,rolling-pridge,historical,,division:2026mil,raw_pred_red_win_probability,winner_brier,0.2434760804997203,139,lower
historical-uncontrolled-reference,rolling-pridge,historical,,division:2026mil,raw_pred_red_win_probability,winner_log_loss,0.9456468981708025,139,lower
historical-uncontrolled-reference,rolling-pridge,historical,,division:2026mil,raw_pred_red_win_probability,winner_ece,0.19826630056190786,139,lower
historical-uncontrolled-reference,rolling-pridge,historical,,division:2026mil,transferred_platt_red_win_probability,alliance_score_mae,114.7551597870736,278,lower
historical-uncontrolled-reference,rolling-pridge,historical,,division:2026mil,transferred_platt_red_win_probability,alliance_score_rmse,145.2247234809244,278,lower
historical-uncontrolled-reference,rolling-pridge,historical,,division:2026mil,transferred_platt_red_win_probability,score_differential_mae,129.11949392715115,139,lower
historical-uncontrolled-reference,rolling-pridge,historical,,division:2026mil,transferred_platt_red_win_probability,score_differential_rmse,162.7614198187434,139,lower
historical-uncontrolled-reference,rolling-pridge,historical,,division:2026mil,transferred_platt_red_win_probability,mean_bias,-62.96081981097355,278,lower
historical-uncontrolled-reference,rolling-pridge,historical,,division:2026mil,transferred_platt_red_win_probability,relative_bias,-0.15294037177528438,278,lower
historical-uncontrolled-reference,rolling-pridge,historical,,division:2026mil,transferred_platt_red_win_probability,winner_accuracy,0.6834532374100719,139,higher
historical-uncontrolled-reference,rolling-pridge,historical,,division:2026mil,transferred_platt_red_win_probability,winner_brier,0.2434760804997203,139,lower
historical-uncontrolled-reference,rolling-pridge,historical,,division:2026mil,transferred_platt_red_win_probability,winner_log_loss,0.9456468981708025,139,lower
historical-uncontrolled-reference,rolling-pridge,historical,,division:2026mil,transferred_platt_red_win_probability,winner_ece,0.19826630056190786,139,lower
historical-uncontrolled-reference,rolling-pridge,historical,,division:2026mil,transferred_score_red_win_probability,alliance_score_mae,114.7551597870736,278,lower
historical-uncontrolled-reference,rolling-pridge,historical,,division:2026mil,transferred_score_red_win_probability,alliance_score_rmse,145.2247234809244,278,lower
historical-uncontrolled-reference,rolling-pridge,historical,,division:2026mil,transferred_score_red_win_probability,score_differential_mae,129.11949392715115,139,lower
historical-uncontrolled-reference,rolling-pridge,historical,,division:2026mil,transferred_score_red_win_probability,score_differential_rmse,162.7614198187434,139,lower
historical-uncontrolled-reference,rolling-pridge,historical,,division:2026mil,transferred_score_red_win_probability,mean_bias,-62.96081981097355,278,lower
historical-uncontrolled-reference,rolling-pridge,historical,,division:2026mil,transferred_score_red_win_probability,relative_bias,-0.15294037177528438,278,lower
historical-uncontrolled-reference,rolling-pridge,historical,,division:2026mil,transferred_score_red_win_probability,winner_accuracy,0.6834532374100719,139,higher
historical-uncontrolled-reference,rolling-pridge,historical,,division:2026mil,transferred_score_red_win_probability,winner_brier,0.2434760804997203,139,lower
historical-uncontrolled-reference,rolling-pridge,historical,,division:2026mil,transferred_score_red_win_probability,winner_log_loss,0.9456468981708025,139,lower
historical-uncontrolled-reference,rolling-pridge,historical,,division:2026mil,transferred_score_red_win_probability,winner_ece,0.19826630056190786,139,lower
historical-uncontrolled-reference,rolling-pridge,historical,,division:2026new,raw_pred_red_win_probability,alliance_score_mae,122.73493368359087,280,lower
historical-uncontrolled-reference,rolling-pridge,historical,,division:2026new,raw_pred_red_win_probability,alliance_score_rmse,151.2471345142159,280,lower
historical-uncontrolled-reference,rolling-pridge,historical,,division:2026new,raw_pred_red_win_probability,score_differential_mae,119.07977656806047,140,lower
historical-uncontrolled-reference,rolling-pridge,historical,,division:2026new,raw_pred_red_win_probability,score_differential_rmse,150.33522438256927,140,lower
historical-uncontrolled-reference,rolling-pridge,historical,,division:2026new,raw_pred_red_win_probability,mean_bias,-83.41076128776035,280,lower
historical-uncontrolled-reference,rolling-pridge,historical,,division:2026new,raw_pred_red_win_probability,relative_bias,-0.17649202488171828,280,lower
historical-uncontrolled-reference,rolling-pridge,historical,,division:2026new,raw_pred_red_win_probability,winner_accuracy,0.7214285714285714,140,higher
historical-uncontrolled-reference,rolling-pridge,historical,,division:2026new,raw_pred_red_win_probability,winner_brier,0.21249561815039025,140,lower
historical-uncontrolled-reference,rolling-pridge,historical,,division:2026new,raw_pred_red_win_probability,winner_log_loss,0.7151906367788472,140,lower
historical-uncontrolled-reference,rolling-pridge,historical,,division:2026new,raw_pred_red_win_probability,winner_ece,0.18907638082748449,140,lower
historical-uncontrolled-reference,rolling-pridge,historical,,division:2026new,transferred_platt_red_win_probability,alliance_score_mae,122.73493368359087,280,lower
historical-uncontrolled-reference,rolling-pridge,historical,,division:2026new,transferred_platt_red_win_probability,alliance_score_rmse,151.2471345142159,280,lower
historical-uncontrolled-reference,rolling-pridge,historical,,division:2026new,transferred_platt_red_win_probability,score_differential_mae,119.07977656806047,140,lower
historical-uncontrolled-reference,rolling-pridge,historical,,division:2026new,transferred_platt_red_win_probability,score_differential_rmse,150.33522438256927,140,lower
historical-uncontrolled-reference,rolling-pridge,historical,,division:2026new,transferred_platt_red_win_probability,mean_bias,-83.41076128776035,280,lower
historical-uncontrolled-reference,rolling-pridge,historical,,division:2026new,transferred_platt_red_win_probability,relative_bias,-0.17649202488171828,280,lower
historical-uncontrolled-reference,rolling-pridge,historical,,division:2026new,transferred_platt_red_win_probability,winner_accuracy,0.7214285714285714,140,higher
historical-uncontrolled-reference,rolling-pridge,historical,,division:2026new,transferred_platt_red_win_probability,winner_brier,0.21249561815039025,140,lower
historical-uncontrolled-reference,rolling-pridge,historical,,division:2026new,transferred_platt_red_win_probability,winner_log_loss,0.7151906367788472,140,lower
historical-uncontrolled-reference,rolling-pridge,historical,,division:2026new,transferred_platt_red_win_probability,winner_ece,0.18907638082748449,140,lower
historical-uncontrolled-reference,rolling-pridge,historical,,division:2026new,transferred_score_red_win_probability,alliance_score_mae,122.73493368359087,280,lower
historical-uncontrolled-reference,rolling-pridge,historical,,division:2026new,transferred_score_red_win_probability,alliance_score_rmse,151.2471345142159,280,lower
historical-uncontrolled-reference,rolling-pridge,historical,,division:2026new,transferred_score_red_win_probability,score_differential_mae,119.07977656806047,140,lower
historical-uncontrolled-reference,rolling-pridge,historical,,division:2026new,transferred_score_red_win_probability,score_differential_rmse,150.33522438256927,140,lower
historical-uncontrolled-reference,rolling-pridge,historical,,division:2026new,transferred_score_red_win_probability,mean_bias,-83.41076128776035,280,lower
historical-uncontrolled-reference,rolling-pridge,historical,,division:2026new,transferred_score_red_win_probability,relative_bias,-0.17649202488171828,280,lower
historical-uncontrolled-reference,rolling-pridge,historical,,division:2026new,transferred_score_red_win_probability,winner_accuracy,0.7214285714285714,140,higher
historical-uncontrolled-reference,rolling-pridge,historical,,division:2026new,transferred_score_red_win_probability,winner_brier,0.21249561815039025,140,lower
historical-uncontrolled-reference,rolling-pridge,historical,,division:2026new,transferred_score_red_win_probability,winner_log_loss,0.7151906367788472,140,lower
historical-uncontrolled-reference,rolling-pridge,historical,,division:2026new,transferred_score_red_win_probability,winner_ece,0.18907638082748449,140,lower
historical-uncontrolled-reference,rolling-pridge,historical,,observation:high,raw_pred_red_win_probability,alliance_score_mae,110.13783096412429,2134,lower
historical-uncontrolled-reference,rolling-pridge,historical,,observation:high,raw_pred_red_win_probability,alliance_score_rmse,140.17599943923932,2134,lower
historical-uncontrolled-reference,rolling-pridge,historical,,observation:high,raw_pred_red_win_probability,score_differential_mae,130.18478739286158,1067,lower
historical-uncontrolled-reference,rolling-pridge,historical,,observation:high,raw_pred_red_win_probability,score_differential_rmse,165.24332081434554,1067,lower
historical-uncontrolled-reference,rolling-pridge,historical,,observation:high,raw_pred_red_win_probability,mean_bias,-50.97493820858186,2134,lower
historical-uncontrolled-reference,rolling-pridge,historical,,observation:high,raw_pred_red_win_probability,relative_bias,-0.11679248243194514,2134,lower
historical-uncontrolled-reference,rolling-pridge,historical,,observation:high,raw_pred_red_win_probability,winner_accuracy,0.6995305164319249,1065,higher
historical-uncontrolled-reference,rolling-pridge,historical,,observation:high,raw_pred_red_win_probability,winner_brier,0.2367089226630209,1065,lower
historical-uncontrolled-reference,rolling-pridge,historical,,observation:high,raw_pred_red_win_probability,winner_log_loss,0.8807228190942428,1065,lower
historical-uncontrolled-reference,rolling-pridge,historical,,observation:high,raw_pred_red_win_probability,winner_ece,0.19364343095512454,1065,lower
historical-uncontrolled-reference,rolling-pridge,historical,,observation:high,transferred_platt_red_win_probability,alliance_score_mae,110.13783096412429,2134,lower
historical-uncontrolled-reference,rolling-pridge,historical,,observation:high,transferred_platt_red_win_probability,alliance_score_rmse,140.17599943923932,2134,lower
historical-uncontrolled-reference,rolling-pridge,historical,,observation:high,transferred_platt_red_win_probability,score_differential_mae,130.18478739286158,1067,lower
historical-uncontrolled-reference,rolling-pridge,historical,,observation:high,transferred_platt_red_win_probability,score_differential_rmse,165.24332081434554,1067,lower
historical-uncontrolled-reference,rolling-pridge,historical,,observation:high,transferred_platt_red_win_probability,mean_bias,-50.97493820858186,2134,lower
historical-uncontrolled-reference,rolling-pridge,historical,,observation:high,transferred_platt_red_win_probability,relative_bias,-0.11679248243194514,2134,lower
historical-uncontrolled-reference,rolling-pridge,historical,,observation:high,transferred_platt_red_win_probability,winner_accuracy,0.6995305164319249,1065,higher
historical-uncontrolled-reference,rolling-pridge,historical,,observation:high,transferred_platt_red_win_probability,winner_brier,0.2367089226630209,1065,lower
historical-uncontrolled-reference,rolling-pridge,historical,,observation:high,transferred_platt_red_win_probability,winner_log_loss,0.8807228190942428,1065,lower
historical-uncontrolled-reference,rolling-pridge,historical,,observation:high,transferred_platt_red_win_probability,winner_ece,0.19364343095512454,1065,lower
historical-uncontrolled-reference,rolling-pridge,historical,,observation:high,transferred_score_red_win_probability,alliance_score_mae,110.13783096412429,2134,lower
historical-uncontrolled-reference,rolling-pridge,historical,,observation:high,transferred_score_red_win_probability,alliance_score_rmse,140.17599943923932,2134,lower
historical-uncontrolled-reference,rolling-pridge,historical,,observation:high,transferred_score_red_win_probability,score_differential_mae,130.18478739286158,1067,lower
historical-uncontrolled-reference,rolling-pridge,historical,,observation:high,transferred_score_red_win_probability,score_differential_rmse,165.24332081434554,1067,lower
historical-uncontrolled-reference,rolling-pridge,historical,,observation:high,transferred_score_red_win_probability,mean_bias,-50.97493820858186,2134,lower
historical-uncontrolled-reference,rolling-pridge,historical,,observation:high,transferred_score_red_win_probability,relative_bias,-0.11679248243194514,2134,lower
historical-uncontrolled-reference,rolling-pridge,historical,,observation:high,transferred_score_red_win_probability,winner_accuracy,0.6995305164319249,1065,higher
historical-uncontrolled-reference,rolling-pridge,historical,,observation:high,transferred_score_red_win_probability,winner_brier,0.2367089226630209,1065,lower
historical-uncontrolled-reference,rolling-pridge,historical,,observation:high,transferred_score_red_win_probability,winner_log_loss,0.8807228190942428,1065,lower
historical-uncontrolled-reference,rolling-pridge,historical,,observation:high,transferred_score_red_win_probability,winner_ece,0.19364343095512454,1065,lower
historical-uncontrolled-reference,rolling-pridge,historical,,observation:low,raw_pred_red_win_probability,alliance_score_mae,161.7443970507736,4,lower
historical-uncontrolled-reference,rolling-pridge,historical,,observation:low,raw_pred_red_win_probability,alliance_score_rmse,175.8505263844709,4,lower
historical-uncontrolled-reference,rolling-pridge,historical,,observation:low,raw_pred_red_win_probability,score_differential_mae,121.68608376586576,2,lower
historical-uncontrolled-reference,rolling-pridge,historical,,observation:low,raw_pred_red_win_probability,score_differential_rmse,137.55163049374156,2,lower
historical-uncontrolled-reference,rolling-pridge,historical,,observation:low,raw_pred_red_win_probability,mean_bias,-161.7443970507736,4,lower
historical-uncontrolled-reference,rolling-pridge,historical,,observation:low,raw_pred_red_win_probability,relative_bias,-0.43074406671311216,4,lower
historical-uncontrolled-reference,rolling-pridge,historical,,observation:low,raw_pred_red_win_probability,winner_accuracy,0.5,2,higher
historical-uncontrolled-reference,rolling-pridge,historical,,observation:low,raw_pred_red_win_probability,winner_brier,0.2490663492619801,2,lower
historical-uncontrolled-reference,rolling-pridge,historical,,observation:low,raw_pred_red_win_probability,winner_log_loss,0.6327542035025966,2,lower
historical-uncontrolled-reference,rolling-pridge,historical,,observation:low,raw_pred_red_win_probability,winner_ece,0.3751757446701492,2,lower
historical-uncontrolled-reference,rolling-pridge,historical,,observation:low,transferred_platt_red_win_probability,alliance_score_mae,161.7443970507736,4,lower
historical-uncontrolled-reference,rolling-pridge,historical,,observation:low,transferred_platt_red_win_probability,alliance_score_rmse,175.8505263844709,4,lower
historical-uncontrolled-reference,rolling-pridge,historical,,observation:low,transferred_platt_red_win_probability,score_differential_mae,121.68608376586576,2,lower
historical-uncontrolled-reference,rolling-pridge,historical,,observation:low,transferred_platt_red_win_probability,score_differential_rmse,137.55163049374156,2,lower
historical-uncontrolled-reference,rolling-pridge,historical,,observation:low,transferred_platt_red_win_probability,mean_bias,-161.7443970507736,4,lower
historical-uncontrolled-reference,rolling-pridge,historical,,observation:low,transferred_platt_red_win_probability,relative_bias,-0.43074406671311216,4,lower
historical-uncontrolled-reference,rolling-pridge,historical,,observation:low,transferred_platt_red_win_probability,winner_accuracy,0.5,2,higher
historical-uncontrolled-reference,rolling-pridge,historical,,observation:low,transferred_platt_red_win_probability,winner_brier,0.2490663492619801,2,lower
historical-uncontrolled-reference,rolling-pridge,historical,,observation:low,transferred_platt_red_win_probability,winner_log_loss,0.6327542035025966,2,lower
historical-uncontrolled-reference,rolling-pridge,historical,,observation:low,transferred_platt_red_win_probability,winner_ece,0.3751757446701492,2,lower
historical-uncontrolled-reference,rolling-pridge,historical,,observation:low,transferred_score_red_win_probability,alliance_score_mae,161.7443970507736,4,lower
historical-uncontrolled-reference,rolling-pridge,historical,,observation:low,transferred_score_red_win_probability,alliance_score_rmse,175.8505263844709,4,lower
historical-uncontrolled-reference,rolling-pridge,historical,,observation:low,transferred_score_red_win_probability,score_differential_mae,121.68608376586576,2,lower
historical-uncontrolled-reference,rolling-pridge,historical,,observation:low,transferred_score_red_win_probability,score_differential_rmse,137.55163049374156,2,lower
historical-uncontrolled-reference,rolling-pridge,historical,,observation:low,transferred_score_red_win_probability,mean_bias,-161.7443970507736,4,lower
historical-uncontrolled-reference,rolling-pridge,historical,,observation:low,transferred_score_red_win_probability,relative_bias,-0.43074406671311216,4,lower
historical-uncontrolled-reference,rolling-pridge,historical,,observation:low,transferred_score_red_win_probability,winner_accuracy,0.5,2,higher
historical-uncontrolled-reference,rolling-pridge,historical,,observation:low,transferred_score_red_win_probability,winner_brier,0.2490663492619801,2,lower
historical-uncontrolled-reference,rolling-pridge,historical,,observation:low,transferred_score_red_win_probability,winner_log_loss,0.6327542035025966,2,lower
historical-uncontrolled-reference,rolling-pridge,historical,,observation:low,transferred_score_red_win_probability,winner_ece,0.3751757446701492,2,lower
historical-uncontrolled-reference,rolling-pridge,historical,,observation:medium,raw_pred_red_win_probability,alliance_score_mae,160.85411397090854,100,lower
historical-uncontrolled-reference,rolling-pridge,historical,,observation:medium,raw_pred_red_win_probability,alliance_score_rmse,199.47493602763586,100,lower
historical-uncontrolled-reference,rolling-pridge,historical,,observation:medium,raw_pred_red_win_probability,score_differential_mae,184.54226077734648,50,lower
historical-uncontrolled-reference,rolling-pridge,historical,,observation:medium,raw_pred_red_win_probability,score_differential_rmse,237.79611270840454,50,lower
historical-uncontrolled-reference,rolling-pridge,historical,,observation:medium,raw_pred_red_win_probability,mean_bias,-104.68845167536846,100,lower
historical-uncontrolled-reference,rolling-pridge,historical,,observation:medium,raw_pred_red_win_probability,relative_bias,-0.2719887027159482,100,lower
historical-uncontrolled-reference,rolling-pridge,historical,,observation:medium,raw_pred_red_win_probability,winner_accuracy,0.68,50,higher
historical-uncontrolled-reference,rolling-pridge,historical,,observation:medium,raw_pred_red_win_probability,winner_brier,0.27590730786186657,50,lower
historical-uncontrolled-reference,rolling-pridge,historical,,observation:medium,raw_pred_red_win_probability,winner_log_loss,1.0504678996856873,50,lower
historical-uncontrolled-reference,rolling-pridge,historical,,observation:medium,raw_pred_red_win_probability,winner_ece,0.2776987993231171,50,lower
historical-uncontrolled-reference,rolling-pridge,historical,,observation:medium,transferred_platt_red_win_probability,alliance_score_mae,160.85411397090854,100,lower
historical-uncontrolled-reference,rolling-pridge,historical,,observation:medium,transferred_platt_red_win_probability,alliance_score_rmse,199.47493602763586,100,lower
historical-uncontrolled-reference,rolling-pridge,historical,,observation:medium,transferred_platt_red_win_probability,score_differential_mae,184.54226077734648,50,lower
historical-uncontrolled-reference,rolling-pridge,historical,,observation:medium,transferred_platt_red_win_probability,score_differential_rmse,237.79611270840454,50,lower
historical-uncontrolled-reference,rolling-pridge,historical,,observation:medium,transferred_platt_red_win_probability,mean_bias,-104.68845167536846,100,lower
historical-uncontrolled-reference,rolling-pridge,historical,,observation:medium,transferred_platt_red_win_probability,relative_bias,-0.2719887027159482,100,lower
historical-uncontrolled-reference,rolling-pridge,historical,,observation:medium,transferred_platt_red_win_probability,winner_accuracy,0.68,50,higher
historical-uncontrolled-reference,rolling-pridge,historical,,observation:medium,transferred_platt_red_win_probability,winner_brier,0.27590730786186657,50,lower
historical-uncontrolled-reference,rolling-pridge,historical,,observation:medium,transferred_platt_red_win_probability,winner_log_loss,1.0504678996856873,50,lower
historical-uncontrolled-reference,rolling-pridge,historical,,observation:medium,transferred_platt_red_win_probability,winner_ece,0.2776987993231171,50,lower
historical-uncontrolled-reference,rolling-pridge,historical,,observation:medium,transferred_score_red_win_probability,alliance_score_mae,160.85411397090854,100,lower
historical-uncontrolled-reference,rolling-pridge,historical,,observation:medium,transferred_score_red_win_probability,alliance_score_rmse,199.47493602763586,100,lower
historical-uncontrolled-reference,rolling-pridge,historical,,observation:medium,transferred_score_red_win_probability,score_differential_mae,184.54226077734648,50,lower
historical-uncontrolled-reference,rolling-pridge,historical,,observation:medium,transferred_score_red_win_probability,score_differential_rmse,237.79611270840454,50,lower
historical-uncontrolled-reference,rolling-pridge,historical,,observation:medium,transferred_score_red_win_probability,mean_bias,-104.68845167536846,100,lower
historical-uncontrolled-reference,rolling-pridge,historical,,observation:medium,transferred_score_red_win_probability,relative_bias,-0.2719887027159482,100,lower
historical-uncontrolled-reference,rolling-pridge,historical,,observation:medium,transferred_score_red_win_probability,winner_accuracy,0.68,50,higher
historical-uncontrolled-reference,rolling-pridge,historical,,observation:medium,transferred_score_red_win_probability,winner_brier,0.27590730786186657,50,lower
historical-uncontrolled-reference,rolling-pridge,historical,,observation:medium,transferred_score_red_win_probability,winner_log_loss,1.0504678996856873,50,lower
historical-uncontrolled-reference,rolling-pridge,historical,,observation:medium,transferred_score_red_win_probability,winner_ece,0.2776987993231171,50,lower
historical-uncontrolled-reference,teammate-set,historical,,primary-clean,raw_pred_red_win_probability,alliance_score_mae,108.87113533590883,2216,lower
historical-uncontrolled-reference,teammate-set,historical,,primary-clean,raw_pred_red_win_probability,alliance_score_rmse,137.00454732185815,2216,lower
historical-uncontrolled-reference,teammate-set,historical,,primary-clean,raw_pred_red_win_probability,score_differential_mae,124.71143474350599,1108,lower
historical-uncontrolled-reference,teammate-set,historical,,primary-clean,raw_pred_red_win_probability,score_differential_rmse,155.17222362514482,1108,lower
historical-uncontrolled-reference,teammate-set,historical,,primary-clean,raw_pred_red_win_probability,mean_bias,-73.4870734366066,2216,lower
historical-uncontrolled-reference,teammate-set,historical,,primary-clean,raw_pred_red_win_probability,relative_bias,-0.16907137942634212,2216,lower
historical-uncontrolled-reference,teammate-set,historical,,primary-clean,raw_pred_red_win_probability,winner_accuracy,0.6609403254972875,1106,higher
historical-uncontrolled-reference,teammate-set,historical,,primary-clean,raw_pred_red_win_probability,winner_brier,0.2023509753161126,1106,lower
historical-uncontrolled-reference,teammate-set,historical,,primary-clean,raw_pred_red_win_probability,winner_log_loss,0.5828136939023622,1106,lower
historical-uncontrolled-reference,teammate-set,historical,,primary-clean,raw_pred_red_win_probability,winner_ece,0.1290711993175665,1106,lower
historical-uncontrolled-reference,teammate-set,historical,,primary-clean,transferred_platt_red_win_probability,alliance_score_mae,108.87113533590883,2216,lower
historical-uncontrolled-reference,teammate-set,historical,,primary-clean,transferred_platt_red_win_probability,alliance_score_rmse,137.00454732185815,2216,lower
historical-uncontrolled-reference,teammate-set,historical,,primary-clean,transferred_platt_red_win_probability,score_differential_mae,124.71143474350599,1108,lower
historical-uncontrolled-reference,teammate-set,historical,,primary-clean,transferred_platt_red_win_probability,score_differential_rmse,155.17222362514482,1108,lower
historical-uncontrolled-reference,teammate-set,historical,,primary-clean,transferred_platt_red_win_probability,mean_bias,-73.4870734366066,2216,lower
historical-uncontrolled-reference,teammate-set,historical,,primary-clean,transferred_platt_red_win_probability,relative_bias,-0.16907137942634212,2216,lower
historical-uncontrolled-reference,teammate-set,historical,,primary-clean,transferred_platt_red_win_probability,winner_accuracy,0.6609403254972875,1106,higher
historical-uncontrolled-reference,teammate-set,historical,,primary-clean,transferred_platt_red_win_probability,winner_brier,0.2023509753161126,1106,lower
historical-uncontrolled-reference,teammate-set,historical,,primary-clean,transferred_platt_red_win_probability,winner_log_loss,0.5828136939023622,1106,lower
historical-uncontrolled-reference,teammate-set,historical,,primary-clean,transferred_platt_red_win_probability,winner_ece,0.1290711993175665,1106,lower
historical-uncontrolled-reference,teammate-set,historical,,primary-clean,transferred_score_red_win_probability,alliance_score_mae,108.87113533590883,2216,lower
historical-uncontrolled-reference,teammate-set,historical,,primary-clean,transferred_score_red_win_probability,alliance_score_rmse,137.00454732185815,2216,lower
historical-uncontrolled-reference,teammate-set,historical,,primary-clean,transferred_score_red_win_probability,score_differential_mae,124.71143474350599,1108,lower
historical-uncontrolled-reference,teammate-set,historical,,primary-clean,transferred_score_red_win_probability,score_differential_rmse,155.17222362514482,1108,lower
historical-uncontrolled-reference,teammate-set,historical,,primary-clean,transferred_score_red_win_probability,mean_bias,-73.4870734366066,2216,lower
historical-uncontrolled-reference,teammate-set,historical,,primary-clean,transferred_score_red_win_probability,relative_bias,-0.16907137942634212,2216,lower
historical-uncontrolled-reference,teammate-set,historical,,primary-clean,transferred_score_red_win_probability,winner_accuracy,0.6609403254972875,1106,higher
historical-uncontrolled-reference,teammate-set,historical,,primary-clean,transferred_score_red_win_probability,winner_brier,0.2023509753161126,1106,lower
historical-uncontrolled-reference,teammate-set,historical,,primary-clean,transferred_score_red_win_probability,winner_log_loss,0.5828136939023622,1106,lower
historical-uncontrolled-reference,teammate-set,historical,,primary-clean,transferred_score_red_win_probability,winner_ece,0.1290711993175665,1106,lower
historical-uncontrolled-reference,teammate-set,historical,,all-official,raw_pred_red_win_probability,alliance_score_mae,108.75596859987606,2238,lower
historical-uncontrolled-reference,teammate-set,historical,,all-official,raw_pred_red_win_probability,alliance_score_rmse,137.07609677441485,2238,lower
historical-uncontrolled-reference,teammate-set,historical,,all-official,raw_pred_red_win_probability,score_differential_mae,124.8477748387483,1119,lower
historical-uncontrolled-reference,teammate-set,historical,,all-official,raw_pred_red_win_probability,score_differential_rmse,155.60613434005134,1119,lower
historical-uncontrolled-reference,teammate-set,historical,,all-official,raw_pred_red_win_probability,mean_bias,-73.04890213413917,2238,lower
historical-uncontrolled-reference,teammate-set,historical,,all-official,raw_pred_red_win_probability,relative_bias,-0.16829811546337983,2238,lower
historical-uncontrolled-reference,teammate-set,historical,,all-official,raw_pred_red_win_probability,winner_accuracy,0.6598030438675022,1117,higher
historical-uncontrolled-reference,teammate-set,historical,,all-official,raw_pred_red_win_probability,winner_brier,0.20227170537848022,1117,lower
historical-uncontrolled-reference,teammate-set,historical,,all-official,raw_pred_red_win_probability,winner_log_loss,0.5825200944162415,1117,lower
historical-uncontrolled-reference,teammate-set,historical,,all-official,raw_pred_red_win_probability,winner_ece,0.12868127924662098,1117,lower
historical-uncontrolled-reference,teammate-set,historical,,all-official,transferred_platt_red_win_probability,alliance_score_mae,108.75596859987606,2238,lower
historical-uncontrolled-reference,teammate-set,historical,,all-official,transferred_platt_red_win_probability,alliance_score_rmse,137.07609677441485,2238,lower
historical-uncontrolled-reference,teammate-set,historical,,all-official,transferred_platt_red_win_probability,score_differential_mae,124.8477748387483,1119,lower
historical-uncontrolled-reference,teammate-set,historical,,all-official,transferred_platt_red_win_probability,score_differential_rmse,155.60613434005134,1119,lower
historical-uncontrolled-reference,teammate-set,historical,,all-official,transferred_platt_red_win_probability,mean_bias,-73.04890213413917,2238,lower
historical-uncontrolled-reference,teammate-set,historical,,all-official,transferred_platt_red_win_probability,relative_bias,-0.16829811546337983,2238,lower
historical-uncontrolled-reference,teammate-set,historical,,all-official,transferred_platt_red_win_probability,winner_accuracy,0.6598030438675022,1117,higher
historical-uncontrolled-reference,teammate-set,historical,,all-official,transferred_platt_red_win_probability,winner_brier,0.20227170537848022,1117,lower
historical-uncontrolled-reference,teammate-set,historical,,all-official,transferred_platt_red_win_probability,winner_log_loss,0.5825200944162415,1117,lower
historical-uncontrolled-reference,teammate-set,historical,,all-official,transferred_platt_red_win_probability,winner_ece,0.12868127924662098,1117,lower
historical-uncontrolled-reference,teammate-set,historical,,all-official,transferred_score_red_win_probability,alliance_score_mae,108.75596859987606,2238,lower
historical-uncontrolled-reference,teammate-set,historical,,all-official,transferred_score_red_win_probability,alliance_score_rmse,137.07609677441485,2238,lower
historical-uncontrolled-reference,teammate-set,historical,,all-official,transferred_score_red_win_probability,score_differential_mae,124.8477748387483,1119,lower
historical-uncontrolled-reference,teammate-set,historical,,all-official,transferred_score_red_win_probability,score_differential_rmse,155.60613434005134,1119,lower
historical-uncontrolled-reference,teammate-set,historical,,all-official,transferred_score_red_win_probability,mean_bias,-73.04890213413917,2238,lower
historical-uncontrolled-reference,teammate-set,historical,,all-official,transferred_score_red_win_probability,relative_bias,-0.16829811546337983,2238,lower
historical-uncontrolled-reference,teammate-set,historical,,all-official,transferred_score_red_win_probability,winner_accuracy,0.6598030438675022,1117,higher
historical-uncontrolled-reference,teammate-set,historical,,all-official,transferred_score_red_win_probability,winner_brier,0.20227170537848022,1117,lower
historical-uncontrolled-reference,teammate-set,historical,,all-official,transferred_score_red_win_probability,winner_log_loss,0.5825200944162415,1117,lower
historical-uncontrolled-reference,teammate-set,historical,,all-official,transferred_score_red_win_probability,winner_ece,0.12868127924662098,1117,lower
historical-uncontrolled-reference,teammate-set,historical,,DQ-only,raw_pred_red_win_probability,alliance_score_mae,97.15553737039254,22,lower
historical-uncontrolled-reference,teammate-set,historical,,DQ-only,raw_pred_red_win_probability,alliance_score_rmse,144.10118098751138,22,lower
historical-uncontrolled-reference,teammate-set,historical,,DQ-only,raw_pred_red_win_probability,score_differential_mae,138.5809407958805,11,lower
historical-uncontrolled-reference,teammate-set,historical,,DQ-only,raw_pred_red_win_probability,score_differential_rmse,194.4128281852881,11,lower
historical-uncontrolled-reference,teammate-set,historical,,DQ-only,raw_pred_red_win_probability,mean_bias,-28.91310184923918,22,lower
historical-uncontrolled-reference,teammate-set,historical,,DQ-only,raw_pred_red_win_probability,relative_bias,-0.07752446565304838,22,lower
historical-uncontrolled-reference,teammate-set,historical,,DQ-only,raw_pred_red_win_probability,winner_accuracy,0.5454545454545454,11,higher
historical-uncontrolled-reference,teammate-set,historical,,DQ-only,raw_pred_red_win_probability,winner_brier,0.19430147346744142,11,lower
historical-uncontrolled-reference,teammate-set,historical,,DQ-only,raw_pred_red_win_probability,winner_log_loss,0.5530000006299314,11,lower
historical-uncontrolled-reference,teammate-set,historical,,DQ-only,raw_pred_red_win_probability,winner_ece,0.2478775336612489,11,lower
historical-uncontrolled-reference,teammate-set,historical,,DQ-only,transferred_platt_red_win_probability,alliance_score_mae,97.15553737039254,22,lower
historical-uncontrolled-reference,teammate-set,historical,,DQ-only,transferred_platt_red_win_probability,alliance_score_rmse,144.10118098751138,22,lower
historical-uncontrolled-reference,teammate-set,historical,,DQ-only,transferred_platt_red_win_probability,score_differential_mae,138.5809407958805,11,lower
historical-uncontrolled-reference,teammate-set,historical,,DQ-only,transferred_platt_red_win_probability,score_differential_rmse,194.4128281852881,11,lower
historical-uncontrolled-reference,teammate-set,historical,,DQ-only,transferred_platt_red_win_probability,mean_bias,-28.91310184923918,22,lower
historical-uncontrolled-reference,teammate-set,historical,,DQ-only,transferred_platt_red_win_probability,relative_bias,-0.07752446565304838,22,lower
historical-uncontrolled-reference,teammate-set,historical,,DQ-only,transferred_platt_red_win_probability,winner_accuracy,0.5454545454545454,11,higher
historical-uncontrolled-reference,teammate-set,historical,,DQ-only,transferred_platt_red_win_probability,winner_brier,0.19430147346744142,11,lower
historical-uncontrolled-reference,teammate-set,historical,,DQ-only,transferred_platt_red_win_probability,winner_log_loss,0.5530000006299314,11,lower
historical-uncontrolled-reference,teammate-set,historical,,DQ-only,transferred_platt_red_win_probability,winner_ece,0.2478775336612489,11,lower
historical-uncontrolled-reference,teammate-set,historical,,DQ-only,transferred_score_red_win_probability,alliance_score_mae,97.15553737039254,22,lower
historical-uncontrolled-reference,teammate-set,historical,,DQ-only,transferred_score_red_win_probability,alliance_score_rmse,144.10118098751138,22,lower
historical-uncontrolled-reference,teammate-set,historical,,DQ-only,transferred_score_red_win_probability,score_differential_mae,138.5809407958805,11,lower
historical-uncontrolled-reference,teammate-set,historical,,DQ-only,transferred_score_red_win_probability,score_differential_rmse,194.4128281852881,11,lower
historical-uncontrolled-reference,teammate-set,historical,,DQ-only,transferred_score_red_win_probability,mean_bias,-28.91310184923918,22,lower
historical-uncontrolled-reference,teammate-set,historical,,DQ-only,transferred_score_red_win_probability,relative_bias,-0.07752446565304838,22,lower
historical-uncontrolled-reference,teammate-set,historical,,DQ-only,transferred_score_red_win_probability,winner_accuracy,0.5454545454545454,11,higher
historical-uncontrolled-reference,teammate-set,historical,,DQ-only,transferred_score_red_win_probability,winner_brier,0.19430147346744142,11,lower
historical-uncontrolled-reference,teammate-set,historical,,DQ-only,transferred_score_red_win_probability,winner_log_loss,0.5530000006299314,11,lower
historical-uncontrolled-reference,teammate-set,historical,,DQ-only,transferred_score_red_win_probability,winner_ece,0.2478775336612489,11,lower
historical-uncontrolled-reference,teammate-set,historical,,surrogate-only,raw_pred_red_win_probability,alliance_score_mae,85.8264846709074,12,lower
historical-uncontrolled-reference,teammate-set,historical,,surrogate-only,raw_pred_red_win_probability,alliance_score_rmse,110.59450590257835,12,lower
historical-uncontrolled-reference,teammate-set,historical,,surrogate-only,raw_pred_red_win_probability,score_differential_mae,73.8153525032702,6,lower
historical-uncontrolled-reference,teammate-set,historical,,surrogate-only,raw_pred_red_win_probability,score_differential_rmse,77.6324155603931,6,lower
historical-uncontrolled-reference,teammate-set,historical,,surrogate-only,raw_pred_red_win_probability,mean_bias,-46.519286451592016,12,lower
historical-uncontrolled-reference,teammate-set,historical,,surrogate-only,raw_pred_red_win_probability,relative_bias,-0.12023076403599056,12,lower
historical-uncontrolled-reference,teammate-set,historical,,surrogate-only,raw_pred_red_win_probability,winner_accuracy,0.8333333333333334,6,higher
historical-uncontrolled-reference,teammate-set,historical,,surrogate-only,raw_pred_red_win_probability,winner_brier,0.09896965461944139,6,lower
historical-uncontrolled-reference,teammate-set,historical,,surrogate-only,raw_pred_red_win_probability,winner_log_loss,0.32817534662945447,6,lower
historical-uncontrolled-reference,teammate-set,historical,,surrogate-only,raw_pred_red_win_probability,winner_ece,0.2387162394660993,6,lower
historical-uncontrolled-reference,teammate-set,historical,,surrogate-only,transferred_platt_red_win_probability,alliance_score_mae,85.8264846709074,12,lower
historical-uncontrolled-reference,teammate-set,historical,,surrogate-only,transferred_platt_red_win_probability,alliance_score_rmse,110.59450590257835,12,lower
historical-uncontrolled-reference,teammate-set,historical,,surrogate-only,transferred_platt_red_win_probability,score_differential_mae,73.8153525032702,6,lower
historical-uncontrolled-reference,teammate-set,historical,,surrogate-only,transferred_platt_red_win_probability,score_differential_rmse,77.6324155603931,6,lower
historical-uncontrolled-reference,teammate-set,historical,,surrogate-only,transferred_platt_red_win_probability,mean_bias,-46.519286451592016,12,lower
historical-uncontrolled-reference,teammate-set,historical,,surrogate-only,transferred_platt_red_win_probability,relative_bias,-0.12023076403599056,12,lower
historical-uncontrolled-reference,teammate-set,historical,,surrogate-only,transferred_platt_red_win_probability,winner_accuracy,0.8333333333333334,6,higher
historical-uncontrolled-reference,teammate-set,historical,,surrogate-only,transferred_platt_red_win_probability,winner_brier,0.09896965461944139,6,lower
historical-uncontrolled-reference,teammate-set,historical,,surrogate-only,transferred_platt_red_win_probability,winner_log_loss,0.32817534662945447,6,lower
historical-uncontrolled-reference,teammate-set,historical,,surrogate-only,transferred_platt_red_win_probability,winner_ece,0.2387162394660993,6,lower
historical-uncontrolled-reference,teammate-set,historical,,surrogate-only,transferred_score_red_win_probability,alliance_score_mae,85.8264846709074,12,lower
historical-uncontrolled-reference,teammate-set,historical,,surrogate-only,transferred_score_red_win_probability,alliance_score_rmse,110.59450590257835,12,lower
historical-uncontrolled-reference,teammate-set,historical,,surrogate-only,transferred_score_red_win_probability,score_differential_mae,73.8153525032702,6,lower
historical-uncontrolled-reference,teammate-set,historical,,surrogate-only,transferred_score_red_win_probability,score_differential_rmse,77.6324155603931,6,lower
historical-uncontrolled-reference,teammate-set,historical,,surrogate-only,transferred_score_red_win_probability,mean_bias,-46.519286451592016,12,lower
historical-uncontrolled-reference,teammate-set,historical,,surrogate-only,transferred_score_red_win_probability,relative_bias,-0.12023076403599056,12,lower
historical-uncontrolled-reference,teammate-set,historical,,surrogate-only,transferred_score_red_win_probability,winner_accuracy,0.8333333333333334,6,higher
historical-uncontrolled-reference,teammate-set,historical,,surrogate-only,transferred_score_red_win_probability,winner_brier,0.09896965461944139,6,lower
historical-uncontrolled-reference,teammate-set,historical,,surrogate-only,transferred_score_red_win_probability,winner_log_loss,0.32817534662945447,6,lower
historical-uncontrolled-reference,teammate-set,historical,,surrogate-only,transferred_score_red_win_probability,winner_ece,0.2387162394660993,6,lower
historical-uncontrolled-reference,teammate-set,historical,,division:2026arc,raw_pred_red_win_probability,alliance_score_mae,110.81134386768302,282,lower
historical-uncontrolled-reference,teammate-set,historical,,division:2026arc,raw_pred_red_win_probability,alliance_score_rmse,140.20261315156858,282,lower
historical-uncontrolled-reference,teammate-set,historical,,division:2026arc,raw_pred_red_win_probability,score_differential_mae,137.21166913348432,141,lower
historical-uncontrolled-reference,teammate-set,historical,,division:2026arc,raw_pred_red_win_probability,score_differential_rmse,168.33446105990225,141,lower
historical-uncontrolled-reference,teammate-set,historical,,division:2026arc,raw_pred_red_win_probability,mean_bias,-72.26032679693225,282,lower
historical-uncontrolled-reference,teammate-set,historical,,division:2026arc,raw_pred_red_win_probability,relative_bias,-0.1625563368066538,282,lower
historical-uncontrolled-reference,teammate-set,historical,,division:2026arc,raw_pred_red_win_probability,winner_accuracy,0.5714285714285714,140,higher
historical-uncontrolled-reference,teammate-set,historical,,division:2026arc,raw_pred_red_win_probability,winner_brier,0.2295371333930161,140,lower
historical-uncontrolled-reference,teammate-set,historical,,division:2026arc,raw_pred_red_win_probability,winner_log_loss,0.6502762283903905,140,lower
historical-uncontrolled-reference,teammate-set,historical,,division:2026arc,raw_pred_red_win_probability,winner_ece,0.18419869664026461,140,lower
historical-uncontrolled-reference,teammate-set,historical,,division:2026arc,transferred_platt_red_win_probability,alliance_score_mae,110.81134386768302,282,lower
historical-uncontrolled-reference,teammate-set,historical,,division:2026arc,transferred_platt_red_win_probability,alliance_score_rmse,140.20261315156858,282,lower
historical-uncontrolled-reference,teammate-set,historical,,division:2026arc,transferred_platt_red_win_probability,score_differential_mae,137.21166913348432,141,lower
historical-uncontrolled-reference,teammate-set,historical,,division:2026arc,transferred_platt_red_win_probability,score_differential_rmse,168.33446105990225,141,lower
historical-uncontrolled-reference,teammate-set,historical,,division:2026arc,transferred_platt_red_win_probability,mean_bias,-72.26032679693225,282,lower
historical-uncontrolled-reference,teammate-set,historical,,division:2026arc,transferred_platt_red_win_probability,relative_bias,-0.1625563368066538,282,lower
historical-uncontrolled-reference,teammate-set,historical,,division:2026arc,transferred_platt_red_win_probability,winner_accuracy,0.5714285714285714,140,higher
historical-uncontrolled-reference,teammate-set,historical,,division:2026arc,transferred_platt_red_win_probability,winner_brier,0.2295371333930161,140,lower
historical-uncontrolled-reference,teammate-set,historical,,division:2026arc,transferred_platt_red_win_probability,winner_log_loss,0.6502762283903905,140,lower
historical-uncontrolled-reference,teammate-set,historical,,division:2026arc,transferred_platt_red_win_probability,winner_ece,0.18419869664026461,140,lower
historical-uncontrolled-reference,teammate-set,historical,,division:2026arc,transferred_score_red_win_probability,alliance_score_mae,110.81134386768302,282,lower
historical-uncontrolled-reference,teammate-set,historical,,division:2026arc,transferred_score_red_win_probability,alliance_score_rmse,140.20261315156858,282,lower
historical-uncontrolled-reference,teammate-set,historical,,division:2026arc,transferred_score_red_win_probability,score_differential_mae,137.21166913348432,141,lower
historical-uncontrolled-reference,teammate-set,historical,,division:2026arc,transferred_score_red_win_probability,score_differential_rmse,168.33446105990225,141,lower
historical-uncontrolled-reference,teammate-set,historical,,division:2026arc,transferred_score_red_win_probability,mean_bias,-72.26032679693225,282,lower
historical-uncontrolled-reference,teammate-set,historical,,division:2026arc,transferred_score_red_win_probability,relative_bias,-0.1625563368066538,282,lower
historical-uncontrolled-reference,teammate-set,historical,,division:2026arc,transferred_score_red_win_probability,winner_accuracy,0.5714285714285714,140,higher
historical-uncontrolled-reference,teammate-set,historical,,division:2026arc,transferred_score_red_win_probability,winner_brier,0.2295371333930161,140,lower
historical-uncontrolled-reference,teammate-set,historical,,division:2026arc,transferred_score_red_win_probability,winner_log_loss,0.6502762283903905,140,lower
historical-uncontrolled-reference,teammate-set,historical,,division:2026arc,transferred_score_red_win_probability,winner_ece,0.18419869664026461,140,lower
historical-uncontrolled-reference,teammate-set,historical,,division:2026cur,raw_pred_red_win_probability,alliance_score_mae,102.52377569482583,278,lower
historical-uncontrolled-reference,teammate-set,historical,,division:2026cur,raw_pred_red_win_probability,alliance_score_rmse,131.21642384473034,278,lower
historical-uncontrolled-reference,teammate-set,historical,,division:2026cur,raw_pred_red_win_probability,score_differential_mae,115.9928157613095,139,lower
historical-uncontrolled-reference,teammate-set,historical,,division:2026cur,raw_pred_red_win_probability,score_differential_rmse,143.42070220225025,139,lower
historical-uncontrolled-reference,teammate-set,historical,,division:2026cur,raw_pred_red_win_probability,mean_bias,-66.97014081464653,278,lower
historical-uncontrolled-reference,teammate-set,historical,,division:2026cur,raw_pred_red_win_probability,relative_bias,-0.15436025558378713,278,lower
historical-uncontrolled-reference,teammate-set,historical,,division:2026cur,raw_pred_red_win_probability,winner_accuracy,0.697841726618705,139,higher
historical-uncontrolled-reference,teammate-set,historical,,division:2026cur,raw_pred_red_win_probability,winner_brier,0.18885711528752386,139,lower
historical-uncontrolled-reference,teammate-set,historical,,division:2026cur,raw_pred_red_win_probability,winner_log_loss,0.55169233928551,139,lower
historical-uncontrolled-reference,teammate-set,historical,,division:2026cur,raw_pred_red_win_probability,winner_ece,0.15658421250481175,139,lower
historical-uncontrolled-reference,teammate-set,historical,,division:2026cur,transferred_platt_red_win_probability,alliance_score_mae,102.52377569482583,278,lower
historical-uncontrolled-reference,teammate-set,historical,,division:2026cur,transferred_platt_red_win_probability,alliance_score_rmse,131.21642384473034,278,lower
historical-uncontrolled-reference,teammate-set,historical,,division:2026cur,transferred_platt_red_win_probability,score_differential_mae,115.9928157613095,139,lower
historical-uncontrolled-reference,teammate-set,historical,,division:2026cur,transferred_platt_red_win_probability,score_differential_rmse,143.42070220225025,139,lower
historical-uncontrolled-reference,teammate-set,historical,,division:2026cur,transferred_platt_red_win_probability,mean_bias,-66.97014081464653,278,lower
historical-uncontrolled-reference,teammate-set,historical,,division:2026cur,transferred_platt_red_win_probability,relative_bias,-0.15436025558378713,278,lower
historical-uncontrolled-reference,teammate-set,historical,,division:2026cur,transferred_platt_red_win_probability,winner_accuracy,0.697841726618705,139,higher
historical-uncontrolled-reference,teammate-set,historical,,division:2026cur,transferred_platt_red_win_probability,winner_brier,0.18885711528752386,139,lower
historical-uncontrolled-reference,teammate-set,historical,,division:2026cur,transferred_platt_red_win_probability,winner_log_loss,0.55169233928551,139,lower
historical-uncontrolled-reference,teammate-set,historical,,division:2026cur,transferred_platt_red_win_probability,winner_ece,0.15658421250481175,139,lower
historical-uncontrolled-reference,teammate-set,historical,,division:2026cur,transferred_score_red_win_probability,alliance_score_mae,102.52377569482583,278,lower
historical-uncontrolled-reference,teammate-set,historical,,division:2026cur,transferred_score_red_win_probability,alliance_score_rmse,131.21642384473034,278,lower
historical-uncontrolled-reference,teammate-set,historical,,division:2026cur,transferred_score_red_win_probability,score_differential_mae,115.9928157613095,139,lower
historical-uncontrolled-reference,teammate-set,historical,,division:2026cur,transferred_score_red_win_probability,score_differential_rmse,143.42070220225025,139,lower
historical-uncontrolled-reference,teammate-set,historical,,division:2026cur,transferred_score_red_win_probability,mean_bias,-66.97014081464653,278,lower
historical-uncontrolled-reference,teammate-set,historical,,division:2026cur,transferred_score_red_win_probability,relative_bias,-0.15436025558378713,278,lower
historical-uncontrolled-reference,teammate-set,historical,,division:2026cur,transferred_score_red_win_probability,winner_accuracy,0.697841726618705,139,higher
historical-uncontrolled-reference,teammate-set,historical,,division:2026cur,transferred_score_red_win_probability,winner_brier,0.18885711528752386,139,lower
historical-uncontrolled-reference,teammate-set,historical,,division:2026cur,transferred_score_red_win_probability,winner_log_loss,0.55169233928551,139,lower
historical-uncontrolled-reference,teammate-set,historical,,division:2026cur,transferred_score_red_win_probability,winner_ece,0.15658421250481175,139,lower
historical-uncontrolled-reference,teammate-set,historical,,division:2026dal,raw_pred_red_win_probability,alliance_score_mae,94.6950810247406,280,lower
historical-uncontrolled-reference,teammate-set,historical,,division:2026dal,raw_pred_red_win_probability,alliance_score_rmse,124.16818062679981,280,lower
historical-uncontrolled-reference,teammate-set,historical,,division:2026dal,raw_pred_red_win_probability,score_differential_mae,128.44820561467375,140,lower
historical-uncontrolled-reference,teammate-set,historical,,division:2026dal,raw_pred_red_win_probability,score_differential_rmse,162.08350560026517,140,lower
historical-uncontrolled-reference,teammate-set,historical,,division:2026dal,raw_pred_red_win_probability,mean_bias,-51.038260593186386,280,lower
historical-uncontrolled-reference,teammate-set,historical,,division:2026dal,raw_pred_red_win_probability,relative_bias,-0.12518801764364096,280,lower
historical-uncontrolled-reference,teammate-set,historical,,division:2026dal,raw_pred_red_win_probability,winner_accuracy,0.6285714285714286,140,higher
historical-uncontrolled-reference,teammate-set,historical,,division:2026dal,raw_pred_red_win_probability,winner_brier,0.20633273071224734,140,lower
historical-uncontrolled-reference,teammate-set,historical,,division:2026dal,raw_pred_red_win_probability,winner_log_loss,0.5866225131726276,140,lower
historical-uncontrolled-reference,teammate-set,historical,,division:2026dal,raw_pred_red_win_probability,winner_ece,0.20122100260843373,140,lower
historical-uncontrolled-reference,teammate-set,historical,,division:2026dal,transferred_platt_red_win_probability,alliance_score_mae,94.6950810247406,280,lower
historical-uncontrolled-reference,teammate-set,historical,,division:2026dal,transferred_platt_red_win_probability,alliance_score_rmse,124.16818062679981,280,lower
historical-uncontrolled-reference,teammate-set,historical,,division:2026dal,transferred_platt_red_win_probability,score_differential_mae,128.44820561467375,140,lower
historical-uncontrolled-reference,teammate-set,historical,,division:2026dal,transferred_platt_red_win_probability,score_differential_rmse,162.08350560026517,140,lower
historical-uncontrolled-reference,teammate-set,historical,,division:2026dal,transferred_platt_red_win_probability,mean_bias,-51.038260593186386,280,lower
historical-uncontrolled-reference,teammate-set,historical,,division:2026dal,transferred_platt_red_win_probability,relative_bias,-0.12518801764364096,280,lower
historical-uncontrolled-reference,teammate-set,historical,,division:2026dal,transferred_platt_red_win_probability,winner_accuracy,0.6285714285714286,140,higher
historical-uncontrolled-reference,teammate-set,historical,,division:2026dal,transferred_platt_red_win_probability,winner_brier,0.20633273071224734,140,lower
historical-uncontrolled-reference,teammate-set,historical,,division:2026dal,transferred_platt_red_win_probability,winner_log_loss,0.5866225131726276,140,lower
historical-uncontrolled-reference,teammate-set,historical,,division:2026dal,transferred_platt_red_win_probability,winner_ece,0.20122100260843373,140,lower
historical-uncontrolled-reference,teammate-set,historical,,division:2026dal,transferred_score_red_win_probability,alliance_score_mae,94.6950810247406,280,lower
historical-uncontrolled-reference,teammate-set,historical,,division:2026dal,transferred_score_red_win_probability,alliance_score_rmse,124.16818062679981,280,lower
historical-uncontrolled-reference,teammate-set,historical,,division:2026dal,transferred_score_red_win_probability,score_differential_mae,128.44820561467375,140,lower
historical-uncontrolled-reference,teammate-set,historical,,division:2026dal,transferred_score_red_win_probability,score_differential_rmse,162.08350560026517,140,lower
historical-uncontrolled-reference,teammate-set,historical,,division:2026dal,transferred_score_red_win_probability,mean_bias,-51.038260593186386,280,lower
historical-uncontrolled-reference,teammate-set,historical,,division:2026dal,transferred_score_red_win_probability,relative_bias,-0.12518801764364096,280,lower
historical-uncontrolled-reference,teammate-set,historical,,division:2026dal,transferred_score_red_win_probability,winner_accuracy,0.6285714285714286,140,higher
historical-uncontrolled-reference,teammate-set,historical,,division:2026dal,transferred_score_red_win_probability,winner_brier,0.20633273071224734,140,lower
historical-uncontrolled-reference,teammate-set,historical,,division:2026dal,transferred_score_red_win_probability,winner_log_loss,0.5866225131726276,140,lower
historical-uncontrolled-reference,teammate-set,historical,,division:2026dal,transferred_score_red_win_probability,winner_ece,0.20122100260843373,140,lower
historical-uncontrolled-reference,teammate-set,historical,,division:2026gal,raw_pred_red_win_probability,alliance_score_mae,121.6563164739552,280,lower
historical-uncontrolled-reference,teammate-set,historical,,division:2026gal,raw_pred_red_win_probability,alliance_score_rmse,151.43846965806966,280,lower
historical-uncontrolled-reference,teammate-set,historical,,division:2026gal,raw_pred_red_win_probability,score_differential_mae,128.04186075699502,140,lower
historical-uncontrolled-reference,teammate-set,historical,,division:2026gal,raw_pred_red_win_probability,score_differential_rmse,159.97517225119947,140,lower
historical-uncontrolled-reference,teammate-set,historical,,division:2026gal,raw_pred_red_win_probability,mean_bias,-95.13916117335376,280,lower
historical-uncontrolled-reference,teammate-set,historical,,division:2026gal,raw_pred_red_win_probability,relative_bias,-0.22364823675847784,280,lower
historical-uncontrolled-reference,teammate-set,historical,,division:2026gal,raw_pred_red_win_probability,winner_accuracy,0.6474820143884892,139,higher
historical-uncontrolled-reference,teammate-set,historical,,division:2026gal,raw_pred_red_win_probability,winner_brier,0.2010315807986072,139,lower
historical-uncontrolled-reference,teammate-set,historical,,division:2026gal,raw_pred_red_win_probability,winner_log_loss,0.5850815732545043,139,lower
historical-uncontrolled-reference,teammate-set,historical,,division:2026gal,raw_pred_red_win_probability,winner_ece,0.12778598187448512,139,lower
historical-uncontrolled-reference,teammate-set,historical,,division:2026gal,transferred_platt_red_win_probability,alliance_score_mae,121.6563164739552,280,lower
historical-uncontrolled-reference,teammate-set,historical,,division:2026gal,transferred_platt_red_win_probability,alliance_score_rmse,151.43846965806966,280,lower
historical-uncontrolled-reference,teammate-set,historical,,division:2026gal,transferred_platt_red_win_probability,score_differential_mae,128.04186075699502,140,lower
historical-uncontrolled-reference,teammate-set,historical,,division:2026gal,transferred_platt_red_win_probability,score_differential_rmse,159.97517225119947,140,lower
historical-uncontrolled-reference,teammate-set,historical,,division:2026gal,transferred_platt_red_win_probability,mean_bias,-95.13916117335376,280,lower
historical-uncontrolled-reference,teammate-set,historical,,division:2026gal,transferred_platt_red_win_probability,relative_bias,-0.22364823675847784,280,lower
historical-uncontrolled-reference,teammate-set,historical,,division:2026gal,transferred_platt_red_win_probability,winner_accuracy,0.6474820143884892,139,higher
historical-uncontrolled-reference,teammate-set,historical,,division:2026gal,transferred_platt_red_win_probability,winner_brier,0.2010315807986072,139,lower
historical-uncontrolled-reference,teammate-set,historical,,division:2026gal,transferred_platt_red_win_probability,winner_log_loss,0.5850815732545043,139,lower
historical-uncontrolled-reference,teammate-set,historical,,division:2026gal,transferred_platt_red_win_probability,winner_ece,0.12778598187448512,139,lower
historical-uncontrolled-reference,teammate-set,historical,,division:2026gal,transferred_score_red_win_probability,alliance_score_mae,121.6563164739552,280,lower
historical-uncontrolled-reference,teammate-set,historical,,division:2026gal,transferred_score_red_win_probability,alliance_score_rmse,151.43846965806966,280,lower
historical-uncontrolled-reference,teammate-set,historical,,division:2026gal,transferred_score_red_win_probability,score_differential_mae,128.04186075699502,140,lower
historical-uncontrolled-reference,teammate-set,historical,,division:2026gal,transferred_score_red_win_probability,score_differential_rmse,159.97517225119947,140,lower
historical-uncontrolled-reference,teammate-set,historical,,division:2026gal,transferred_score_red_win_probability,mean_bias,-95.13916117335376,280,lower
historical-uncontrolled-reference,teammate-set,historical,,division:2026gal,transferred_score_red_win_probability,relative_bias,-0.22364823675847784,280,lower
historical-uncontrolled-reference,teammate-set,historical,,division:2026gal,transferred_score_red_win_probability,winner_accuracy,0.6474820143884892,139,higher
historical-uncontrolled-reference,teammate-set,historical,,division:2026gal,transferred_score_red_win_probability,winner_brier,0.2010315807986072,139,lower
historical-uncontrolled-reference,teammate-set,historical,,division:2026gal,transferred_score_red_win_probability,winner_log_loss,0.5850815732545043,139,lower
historical-uncontrolled-reference,teammate-set,historical,,division:2026gal,transferred_score_red_win_probability,winner_ece,0.12778598187448512,139,lower
historical-uncontrolled-reference,teammate-set,historical,,division:2026hop,raw_pred_red_win_probability,alliance_score_mae,120.82750407565534,280,lower
historical-uncontrolled-reference,teammate-set,historical,,division:2026hop,raw_pred_red_win_probability,alliance_score_rmse,148.6505852998969,280,lower
historical-uncontrolled-reference,teammate-set,historical,,division:2026hop,raw_pred_red_win_probability,score_differential_mae,132.6107615454386,140,lower
historical-uncontrolled-reference,teammate-set,historical,,division:2026hop,raw_pred_red_win_probability,score_differential_rmse,161.52771011147289,140,lower
historical-uncontrolled-reference,teammate-set,historical,,division:2026hop,raw_pred_red_win_probability,mean_bias,-87.39945449944538,280,lower
historical-uncontrolled-reference,teammate-set,historical,,division:2026hop,raw_pred_red_win_probability,relative_bias,-0.18950445468223198,280,lower
historical-uncontrolled-reference,teammate-set,historical,,division:2026hop,raw_pred_red_win_probability,winner_accuracy,0.6571428571428571,140,higher
historical-uncontrolled-reference,teammate-set,historical,,division:2026hop,raw_pred_red_win_probability,winner_brier,0.2116001794429101,140,lower
historical-uncontrolled-reference,teammate-set,historical,,division:2026hop,raw_pred_red_win_probability,winner_log_loss,0.6011187107662106,140,lower
historical-uncontrolled-reference,teammate-set,historical,,division:2026hop,raw_pred_red_win_probability,winner_ece,0.1711467654939628,140,lower
historical-uncontrolled-reference,teammate-set,historical,,division:2026hop,transferred_platt_red_win_probability,alliance_score_mae,120.82750407565534,280,lower
historical-uncontrolled-reference,teammate-set,historical,,division:2026hop,transferred_platt_red_win_probability,alliance_score_rmse,148.6505852998969,280,lower
historical-uncontrolled-reference,teammate-set,historical,,division:2026hop,transferred_platt_red_win_probability,score_differential_mae,132.6107615454386,140,lower
historical-uncontrolled-reference,teammate-set,historical,,division:2026hop,transferred_platt_red_win_probability,score_differential_rmse,161.52771011147289,140,lower
historical-uncontrolled-reference,teammate-set,historical,,division:2026hop,transferred_platt_red_win_probability,mean_bias,-87.39945449944538,280,lower
historical-uncontrolled-reference,teammate-set,historical,,division:2026hop,transferred_platt_red_win_probability,relative_bias,-0.18950445468223198,280,lower
historical-uncontrolled-reference,teammate-set,historical,,division:2026hop,transferred_platt_red_win_probability,winner_accuracy,0.6571428571428571,140,higher
historical-uncontrolled-reference,teammate-set,historical,,division:2026hop,transferred_platt_red_win_probability,winner_brier,0.2116001794429101,140,lower
historical-uncontrolled-reference,teammate-set,historical,,division:2026hop,transferred_platt_red_win_probability,winner_log_loss,0.6011187107662106,140,lower
historical-uncontrolled-reference,teammate-set,historical,,division:2026hop,transferred_platt_red_win_probability,winner_ece,0.1711467654939628,140,lower
historical-uncontrolled-reference,teammate-set,historical,,division:2026hop,transferred_score_red_win_probability,alliance_score_mae,120.82750407565534,280,lower
historical-uncontrolled-reference,teammate-set,historical,,division:2026hop,transferred_score_red_win_probability,alliance_score_rmse,148.6505852998969,280,lower
historical-uncontrolled-reference,teammate-set,historical,,division:2026hop,transferred_score_red_win_probability,score_differential_mae,132.6107615454386,140,lower
historical-uncontrolled-reference,teammate-set,historical,,division:2026hop,transferred_score_red_win_probability,score_differential_rmse,161.52771011147289,140,lower
historical-uncontrolled-reference,teammate-set,historical,,division:2026hop,transferred_score_red_win_probability,mean_bias,-87.39945449944538,280,lower
historical-uncontrolled-reference,teammate-set,historical,,division:2026hop,transferred_score_red_win_probability,relative_bias,-0.18950445468223198,280,lower
historical-uncontrolled-reference,teammate-set,historical,,division:2026hop,transferred_score_red_win_probability,winner_accuracy,0.6571428571428571,140,higher
historical-uncontrolled-reference,teammate-set,historical,,division:2026hop,transferred_score_red_win_probability,winner_brier,0.2116001794429101,140,lower
historical-uncontrolled-reference,teammate-set,historical,,division:2026hop,transferred_score_red_win_probability,winner_log_loss,0.6011187107662106,140,lower
historical-uncontrolled-reference,teammate-set,historical,,division:2026hop,transferred_score_red_win_probability,winner_ece,0.1711467654939628,140,lower
historical-uncontrolled-reference,teammate-set,historical,,division:2026joh,raw_pred_red_win_probability,alliance_score_mae,100.5241305480805,280,lower
historical-uncontrolled-reference,teammate-set,historical,,division:2026joh,raw_pred_red_win_probability,alliance_score_rmse,126.17442817059309,280,lower
historical-uncontrolled-reference,teammate-set,historical,,division:2026joh,raw_pred_red_win_probability,score_differential_mae,121.63139345296067,140,lower
historical-uncontrolled-reference,teammate-set,historical,,division:2026joh,raw_pred_red_win_probability,score_differential_rmse,155.40905193575756,140,lower
historical-uncontrolled-reference,teammate-set,historical,,division:2026joh,raw_pred_red_win_probability,mean_bias,-47.035234925605174,280,lower
historical-uncontrolled-reference,teammate-set,historical,,division:2026joh,raw_pred_red_win_probability,relative_bias,-0.11328916799285547,280,lower
historical-uncontrolled-reference,teammate-set,historical,,division:2026joh,raw_pred_red_win_probability,winner_accuracy,0.7285714285714285,140,higher
historical-uncontrolled-reference,teammate-set,historical,,division:2026joh,raw_pred_red_win_probability,winner_brier,0.18243457297732368,140,lower
historical-uncontrolled-reference,teammate-set,historical,,division:2026joh,raw_pred_red_win_probability,winner_log_loss,0.540911194376898,140,lower
historical-uncontrolled-reference,teammate-set,historical,,division:2026joh,raw_pred_red_win_probability,winner_ece,0.12301881033458271,140,lower
historical-uncontrolled-reference,teammate-set,historical,,division:2026joh,transferred_platt_red_win_probability,alliance_score_mae,100.5241305480805,280,lower
historical-uncontrolled-reference,teammate-set,historical,,division:2026joh,transferred_platt_red_win_probability,alliance_score_rmse,126.17442817059309,280,lower
historical-uncontrolled-reference,teammate-set,historical,,division:2026joh,transferred_platt_red_win_probability,score_differential_mae,121.63139345296067,140,lower
historical-uncontrolled-reference,teammate-set,historical,,division:2026joh,transferred_platt_red_win_probability,score_differential_rmse,155.40905193575756,140,lower
historical-uncontrolled-reference,teammate-set,historical,,division:2026joh,transferred_platt_red_win_probability,mean_bias,-47.035234925605174,280,lower
historical-uncontrolled-reference,teammate-set,historical,,division:2026joh,transferred_platt_red_win_probability,relative_bias,-0.11328916799285547,280,lower
historical-uncontrolled-reference,teammate-set,historical,,division:2026joh,transferred_platt_red_win_probability,winner_accuracy,0.7285714285714285,140,higher
historical-uncontrolled-reference,teammate-set,historical,,division:2026joh,transferred_platt_red_win_probability,winner_brier,0.18243457297732368,140,lower
historical-uncontrolled-reference,teammate-set,historical,,division:2026joh,transferred_platt_red_win_probability,winner_log_loss,0.540911194376898,140,lower
historical-uncontrolled-reference,teammate-set,historical,,division:2026joh,transferred_platt_red_win_probability,winner_ece,0.12301881033458271,140,lower
historical-uncontrolled-reference,teammate-set,historical,,division:2026joh,transferred_score_red_win_probability,alliance_score_mae,100.5241305480805,280,lower
historical-uncontrolled-reference,teammate-set,historical,,division:2026joh,transferred_score_red_win_probability,alliance_score_rmse,126.17442817059309,280,lower
historical-uncontrolled-reference,teammate-set,historical,,division:2026joh,transferred_score_red_win_probability,score_differential_mae,121.63139345296067,140,lower
historical-uncontrolled-reference,teammate-set,historical,,division:2026joh,transferred_score_red_win_probability,score_differential_rmse,155.40905193575756,140,lower
historical-uncontrolled-reference,teammate-set,historical,,division:2026joh,transferred_score_red_win_probability,mean_bias,-47.035234925605174,280,lower
historical-uncontrolled-reference,teammate-set,historical,,division:2026joh,transferred_score_red_win_probability,relative_bias,-0.11328916799285547,280,lower
historical-uncontrolled-reference,teammate-set,historical,,division:2026joh,transferred_score_red_win_probability,winner_accuracy,0.7285714285714285,140,higher
historical-uncontrolled-reference,teammate-set,historical,,division:2026joh,transferred_score_red_win_probability,winner_brier,0.18243457297732368,140,lower
historical-uncontrolled-reference,teammate-set,historical,,division:2026joh,transferred_score_red_win_probability,winner_log_loss,0.540911194376898,140,lower
historical-uncontrolled-reference,teammate-set,historical,,division:2026joh,transferred_score_red_win_probability,winner_ece,0.12301881033458271,140,lower
historical-uncontrolled-reference,teammate-set,historical,,division:2026mil,raw_pred_red_win_probability,alliance_score_mae,96.08429532380596,278,lower
historical-uncontrolled-reference,teammate-set,historical,,division:2026mil,raw_pred_red_win_probability,alliance_score_rmse,120.68126436093996,278,lower
historical-uncontrolled-reference,teammate-set,historical,,division:2026mil,raw_pred_red_win_probability,score_differential_mae,112.0254447611045,139,lower
historical-uncontrolled-reference,teammate-set,historical,,division:2026mil,raw_pred_red_win_probability,score_differential_rmse,135.81282911128005,139,lower
historical-uncontrolled-reference,teammate-set,historical,,division:2026mil,raw_pred_red_win_probability,mean_bias,-65.99938659456635,278,lower
historical-uncontrolled-reference,teammate-set,historical,,division:2026mil,raw_pred_red_win_probability,relative_bias,-0.16032146266549094,278,lower
historical-uncontrolled-reference,teammate-set,historical,,division:2026mil,raw_pred_red_win_probability,winner_accuracy,0.7122302158273381,139,higher
historical-uncontrolled-reference,teammate-set,historical,,division:2026mil,raw_pred_red_win_probability,winner_brier,0.17922991458175286,139,lower
historical-uncontrolled-reference,teammate-set,historical,,division:2026mil,raw_pred_red_win_probability,winner_log_loss,0.5238568676179765,139,lower
historical-uncontrolled-reference,teammate-set,historical,,division:2026mil,raw_pred_red_win_probability,winner_ece,0.13495000165893273,139,lower
historical-uncontrolled-reference,teammate-set,historical,,division:2026mil,transferred_platt_red_win_probability,alliance_score_mae,96.08429532380596,278,lower
historical-uncontrolled-reference,teammate-set,historical,,division:2026mil,transferred_platt_red_win_probability,alliance_score_rmse,120.68126436093996,278,lower
historical-uncontrolled-reference,teammate-set,historical,,division:2026mil,transferred_platt_red_win_probability,score_differential_mae,112.0254447611045,139,lower
historical-uncontrolled-reference,teammate-set,historical,,division:2026mil,transferred_platt_red_win_probability,score_differential_rmse,135.81282911128005,139,lower
historical-uncontrolled-reference,teammate-set,historical,,division:2026mil,transferred_platt_red_win_probability,mean_bias,-65.99938659456635,278,lower
historical-uncontrolled-reference,teammate-set,historical,,division:2026mil,transferred_platt_red_win_probability,relative_bias,-0.16032146266549094,278,lower
historical-uncontrolled-reference,teammate-set,historical,,division:2026mil,transferred_platt_red_win_probability,winner_accuracy,0.7122302158273381,139,higher
historical-uncontrolled-reference,teammate-set,historical,,division:2026mil,transferred_platt_red_win_probability,winner_brier,0.17922991458175286,139,lower
historical-uncontrolled-reference,teammate-set,historical,,division:2026mil,transferred_platt_red_win_probability,winner_log_loss,0.5238568676179765,139,lower
historical-uncontrolled-reference,teammate-set,historical,,division:2026mil,transferred_platt_red_win_probability,winner_ece,0.13495000165893273,139,lower
historical-uncontrolled-reference,teammate-set,historical,,division:2026mil,transferred_score_red_win_probability,alliance_score_mae,96.08429532380596,278,lower
historical-uncontrolled-reference,teammate-set,historical,,division:2026mil,transferred_score_red_win_probability,alliance_score_rmse,120.68126436093996,278,lower
historical-uncontrolled-reference,teammate-set,historical,,division:2026mil,transferred_score_red_win_probability,score_differential_mae,112.0254447611045,139,lower
historical-uncontrolled-reference,teammate-set,historical,,division:2026mil,transferred_score_red_win_probability,score_differential_rmse,135.81282911128005,139,lower
historical-uncontrolled-reference,teammate-set,historical,,division:2026mil,transferred_score_red_win_probability,mean_bias,-65.99938659456635,278,lower
historical-uncontrolled-reference,teammate-set,historical,,division:2026mil,transferred_score_red_win_probability,relative_bias,-0.16032146266549094,278,lower
historical-uncontrolled-reference,teammate-set,historical,,division:2026mil,transferred_score_red_win_probability,winner_accuracy,0.7122302158273381,139,higher
historical-uncontrolled-reference,teammate-set,historical,,division:2026mil,transferred_score_red_win_probability,winner_brier,0.17922991458175286,139,lower
historical-uncontrolled-reference,teammate-set,historical,,division:2026mil,transferred_score_red_win_probability,winner_log_loss,0.5238568676179765,139,lower
historical-uncontrolled-reference,teammate-set,historical,,division:2026mil,transferred_score_red_win_probability,winner_ece,0.13495000165893273,139,lower
historical-uncontrolled-reference,teammate-set,historical,,division:2026new,raw_pred_red_win_probability,alliance_score_mae,122.77559292276965,280,lower
historical-uncontrolled-reference,teammate-set,historical,,division:2026new,raw_pred_red_win_probability,alliance_score_rmse,149.88136558066364,280,lower
historical-uncontrolled-reference,teammate-set,historical,,division:2026new,raw_pred_red_win_probability,score_differential_mae,122.57689637366403,140,lower
historical-uncontrolled-reference,teammate-set,historical,,division:2026new,raw_pred_red_win_probability,score_differential_rmse,155.40935160785082,140,lower
historical-uncontrolled-reference,teammate-set,historical,,division:2026new,raw_pred_red_win_probability,mean_bias,-98.46111095022134,280,lower
historical-uncontrolled-reference,teammate-set,historical,,division:2026new,raw_pred_red_win_probability,relative_bias,-0.20833763624044596,280,lower
historical-uncontrolled-reference,teammate-set,historical,,division:2026new,raw_pred_red_win_probability,winner_accuracy,0.6357142857142857,140,higher
historical-uncontrolled-reference,teammate-set,historical,,division:2026new,raw_pred_red_win_probability,winner_brier,0.21888115508112094,140,lower
historical-uncontrolled-reference,teammate-set,historical,,division:2026new,raw_pred_red_win_probability,winner_log_loss,0.6199804034437377,140,lower
historical-uncontrolled-reference,teammate-set,historical,,division:2026new,raw_pred_red_win_probability,winner_ece,0.15322852942788928,140,lower
historical-uncontrolled-reference,teammate-set,historical,,division:2026new,transferred_platt_red_win_probability,alliance_score_mae,122.77559292276965,280,lower
historical-uncontrolled-reference,teammate-set,historical,,division:2026new,transferred_platt_red_win_probability,alliance_score_rmse,149.88136558066364,280,lower
historical-uncontrolled-reference,teammate-set,historical,,division:2026new,transferred_platt_red_win_probability,score_differential_mae,122.57689637366403,140,lower
historical-uncontrolled-reference,teammate-set,historical,,division:2026new,transferred_platt_red_win_probability,score_differential_rmse,155.40935160785082,140,lower
historical-uncontrolled-reference,teammate-set,historical,,division:2026new,transferred_platt_red_win_probability,mean_bias,-98.46111095022134,280,lower
historical-uncontrolled-reference,teammate-set,historical,,division:2026new,transferred_platt_red_win_probability,relative_bias,-0.20833763624044596,280,lower
historical-uncontrolled-reference,teammate-set,historical,,division:2026new,transferred_platt_red_win_probability,winner_accuracy,0.6357142857142857,140,higher
historical-uncontrolled-reference,teammate-set,historical,,division:2026new,transferred_platt_red_win_probability,winner_brier,0.21888115508112094,140,lower
historical-uncontrolled-reference,teammate-set,historical,,division:2026new,transferred_platt_red_win_probability,winner_log_loss,0.6199804034437377,140,lower
historical-uncontrolled-reference,teammate-set,historical,,division:2026new,transferred_platt_red_win_probability,winner_ece,0.15322852942788928,140,lower
historical-uncontrolled-reference,teammate-set,historical,,division:2026new,transferred_score_red_win_probability,alliance_score_mae,122.77559292276965,280,lower
historical-uncontrolled-reference,teammate-set,historical,,division:2026new,transferred_score_red_win_probability,alliance_score_rmse,149.88136558066364,280,lower
historical-uncontrolled-reference,teammate-set,historical,,division:2026new,transferred_score_red_win_probability,score_differential_mae,122.57689637366403,140,lower
historical-uncontrolled-reference,teammate-set,historical,,division:2026new,transferred_score_red_win_probability,score_differential_rmse,155.40935160785082,140,lower
historical-uncontrolled-reference,teammate-set,historical,,division:2026new,transferred_score_red_win_probability,mean_bias,-98.46111095022134,280,lower
historical-uncontrolled-reference,teammate-set,historical,,division:2026new,transferred_score_red_win_probability,relative_bias,-0.20833763624044596,280,lower
historical-uncontrolled-reference,teammate-set,historical,,division:2026new,transferred_score_red_win_probability,winner_accuracy,0.6357142857142857,140,higher
historical-uncontrolled-reference,teammate-set,historical,,division:2026new,transferred_score_red_win_probability,winner_brier,0.21888115508112094,140,lower
historical-uncontrolled-reference,teammate-set,historical,,division:2026new,transferred_score_red_win_probability,winner_log_loss,0.6199804034437377,140,lower
historical-uncontrolled-reference,teammate-set,historical,,division:2026new,transferred_score_red_win_probability,winner_ece,0.15322852942788928,140,lower
historical-uncontrolled-reference,teammate-set,historical,,observation:high,raw_pred_red_win_probability,alliance_score_mae,108.47753742801936,2134,lower
historical-uncontrolled-reference,teammate-set,historical,,observation:high,raw_pred_red_win_probability,alliance_score_rmse,136.9493777645432,2134,lower
historical-uncontrolled-reference,teammate-set,historical,,observation:high,raw_pred_red_win_probability,score_differential_mae,124.89998589934787,1067,lower
historical-uncontrolled-reference,teammate-set,historical,,observation:high,raw_pred_red_win_probability,score_differential_rmse,155.0479919570883,1067,lower
historical-uncontrolled-reference,teammate-set,historical,,observation:high,raw_pred_red_win_probability,mean_bias,-73.09497212992791,2134,lower
historical-uncontrolled-reference,teammate-set,historical,,observation:high,raw_pred_red_win_probability,relative_bias,-0.16747334177073886,2134,lower
historical-uncontrolled-reference,teammate-set,historical,,observation:high,raw_pred_red_win_probability,winner_accuracy,0.6582159624413145,1065,higher
historical-uncontrolled-reference,teammate-set,historical,,observation:high,raw_pred_red_win_probability,winner_brier,0.20325469718253564,1065,lower
historical-uncontrolled-reference,teammate-set,historical,,observation:high,raw_pred_red_win_probability,winner_log_loss,0.5854049547310214,1065,lower
historical-uncontrolled-reference,teammate-set,historical,,observation:high,raw_pred_red_win_probability,winner_ece,0.12880031358012003,1065,lower
historical-uncontrolled-reference,teammate-set,historical,,observation:high,transferred_platt_red_win_probability,alliance_score_mae,108.47753742801936,2134,lower
historical-uncontrolled-reference,teammate-set,historical,,observation:high,transferred_platt_red_win_probability,alliance_score_rmse,136.9493777645432,2134,lower
historical-uncontrolled-reference,teammate-set,historical,,observation:high,transferred_platt_red_win_probability,score_differential_mae,124.89998589934787,1067,lower
historical-uncontrolled-reference,teammate-set,historical,,observation:high,transferred_platt_red_win_probability,score_differential_rmse,155.0479919570883,1067,lower
historical-uncontrolled-reference,teammate-set,historical,,observation:high,transferred_platt_red_win_probability,mean_bias,-73.09497212992791,2134,lower
historical-uncontrolled-reference,teammate-set,historical,,observation:high,transferred_platt_red_win_probability,relative_bias,-0.16747334177073886,2134,lower
historical-uncontrolled-reference,teammate-set,historical,,observation:high,transferred_platt_red_win_probability,winner_accuracy,0.6582159624413145,1065,higher
historical-uncontrolled-reference,teammate-set,historical,,observation:high,transferred_platt_red_win_probability,winner_brier,0.20325469718253564,1065,lower
historical-uncontrolled-reference,teammate-set,historical,,observation:high,transferred_platt_red_win_probability,winner_log_loss,0.5854049547310214,1065,lower
historical-uncontrolled-reference,teammate-set,historical,,observation:high,transferred_platt_red_win_probability,winner_ece,0.12880031358012003,1065,lower
historical-uncontrolled-reference,teammate-set,historical,,observation:high,transferred_score_red_win_probability,alliance_score_mae,108.47753742801936,2134,lower
historical-uncontrolled-reference,teammate-set,historical,,observation:high,transferred_score_red_win_probability,alliance_score_rmse,136.9493777645432,2134,lower
historical-uncontrolled-reference,teammate-set,historical,,observation:high,transferred_score_red_win_probability,score_differential_mae,124.89998589934787,1067,lower
historical-uncontrolled-reference,teammate-set,historical,,observation:high,transferred_score_red_win_probability,score_differential_rmse,155.0479919570883,1067,lower
historical-uncontrolled-reference,teammate-set,historical,,observation:high,transferred_score_red_win_probability,mean_bias,-73.09497212992791,2134,lower
historical-uncontrolled-reference,teammate-set,historical,,observation:high,transferred_score_red_win_probability,relative_bias,-0.16747334177073886,2134,lower
historical-uncontrolled-reference,teammate-set,historical,,observation:high,transferred_score_red_win_probability,winner_accuracy,0.6582159624413145,1065,higher
historical-uncontrolled-reference,teammate-set,historical,,observation:high,transferred_score_red_win_probability,winner_brier,0.20325469718253564,1065,lower
historical-uncontrolled-reference,teammate-set,historical,,observation:high,transferred_score_red_win_probability,winner_log_loss,0.5854049547310214,1065,lower
historical-uncontrolled-reference,teammate-set,historical,,observation:high,transferred_score_red_win_probability,winner_ece,0.12880031358012003,1065,lower
historical-uncontrolled-reference,teammate-set,historical,,observation:low,raw_pred_red_win_probability,alliance_score_mae,108.52568001420758,4,lower
historical-uncontrolled-reference,teammate-set,historical,,observation:low,raw_pred_red_win_probability,alliance_score_rmse,121.94117260661544,4,lower
historical-uncontrolled-reference,teammate-set,historical,,observation:low,raw_pred_red_win_probability,score_differential_mae,54.93798475196526,2,lower
historical-uncontrolled-reference,teammate-set,historical,,observation:low,raw_pred_red_win_probability,score_differential_rmse,59.84305695723289,2,lower
historical-uncontrolled-reference,teammate-set,historical,,observation:low,raw_pred_red_win_probability,mean_bias,-46.867136541862145,4,lower
historical-uncontrolled-reference,teammate-set,historical,,observation:low,raw_pred_red_win_probability,relative_bias,-0.12481261395968614,4,lower
historical-uncontrolled-reference,teammate-set,historical,,observation:low,raw_pred_red_win_probability,winner_accuracy,0.5,2,higher
historical-uncontrolled-reference,teammate-set,historical,,observation:low,raw_pred_red_win_probability,winner_brier,0.2060371841070897,2,lower
historical-uncontrolled-reference,teammate-set,historical,,observation:low,raw_pred_red_win_probability,winner_log_loss,0.5340457739711543,2,lower
historical-uncontrolled-reference,teammate-set,historical,,observation:low,raw_pred_red_win_probability,winner_ece,0.34235967856350946,2,lower
historical-uncontrolled-reference,teammate-set,historical,,observation:low,transferred_platt_red_win_probability,alliance_score_mae,108.52568001420758,4,lower
historical-uncontrolled-reference,teammate-set,historical,,observation:low,transferred_platt_red_win_probability,alliance_score_rmse,121.94117260661544,4,lower
historical-uncontrolled-reference,teammate-set,historical,,observation:low,transferred_platt_red_win_probability,score_differential_mae,54.93798475196526,2,lower
historical-uncontrolled-reference,teammate-set,historical,,observation:low,transferred_platt_red_win_probability,score_differential_rmse,59.84305695723289,2,lower
historical-uncontrolled-reference,teammate-set,historical,,observation:low,transferred_platt_red_win_probability,mean_bias,-46.867136541862145,4,lower
historical-uncontrolled-reference,teammate-set,historical,,observation:low,transferred_platt_red_win_probability,relative_bias,-0.12481261395968614,4,lower
historical-uncontrolled-reference,teammate-set,historical,,observation:low,transferred_platt_red_win_probability,winner_accuracy,0.5,2,higher
historical-uncontrolled-reference,teammate-set,historical,,observation:low,transferred_platt_red_win_probability,winner_brier,0.2060371841070897,2,lower
historical-uncontrolled-reference,teammate-set,historical,,observation:low,transferred_platt_red_win_probability,winner_log_loss,0.5340457739711543,2,lower
historical-uncontrolled-reference,teammate-set,historical,,observation:low,transferred_platt_red_win_probability,winner_ece,0.34235967856350946,2,lower
historical-uncontrolled-reference,teammate-set,historical,,observation:low,transferred_score_red_win_probability,alliance_score_mae,108.52568001420758,4,lower
historical-uncontrolled-reference,teammate-set,historical,,observation:low,transferred_score_red_win_probability,alliance_score_rmse,121.94117260661544,4,lower
historical-uncontrolled-reference,teammate-set,historical,,observation:low,transferred_score_red_win_probability,score_differential_mae,54.93798475196526,2,lower
historical-uncontrolled-reference,teammate-set,historical,,observation:low,transferred_score_red_win_probability,score_differential_rmse,59.84305695723289,2,lower
historical-uncontrolled-reference,teammate-set,historical,,observation:low,transferred_score_red_win_probability,mean_bias,-46.867136541862145,4,lower
historical-uncontrolled-reference,teammate-set,historical,,observation:low,transferred_score_red_win_probability,relative_bias,-0.12481261395968614,4,lower
historical-uncontrolled-reference,teammate-set,historical,,observation:low,transferred_score_red_win_probability,winner_accuracy,0.5,2,higher
historical-uncontrolled-reference,teammate-set,historical,,observation:low,transferred_score_red_win_probability,winner_brier,0.2060371841070897,2,lower
historical-uncontrolled-reference,teammate-set,historical,,observation:low,transferred_score_red_win_probability,winner_log_loss,0.5340457739711543,2,lower
historical-uncontrolled-reference,teammate-set,historical,,observation:low,transferred_score_red_win_probability,winner_ece,0.34235967856350946,2,lower
historical-uncontrolled-reference,teammate-set,historical,,observation:medium,raw_pred_red_win_probability,alliance_score_mae,114.70690135072456,100,lower
historical-uncontrolled-reference,teammate-set,historical,,observation:medium,raw_pred_red_win_probability,alliance_score_rmse,140.31279268018127,100,lower
historical-uncontrolled-reference,teammate-set,historical,,observation:medium,raw_pred_red_win_probability,score_differential_mae,126.52998240902511,50,lower
historical-uncontrolled-reference,teammate-set,historical,,observation:medium,raw_pred_red_win_probability,score_differential_rmse,169.5248607371829,50,lower
historical-uncontrolled-reference,teammate-set,historical,,observation:medium,raw_pred_red_win_probability,mean_bias,-73.11303904769846,100,lower
historical-uncontrolled-reference,teammate-set,historical,,observation:medium,raw_pred_red_win_probability,relative_bias,-0.18995333605533507,100,lower
historical-uncontrolled-reference,teammate-set,historical,,observation:medium,raw_pred_red_win_probability,winner_accuracy,0.7,50,higher
historical-uncontrolled-reference,teammate-set,historical,,observation:medium,raw_pred_red_win_probability,winner_brier,0.1811833608029555,50,lower
historical-uncontrolled-reference,teammate-set,historical,,observation:medium,raw_pred_red_win_probability,winner_log_loss,0.5230115425292312,50,lower
historical-uncontrolled-reference,teammate-set,historical,,observation:medium,raw_pred_red_win_probability,winner_ece,0.18085946204831316,50,lower
historical-uncontrolled-reference,teammate-set,historical,,observation:medium,transferred_platt_red_win_probability,alliance_score_mae,114.70690135072456,100,lower
historical-uncontrolled-reference,teammate-set,historical,,observation:medium,transferred_platt_red_win_probability,alliance_score_rmse,140.31279268018127,100,lower
historical-uncontrolled-reference,teammate-set,historical,,observation:medium,transferred_platt_red_win_probability,score_differential_mae,126.52998240902511,50,lower
historical-uncontrolled-reference,teammate-set,historical,,observation:medium,transferred_platt_red_win_probability,score_differential_rmse,169.5248607371829,50,lower
historical-uncontrolled-reference,teammate-set,historical,,observation:medium,transferred_platt_red_win_probability,mean_bias,-73.11303904769846,100,lower
historical-uncontrolled-reference,teammate-set,historical,,observation:medium,transferred_platt_red_win_probability,relative_bias,-0.18995333605533507,100,lower
historical-uncontrolled-reference,teammate-set,historical,,observation:medium,transferred_platt_red_win_probability,winner_accuracy,0.7,50,higher
historical-uncontrolled-reference,teammate-set,historical,,observation:medium,transferred_platt_red_win_probability,winner_brier,0.1811833608029555,50,lower
historical-uncontrolled-reference,teammate-set,historical,,observation:medium,transferred_platt_red_win_probability,winner_log_loss,0.5230115425292312,50,lower
historical-uncontrolled-reference,teammate-set,historical,,observation:medium,transferred_platt_red_win_probability,winner_ece,0.18085946204831316,50,lower
historical-uncontrolled-reference,teammate-set,historical,,observation:medium,transferred_score_red_win_probability,alliance_score_mae,114.70690135072456,100,lower
historical-uncontrolled-reference,teammate-set,historical,,observation:medium,transferred_score_red_win_probability,alliance_score_rmse,140.31279268018127,100,lower
historical-uncontrolled-reference,teammate-set,historical,,observation:medium,transferred_score_red_win_probability,score_differential_mae,126.52998240902511,50,lower
historical-uncontrolled-reference,teammate-set,historical,,observation:medium,transferred_score_red_win_probability,score_differential_rmse,169.5248607371829,50,lower
historical-uncontrolled-reference,teammate-set,historical,,observation:medium,transferred_score_red_win_probability,mean_bias,-73.11303904769846,100,lower
historical-uncontrolled-reference,teammate-set,historical,,observation:medium,transferred_score_red_win_probability,relative_bias,-0.18995333605533507,100,lower
historical-uncontrolled-reference,teammate-set,historical,,observation:medium,transferred_score_red_win_probability,winner_accuracy,0.7,50,higher
historical-uncontrolled-reference,teammate-set,historical,,observation:medium,transferred_score_red_win_probability,winner_brier,0.1811833608029555,50,lower
historical-uncontrolled-reference,teammate-set,historical,,observation:medium,transferred_score_red_win_probability,winner_log_loss,0.5230115425292312,50,lower
historical-uncontrolled-reference,teammate-set,historical,,observation:medium,transferred_score_red_win_probability,winner_ece,0.18085946204831316,50,lower
official-total-core,additive,2026,100.0,primary-clean,raw_pred_red_win_probability,alliance_score_mae,99.58410759441338,2216,lower
official-total-core,additive,2026,100.0,primary-clean,raw_pred_red_win_probability,alliance_score_rmse,125.50320686008888,2216,lower
official-total-core,additive,2026,100.0,primary-clean,raw_pred_red_win_probability,score_differential_mae,119.82417939132445,1108,lower
official-total-core,additive,2026,100.0,primary-clean,raw_pred_red_win_probability,score_differential_rmse,150.20291701864792,1108,lower
official-total-core,additive,2026,100.0,primary-clean,raw_pred_red_win_probability,mean_bias,-56.59415007833941,2216,lower
official-total-core,additive,2026,100.0,primary-clean,raw_pred_red_win_probability,relative_bias,-0.13020590661377296,2216,lower
official-total-core,additive,2026,100.0,primary-clean,raw_pred_red_win_probability,winner_accuracy,0.7088607594936709,1106,higher
official-total-core,additive,2026,100.0,primary-clean,raw_pred_red_win_probability,winner_brier,0.22055684437445122,1106,lower
official-total-core,additive,2026,100.0,primary-clean,raw_pred_red_win_probability,winner_log_loss,0.7962808410119441,1106,lower
official-total-core,additive,2026,100.0,primary-clean,raw_pred_red_win_probability,winner_ece,0.16460219381686128,1106,lower
official-total-core,additive,2026,100.0,primary-clean,transferred_platt_red_win_probability,alliance_score_mae,99.58410759441338,2216,lower
official-total-core,additive,2026,100.0,primary-clean,transferred_platt_red_win_probability,alliance_score_rmse,125.50320686008888,2216,lower
official-total-core,additive,2026,100.0,primary-clean,transferred_platt_red_win_probability,score_differential_mae,119.82417939132445,1108,lower
official-total-core,additive,2026,100.0,primary-clean,transferred_platt_red_win_probability,score_differential_rmse,150.20291701864792,1108,lower
official-total-core,additive,2026,100.0,primary-clean,transferred_platt_red_win_probability,mean_bias,-56.59415007833941,2216,lower
official-total-core,additive,2026,100.0,primary-clean,transferred_platt_red_win_probability,relative_bias,-0.13020590661377296,2216,lower
official-total-core,additive,2026,100.0,primary-clean,transferred_platt_red_win_probability,winner_accuracy,0.7115732368896925,1106,higher
official-total-core,additive,2026,100.0,primary-clean,transferred_platt_red_win_probability,winner_brier,0.189015606185581,1106,lower
official-total-core,additive,2026,100.0,primary-clean,transferred_platt_red_win_probability,winner_log_loss,0.5565760550241883,1106,lower
official-total-core,additive,2026,100.0,primary-clean,transferred_platt_red_win_probability,winner_ece,0.028809044106288796,1106,lower
official-total-core,additive,2026,100.0,primary-clean,transferred_score_red_win_probability,alliance_score_mae,99.58410759441338,2216,lower
official-total-core,additive,2026,100.0,primary-clean,transferred_score_red_win_probability,alliance_score_rmse,125.50320686008888,2216,lower
official-total-core,additive,2026,100.0,primary-clean,transferred_score_red_win_probability,score_differential_mae,119.82417939132445,1108,lower
official-total-core,additive,2026,100.0,primary-clean,transferred_score_red_win_probability,score_differential_rmse,150.20291701864792,1108,lower
official-total-core,additive,2026,100.0,primary-clean,transferred_score_red_win_probability,mean_bias,-56.59415007833941,2216,lower
official-total-core,additive,2026,100.0,primary-clean,transferred_score_red_win_probability,relative_bias,-0.13020590661377296,2216,lower
official-total-core,additive,2026,100.0,primary-clean,transferred_score_red_win_probability,winner_accuracy,0.7269439421338155,1106,higher
official-total-core,additive,2026,100.0,primary-clean,transferred_score_red_win_probability,winner_brier,0.18358351969294026,1106,lower
official-total-core,additive,2026,100.0,primary-clean,transferred_score_red_win_probability,winner_log_loss,0.5457321643547924,1106,lower
official-total-core,additive,2026,100.0,primary-clean,transferred_score_red_win_probability,winner_ece,0.0716178811226128,1106,lower
official-total-core,additive,2026,100.0,all-official,raw_pred_red_win_probability,alliance_score_mae,99.60070546481249,2238,lower
official-total-core,additive,2026,100.0,all-official,raw_pred_red_win_probability,alliance_score_rmse,125.80969455631111,2238,lower
official-total-core,additive,2026,100.0,all-official,raw_pred_red_win_probability,score_differential_mae,120.0403547345474,1119,lower
official-total-core,additive,2026,100.0,all-official,raw_pred_red_win_probability,score_differential_rmse,150.72747563798853,1119,lower
official-total-core,additive,2026,100.0,all-official,raw_pred_red_win_probability,mean_bias,-56.245653311750054,2238,lower
official-total-core,additive,2026,100.0,all-official,raw_pred_red_win_probability,relative_bias,-0.12958493801853074,2238,lower
official-total-core,additive,2026,100.0,all-official,raw_pred_red_win_probability,winner_accuracy,0.7081468218442256,1117,higher
official-total-core,additive,2026,100.0,all-official,raw_pred_red_win_probability,winner_brier,0.22121658209191025,1117,lower
official-total-core,additive,2026,100.0,all-official,raw_pred_red_win_probability,winner_log_loss,0.7984034043380452,1117,lower
official-total-core,additive,2026,100.0,all-official,raw_pred_red_win_probability,winner_ece,0.16501722715857994,1117,lower
official-total-core,additive,2026,100.0,all-official,transferred_platt_red_win_probability,alliance_score_mae,99.60070546481249,2238,lower
official-total-core,additive,2026,100.0,all-official,transferred_platt_red_win_probability,alliance_score_rmse,125.80969455631111,2238,lower
official-total-core,additive,2026,100.0,all-official,transferred_platt_red_win_probability,score_differential_mae,120.0403547345474,1119,lower
official-total-core,additive,2026,100.0,all-official,transferred_platt_red_win_probability,score_differential_rmse,150.72747563798853,1119,lower
official-total-core,additive,2026,100.0,all-official,transferred_platt_red_win_probability,mean_bias,-56.245653311750054,2238,lower
official-total-core,additive,2026,100.0,all-official,transferred_platt_red_win_probability,relative_bias,-0.12958493801853074,2238,lower
official-total-core,additive,2026,100.0,all-official,transferred_platt_red_win_probability,winner_accuracy,0.7108325872873769,1117,higher
official-total-core,additive,2026,100.0,all-official,transferred_platt_red_win_probability,winner_brier,0.18938708892866413,1117,lower
official-total-core,additive,2026,100.0,all-official,transferred_platt_red_win_probability,winner_log_loss,0.5573263178381559,1117,lower
official-total-core,additive,2026,100.0,all-official,transferred_platt_red_win_probability,winner_ece,0.029732937861115034,1117,lower
official-total-core,additive,2026,100.0,all-official,transferred_score_red_win_probability,alliance_score_mae,99.60070546481249,2238,lower
official-total-core,additive,2026,100.0,all-official,transferred_score_red_win_probability,alliance_score_rmse,125.80969455631111,2238,lower
official-total-core,additive,2026,100.0,all-official,transferred_score_red_win_probability,score_differential_mae,120.0403547345474,1119,lower
official-total-core,additive,2026,100.0,all-official,transferred_score_red_win_probability,score_differential_rmse,150.72747563798853,1119,lower
official-total-core,additive,2026,100.0,all-official,transferred_score_red_win_probability,mean_bias,-56.245653311750054,2238,lower
official-total-core,additive,2026,100.0,all-official,transferred_score_red_win_probability,relative_bias,-0.12958493801853074,2238,lower
official-total-core,additive,2026,100.0,all-official,transferred_score_red_win_probability,winner_accuracy,0.7269471799462847,1117,higher
official-total-core,additive,2026,100.0,all-official,transferred_score_red_win_probability,winner_brier,0.18382707565480583,1117,lower
official-total-core,additive,2026,100.0,all-official,transferred_score_red_win_probability,winner_log_loss,0.5465553651329522,1117,lower
official-total-core,additive,2026,100.0,all-official,transferred_score_red_win_probability,winner_ece,0.07127600904793462,1117,lower
official-total-core,additive,2026,100.0,DQ-only,raw_pred_red_win_probability,alliance_score_mae,101.2725636831955,22,lower
official-total-core,additive,2026,100.0,DQ-only,raw_pred_red_win_probability,alliance_score_rmse,153.5790615433819,22,lower
official-total-core,additive,2026,100.0,DQ-only,raw_pred_red_win_probability,score_differential_mae,141.81510748827972,11,lower
official-total-core,additive,2026,100.0,DQ-only,raw_pred_red_win_probability,score_differential_rmse,196.51752882794833,11,lower
official-total-core,additive,2026,100.0,DQ-only,raw_pred_red_win_probability,mean_bias,-21.142524458930975,22,lower
official-total-core,additive,2026,100.0,DQ-only,raw_pred_red_win_probability,relative_bias,-0.05668927947550048,22,lower
official-total-core,additive,2026,100.0,DQ-only,raw_pred_red_win_probability,winner_accuracy,0.6363636363636364,11,higher
official-total-core,additive,2026,100.0,DQ-only,raw_pred_red_win_probability,winner_brier,0.2875502107746053,11,lower
official-total-core,additive,2026,100.0,DQ-only,raw_pred_red_win_probability,winner_log_loss,1.011817498762409,11,lower
official-total-core,additive,2026,100.0,DQ-only,raw_pred_red_win_probability,winner_ece,0.2712878495391455,11,lower
official-total-core,additive,2026,100.0,DQ-only,transferred_platt_red_win_probability,alliance_score_mae,101.2725636831955,22,lower
official-total-core,additive,2026,100.0,DQ-only,transferred_platt_red_win_probability,alliance_score_rmse,153.5790615433819,22,lower
official-total-core,additive,2026,100.0,DQ-only,transferred_platt_red_win_probability,score_differential_mae,141.81510748827972,11,lower
official-total-core,additive,2026,100.0,DQ-only,transferred_platt_red_win_probability,score_differential_rmse,196.51752882794833,11,lower
official-total-core,additive,2026,100.0,DQ-only,transferred_platt_red_win_probability,mean_bias,-21.142524458930975,22,lower
official-total-core,additive,2026,100.0,DQ-only,transferred_platt_red_win_probability,relative_bias,-0.05668927947550048,22,lower
official-total-core,additive,2026,100.0,DQ-only,transferred_platt_red_win_probability,winner_accuracy,0.6363636363636364,11,higher
official-total-core,additive,2026,100.0,DQ-only,transferred_platt_red_win_probability,winner_brier,0.2267379901877495,11,lower
official-total-core,additive,2026,100.0,DQ-only,transferred_platt_red_win_probability,winner_log_loss,0.6327618334970672,11,lower
official-total-core,additive,2026,100.0,DQ-only,transferred_platt_red_win_probability,winner_ece,0.20913672907612949,11,lower
official-total-core,additive,2026,100.0,DQ-only,transferred_score_red_win_probability,alliance_score_mae,101.2725636831955,22,lower
official-total-core,additive,2026,100.0,DQ-only,transferred_score_red_win_probability,alliance_score_rmse,153.5790615433819,22,lower
official-total-core,additive,2026,100.0,DQ-only,transferred_score_red_win_probability,score_differential_mae,141.81510748827972,11,lower
official-total-core,additive,2026,100.0,DQ-only,transferred_score_red_win_probability,score_differential_rmse,196.51752882794833,11,lower
official-total-core,additive,2026,100.0,DQ-only,transferred_score_red_win_probability,mean_bias,-21.142524458930975,22,lower
official-total-core,additive,2026,100.0,DQ-only,transferred_score_red_win_probability,relative_bias,-0.05668927947550048,22,lower
official-total-core,additive,2026,100.0,DQ-only,transferred_score_red_win_probability,winner_accuracy,0.7272727272727273,11,higher
official-total-core,additive,2026,100.0,DQ-only,transferred_score_red_win_probability,winner_brier,0.20831552054783312,11,lower
official-total-core,additive,2026,100.0,DQ-only,transferred_score_red_win_probability,winner_log_loss,0.6293244615552045,11,lower
official-total-core,additive,2026,100.0,DQ-only,transferred_score_red_win_probability,winner_ece,0.28303976434972467,11,lower
official-total-core,additive,2026,100.0,surrogate-only,raw_pred_red_win_probability,alliance_score_mae,69.35844083347166,12,lower
official-total-core,additive,2026,100.0,surrogate-only,raw_pred_red_win_probability,alliance_score_rmse,89.88193400320891,12,lower
official-total-core,additive,2026,100.0,surrogate-only,raw_pred_red_win_probability,score_differential_mae,65.0225192202459,6,lower
official-total-core,additive,2026,100.0,surrogate-only,raw_pred_red_win_probability,score_differential_rmse,80.61730636703251,6,lower
official-total-core,additive,2026,100.0,surrogate-only,raw_pred_red_win_probability,mean_bias,-42.615639533596315,12,lower
official-total-core,additive,2026,100.0,surrogate-only,raw_pred_red_win_probability,relative_bias,-0.11014164858995386,12,lower
official-total-core,additive,2026,100.0,surrogate-only,raw_pred_red_win_probability,winner_accuracy,1.0,6,higher
official-total-core,additive,2026,100.0,surrogate-only,raw_pred_red_win_probability,winner_brier,0.0161100053530258,6,lower
official-total-core,additive,2026,100.0,surrogate-only,raw_pred_red_win_probability,winner_log_loss,0.08643360266814386,6,lower
official-total-core,additive,2026,100.0,surrogate-only,raw_pred_red_win_probability,winner_ece,0.07644141563650919,6,lower
official-total-core,additive,2026,100.0,surrogate-only,transferred_platt_red_win_probability,alliance_score_mae,69.35844083347166,12,lower
official-total-core,additive,2026,100.0,surrogate-only,transferred_platt_red_win_probability,alliance_score_rmse,89.88193400320891,12,lower
official-total-core,additive,2026,100.0,surrogate-only,transferred_platt_red_win_probability,score_differential_mae,65.0225192202459,6,lower
official-total-core,additive,2026,100.0,surrogate-only,transferred_platt_red_win_probability,score_differential_rmse,80.61730636703251,6,lower
official-total-core,additive,2026,100.0,surrogate-only,transferred_platt_red_win_probability,mean_bias,-42.615639533596315,12,lower
official-total-core,additive,2026,100.0,surrogate-only,transferred_platt_red_win_probability,relative_bias,-0.11014164858995386,12,lower
official-total-core,additive,2026,100.0,surrogate-only,transferred_platt_red_win_probability,winner_accuracy,1.0,6,higher
official-total-core,additive,2026,100.0,surrogate-only,transferred_platt_red_win_probability,winner_brier,0.07603323489102344,6,lower
official-total-core,additive,2026,100.0,surrogate-only,transferred_platt_red_win_probability,winner_log_loss,0.29869381106760523,6,lower
official-total-core,additive,2026,100.0,surrogate-only,transferred_platt_red_win_probability,winner_ece,0.24826154940514425,6,lower
official-total-core,additive,2026,100.0,surrogate-only,transferred_score_red_win_probability,alliance_score_mae,69.35844083347166,12,lower
official-total-core,additive,2026,100.0,surrogate-only,transferred_score_red_win_probability,alliance_score_rmse,89.88193400320891,12,lower
official-total-core,additive,2026,100.0,surrogate-only,transferred_score_red_win_probability,score_differential_mae,65.0225192202459,6,lower
official-total-core,additive,2026,100.0,surrogate-only,transferred_score_red_win_probability,score_differential_rmse,80.61730636703251,6,lower
official-total-core,additive,2026,100.0,surrogate-only,transferred_score_red_win_probability,mean_bias,-42.615639533596315,12,lower
official-total-core,additive,2026,100.0,surrogate-only,transferred_score_red_win_probability,relative_bias,-0.11014164858995386,12,lower
official-total-core,additive,2026,100.0,surrogate-only,transferred_score_red_win_probability,winner_accuracy,1.0,6,higher
official-total-core,additive,2026,100.0,surrogate-only,transferred_score_red_win_probability,winner_brier,0.04601634884067923,6,lower
official-total-core,additive,2026,100.0,surrogate-only,transferred_score_red_win_probability,winner_log_loss,0.1859907714771374,6,lower
official-total-core,additive,2026,100.0,surrogate-only,transferred_score_red_win_probability,winner_ece,0.15311151360194455,6,lower
official-total-core,additive,2026,100.0,division:2026arc,raw_pred_red_win_probability,alliance_score_mae,98.62427908823042,282,lower
official-total-core,additive,2026,100.0,division:2026arc,raw_pred_red_win_probability,alliance_score_rmse,123.72941605181575,282,lower
official-total-core,additive,2026,100.0,division:2026arc,raw_pred_red_win_probability,score_differential_mae,128.41167576155806,141,lower
official-total-core,additive,2026,100.0,division:2026arc,raw_pred_red_win_probability,score_differential_rmse,158.94327917698877,141,lower
official-total-core,additive,2026,100.0,division:2026arc,raw_pred_red_win_probability,mean_bias,-41.634735231156,282,lower
official-total-core,additive,2026,100.0,division:2026arc,raw_pred_red_win_probability,relative_bias,-0.09366121553963107,282,lower
official-total-core,additive,2026,100.0,division:2026arc,raw_pred_red_win_probability,winner_accuracy,0.6428571428571429,140,higher
official-total-core,additive,2026,100.0,division:2026arc,raw_pred_red_win_probability,winner_brier,0.25578581725781213,140,lower
official-total-core,additive,2026,100.0,division:2026arc,raw_pred_red_win_probability,winner_log_loss,0.9701832201264876,140,lower
official-total-core,additive,2026,100.0,division:2026arc,raw_pred_red_win_probability,winner_ece,0.21913789751899748,140,lower
official-total-core,additive,2026,100.0,division:2026arc,transferred_platt_red_win_probability,alliance_score_mae,98.62427908823042,282,lower
official-total-core,additive,2026,100.0,division:2026arc,transferred_platt_red_win_probability,alliance_score_rmse,123.72941605181575,282,lower
official-total-core,additive,2026,100.0,division:2026arc,transferred_platt_red_win_probability,score_differential_mae,128.41167576155806,141,lower
official-total-core,additive,2026,100.0,division:2026arc,transferred_platt_red_win_probability,score_differential_rmse,158.94327917698877,141,lower
official-total-core,additive,2026,100.0,division:2026arc,transferred_platt_red_win_probability,mean_bias,-41.634735231156,282,lower
official-total-core,additive,2026,100.0,division:2026arc,transferred_platt_red_win_probability,relative_bias,-0.09366121553963107,282,lower
official-total-core,additive,2026,100.0,division:2026arc,transferred_platt_red_win_probability,winner_accuracy,0.6428571428571429,140,higher
official-total-core,additive,2026,100.0,division:2026arc,transferred_platt_red_win_probability,winner_brier,0.21242274460117366,140,lower
official-total-core,additive,2026,100.0,division:2026arc,transferred_platt_red_win_probability,winner_log_loss,0.6110526954112098,140,lower
official-total-core,additive,2026,100.0,division:2026arc,transferred_platt_red_win_probability,winner_ece,0.11142904377737313,140,lower
official-total-core,additive,2026,100.0,division:2026arc,transferred_score_red_win_probability,alliance_score_mae,98.62427908823042,282,lower
official-total-core,additive,2026,100.0,division:2026arc,transferred_score_red_win_probability,alliance_score_rmse,123.72941605181575,282,lower
official-total-core,additive,2026,100.0,division:2026arc,transferred_score_red_win_probability,score_differential_mae,128.41167576155806,141,lower
official-total-core,additive,2026,100.0,division:2026arc,transferred_score_red_win_probability,score_differential_rmse,158.94327917698877,141,lower
official-total-core,additive,2026,100.0,division:2026arc,transferred_score_red_win_probability,mean_bias,-41.634735231156,282,lower
official-total-core,additive,2026,100.0,division:2026arc,transferred_score_red_win_probability,relative_bias,-0.09366121553963107,282,lower
official-total-core,additive,2026,100.0,division:2026arc,transferred_score_red_win_probability,winner_accuracy,0.7,140,higher
official-total-core,additive,2026,100.0,division:2026arc,transferred_score_red_win_probability,winner_brier,0.20151603242469357,140,lower
official-total-core,additive,2026,100.0,division:2026arc,transferred_score_red_win_probability,winner_log_loss,0.6012846867682257,140,lower
official-total-core,additive,2026,100.0,division:2026arc,transferred_score_red_win_probability,winner_ece,0.13782276852839687,140,lower
official-total-core,additive,2026,100.0,division:2026cur,raw_pred_red_win_probability,alliance_score_mae,96.39548144200874,278,lower
official-total-core,additive,2026,100.0,division:2026cur,raw_pred_red_win_probability,alliance_score_rmse,123.88545000825418,278,lower
official-total-core,additive,2026,100.0,division:2026cur,raw_pred_red_win_probability,score_differential_mae,107.4166299364935,139,lower
official-total-core,additive,2026,100.0,division:2026cur,raw_pred_red_win_probability,score_differential_rmse,136.74698944383678,139,lower
official-total-core,additive,2026,100.0,division:2026cur,raw_pred_red_win_probability,mean_bias,-57.92021520053909,278,lower
official-total-core,additive,2026,100.0,division:2026cur,raw_pred_red_win_probability,relative_bias,-0.13350097689906365,278,lower
official-total-core,additive,2026,100.0,division:2026cur,raw_pred_red_win_probability,winner_accuracy,0.7050359712230215,139,higher
official-total-core,additive,2026,100.0,division:2026cur,raw_pred_red_win_probability,winner_brier,0.2086812397250825,139,lower
official-total-core,additive,2026,100.0,division:2026cur,raw_pred_red_win_probability,winner_log_loss,0.7075977530273886,139,lower
official-total-core,additive,2026,100.0,division:2026cur,raw_pred_red_win_probability,winner_ece,0.15657829469245432,139,lower
official-total-core,additive,2026,100.0,division:2026cur,transferred_platt_red_win_probability,alliance_score_mae,96.39548144200874,278,lower
official-total-core,additive,2026,100.0,division:2026cur,transferred_platt_red_win_probability,alliance_score_rmse,123.88545000825418,278,lower
official-total-core,additive,2026,100.0,division:2026cur,transferred_platt_red_win_probability,score_differential_mae,107.4166299364935,139,lower
official-total-core,additive,2026,100.0,division:2026cur,transferred_platt_red_win_probability,score_differential_rmse,136.74698944383678,139,lower
official-total-core,additive,2026,100.0,division:2026cur,transferred_platt_red_win_probability,mean_bias,-57.92021520053909,278,lower
official-total-core,additive,2026,100.0,division:2026cur,transferred_platt_red_win_probability,relative_bias,-0.13350097689906365,278,lower
official-total-core,additive,2026,100.0,division:2026cur,transferred_platt_red_win_probability,winner_accuracy,0.7266187050359713,139,higher
official-total-core,additive,2026,100.0,division:2026cur,transferred_platt_red_win_probability,winner_brier,0.1826706962724563,139,lower
official-total-core,additive,2026,100.0,division:2026cur,transferred_platt_red_win_probability,winner_log_loss,0.5408851294406202,139,lower
official-total-core,additive,2026,100.0,division:2026cur,transferred_platt_red_win_probability,winner_ece,0.07579274918383783,139,lower
official-total-core,additive,2026,100.0,division:2026cur,transferred_score_red_win_probability,alliance_score_mae,96.39548144200874,278,lower
official-total-core,additive,2026,100.0,division:2026cur,transferred_score_red_win_probability,alliance_score_rmse,123.88545000825418,278,lower
official-total-core,additive,2026,100.0,division:2026cur,transferred_score_red_win_probability,score_differential_mae,107.4166299364935,139,lower
official-total-core,additive,2026,100.0,division:2026cur,transferred_score_red_win_probability,score_differential_rmse,136.74698944383678,139,lower
official-total-core,additive,2026,100.0,division:2026cur,transferred_score_red_win_probability,mean_bias,-57.92021520053909,278,lower
official-total-core,additive,2026,100.0,division:2026cur,transferred_score_red_win_probability,relative_bias,-0.13350097689906365,278,lower
official-total-core,additive,2026,100.0,division:2026cur,transferred_score_red_win_probability,winner_accuracy,0.7410071942446043,139,higher
official-total-core,additive,2026,100.0,division:2026cur,transferred_score_red_win_probability,winner_brier,0.1703658499690457,139,lower
official-total-core,additive,2026,100.0,division:2026cur,transferred_score_red_win_probability,winner_log_loss,0.5096031092938857,139,lower
official-total-core,additive,2026,100.0,division:2026cur,transferred_score_red_win_probability,winner_ece,0.06092174664237403,139,lower
official-total-core,additive,2026,100.0,division:2026dal,raw_pred_red_win_probability,alliance_score_mae,80.91998928680358,280,lower
official-total-core,additive,2026,100.0,division:2026dal,raw_pred_red_win_probability,alliance_score_rmse,105.08726267286256,280,lower
official-total-core,additive,2026,100.0,division:2026dal,raw_pred_red_win_probability,score_differential_mae,113.1161792752892,140,lower
official-total-core,additive,2026,100.0,division:2026dal,raw_pred_red_win_probability,score_differential_rmse,138.60606732509544,140,lower
official-total-core,additive,2026,100.0,division:2026dal,raw_pred_red_win_probability,mean_bias,-31.167184191458006,280,lower
official-total-core,additive,2026,100.0,division:2026dal,raw_pred_red_win_probability,relative_bias,-0.07644770725167968,280,lower
official-total-core,additive,2026,100.0,division:2026dal,raw_pred_red_win_probability,winner_accuracy,0.7428571428571429,140,higher
official-total-core,additive,2026,100.0,division:2026dal,raw_pred_red_win_probability,winner_brier,0.2018275295520978,140,lower
official-total-core,additive,2026,100.0,division:2026dal,raw_pred_red_win_probability,winner_log_loss,0.6786273610740603,140,lower
official-total-core,additive,2026,100.0,division:2026dal,raw_pred_red_win_probability,winner_ece,0.15638363306850028,140,lower
official-total-core,additive,2026,100.0,division:2026dal,transferred_platt_red_win_probability,alliance_score_mae,80.91998928680358,280,lower
official-total-core,additive,2026,100.0,division:2026dal,transferred_platt_red_win_probability,alliance_score_rmse,105.08726267286256,280,lower
official-total-core,additive,2026,100.0,division:2026dal,transferred_platt_red_win_probability,score_differential_mae,113.1161792752892,140,lower
official-total-core,additive,2026,100.0,division:2026dal,transferred_platt_red_win_probability,score_differential_rmse,138.60606732509544,140,lower
official-total-core,additive,2026,100.0,division:2026dal,transferred_platt_red_win_probability,mean_bias,-31.167184191458006,280,lower
official-total-core,additive,2026,100.0,division:2026dal,transferred_platt_red_win_probability,relative_bias,-0.07644770725167968,280,lower
official-total-core,additive,2026,100.0,division:2026dal,transferred_platt_red_win_probability,winner_accuracy,0.7357142857142858,140,higher
official-total-core,additive,2026,100.0,division:2026dal,transferred_platt_red_win_probability,winner_brier,0.17771068169389723,140,lower
official-total-core,additive,2026,100.0,division:2026dal,transferred_platt_red_win_probability,winner_log_loss,0.5260619814053077,140,lower
official-total-core,additive,2026,100.0,division:2026dal,transferred_platt_red_win_probability,winner_ece,0.07185430546508777,140,lower
official-total-core,additive,2026,100.0,division:2026dal,transferred_score_red_win_probability,alliance_score_mae,80.91998928680358,280,lower
official-total-core,additive,2026,100.0,division:2026dal,transferred_score_red_win_probability,alliance_score_rmse,105.08726267286256,280,lower
official-total-core,additive,2026,100.0,division:2026dal,transferred_score_red_win_probability,score_differential_mae,113.1161792752892,140,lower
official-total-core,additive,2026,100.0,division:2026dal,transferred_score_red_win_probability,score_differential_rmse,138.60606732509544,140,lower
official-total-core,additive,2026,100.0,division:2026dal,transferred_score_red_win_probability,mean_bias,-31.167184191458006,280,lower
official-total-core,additive,2026,100.0,division:2026dal,transferred_score_red_win_probability,relative_bias,-0.07644770725167968,280,lower
official-total-core,additive,2026,100.0,division:2026dal,transferred_score_red_win_probability,winner_accuracy,0.7214285714285714,140,higher
official-total-core,additive,2026,100.0,division:2026dal,transferred_score_red_win_probability,winner_brier,0.16572821832083115,140,lower
official-total-core,additive,2026,100.0,division:2026dal,transferred_score_red_win_probability,winner_log_loss,0.48072400635458,140,lower
official-total-core,additive,2026,100.0,division:2026dal,transferred_score_red_win_probability,winner_ece,0.08805593327947288,140,lower
official-total-core,additive,2026,100.0,division:2026gal,raw_pred_red_win_probability,alliance_score_mae,115.24336200524986,280,lower
official-total-core,additive,2026,100.0,division:2026gal,raw_pred_red_win_probability,alliance_score_rmse,144.20925438542324,280,lower
official-total-core,additive,2026,100.0,division:2026gal,raw_pred_red_win_probability,score_differential_mae,129.58154701850725,140,lower
official-total-core,additive,2026,100.0,division:2026gal,raw_pred_red_win_probability,score_differential_rmse,167.27938103760445,140,lower
official-total-core,additive,2026,100.0,division:2026gal,raw_pred_red_win_probability,mean_bias,-86.12645373056532,280,lower
official-total-core,additive,2026,100.0,division:2026gal,raw_pred_red_win_probability,relative_bias,-0.20246162860322128,280,lower
official-total-core,additive,2026,100.0,division:2026gal,raw_pred_red_win_probability,winner_accuracy,0.6906474820143885,139,higher
official-total-core,additive,2026,100.0,division:2026gal,raw_pred_red_win_probability,winner_brier,0.24163351319633017,139,lower
official-total-core,additive,2026,100.0,division:2026gal,raw_pred_red_win_probability,winner_log_loss,0.8554477162046659,139,lower
official-total-core,additive,2026,100.0,division:2026gal,raw_pred_red_win_probability,winner_ece,0.1855509040301415,139,lower
official-total-core,additive,2026,100.0,division:2026gal,transferred_platt_red_win_probability,alliance_score_mae,115.24336200524986,280,lower
official-total-core,additive,2026,100.0,division:2026gal,transferred_platt_red_win_probability,alliance_score_rmse,144.20925438542324,280,lower
official-total-core,additive,2026,100.0,division:2026gal,transferred_platt_red_win_probability,score_differential_mae,129.58154701850725,140,lower
official-total-core,additive,2026,100.0,division:2026gal,transferred_platt_red_win_probability,score_differential_rmse,167.27938103760445,140,lower
official-total-core,additive,2026,100.0,division:2026gal,transferred_platt_red_win_probability,mean_bias,-86.12645373056532,280,lower
official-total-core,additive,2026,100.0,division:2026gal,transferred_platt_red_win_probability,relative_bias,-0.20246162860322128,280,lower
official-total-core,additive,2026,100.0,division:2026gal,transferred_platt_red_win_probability,winner_accuracy,0.6834532374100719,139,higher
official-total-core,additive,2026,100.0,division:2026gal,transferred_platt_red_win_probability,winner_brier,0.202570938476368,139,lower
official-total-core,additive,2026,100.0,division:2026gal,transferred_platt_red_win_probability,winner_log_loss,0.588957952063801,139,lower
official-total-core,additive,2026,100.0,division:2026gal,transferred_platt_red_win_probability,winner_ece,0.06873585902856505,139,lower
official-total-core,additive,2026,100.0,division:2026gal,transferred_score_red_win_probability,alliance_score_mae,115.24336200524986,280,lower
official-total-core,additive,2026,100.0,division:2026gal,transferred_score_red_win_probability,alliance_score_rmse,144.20925438542324,280,lower
official-total-core,additive,2026,100.0,division:2026gal,transferred_score_red_win_probability,score_differential_mae,129.58154701850725,140,lower
official-total-core,additive,2026,100.0,division:2026gal,transferred_score_red_win_probability,score_differential_rmse,167.27938103760445,140,lower
official-total-core,additive,2026,100.0,division:2026gal,transferred_score_red_win_probability,mean_bias,-86.12645373056532,280,lower
official-total-core,additive,2026,100.0,division:2026gal,transferred_score_red_win_probability,relative_bias,-0.20246162860322128,280,lower
official-total-core,additive,2026,100.0,division:2026gal,transferred_score_red_win_probability,winner_accuracy,0.6762589928057554,139,higher
official-total-core,additive,2026,100.0,division:2026gal,transferred_score_red_win_probability,winner_brier,0.21185580663549916,139,lower
official-total-core,additive,2026,100.0,division:2026gal,transferred_score_red_win_probability,winner_log_loss,0.6165420844805137,139,lower
official-total-core,additive,2026,100.0,division:2026gal,transferred_score_red_win_probability,winner_ece,0.11276545528472119,139,lower
official-total-core,additive,2026,100.0,division:2026hop,raw_pred_red_win_probability,alliance_score_mae,108.51062421227881,280,lower
official-total-core,additive,2026,100.0,division:2026hop,raw_pred_red_win_probability,alliance_score_rmse,134.6973535430911,280,lower
official-total-core,additive,2026,100.0,division:2026hop,raw_pred_red_win_probability,score_differential_mae,126.60124248534794,140,lower
official-total-core,additive,2026,100.0,division:2026hop,raw_pred_red_win_probability,score_differential_rmse,156.87095620919882,140,lower
official-total-core,additive,2026,100.0,division:2026hop,raw_pred_red_win_probability,mean_bias,-69.87028960066117,280,lower
official-total-core,additive,2026,100.0,division:2026hop,raw_pred_red_win_probability,relative_bias,-0.1514967250664813,280,lower
official-total-core,additive,2026,100.0,division:2026hop,raw_pred_red_win_probability,winner_accuracy,0.7428571428571429,140,higher
official-total-core,additive,2026,100.0,division:2026hop,raw_pred_red_win_probability,winner_brier,0.19918448526606758,140,lower
official-total-core,additive,2026,100.0,division:2026hop,raw_pred_red_win_probability,winner_log_loss,0.7242017051831322,140,lower
official-total-core,additive,2026,100.0,division:2026hop,raw_pred_red_win_probability,winner_ece,0.15913210245598422,140,lower
official-total-core,additive,2026,100.0,division:2026hop,transferred_platt_red_win_probability,alliance_score_mae,108.51062421227881,280,lower
official-total-core,additive,2026,100.0,division:2026hop,transferred_platt_red_win_probability,alliance_score_rmse,134.6973535430911,280,lower
official-total-core,additive,2026,100.0,division:2026hop,transferred_platt_red_win_probability,score_differential_mae,126.60124248534794,140,lower
official-total-core,additive,2026,100.0,division:2026hop,transferred_platt_red_win_probability,score_differential_rmse,156.87095620919882,140,lower
official-total-core,additive,2026,100.0,division:2026hop,transferred_platt_red_win_probability,mean_bias,-69.87028960066117,280,lower
official-total-core,additive,2026,100.0,division:2026hop,transferred_platt_red_win_probability,relative_bias,-0.1514967250664813,280,lower
official-total-core,additive,2026,100.0,division:2026hop,transferred_platt_red_win_probability,winner_accuracy,0.7357142857142858,140,higher
official-total-core,additive,2026,100.0,division:2026hop,transferred_platt_red_win_probability,winner_brier,0.1762687228307223,140,lower
official-total-core,additive,2026,100.0,division:2026hop,transferred_platt_red_win_probability,winner_log_loss,0.5278688109541915,140,lower
official-total-core,additive,2026,100.0,division:2026hop,transferred_platt_red_win_probability,winner_ece,0.07090077146362408,140,lower
official-total-core,additive,2026,100.0,division:2026hop,transferred_score_red_win_probability,alliance_score_mae,108.51062421227881,280,lower
official-total-core,additive,2026,100.0,division:2026hop,transferred_score_red_win_probability,alliance_score_rmse,134.6973535430911,280,lower
official-total-core,additive,2026,100.0,division:2026hop,transferred_score_red_win_probability,score_differential_mae,126.60124248534794,140,lower
official-total-core,additive,2026,100.0,division:2026hop,transferred_score_red_win_probability,score_differential_rmse,156.87095620919882,140,lower
official-total-core,additive,2026,100.0,division:2026hop,transferred_score_red_win_probability,mean_bias,-69.87028960066117,280,lower
official-total-core,additive,2026,100.0,division:2026hop,transferred_score_red_win_probability,relative_bias,-0.1514967250664813,280,lower
official-total-core,additive,2026,100.0,division:2026hop,transferred_score_red_win_probability,winner_accuracy,0.7357142857142858,140,higher
official-total-core,additive,2026,100.0,division:2026hop,transferred_score_red_win_probability,winner_brier,0.18107058066335616,140,lower
official-total-core,additive,2026,100.0,division:2026hop,transferred_score_red_win_probability,winner_log_loss,0.5455316286926091,140,lower
official-total-core,additive,2026,100.0,division:2026hop,transferred_score_red_win_probability,winner_ece,0.10765903252997777,140,lower
official-total-core,additive,2026,100.0,division:2026joh,raw_pred_red_win_probability,alliance_score_mae,97.87977911323962,280,lower
official-total-core,additive,2026,100.0,division:2026joh,raw_pred_red_win_probability,alliance_score_rmse,123.29148298746692,280,lower
official-total-core,additive,2026,100.0,division:2026joh,raw_pred_red_win_probability,score_differential_mae,120.75821265774003,140,lower
official-total-core,additive,2026,100.0,division:2026joh,raw_pred_red_win_probability,score_differential_rmse,151.56867665564147,140,lower
official-total-core,additive,2026,100.0,division:2026joh,raw_pred_red_win_probability,mean_bias,-36.819064684075805,280,lower
official-total-core,additive,2026,100.0,division:2026joh,raw_pred_red_win_probability,relative_bias,-0.08868247837884925,280,lower
official-total-core,additive,2026,100.0,division:2026joh,raw_pred_red_win_probability,winner_accuracy,0.7071428571428572,140,higher
official-total-core,additive,2026,100.0,division:2026joh,raw_pred_red_win_probability,winner_brier,0.22662587505483062,140,lower
official-total-core,additive,2026,100.0,division:2026joh,raw_pred_red_win_probability,winner_log_loss,0.8920052927226729,140,lower
official-total-core,additive,2026,100.0,division:2026joh,raw_pred_red_win_probability,winner_ece,0.2003757804842816,140,lower
official-total-core,additive,2026,100.0,division:2026joh,transferred_platt_red_win_probability,alliance_score_mae,97.87977911323962,280,lower
official-total-core,additive,2026,100.0,division:2026joh,transferred_platt_red_win_probability,alliance_score_rmse,123.29148298746692,280,lower
official-total-core,additive,2026,100.0,division:2026joh,transferred_platt_red_win_probability,score_differential_mae,120.75821265774003,140,lower
official-total-core,additive,2026,100.0,division:2026joh,transferred_platt_red_win_probability,score_differential_rmse,151.56867665564147,140,lower
official-total-core,additive,2026,100.0,division:2026joh,transferred_platt_red_win_probability,mean_bias,-36.819064684075805,280,lower
official-total-core,additive,2026,100.0,division:2026joh,transferred_platt_red_win_probability,relative_bias,-0.08868247837884925,280,lower
official-total-core,additive,2026,100.0,division:2026joh,transferred_platt_red_win_probability,winner_accuracy,0.7214285714285714,140,higher
official-total-core,additive,2026,100.0,division:2026joh,transferred_platt_red_win_probability,winner_brier,0.19208522681769927,140,lower
official-total-core,additive,2026,100.0,division:2026joh,transferred_platt_red_win_probability,winner_log_loss,0.5679110840984998,140,lower
official-total-core,additive,2026,100.0,division:2026joh,transferred_platt_red_win_probability,winner_ece,0.07398712201895671,140,lower
official-total-core,additive,2026,100.0,division:2026joh,transferred_score_red_win_probability,alliance_score_mae,97.87977911323962,280,lower
official-total-core,additive,2026,100.0,division:2026joh,transferred_score_red_win_probability,alliance_score_rmse,123.29148298746692,280,lower
official-total-core,additive,2026,100.0,division:2026joh,transferred_score_red_win_probability,score_differential_mae,120.75821265774003,140,lower
official-total-core,additive,2026,100.0,division:2026joh,transferred_score_red_win_probability,score_differential_rmse,151.56867665564147,140,lower
official-total-core,additive,2026,100.0,division:2026joh,transferred_score_red_win_probability,mean_bias,-36.819064684075805,280,lower
official-total-core,additive,2026,100.0,division:2026joh,transferred_score_red_win_probability,relative_bias,-0.08868247837884925,280,lower
official-total-core,additive,2026,100.0,division:2026joh,transferred_score_red_win_probability,winner_accuracy,0.7857142857142857,140,higher
official-total-core,additive,2026,100.0,division:2026joh,transferred_score_red_win_probability,winner_brier,0.17900331468396966,140,lower
official-total-core,additive,2026,100.0,division:2026joh,transferred_score_red_win_probability,winner_log_loss,0.5576531198357326,140,lower
official-total-core,additive,2026,100.0,division:2026joh,transferred_score_red_win_probability,winner_ece,0.12222256052671235,140,lower
official-total-core,additive,2026,100.0,division:2026mil,raw_pred_red_win_probability,alliance_score_mae,89.22454578089027,278,lower
official-total-core,additive,2026,100.0,division:2026mil,raw_pred_red_win_probability,alliance_score_rmse,111.13359151824729,278,lower
official-total-core,additive,2026,100.0,division:2026mil,raw_pred_red_win_probability,score_differential_mae,112.67282724959965,139,lower
official-total-core,additive,2026,100.0,division:2026mil,raw_pred_red_win_probability,score_differential_rmse,140.3852853752312,139,lower
official-total-core,additive,2026,100.0,division:2026mil,raw_pred_red_win_probability,mean_bias,-52.41797248857475,278,lower
official-total-core,additive,2026,100.0,division:2026mil,raw_pred_red_win_probability,relative_bias,-0.1273303655222098,278,lower
official-total-core,additive,2026,100.0,division:2026mil,raw_pred_red_win_probability,winner_accuracy,0.7122302158273381,139,higher
official-total-core,additive,2026,100.0,division:2026mil,raw_pred_red_win_probability,winner_brier,0.22437931812750547,139,lower
official-total-core,additive,2026,100.0,division:2026mil,raw_pred_red_win_probability,winner_log_loss,0.8226017623581768,139,lower
official-total-core,additive,2026,100.0,division:2026mil,raw_pred_red_win_probability,winner_ece,0.19380766837961308,139,lower
official-total-core,additive,2026,100.0,division:2026mil,transferred_platt_red_win_probability,alliance_score_mae,89.22454578089027,278,lower
official-total-core,additive,2026,100.0,division:2026mil,transferred_platt_red_win_probability,alliance_score_rmse,111.13359151824729,278,lower
official-total-core,additive,2026,100.0,division:2026mil,transferred_platt_red_win_probability,score_differential_mae,112.67282724959965,139,lower
official-total-core,additive,2026,100.0,division:2026mil,transferred_platt_red_win_probability,score_differential_rmse,140.3852853752312,139,lower
official-total-core,additive,2026,100.0,division:2026mil,transferred_platt_red_win_probability,mean_bias,-52.41797248857475,278,lower
official-total-core,additive,2026,100.0,division:2026mil,transferred_platt_red_win_probability,relative_bias,-0.1273303655222098,278,lower
official-total-core,additive,2026,100.0,division:2026mil,transferred_platt_red_win_probability,winner_accuracy,0.7338129496402878,139,higher
official-total-core,additive,2026,100.0,division:2026mil,transferred_platt_red_win_probability,winner_brier,0.18453666850489822,139,lower
official-total-core,additive,2026,100.0,division:2026mil,transferred_platt_red_win_probability,winner_log_loss,0.5408177290903763,139,lower
official-total-core,additive,2026,100.0,division:2026mil,transferred_platt_red_win_probability,winner_ece,0.05850920187269781,139,lower
official-total-core,additive,2026,100.0,division:2026mil,transferred_score_red_win_probability,alliance_score_mae,89.22454578089027,278,lower
official-total-core,additive,2026,100.0,division:2026mil,transferred_score_red_win_probability,alliance_score_rmse,111.13359151824729,278,lower
official-total-core,additive,2026,100.0,division:2026mil,transferred_score_red_win_probability,score_differential_mae,112.67282724959965,139,lower
official-total-core,additive,2026,100.0,division:2026mil,transferred_score_red_win_probability,score_differential_rmse,140.3852853752312,139,lower
official-total-core,additive,2026,100.0,division:2026mil,transferred_score_red_win_probability,mean_bias,-52.41797248857475,278,lower
official-total-core,additive,2026,100.0,division:2026mil,transferred_score_red_win_probability,relative_bias,-0.1273303655222098,278,lower
official-total-core,additive,2026,100.0,division:2026mil,transferred_score_red_win_probability,winner_accuracy,0.7769784172661871,139,higher
official-total-core,additive,2026,100.0,division:2026mil,transferred_score_red_win_probability,winner_brier,0.16281970922110128,139,lower
official-total-core,additive,2026,100.0,division:2026mil,transferred_score_red_win_probability,winner_log_loss,0.48915164408664086,139,lower
official-total-core,additive,2026,100.0,division:2026mil,transferred_score_red_win_probability,winner_ece,0.09282301923302337,139,lower
official-total-core,additive,2026,100.0,division:2026new,raw_pred_red_win_probability,alliance_score_mae,109.91754738029756,280,lower
official-total-core,additive,2026,100.0,division:2026new,raw_pred_red_win_probability,alliance_score_rmse,135.67982307165886,280,lower
official-total-core,additive,2026,100.0,division:2026new,raw_pred_red_win_probability,score_differential_mae,121.56193368248641,140,lower
official-total-core,additive,2026,100.0,division:2026new,raw_pred_red_win_probability,score_differential_rmse,152.43182890175552,140,lower
official-total-core,additive,2026,100.0,division:2026new,raw_pred_red_win_probability,mean_bias,-74.09829564658608,280,lower
official-total-core,additive,2026,100.0,division:2026new,raw_pred_red_win_probability,relative_bias,-0.15678742211491134,280,lower
official-total-core,additive,2026,100.0,division:2026new,raw_pred_red_win_probability,winner_accuracy,0.7214285714285714,140,higher
official-total-core,additive,2026,100.0,division:2026new,raw_pred_red_win_probability,winner_brier,0.21169376658964972,140,lower
official-total-core,additive,2026,100.0,division:2026new,raw_pred_red_win_probability,winner_log_loss,0.7364941169976066,140,lower
official-total-core,additive,2026,100.0,division:2026new,raw_pred_red_win_probability,winner_ece,0.1693970260296088,140,lower
official-total-core,additive,2026,100.0,division:2026new,transferred_platt_red_win_probability,alliance_score_mae,109.91754738029756,280,lower
official-total-core,additive,2026,100.0,division:2026new,transferred_platt_red_win_probability,alliance_score_rmse,135.67982307165886,280,lower
official-total-core,additive,2026,100.0,division:2026new,transferred_platt_red_win_probability,score_differential_mae,121.56193368248641,140,lower
official-total-core,additive,2026,100.0,division:2026new,transferred_platt_red_win_probability,score_differential_rmse,152.43182890175552,140,lower
official-total-core,additive,2026,100.0,division:2026new,transferred_platt_red_win_probability,mean_bias,-74.09829564658608,280,lower
official-total-core,additive,2026,100.0,division:2026new,transferred_platt_red_win_probability,relative_bias,-0.15678742211491134,280,lower
official-total-core,additive,2026,100.0,division:2026new,transferred_platt_red_win_probability,winner_accuracy,0.7071428571428572,140,higher
official-total-core,additive,2026,100.0,division:2026new,transferred_platt_red_win_probability,winner_brier,0.18684258249258193,140,lower
official-total-core,additive,2026,100.0,division:2026new,transferred_platt_red_win_probability,winner_log_loss,0.5550457449346712,140,lower
official-total-core,additive,2026,100.0,division:2026new,transferred_platt_red_win_probability,winner_ece,0.06812727342736645,140,lower
official-total-core,additive,2026,100.0,division:2026new,transferred_score_red_win_probability,alliance_score_mae,109.91754738029756,280,lower
official-total-core,additive,2026,100.0,division:2026new,transferred_score_red_win_probability,alliance_score_rmse,135.67982307165886,280,lower
official-total-core,additive,2026,100.0,division:2026new,transferred_score_red_win_probability,score_differential_mae,121.56193368248641,140,lower
official-total-core,additive,2026,100.0,division:2026new,transferred_score_red_win_probability,score_differential_rmse,152.43182890175552,140,lower
official-total-core,additive,2026,100.0,division:2026new,transferred_score_red_win_probability,mean_bias,-74.09829564658608,280,lower
official-total-core,additive,2026,100.0,division:2026new,transferred_score_red_win_probability,relative_bias,-0.15678742211491134,280,lower
official-total-core,additive,2026,100.0,division:2026new,transferred_score_red_win_probability,winner_accuracy,0.6785714285714286,140,higher
official-total-core,additive,2026,100.0,division:2026new,transferred_score_red_win_probability,winner_brier,0.19821109431181572,140,lower
official-total-core,additive,2026,100.0,division:2026new,transferred_score_red_win_probability,winner_log_loss,0.5717785754261601,140,lower
official-total-core,additive,2026,100.0,division:2026new,transferred_score_red_win_probability,winner_ece,0.09883617913353492,140,lower
official-total-core,additive,2026,100.0,observation:high,raw_pred_red_win_probability,alliance_score_mae,98.57411007485467,2134,lower
official-total-core,additive,2026,100.0,observation:high,raw_pred_red_win_probability,alliance_score_rmse,124.57784331112452,2134,lower
official-total-core,additive,2026,100.0,observation:high,raw_pred_red_win_probability,score_differential_mae,118.94280297083013,1067,lower
official-total-core,additive,2026,100.0,observation:high,raw_pred_red_win_probability,score_differential_rmse,148.8752431422614,1067,lower
official-total-core,additive,2026,100.0,observation:high,raw_pred_red_win_probability,mean_bias,-54.740783032146695,2134,lower
official-total-core,additive,2026,100.0,observation:high,raw_pred_red_win_probability,relative_bias,-0.12542069034850875,2134,lower
official-total-core,additive,2026,100.0,observation:high,raw_pred_red_win_probability,winner_accuracy,0.7051643192488263,1065,higher
official-total-core,additive,2026,100.0,observation:high,raw_pred_red_win_probability,winner_brier,0.22250173776866553,1065,lower
official-total-core,additive,2026,100.0,observation:high,raw_pred_red_win_probability,winner_log_loss,0.7965170048058609,1065,lower
official-total-core,additive,2026,100.0,observation:high,raw_pred_red_win_probability,winner_ece,0.16770208407926024,1065,lower
official-total-core,additive,2026,100.0,observation:high,transferred_platt_red_win_probability,alliance_score_mae,98.57411007485467,2134,lower
official-total-core,additive,2026,100.0,observation:high,transferred_platt_red_win_probability,alliance_score_rmse,124.57784331112452,2134,lower
official-total-core,additive,2026,100.0,observation:high,transferred_platt_red_win_probability,score_differential_mae,118.94280297083013,1067,lower
official-total-core,additive,2026,100.0,observation:high,transferred_platt_red_win_probability,score_differential_rmse,148.8752431422614,1067,lower
official-total-core,additive,2026,100.0,observation:high,transferred_platt_red_win_probability,mean_bias,-54.740783032146695,2134,lower
official-total-core,additive,2026,100.0,observation:high,transferred_platt_red_win_probability,relative_bias,-0.12542069034850875,2134,lower
official-total-core,additive,2026,100.0,observation:high,transferred_platt_red_win_probability,winner_accuracy,0.7089201877934272,1065,higher
official-total-core,additive,2026,100.0,observation:high,transferred_platt_red_win_probability,winner_brier,0.18975475256461266,1065,lower
official-total-core,additive,2026,100.0,observation:high,transferred_platt_red_win_probability,winner_log_loss,0.5577146341079326,1065,lower
official-total-core,additive,2026,100.0,observation:high,transferred_platt_red_win_probability,winner_ece,0.027128564138900895,1065,lower
official-total-core,additive,2026,100.0,observation:high,transferred_score_red_win_probability,alliance_score_mae,98.57411007485467,2134,lower
official-total-core,additive,2026,100.0,observation:high,transferred_score_red_win_probability,alliance_score_rmse,124.57784331112452,2134,lower
official-total-core,additive,2026,100.0,observation:high,transferred_score_red_win_probability,score_differential_mae,118.94280297083013,1067,lower
official-total-core,additive,2026,100.0,observation:high,transferred_score_red_win_probability,score_differential_rmse,148.8752431422614,1067,lower
official-total-core,additive,2026,100.0,observation:high,transferred_score_red_win_probability,mean_bias,-54.740783032146695,2134,lower
official-total-core,additive,2026,100.0,observation:high,transferred_score_red_win_probability,relative_bias,-0.12542069034850875,2134,lower
official-total-core,additive,2026,100.0,observation:high,transferred_score_red_win_probability,winner_accuracy,0.7267605633802817,1065,higher
official-total-core,additive,2026,100.0,observation:high,transferred_score_red_win_probability,winner_brier,0.18409429974786407,1065,lower
official-total-core,additive,2026,100.0,observation:high,transferred_score_red_win_probability,winner_log_loss,0.546933308860118,1065,lower
official-total-core,additive,2026,100.0,observation:high,transferred_score_red_win_probability,winner_ece,0.07165064216696675,1065,lower
official-total-core,additive,2026,100.0,observation:low,raw_pred_red_win_probability,alliance_score_mae,99.36014964868228,4,lower
official-total-core,additive,2026,100.0,observation:low,raw_pred_red_win_probability,alliance_score_rmse,121.69787773990134,4,lower
official-total-core,additive,2026,100.0,observation:low,raw_pred_red_win_probability,score_differential_mae,89.03597258528501,2,lower
official-total-core,additive,2026,100.0,observation:low,raw_pred_red_win_probability,score_differential_rmse,89.75925971844774,2,lower
official-total-core,additive,2026,100.0,observation:low,raw_pred_red_win_probability,mean_bias,-82.5958602158647,4,lower
official-total-core,additive,2026,100.0,observation:low,raw_pred_red_win_probability,relative_bias,-0.21996234411681678,4,lower
official-total-core,additive,2026,100.0,observation:low,raw_pred_red_win_probability,winner_accuracy,1.0,2,higher
official-total-core,additive,2026,100.0,observation:low,raw_pred_red_win_probability,winner_brier,0.015454034528227911,2,lower
official-total-core,additive,2026,100.0,observation:low,raw_pred_red_win_probability,winner_log_loss,0.10198956659687189,2,lower
official-total-core,additive,2026,100.0,observation:low,raw_pred_red_win_probability,winner_ece,0.09322400391101837,2,lower
official-total-core,additive,2026,100.0,observation:low,transferred_platt_red_win_probability,alliance_score_mae,99.36014964868228,4,lower
official-total-core,additive,2026,100.0,observation:low,transferred_platt_red_win_probability,alliance_score_rmse,121.69787773990134,4,lower
official-total-core,additive,2026,100.0,observation:low,transferred_platt_red_win_probability,score_differential_mae,89.03597258528501,2,lower
official-total-core,additive,2026,100.0,observation:low,transferred_platt_red_win_probability,score_differential_rmse,89.75925971844774,2,lower
official-total-core,additive,2026,100.0,observation:low,transferred_platt_red_win_probability,mean_bias,-82.5958602158647,4,lower
official-total-core,additive,2026,100.0,observation:low,transferred_platt_red_win_probability,relative_bias,-0.21996234411681678,4,lower
official-total-core,additive,2026,100.0,observation:low,transferred_platt_red_win_probability,winner_accuracy,1.0,2,higher
official-total-core,additive,2026,100.0,observation:low,transferred_platt_red_win_probability,winner_brier,0.09732940536943128,2,lower
official-total-core,additive,2026,100.0,observation:low,transferred_platt_red_win_probability,winner_log_loss,0.35727454485966986,2,lower
official-total-core,additive,2026,100.0,observation:low,transferred_platt_red_win_probability,winner_ece,0.2917427688446866,2,lower
official-total-core,additive,2026,100.0,observation:low,transferred_score_red_win_probability,alliance_score_mae,99.36014964868228,4,lower
official-total-core,additive,2026,100.0,observation:low,transferred_score_red_win_probability,alliance_score_rmse,121.69787773990134,4,lower
official-total-core,additive,2026,100.0,observation:low,transferred_score_red_win_probability,score_differential_mae,89.03597258528501,2,lower
official-total-core,additive,2026,100.0,observation:low,transferred_score_red_win_probability,score_differential_rmse,89.75925971844774,2,lower
official-total-core,additive,2026,100.0,observation:low,transferred_score_red_win_probability,mean_bias,-82.5958602158647,4,lower
official-total-core,additive,2026,100.0,observation:low,transferred_score_red_win_probability,relative_bias,-0.21996234411681678,4,lower
official-total-core,additive,2026,100.0,observation:low,transferred_score_red_win_probability,winner_accuracy,0.5,2,higher
official-total-core,additive,2026,100.0,observation:low,transferred_score_red_win_probability,winner_brier,0.20304355583927813,2,lower
official-total-core,additive,2026,100.0,observation:low,transferred_score_red_win_probability,winner_log_loss,0.5333489543031411,2,lower
official-total-core,additive,2026,100.0,observation:low,transferred_score_red_win_probability,winner_ece,0.34639890814056973,2,lower
official-total-core,additive,2026,100.0,observation:medium,raw_pred_red_win_probability,alliance_score_mae,121.51787331915733,100,lower
official-total-core,additive,2026,100.0,observation:medium,raw_pred_red_win_probability,alliance_score_rmse,149.8362484537645,100,lower
official-total-core,additive,2026,100.0,observation:medium,raw_pred_red_win_probability,score_differential_mae,144.7022846582448,50,lower
official-total-core,additive,2026,100.0,observation:medium,raw_pred_red_win_probability,score_differential_rmse,187.4767800176702,50,lower
official-total-core,additive,2026,100.0,observation:medium,raw_pred_red_win_probability,mean_bias,-87.30557680232116,100,lower
official-total-core,additive,2026,100.0,observation:medium,raw_pred_red_win_probability,relative_bias,-0.22682664796653979,100,lower
official-total-core,additive,2026,100.0,observation:medium,raw_pred_red_win_probability,winner_accuracy,0.76,50,higher
official-total-core,additive,2026,100.0,observation:medium,raw_pred_red_win_probability,winner_brier,0.20207326807956938,50,lower
official-total-core,additive,2026,100.0,observation:medium,raw_pred_red_win_probability,winner_log_loss,0.8664402678832184,50,lower
official-total-core,additive,2026,100.0,observation:medium,raw_pred_red_win_probability,winner_ece,0.17154978982987815,50,lower
official-total-core,additive,2026,100.0,observation:medium,transferred_platt_red_win_probability,alliance_score_mae,121.51787331915733,100,lower
official-total-core,additive,2026,100.0,observation:medium,transferred_platt_red_win_probability,alliance_score_rmse,149.8362484537645,100,lower
official-total-core,additive,2026,100.0,observation:medium,transferred_platt_red_win_probability,score_differential_mae,144.7022846582448,50,lower
official-total-core,additive,2026,100.0,observation:medium,transferred_platt_red_win_probability,score_differential_rmse,187.4767800176702,50,lower
official-total-core,additive,2026,100.0,observation:medium,transferred_platt_red_win_probability,mean_bias,-87.30557680232116,100,lower
official-total-core,additive,2026,100.0,observation:medium,transferred_platt_red_win_probability,relative_bias,-0.22682664796653979,100,lower
official-total-core,additive,2026,100.0,observation:medium,transferred_platt_red_win_probability,winner_accuracy,0.74,50,higher
official-total-core,additive,2026,100.0,observation:medium,transferred_platt_red_win_probability,winner_brier,0.18523816082533004,50,lower
official-total-core,additive,2026,100.0,observation:medium,transferred_platt_red_win_probability,winner_log_loss,0.557057252211049,50,lower
official-total-core,additive,2026,100.0,observation:medium,transferred_platt_red_win_probability,winner_ece,0.16975518656555555,50,lower
official-total-core,additive,2026,100.0,observation:medium,transferred_score_red_win_probability,alliance_score_mae,121.51787331915733,100,lower
official-total-core,additive,2026,100.0,observation:medium,transferred_score_red_win_probability,alliance_score_rmse,149.8362484537645,100,lower
official-total-core,additive,2026,100.0,observation:medium,transferred_score_red_win_probability,score_differential_mae,144.7022846582448,50,lower
official-total-core,additive,2026,100.0,observation:medium,transferred_score_red_win_probability,score_differential_rmse,187.4767800176702,50,lower
official-total-core,additive,2026,100.0,observation:medium,transferred_score_red_win_probability,mean_bias,-87.30557680232116,100,lower
official-total-core,additive,2026,100.0,observation:medium,transferred_score_red_win_probability,relative_bias,-0.22682664796653979,100,lower
official-total-core,additive,2026,100.0,observation:medium,transferred_score_red_win_probability,winner_accuracy,0.74,50,higher
official-total-core,additive,2026,100.0,observation:medium,transferred_score_red_win_probability,winner_brier,0.17736654326528573,50,lower
official-total-core,additive,2026,100.0,observation:medium,transferred_score_red_win_probability,winner_log_loss,0.5390334201775133,50,lower
official-total-core,additive,2026,100.0,observation:medium,transferred_score_red_win_probability,winner_ece,0.11178312259399371,50,lower
official-total-core,full-match,2026,100.0,primary-clean,raw_pred_red_win_probability,alliance_score_mae,114.43354722646222,2216,lower
official-total-core,full-match,2026,100.0,primary-clean,raw_pred_red_win_probability,alliance_score_rmse,143.6315825152905,2216,lower
official-total-core,full-match,2026,100.0,primary-clean,raw_pred_red_win_probability,score_differential_mae,143.4591946026768,1108,lower
official-total-core,full-match,2026,100.0,primary-clean,raw_pred_red_win_probability,score_differential_rmse,178.8235822660996,1108,lower
official-total-core,full-match,2026,100.0,primary-clean,raw_pred_red_win_probability,mean_bias,-57.020592194576885,2216,lower
official-total-core,full-match,2026,100.0,primary-clean,raw_pred_red_win_probability,relative_bias,-0.13118702007313468,2216,lower
official-total-core,full-match,2026,100.0,primary-clean,raw_pred_red_win_probability,winner_accuracy,0.6708860759493671,1106,higher
official-total-core,full-match,2026,100.0,primary-clean,raw_pred_red_win_probability,winner_brier,0.28977160044577055,1106,lower
official-total-core,full-match,2026,100.0,primary-clean,raw_pred_red_win_probability,winner_log_loss,1.643931101897092,1106,lower
official-total-core,full-match,2026,100.0,primary-clean,raw_pred_red_win_probability,winner_ece,0.2656853432725475,1106,lower
official-total-core,full-match,2026,100.0,primary-clean,transferred_platt_red_win_probability,alliance_score_mae,114.43354722646222,2216,lower
official-total-core,full-match,2026,100.0,primary-clean,transferred_platt_red_win_probability,alliance_score_rmse,143.6315825152905,2216,lower
official-total-core,full-match,2026,100.0,primary-clean,transferred_platt_red_win_probability,score_differential_mae,143.4591946026768,1108,lower
official-total-core,full-match,2026,100.0,primary-clean,transferred_platt_red_win_probability,score_differential_rmse,178.8235822660996,1108,lower
official-total-core,full-match,2026,100.0,primary-clean,transferred_platt_red_win_probability,mean_bias,-57.020592194576885,2216,lower
official-total-core,full-match,2026,100.0,primary-clean,transferred_platt_red_win_probability,relative_bias,-0.13118702007313468,2216,lower
official-total-core,full-match,2026,100.0,primary-clean,transferred_platt_red_win_probability,winner_accuracy,0.659132007233273,1106,higher
official-total-core,full-match,2026,100.0,primary-clean,transferred_platt_red_win_probability,winner_brier,0.2126319972642092,1106,lower
official-total-core,full-match,2026,100.0,primary-clean,transferred_platt_red_win_probability,winner_log_loss,0.6124412475414609,1106,lower
official-total-core,full-match,2026,100.0,primary-clean,transferred_platt_red_win_probability,winner_ece,0.057598151042427416,1106,lower
official-total-core,full-match,2026,100.0,primary-clean,transferred_score_red_win_probability,alliance_score_mae,114.43354722646222,2216,lower
official-total-core,full-match,2026,100.0,primary-clean,transferred_score_red_win_probability,alliance_score_rmse,143.6315825152905,2216,lower
official-total-core,full-match,2026,100.0,primary-clean,transferred_score_red_win_probability,score_differential_mae,143.4591946026768,1108,lower
official-total-core,full-match,2026,100.0,primary-clean,transferred_score_red_win_probability,score_differential_rmse,178.8235822660996,1108,lower
official-total-core,full-match,2026,100.0,primary-clean,transferred_score_red_win_probability,mean_bias,-57.020592194576885,2216,lower
official-total-core,full-match,2026,100.0,primary-clean,transferred_score_red_win_probability,relative_bias,-0.13118702007313468,2216,lower
official-total-core,full-match,2026,100.0,primary-clean,transferred_score_red_win_probability,winner_accuracy,0.6817359855334539,1106,higher
official-total-core,full-match,2026,100.0,primary-clean,transferred_score_red_win_probability,winner_brier,0.2105110322112227,1106,lower
official-total-core,full-match,2026,100.0,primary-clean,transferred_score_red_win_probability,winner_log_loss,0.6189183919241469,1106,lower
official-total-core,full-match,2026,100.0,primary-clean,transferred_score_red_win_probability,winner_ece,0.06847981476526638,1106,lower
official-total-core,full-match,2026,100.0,all-official,raw_pred_red_win_probability,alliance_score_mae,114.48843430167862,2238,lower
official-total-core,full-match,2026,100.0,all-official,raw_pred_red_win_probability,alliance_score_rmse,143.9796143569272,2238,lower
official-total-core,full-match,2026,100.0,all-official,raw_pred_red_win_probability,score_differential_mae,143.74922723296206,1119,lower
official-total-core,full-match,2026,100.0,all-official,raw_pred_red_win_probability,score_differential_rmse,179.55546102095127,1119,lower
official-total-core,full-match,2026,100.0,all-official,raw_pred_red_win_probability,mean_bias,-56.586148862668864,2238,lower
official-total-core,full-match,2026,100.0,all-official,raw_pred_red_win_probability,relative_bias,-0.13036940921343074,2238,lower
official-total-core,full-match,2026,100.0,all-official,raw_pred_red_win_probability,winner_accuracy,0.6714413607878246,1117,higher
official-total-core,full-match,2026,100.0,all-official,raw_pred_red_win_probability,winner_brier,0.2897048221470865,1117,lower
official-total-core,full-match,2026,100.0,all-official,raw_pred_red_win_probability,winner_log_loss,1.65072465929712,1117,lower
official-total-core,full-match,2026,100.0,all-official,raw_pred_red_win_probability,winner_ece,0.2652126594369409,1117,lower
official-total-core,full-match,2026,100.0,all-official,transferred_platt_red_win_probability,alliance_score_mae,114.48843430167862,2238,lower
official-total-core,full-match,2026,100.0,all-official,transferred_platt_red_win_probability,alliance_score_rmse,143.9796143569272,2238,lower
official-total-core,full-match,2026,100.0,all-official,transferred_platt_red_win_probability,score_differential_mae,143.74922723296206,1119,lower
official-total-core,full-match,2026,100.0,all-official,transferred_platt_red_win_probability,score_differential_rmse,179.55546102095127,1119,lower
official-total-core,full-match,2026,100.0,all-official,transferred_platt_red_win_probability,mean_bias,-56.586148862668864,2238,lower
official-total-core,full-match,2026,100.0,all-official,transferred_platt_red_win_probability,relative_bias,-0.13036940921343074,2238,lower
official-total-core,full-match,2026,100.0,all-official,transferred_platt_red_win_probability,winner_accuracy,0.6598030438675022,1117,higher
official-total-core,full-match,2026,100.0,all-official,transferred_platt_red_win_probability,winner_brier,0.2130363840341718,1117,lower
official-total-core,full-match,2026,100.0,all-official,transferred_platt_red_win_probability,winner_log_loss,0.613377682828771,1117,lower
official-total-core,full-match,2026,100.0,all-official,transferred_platt_red_win_probability,winner_ece,0.05739537279619944,1117,lower
official-total-core,full-match,2026,100.0,all-official,transferred_score_red_win_probability,alliance_score_mae,114.48843430167862,2238,lower
official-total-core,full-match,2026,100.0,all-official,transferred_score_red_win_probability,alliance_score_rmse,143.9796143569272,2238,lower
official-total-core,full-match,2026,100.0,all-official,transferred_score_red_win_probability,score_differential_mae,143.74922723296206,1119,lower
official-total-core,full-match,2026,100.0,all-official,transferred_score_red_win_probability,score_differential_rmse,179.55546102095127,1119,lower
official-total-core,full-match,2026,100.0,all-official,transferred_score_red_win_probability,mean_bias,-56.586148862668864,2238,lower
official-total-core,full-match,2026,100.0,all-official,transferred_score_red_win_probability,relative_bias,-0.13036940921343074,2238,lower
official-total-core,full-match,2026,100.0,all-official,transferred_score_red_win_probability,winner_accuracy,0.6812891674127126,1117,higher
official-total-core,full-match,2026,100.0,all-official,transferred_score_red_win_probability,winner_brier,0.21113631934317317,1117,lower
official-total-core,full-match,2026,100.0,all-official,transferred_score_red_win_probability,winner_log_loss,0.6207698600783227,1117,lower
official-total-core,full-match,2026,100.0,all-official,transferred_score_red_win_probability,winner_ece,0.06820177126710343,1117,lower
official-total-core,full-match,2026,100.0,DQ-only,raw_pred_red_win_probability,alliance_score_mae,120.01705969620275,22,lower
official-total-core,full-match,2026,100.0,DQ-only,raw_pred_red_win_probability,alliance_score_rmse,175.53550422151062,22,lower
official-total-core,full-match,2026,100.0,DQ-only,raw_pred_red_win_probability,score_differential_mae,172.96342308351407,11,lower
official-total-core,full-match,2026,100.0,DQ-only,raw_pred_red_win_probability,score_differential_rmse,242.19810228088548,11,lower
official-total-core,full-match,2026,100.0,DQ-only,raw_pred_red_win_probability,mean_bias,-12.825856885024677,22,lower
official-total-core,full-match,2026,100.0,DQ-only,raw_pred_red_win_probability,relative_bias,-0.034389866114630456,22,lower
official-total-core,full-match,2026,100.0,DQ-only,raw_pred_red_win_probability,winner_accuracy,0.7272727272727273,11,higher
official-total-core,full-match,2026,100.0,DQ-only,raw_pred_red_win_probability,winner_brier,0.28299056775212156,11,lower
official-total-core,full-match,2026,100.0,DQ-only,raw_pred_red_win_probability,winner_log_loss,2.3337859760635986,11,lower
official-total-core,full-match,2026,100.0,DQ-only,raw_pred_red_win_probability,winner_ece,0.2927441987280459,11,lower
official-total-core,full-match,2026,100.0,DQ-only,transferred_platt_red_win_probability,alliance_score_mae,120.01705969620275,22,lower
official-total-core,full-match,2026,100.0,DQ-only,transferred_platt_red_win_probability,alliance_score_rmse,175.53550422151062,22,lower
official-total-core,full-match,2026,100.0,DQ-only,transferred_platt_red_win_probability,score_differential_mae,172.96342308351407,11,lower
official-total-core,full-match,2026,100.0,DQ-only,transferred_platt_red_win_probability,score_differential_rmse,242.19810228088548,11,lower
official-total-core,full-match,2026,100.0,DQ-only,transferred_platt_red_win_probability,mean_bias,-12.825856885024677,22,lower
official-total-core,full-match,2026,100.0,DQ-only,transferred_platt_red_win_probability,relative_bias,-0.034389866114630456,22,lower
official-total-core,full-match,2026,100.0,DQ-only,transferred_platt_red_win_probability,winner_accuracy,0.7272727272727273,11,higher
official-total-core,full-match,2026,100.0,DQ-only,transferred_platt_red_win_probability,winner_brier,0.25369563563223313,11,lower
official-total-core,full-match,2026,100.0,DQ-only,transferred_platt_red_win_probability,winner_log_loss,0.7075319944437799,11,lower
official-total-core,full-match,2026,100.0,DQ-only,transferred_platt_red_win_probability,winner_ece,0.409683990514345,11,lower
official-total-core,full-match,2026,100.0,DQ-only,transferred_score_red_win_probability,alliance_score_mae,120.01705969620275,22,lower
official-total-core,full-match,2026,100.0,DQ-only,transferred_score_red_win_probability,alliance_score_rmse,175.53550422151062,22,lower
official-total-core,full-match,2026,100.0,DQ-only,transferred_score_red_win_probability,score_differential_mae,172.96342308351407,11,lower
official-total-core,full-match,2026,100.0,DQ-only,transferred_score_red_win_probability,score_differential_rmse,242.19810228088548,11,lower
official-total-core,full-match,2026,100.0,DQ-only,transferred_score_red_win_probability,mean_bias,-12.825856885024677,22,lower
official-total-core,full-match,2026,100.0,DQ-only,transferred_score_red_win_probability,relative_bias,-0.034389866114630456,22,lower
official-total-core,full-match,2026,100.0,DQ-only,transferred_score_red_win_probability,winner_accuracy,0.6363636363636364,11,higher
official-total-core,full-match,2026,100.0,DQ-only,transferred_score_red_win_probability,winner_brier,0.27400609824656075,11,lower
official-total-core,full-match,2026,100.0,DQ-only,transferred_score_red_win_probability,winner_log_loss,0.8069265672163662,11,lower
official-total-core,full-match,2026,100.0,DQ-only,transferred_score_red_win_probability,winner_ece,0.34691111704095284,11,lower
official-total-core,full-match,2026,100.0,surrogate-only,raw_pred_red_win_probability,alliance_score_mae,91.2288242843224,12,lower
official-total-core,full-match,2026,100.0,surrogate-only,raw_pred_red_win_probability,alliance_score_rmse,102.60719749935193,12,lower
official-total-core,full-match,2026,100.0,surrogate-only,raw_pred_red_win_probability,score_differential_mae,88.9660785590941,6,lower
official-total-core,full-match,2026,100.0,surrogate-only,raw_pred_red_win_probability,score_differential_rmse,99.60704657687923,6,lower
official-total-core,full-match,2026,100.0,surrogate-only,raw_pred_red_win_probability,mean_bias,-47.07334335600001,12,lower
official-total-core,full-match,2026,100.0,surrogate-only,raw_pred_red_win_probability,relative_bias,-0.12166274397415466,12,lower
official-total-core,full-match,2026,100.0,surrogate-only,raw_pred_red_win_probability,winner_accuracy,0.6666666666666666,6,higher
official-total-core,full-match,2026,100.0,surrogate-only,raw_pred_red_win_probability,winner_brier,0.1902972947396214,6,lower
official-total-core,full-match,2026,100.0,surrogate-only,raw_pred_red_win_probability,winner_log_loss,0.5933041328486355,6,lower
official-total-core,full-match,2026,100.0,surrogate-only,raw_pred_red_win_probability,winner_ece,0.240877012350514,6,lower
official-total-core,full-match,2026,100.0,surrogate-only,transferred_platt_red_win_probability,alliance_score_mae,91.2288242843224,12,lower
official-total-core,full-match,2026,100.0,surrogate-only,transferred_platt_red_win_probability,alliance_score_rmse,102.60719749935193,12,lower
official-total-core,full-match,2026,100.0,surrogate-only,transferred_platt_red_win_probability,score_differential_mae,88.9660785590941,6,lower
official-total-core,full-match,2026,100.0,surrogate-only,transferred_platt_red_win_probability,score_differential_rmse,99.60704657687923,6,lower
official-total-core,full-match,2026,100.0,surrogate-only,transferred_platt_red_win_probability,mean_bias,-47.07334335600001,12,lower
official-total-core,full-match,2026,100.0,surrogate-only,transferred_platt_red_win_probability,relative_bias,-0.12166274397415466,12,lower
official-total-core,full-match,2026,100.0,surrogate-only,transferred_platt_red_win_probability,winner_accuracy,0.8333333333333334,6,higher
official-total-core,full-match,2026,100.0,surrogate-only,transferred_platt_red_win_probability,winner_brier,0.12577463743624107,6,lower
official-total-core,full-match,2026,100.0,surrogate-only,transferred_platt_red_win_probability,winner_log_loss,0.40547732636712336,6,lower
official-total-core,full-match,2026,100.0,surrogate-only,transferred_platt_red_win_probability,winner_ece,0.3031852788570109,6,lower
official-total-core,full-match,2026,100.0,surrogate-only,transferred_score_red_win_probability,alliance_score_mae,91.2288242843224,12,lower
official-total-core,full-match,2026,100.0,surrogate-only,transferred_score_red_win_probability,alliance_score_rmse,102.60719749935193,12,lower
official-total-core,full-match,2026,100.0,surrogate-only,transferred_score_red_win_probability,score_differential_mae,88.9660785590941,6,lower
official-total-core,full-match,2026,100.0,surrogate-only,transferred_score_red_win_probability,score_differential_rmse,99.60704657687923,6,lower
official-total-core,full-match,2026,100.0,surrogate-only,transferred_score_red_win_probability,mean_bias,-47.07334335600001,12,lower
official-total-core,full-match,2026,100.0,surrogate-only,transferred_score_red_win_probability,relative_bias,-0.12166274397415466,12,lower
official-total-core,full-match,2026,100.0,surrogate-only,transferred_score_red_win_probability,winner_accuracy,0.8333333333333334,6,higher
official-total-core,full-match,2026,100.0,surrogate-only,transferred_score_red_win_probability,winner_brier,0.1031643602696977,6,lower
official-total-core,full-match,2026,100.0,surrogate-only,transferred_score_red_win_probability,winner_log_loss,0.339737764910351,6,lower
official-total-core,full-match,2026,100.0,surrogate-only,transferred_score_red_win_probability,winner_ece,0.24473879948550065,6,lower
official-total-core,full-match,2026,100.0,division:2026arc,raw_pred_red_win_probability,alliance_score_mae,115.61085288211498,282,lower
official-total-core,full-match,2026,100.0,division:2026arc,raw_pred_red_win_probability,alliance_score_rmse,144.9642935639662,282,lower
official-total-core,full-match,2026,100.0,division:2026arc,raw_pred_red_win_probability,score_differential_mae,161.65206766821325,141,lower
official-total-core,full-match,2026,100.0,division:2026arc,raw_pred_red_win_probability,score_differential_rmse,195.8548562189024,141,lower
official-total-core,full-match,2026,100.0,division:2026arc,raw_pred_red_win_probability,mean_bias,-41.27818079509239,282,lower
official-total-core,full-match,2026,100.0,division:2026arc,raw_pred_red_win_probability,relative_bias,-0.09285911311956391,282,lower
official-total-core,full-match,2026,100.0,division:2026arc,raw_pred_red_win_probability,winner_accuracy,0.6571428571428571,140,higher
official-total-core,full-match,2026,100.0,division:2026arc,raw_pred_red_win_probability,winner_brier,0.3173766122502333,140,lower
official-total-core,full-match,2026,100.0,division:2026arc,raw_pred_red_win_probability,winner_log_loss,1.9053972660553695,140,lower
official-total-core,full-match,2026,100.0,division:2026arc,raw_pred_red_win_probability,winner_ece,0.3141909983974249,140,lower
official-total-core,full-match,2026,100.0,division:2026arc,transferred_platt_red_win_probability,alliance_score_mae,115.61085288211498,282,lower
official-total-core,full-match,2026,100.0,division:2026arc,transferred_platt_red_win_probability,alliance_score_rmse,144.9642935639662,282,lower
official-total-core,full-match,2026,100.0,division:2026arc,transferred_platt_red_win_probability,score_differential_mae,161.65206766821325,141,lower
official-total-core,full-match,2026,100.0,division:2026arc,transferred_platt_red_win_probability,score_differential_rmse,195.8548562189024,141,lower
official-total-core,full-match,2026,100.0,division:2026arc,transferred_platt_red_win_probability,mean_bias,-41.27818079509239,282,lower
official-total-core,full-match,2026,100.0,division:2026arc,transferred_platt_red_win_probability,relative_bias,-0.09285911311956391,282,lower
official-total-core,full-match,2026,100.0,division:2026arc,transferred_platt_red_win_probability,winner_accuracy,0.6357142857142857,140,higher
official-total-core,full-match,2026,100.0,division:2026arc,transferred_platt_red_win_probability,winner_brier,0.2294702515149224,140,lower
official-total-core,full-match,2026,100.0,division:2026arc,transferred_platt_red_win_probability,winner_log_loss,0.6506250317252326,140,lower
official-total-core,full-match,2026,100.0,division:2026arc,transferred_platt_red_win_probability,winner_ece,0.11496560108608021,140,lower
official-total-core,full-match,2026,100.0,division:2026arc,transferred_score_red_win_probability,alliance_score_mae,115.61085288211498,282,lower
official-total-core,full-match,2026,100.0,division:2026arc,transferred_score_red_win_probability,alliance_score_rmse,144.9642935639662,282,lower
official-total-core,full-match,2026,100.0,division:2026arc,transferred_score_red_win_probability,score_differential_mae,161.65206766821325,141,lower
official-total-core,full-match,2026,100.0,division:2026arc,transferred_score_red_win_probability,score_differential_rmse,195.8548562189024,141,lower
official-total-core,full-match,2026,100.0,division:2026arc,transferred_score_red_win_probability,mean_bias,-41.27818079509239,282,lower
official-total-core,full-match,2026,100.0,division:2026arc,transferred_score_red_win_probability,relative_bias,-0.09285911311956391,282,lower
official-total-core,full-match,2026,100.0,division:2026arc,transferred_score_red_win_probability,winner_accuracy,0.6428571428571429,140,higher
official-total-core,full-match,2026,100.0,division:2026arc,transferred_score_red_win_probability,winner_brier,0.23582418569384314,140,lower
official-total-core,full-match,2026,100.0,division:2026arc,transferred_score_red_win_probability,winner_log_loss,0.685041997279837,140,lower
official-total-core,full-match,2026,100.0,division:2026arc,transferred_score_red_win_probability,winner_ece,0.18370629291231513,140,lower
official-total-core,full-match,2026,100.0,division:2026cur,raw_pred_red_win_probability,alliance_score_mae,110.49016489502534,278,lower
official-total-core,full-match,2026,100.0,division:2026cur,raw_pred_red_win_probability,alliance_score_rmse,137.6332885309584,278,lower
official-total-core,full-match,2026,100.0,division:2026cur,raw_pred_red_win_probability,score_differential_mae,124.51197272488469,139,lower
official-total-core,full-match,2026,100.0,division:2026cur,raw_pred_red_win_probability,score_differential_rmse,158.8807929635104,139,lower
official-total-core,full-match,2026,100.0,division:2026cur,raw_pred_red_win_probability,mean_bias,-61.93512063976622,278,lower
official-total-core,full-match,2026,100.0,division:2026cur,raw_pred_red_win_probability,relative_bias,-0.14275497908877233,278,lower
official-total-core,full-match,2026,100.0,division:2026cur,raw_pred_red_win_probability,winner_accuracy,0.6690647482014388,139,higher
official-total-core,full-match,2026,100.0,division:2026cur,raw_pred_red_win_probability,winner_brier,0.27300961342470115,139,lower
official-total-core,full-match,2026,100.0,division:2026cur,raw_pred_red_win_probability,winner_log_loss,1.390294002800044,139,lower
official-total-core,full-match,2026,100.0,division:2026cur,raw_pred_red_win_probability,winner_ece,0.27633306960937143,139,lower
official-total-core,full-match,2026,100.0,division:2026cur,transferred_platt_red_win_probability,alliance_score_mae,110.49016489502534,278,lower
official-total-core,full-match,2026,100.0,division:2026cur,transferred_platt_red_win_probability,alliance_score_rmse,137.6332885309584,278,lower
official-total-core,full-match,2026,100.0,division:2026cur,transferred_platt_red_win_probability,score_differential_mae,124.51197272488469,139,lower
official-total-core,full-match,2026,100.0,division:2026cur,transferred_platt_red_win_probability,score_differential_rmse,158.8807929635104,139,lower
official-total-core,full-match,2026,100.0,division:2026cur,transferred_platt_red_win_probability,mean_bias,-61.93512063976622,278,lower
official-total-core,full-match,2026,100.0,division:2026cur,transferred_platt_red_win_probability,relative_bias,-0.14275497908877233,278,lower
official-total-core,full-match,2026,100.0,division:2026cur,transferred_platt_red_win_probability,winner_accuracy,0.6834532374100719,139,higher
official-total-core,full-match,2026,100.0,division:2026cur,transferred_platt_red_win_probability,winner_brier,0.20173720428486622,139,lower
official-total-core,full-match,2026,100.0,division:2026cur,transferred_platt_red_win_probability,winner_log_loss,0.5877026365611898,139,lower
official-total-core,full-match,2026,100.0,division:2026cur,transferred_platt_red_win_probability,winner_ece,0.057616191215657295,139,lower
official-total-core,full-match,2026,100.0,division:2026cur,transferred_score_red_win_probability,alliance_score_mae,110.49016489502534,278,lower
official-total-core,full-match,2026,100.0,division:2026cur,transferred_score_red_win_probability,alliance_score_rmse,137.6332885309584,278,lower
official-total-core,full-match,2026,100.0,division:2026cur,transferred_score_red_win_probability,score_differential_mae,124.51197272488469,139,lower
official-total-core,full-match,2026,100.0,division:2026cur,transferred_score_red_win_probability,score_differential_rmse,158.8807929635104,139,lower
official-total-core,full-match,2026,100.0,division:2026cur,transferred_score_red_win_probability,mean_bias,-61.93512063976622,278,lower
official-total-core,full-match,2026,100.0,division:2026cur,transferred_score_red_win_probability,relative_bias,-0.14275497908877233,278,lower
official-total-core,full-match,2026,100.0,division:2026cur,transferred_score_red_win_probability,winner_accuracy,0.7122302158273381,139,higher
official-total-core,full-match,2026,100.0,division:2026cur,transferred_score_red_win_probability,winner_brier,0.17823695255738495,139,lower
official-total-core,full-match,2026,100.0,division:2026cur,transferred_score_red_win_probability,winner_log_loss,0.5195032320024979,139,lower
official-total-core,full-match,2026,100.0,division:2026cur,transferred_score_red_win_probability,winner_ece,0.08972304673979942,139,lower
official-total-core,full-match,2026,100.0,division:2026dal,raw_pred_red_win_probability,alliance_score_mae,99.43901906482044,280,lower
official-total-core,full-match,2026,100.0,division:2026dal,raw_pred_red_win_probability,alliance_score_rmse,130.92580672540518,280,lower
official-total-core,full-match,2026,100.0,division:2026dal,raw_pred_red_win_probability,score_differential_mae,138.07791656043366,140,lower
official-total-core,full-match,2026,100.0,division:2026dal,raw_pred_red_win_probability,score_differential_rmse,178.5321873589987,140,lower
official-total-core,full-match,2026,100.0,division:2026dal,raw_pred_red_win_probability,mean_bias,-15.494191239364936,280,lower
official-total-core,full-match,2026,100.0,division:2026dal,raw_pred_red_win_probability,relative_bias,-0.03800456880198839,280,lower
official-total-core,full-match,2026,100.0,division:2026dal,raw_pred_red_win_probability,winner_accuracy,0.6714285714285714,140,higher
official-total-core,full-match,2026,100.0,division:2026dal,raw_pred_red_win_probability,winner_brier,0.299001592043785,140,lower
official-total-core,full-match,2026,100.0,division:2026dal,raw_pred_red_win_probability,winner_log_loss,1.7560534459642045,140,lower
official-total-core,full-match,2026,100.0,division:2026dal,raw_pred_red_win_probability,winner_ece,0.29246445801001686,140,lower
official-total-core,full-match,2026,100.0,division:2026dal,transferred_platt_red_win_probability,alliance_score_mae,99.43901906482044,280,lower
official-total-core,full-match,2026,100.0,division:2026dal,transferred_platt_red_win_probability,alliance_score_rmse,130.92580672540518,280,lower
official-total-core,full-match,2026,100.0,division:2026dal,transferred_platt_red_win_probability,score_differential_mae,138.07791656043366,140,lower
official-total-core,full-match,2026,100.0,division:2026dal,transferred_platt_red_win_probability,score_differential_rmse,178.5321873589987,140,lower
official-total-core,full-match,2026,100.0,division:2026dal,transferred_platt_red_win_probability,mean_bias,-15.494191239364936,280,lower
official-total-core,full-match,2026,100.0,division:2026dal,transferred_platt_red_win_probability,relative_bias,-0.03800456880198839,280,lower
official-total-core,full-match,2026,100.0,division:2026dal,transferred_platt_red_win_probability,winner_accuracy,0.6571428571428571,140,higher
official-total-core,full-match,2026,100.0,division:2026dal,transferred_platt_red_win_probability,winner_brier,0.22058402193117785,140,lower
official-total-core,full-match,2026,100.0,division:2026dal,transferred_platt_red_win_probability,winner_log_loss,0.6339467175255074,140,lower
official-total-core,full-match,2026,100.0,division:2026dal,transferred_platt_red_win_probability,winner_ece,0.06632934864454186,140,lower
official-total-core,full-match,2026,100.0,division:2026dal,transferred_score_red_win_probability,alliance_score_mae,99.43901906482044,280,lower
official-total-core,full-match,2026,100.0,division:2026dal,transferred_score_red_win_probability,alliance_score_rmse,130.92580672540518,280,lower
official-total-core,full-match,2026,100.0,division:2026dal,transferred_score_red_win_probability,score_differential_mae,138.07791656043366,140,lower
official-total-core,full-match,2026,100.0,division:2026dal,transferred_score_red_win_probability,score_differential_rmse,178.5321873589987,140,lower
official-total-core,full-match,2026,100.0,division:2026dal,transferred_score_red_win_probability,mean_bias,-15.494191239364936,280,lower
official-total-core,full-match,2026,100.0,division:2026dal,transferred_score_red_win_probability,relative_bias,-0.03800456880198839,280,lower
official-total-core,full-match,2026,100.0,division:2026dal,transferred_score_red_win_probability,winner_accuracy,0.6714285714285714,140,higher
official-total-core,full-match,2026,100.0,division:2026dal,transferred_score_red_win_probability,winner_brier,0.21447945384786213,140,lower
official-total-core,full-match,2026,100.0,division:2026dal,transferred_score_red_win_probability,winner_log_loss,0.6282445190982215,140,lower
official-total-core,full-match,2026,100.0,division:2026dal,transferred_score_red_win_probability,winner_ece,0.11134900136469714,140,lower
official-total-core,full-match,2026,100.0,division:2026gal,raw_pred_red_win_probability,alliance_score_mae,119.1268054995231,280,lower
official-total-core,full-match,2026,100.0,division:2026gal,raw_pred_red_win_probability,alliance_score_rmse,147.6756653109587,280,lower
official-total-core,full-match,2026,100.0,division:2026gal,raw_pred_red_win_probability,score_differential_mae,143.26350830998413,140,lower
official-total-core,full-match,2026,100.0,division:2026gal,raw_pred_red_win_probability,score_differential_rmse,181.82475106853056,140,lower
official-total-core,full-match,2026,100.0,division:2026gal,raw_pred_red_win_probability,mean_bias,-75.18145553604396,280,lower
official-total-core,full-match,2026,100.0,division:2026gal,raw_pred_red_win_probability,relative_bias,-0.176732690936121,280,lower
official-total-core,full-match,2026,100.0,division:2026gal,raw_pred_red_win_probability,winner_accuracy,0.6762589928057554,139,higher
official-total-core,full-match,2026,100.0,division:2026gal,raw_pred_red_win_probability,winner_brier,0.2769906721032834,139,lower
official-total-core,full-match,2026,100.0,division:2026gal,raw_pred_red_win_probability,winner_log_loss,1.6413844746545556,139,lower
official-total-core,full-match,2026,100.0,division:2026gal,raw_pred_red_win_probability,winner_ece,0.24957812884111708,139,lower
official-total-core,full-match,2026,100.0,division:2026gal,transferred_platt_red_win_probability,alliance_score_mae,119.1268054995231,280,lower
official-total-core,full-match,2026,100.0,division:2026gal,transferred_platt_red_win_probability,alliance_score_rmse,147.6756653109587,280,lower
official-total-core,full-match,2026,100.0,division:2026gal,transferred_platt_red_win_probability,score_differential_mae,143.26350830998413,140,lower
official-total-core,full-match,2026,100.0,division:2026gal,transferred_platt_red_win_probability,score_differential_rmse,181.82475106853056,140,lower
official-total-core,full-match,2026,100.0,division:2026gal,transferred_platt_red_win_probability,mean_bias,-75.18145553604396,280,lower
official-total-core,full-match,2026,100.0,division:2026gal,transferred_platt_red_win_probability,relative_bias,-0.176732690936121,280,lower
official-total-core,full-match,2026,100.0,division:2026gal,transferred_platt_red_win_probability,winner_accuracy,0.6690647482014388,139,higher
official-total-core,full-match,2026,100.0,division:2026gal,transferred_platt_red_win_probability,winner_brier,0.2140025286330907,139,lower
official-total-core,full-match,2026,100.0,division:2026gal,transferred_platt_red_win_probability,winner_log_loss,0.6162223922323772,139,lower
official-total-core,full-match,2026,100.0,division:2026gal,transferred_platt_red_win_probability,winner_ece,0.13562443798893545,139,lower
official-total-core,full-match,2026,100.0,division:2026gal,transferred_score_red_win_probability,alliance_score_mae,119.1268054995231,280,lower
official-total-core,full-match,2026,100.0,division:2026gal,transferred_score_red_win_probability,alliance_score_rmse,147.6756653109587,280,lower
official-total-core,full-match,2026,100.0,division:2026gal,transferred_score_red_win_probability,score_differential_mae,143.26350830998413,140,lower
official-total-core,full-match,2026,100.0,division:2026gal,transferred_score_red_win_probability,score_differential_rmse,181.82475106853056,140,lower
official-total-core,full-match,2026,100.0,division:2026gal,transferred_score_red_win_probability,mean_bias,-75.18145553604396,280,lower
official-total-core,full-match,2026,100.0,division:2026gal,transferred_score_red_win_probability,relative_bias,-0.176732690936121,280,lower
official-total-core,full-match,2026,100.0,division:2026gal,transferred_score_red_win_probability,winner_accuracy,0.7050359712230215,139,higher
official-total-core,full-match,2026,100.0,division:2026gal,transferred_score_red_win_probability,winner_brier,0.21284291754507284,139,lower
official-total-core,full-match,2026,100.0,division:2026gal,transferred_score_red_win_probability,winner_log_loss,0.6271793384621867,139,lower
official-total-core,full-match,2026,100.0,division:2026gal,transferred_score_red_win_probability,winner_ece,0.1446767117942468,139,lower
official-total-core,full-match,2026,100.0,division:2026hop,raw_pred_red_win_probability,alliance_score_mae,127.35802399977732,280,lower
official-total-core,full-match,2026,100.0,division:2026hop,raw_pred_red_win_probability,alliance_score_rmse,157.61591115019377,280,lower
official-total-core,full-match,2026,100.0,division:2026hop,raw_pred_red_win_probability,score_differential_mae,150.84021104800203,140,lower
official-total-core,full-match,2026,100.0,division:2026hop,raw_pred_red_win_probability,score_differential_rmse,188.38418207875415,140,lower
official-total-core,full-match,2026,100.0,division:2026hop,raw_pred_red_win_probability,mean_bias,-80.5870600664055,280,lower
official-total-core,full-match,2026,100.0,division:2026hop,raw_pred_red_win_probability,relative_bias,-0.1747334346626312,280,lower
official-total-core,full-match,2026,100.0,division:2026hop,raw_pred_red_win_probability,winner_accuracy,0.6642857142857143,140,higher
official-total-core,full-match,2026,100.0,division:2026hop,raw_pred_red_win_probability,winner_brier,0.29336711765789736,140,lower
official-total-core,full-match,2026,100.0,division:2026hop,raw_pred_red_win_probability,winner_log_loss,1.7263636002289258,140,lower
official-total-core,full-match,2026,100.0,division:2026hop,raw_pred_red_win_probability,winner_ece,0.28750842831862466,140,lower
official-total-core,full-match,2026,100.0,division:2026hop,transferred_platt_red_win_probability,alliance_score_mae,127.35802399977732,280,lower
official-total-core,full-match,2026,100.0,division:2026hop,transferred_platt_red_win_probability,alliance_score_rmse,157.61591115019377,280,lower
official-total-core,full-match,2026,100.0,division:2026hop,transferred_platt_red_win_probability,score_differential_mae,150.84021104800203,140,lower
official-total-core,full-match,2026,100.0,division:2026hop,transferred_platt_red_win_probability,score_differential_rmse,188.38418207875415,140,lower
official-total-core,full-match,2026,100.0,division:2026hop,transferred_platt_red_win_probability,mean_bias,-80.5870600664055,280,lower
official-total-core,full-match,2026,100.0,division:2026hop,transferred_platt_red_win_probability,relative_bias,-0.1747334346626312,280,lower
official-total-core,full-match,2026,100.0,division:2026hop,transferred_platt_red_win_probability,winner_accuracy,0.6428571428571429,140,higher
official-total-core,full-match,2026,100.0,division:2026hop,transferred_platt_red_win_probability,winner_brier,0.21163671143928747,140,lower
official-total-core,full-match,2026,100.0,division:2026hop,transferred_platt_red_win_probability,winner_log_loss,0.6107901958267318,140,lower
official-total-core,full-match,2026,100.0,division:2026hop,transferred_platt_red_win_probability,winner_ece,0.08960643247850882,140,lower
official-total-core,full-match,2026,100.0,division:2026hop,transferred_score_red_win_probability,alliance_score_mae,127.35802399977732,280,lower
official-total-core,full-match,2026,100.0,division:2026hop,transferred_score_red_win_probability,alliance_score_rmse,157.61591115019377,280,lower
official-total-core,full-match,2026,100.0,division:2026hop,transferred_score_red_win_probability,score_differential_mae,150.84021104800203,140,lower
official-total-core,full-match,2026,100.0,division:2026hop,transferred_score_red_win_probability,score_differential_rmse,188.38418207875415,140,lower
official-total-core,full-match,2026,100.0,division:2026hop,transferred_score_red_win_probability,mean_bias,-80.5870600664055,280,lower
official-total-core,full-match,2026,100.0,division:2026hop,transferred_score_red_win_probability,relative_bias,-0.1747334346626312,280,lower
official-total-core,full-match,2026,100.0,division:2026hop,transferred_score_red_win_probability,winner_accuracy,0.7071428571428572,140,higher
official-total-core,full-match,2026,100.0,division:2026hop,transferred_score_red_win_probability,winner_brier,0.21199179117866346,140,lower
official-total-core,full-match,2026,100.0,division:2026hop,transferred_score_red_win_probability,winner_log_loss,0.6273945685564346,140,lower
official-total-core,full-match,2026,100.0,division:2026hop,transferred_score_red_win_probability,winner_ece,0.11498699239492004,140,lower
official-total-core,full-match,2026,100.0,division:2026joh,raw_pred_red_win_probability,alliance_score_mae,114.98751397627723,280,lower
official-total-core,full-match,2026,100.0,division:2026joh,raw_pred_red_win_probability,alliance_score_rmse,145.2324760984825,280,lower
official-total-core,full-match,2026,100.0,division:2026joh,raw_pred_red_win_probability,score_differential_mae,140.27212189370275,140,lower
official-total-core,full-match,2026,100.0,division:2026joh,raw_pred_red_win_probability,score_differential_rmse,176.87209931721824,140,lower
official-total-core,full-match,2026,100.0,division:2026joh,raw_pred_red_win_probability,mean_bias,-59.6018131143206,280,lower
official-total-core,full-match,2026,100.0,division:2026joh,raw_pred_red_win_probability,relative_bias,-0.14355705524309478,280,lower
official-total-core,full-match,2026,100.0,division:2026joh,raw_pred_red_win_probability,winner_accuracy,0.6785714285714286,140,higher
official-total-core,full-match,2026,100.0,division:2026joh,raw_pred_red_win_probability,winner_brier,0.29042918542852547,140,lower
official-total-core,full-match,2026,100.0,division:2026joh,raw_pred_red_win_probability,winner_log_loss,1.6240765220086948,140,lower
official-total-core,full-match,2026,100.0,division:2026joh,raw_pred_red_win_probability,winner_ece,0.2898567173036028,140,lower
official-total-core,full-match,2026,100.0,division:2026joh,transferred_platt_red_win_probability,alliance_score_mae,114.98751397627723,280,lower
official-total-core,full-match,2026,100.0,division:2026joh,transferred_platt_red_win_probability,alliance_score_rmse,145.2324760984825,280,lower
official-total-core,full-match,2026,100.0,division:2026joh,transferred_platt_red_win_probability,score_differential_mae,140.27212189370275,140,lower
official-total-core,full-match,2026,100.0,division:2026joh,transferred_platt_red_win_probability,score_differential_rmse,176.87209931721824,140,lower
official-total-core,full-match,2026,100.0,division:2026joh,transferred_platt_red_win_probability,mean_bias,-59.6018131143206,280,lower
official-total-core,full-match,2026,100.0,division:2026joh,transferred_platt_red_win_probability,relative_bias,-0.14355705524309478,280,lower
official-total-core,full-match,2026,100.0,division:2026joh,transferred_platt_red_win_probability,winner_accuracy,0.6857142857142857,140,higher
official-total-core,full-match,2026,100.0,division:2026joh,transferred_platt_red_win_probability,winner_brier,0.20683475102095922,140,lower
official-total-core,full-match,2026,100.0,division:2026joh,transferred_platt_red_win_probability,winner_log_loss,0.5967568441542367,140,lower
official-total-core,full-match,2026,100.0,division:2026joh,transferred_platt_red_win_probability,winner_ece,0.07876266131437273,140,lower
official-total-core,full-match,2026,100.0,division:2026joh,transferred_score_red_win_probability,alliance_score_mae,114.98751397627723,280,lower
official-total-core,full-match,2026,100.0,division:2026joh,transferred_score_red_win_probability,alliance_score_rmse,145.2324760984825,280,lower
official-total-core,full-match,2026,100.0,division:2026joh,transferred_score_red_win_probability,score_differential_mae,140.27212189370275,140,lower
official-total-core,full-match,2026,100.0,division:2026joh,transferred_score_red_win_probability,score_differential_rmse,176.87209931721824,140,lower
official-total-core,full-match,2026,100.0,division:2026joh,transferred_score_red_win_probability,mean_bias,-59.6018131143206,280,lower
official-total-core,full-match,2026,100.0,division:2026joh,transferred_score_red_win_probability,relative_bias,-0.14355705524309478,280,lower
official-total-core,full-match,2026,100.0,division:2026joh,transferred_score_red_win_probability,winner_accuracy,0.7071428571428572,140,higher
official-total-core,full-match,2026,100.0,division:2026joh,transferred_score_red_win_probability,winner_brier,0.1978447272712362,140,lower
official-total-core,full-match,2026,100.0,division:2026joh,transferred_score_red_win_probability,winner_log_loss,0.5984463513581969,140,lower
official-total-core,full-match,2026,100.0,division:2026joh,transferred_score_red_win_probability,winner_ece,0.11637585409057996,140,lower
official-total-core,full-match,2026,100.0,division:2026mil,raw_pred_red_win_probability,alliance_score_mae,105.71398438753643,278,lower
official-total-core,full-match,2026,100.0,division:2026mil,raw_pred_red_win_probability,alliance_score_rmse,134.7354061511124,278,lower
official-total-core,full-match,2026,100.0,division:2026mil,raw_pred_red_win_probability,score_differential_mae,152.20136081034272,139,lower
official-total-core,full-match,2026,100.0,division:2026mil,raw_pred_red_win_probability,score_differential_rmse,181.47584472236258,139,lower
official-total-core,full-match,2026,100.0,division:2026mil,raw_pred_red_win_probability,mean_bias,-47.83559665461074,278,lower
official-total-core,full-match,2026,100.0,division:2026mil,raw_pred_red_win_probability,relative_bias,-0.11619915303538661,278,lower
official-total-core,full-match,2026,100.0,division:2026mil,raw_pred_red_win_probability,winner_accuracy,0.6762589928057554,139,higher
official-total-core,full-match,2026,100.0,division:2026mil,raw_pred_red_win_probability,winner_brier,0.30123320518055385,139,lower
official-total-core,full-match,2026,100.0,division:2026mil,raw_pred_red_win_probability,winner_log_loss,1.72557981170904,139,lower
official-total-core,full-match,2026,100.0,division:2026mil,raw_pred_red_win_probability,winner_ece,0.28644457668035433,139,lower
official-total-core,full-match,2026,100.0,division:2026mil,transferred_platt_red_win_probability,alliance_score_mae,105.71398438753643,278,lower
official-total-core,full-match,2026,100.0,division:2026mil,transferred_platt_red_win_probability,alliance_score_rmse,134.7354061511124,278,lower
official-total-core,full-match,2026,100.0,division:2026mil,transferred_platt_red_win_probability,score_differential_mae,152.20136081034272,139,lower
official-total-core,full-match,2026,100.0,division:2026mil,transferred_platt_red_win_probability,score_differential_rmse,181.47584472236258,139,lower
official-total-core,full-match,2026,100.0,division:2026mil,transferred_platt_red_win_probability,mean_bias,-47.83559665461074,278,lower
official-total-core,full-match,2026,100.0,division:2026mil,transferred_platt_red_win_probability,relative_bias,-0.11619915303538661,278,lower
official-total-core,full-match,2026,100.0,division:2026mil,transferred_platt_red_win_probability,winner_accuracy,0.6474820143884892,139,higher
official-total-core,full-match,2026,100.0,division:2026mil,transferred_platt_red_win_probability,winner_brier,0.21383504306507436,139,lower
official-total-core,full-match,2026,100.0,division:2026mil,transferred_platt_red_win_probability,winner_log_loss,0.6110568587942826,139,lower
official-total-core,full-match,2026,100.0,division:2026mil,transferred_platt_red_win_probability,winner_ece,0.10050681755932182,139,lower
official-total-core,full-match,2026,100.0,division:2026mil,transferred_score_red_win_probability,alliance_score_mae,105.71398438753643,278,lower
official-total-core,full-match,2026,100.0,division:2026mil,transferred_score_red_win_probability,alliance_score_rmse,134.7354061511124,278,lower
official-total-core,full-match,2026,100.0,division:2026mil,transferred_score_red_win_probability,score_differential_mae,152.20136081034272,139,lower
official-total-core,full-match,2026,100.0,division:2026mil,transferred_score_red_win_probability,score_differential_rmse,181.47584472236258,139,lower
official-total-core,full-match,2026,100.0,division:2026mil,transferred_score_red_win_probability,mean_bias,-47.83559665461074,278,lower
official-total-core,full-match,2026,100.0,division:2026mil,transferred_score_red_win_probability,relative_bias,-0.11619915303538661,278,lower
official-total-core,full-match,2026,100.0,division:2026mil,transferred_score_red_win_probability,winner_accuracy,0.6474820143884892,139,higher
official-total-core,full-match,2026,100.0,division:2026mil,transferred_score_red_win_probability,winner_brier,0.23514349403738638,139,lower
official-total-core,full-match,2026,100.0,division:2026mil,transferred_score_red_win_probability,winner_log_loss,0.687864713297007,139,lower
official-total-core,full-match,2026,100.0,division:2026mil,transferred_score_red_win_probability,winner_ece,0.1482576637437646,139,lower
official-total-core,full-match,2026,100.0,division:2026new,raw_pred_red_win_probability,alliance_score_mae,123.08185872334528,280,lower
official-total-core,full-match,2026,100.0,division:2026new,raw_pred_red_win_probability,alliance_score_rmse,151.03548741583685,280,lower
official-total-core,full-match,2026,100.0,division:2026new,raw_pred_red_win_probability,score_differential_mae,138.9697448383766,140,lower
official-total-core,full-match,2026,100.0,division:2026new,raw_pred_red_win_probability,score_differential_rmse,172.01901114903256,140,lower
official-total-core,full-match,2026,100.0,division:2026new,raw_pred_red_win_probability,mean_bias,-70.86081848172239,280,lower
official-total-core,full-match,2026,100.0,division:2026new,raw_pred_red_win_probability,relative_bias,-0.1499371201692922,280,lower
official-total-core,full-match,2026,100.0,division:2026new,raw_pred_red_win_probability,winner_accuracy,0.6785714285714286,140,higher
official-total-core,full-match,2026,100.0,division:2026new,raw_pred_red_win_probability,winner_brier,0.26610285783247856,140,lower
official-total-core,full-match,2026,100.0,division:2026new,raw_pred_red_win_probability,winner_log_loss,1.4352558960366444,140,lower
official-total-core,full-match,2026,100.0,division:2026new,raw_pred_red_win_probability,winner_ece,0.2591690704756703,140,lower
official-total-core,full-match,2026,100.0,division:2026new,transferred_platt_red_win_probability,alliance_score_mae,123.08185872334528,280,lower
official-total-core,full-match,2026,100.0,division:2026new,transferred_platt_red_win_probability,alliance_score_rmse,151.03548741583685,280,lower
official-total-core,full-match,2026,100.0,division:2026new,transferred_platt_red_win_probability,score_differential_mae,138.9697448383766,140,lower
official-total-core,full-match,2026,100.0,division:2026new,transferred_platt_red_win_probability,score_differential_rmse,172.01901114903256,140,lower
official-total-core,full-match,2026,100.0,division:2026new,transferred_platt_red_win_probability,mean_bias,-70.86081848172239,280,lower
official-total-core,full-match,2026,100.0,division:2026new,transferred_platt_red_win_probability,relative_bias,-0.1499371201692922,280,lower
official-total-core,full-match,2026,100.0,division:2026new,transferred_platt_red_win_probability,winner_accuracy,0.6571428571428571,140,higher
official-total-core,full-match,2026,100.0,division:2026new,transferred_platt_red_win_probability,winner_brier,0.20612245769742854,140,lower
official-total-core,full-match,2026,100.0,division:2026new,transferred_platt_red_win_probability,winner_log_loss,0.5997411346613357,140,lower
official-total-core,full-match,2026,100.0,division:2026new,transferred_platt_red_win_probability,winner_ece,0.08427753218803717,140,lower
official-total-core,full-match,2026,100.0,division:2026new,transferred_score_red_win_probability,alliance_score_mae,123.08185872334528,280,lower
official-total-core,full-match,2026,100.0,division:2026new,transferred_score_red_win_probability,alliance_score_rmse,151.03548741583685,280,lower
official-total-core,full-match,2026,100.0,division:2026new,transferred_score_red_win_probability,score_differential_mae,138.9697448383766,140,lower
official-total-core,full-match,2026,100.0,division:2026new,transferred_score_red_win_probability,score_differential_rmse,172.01901114903256,140,lower
official-total-core,full-match,2026,100.0,division:2026new,transferred_score_red_win_probability,mean_bias,-70.86081848172239,280,lower
official-total-core,full-match,2026,100.0,division:2026new,transferred_score_red_win_probability,relative_bias,-0.1499371201692922,280,lower
official-total-core,full-match,2026,100.0,division:2026new,transferred_score_red_win_probability,winner_accuracy,0.6571428571428571,140,higher
official-total-core,full-match,2026,100.0,division:2026new,transferred_score_red_win_probability,winner_brier,0.2026757069432958,140,lower
official-total-core,full-match,2026,100.0,division:2026new,transferred_score_red_win_probability,winner_log_loss,0.5922858584545334,140,lower
official-total-core,full-match,2026,100.0,division:2026new,transferred_score_red_win_probability,winner_ece,0.13279357626973656,140,lower
official-total-core,full-match,2026,100.0,observation:high,raw_pred_red_win_probability,alliance_score_mae,113.35348545316573,2134,lower
official-total-core,full-match,2026,100.0,observation:high,raw_pred_red_win_probability,alliance_score_rmse,142.38610108097163,2134,lower
official-total-core,full-match,2026,100.0,observation:high,raw_pred_red_win_probability,score_differential_mae,142.36359727830836,1067,lower
official-total-core,full-match,2026,100.0,observation:high,raw_pred_red_win_probability,score_differential_rmse,177.2206204608447,1067,lower
official-total-core,full-match,2026,100.0,observation:high,raw_pred_red_win_probability,mean_bias,-56.001702736750154,2134,lower
official-total-core,full-match,2026,100.0,observation:high,raw_pred_red_win_probability,relative_bias,-0.12830967751795666,2134,lower
official-total-core,full-match,2026,100.0,observation:high,raw_pred_red_win_probability,winner_accuracy,0.6732394366197183,1065,higher
official-total-core,full-match,2026,100.0,observation:high,raw_pred_red_win_probability,winner_brier,0.2868756086476822,1065,lower
official-total-core,full-match,2026,100.0,observation:high,raw_pred_red_win_probability,winner_log_loss,1.6352412165375103,1065,lower
official-total-core,full-match,2026,100.0,observation:high,raw_pred_red_win_probability,winner_ece,0.26289063512975264,1065,lower
official-total-core,full-match,2026,100.0,observation:high,transferred_platt_red_win_probability,alliance_score_mae,113.35348545316573,2134,lower
official-total-core,full-match,2026,100.0,observation:high,transferred_platt_red_win_probability,alliance_score_rmse,142.38610108097163,2134,lower
official-total-core,full-match,2026,100.0,observation:high,transferred_platt_red_win_probability,score_differential_mae,142.36359727830836,1067,lower
official-total-core,full-match,2026,100.0,observation:high,transferred_platt_red_win_probability,score_differential_rmse,177.2206204608447,1067,lower
official-total-core,full-match,2026,100.0,observation:high,transferred_platt_red_win_probability,mean_bias,-56.001702736750154,2134,lower
official-total-core,full-match,2026,100.0,observation:high,transferred_platt_red_win_probability,relative_bias,-0.12830967751795666,2134,lower
official-total-core,full-match,2026,100.0,observation:high,transferred_platt_red_win_probability,winner_accuracy,0.6610328638497652,1065,higher
official-total-core,full-match,2026,100.0,observation:high,transferred_platt_red_win_probability,winner_brier,0.21222974077287304,1065,lower
official-total-core,full-match,2026,100.0,observation:high,transferred_platt_red_win_probability,winner_log_loss,0.6119699953095399,1065,lower
official-total-core,full-match,2026,100.0,observation:high,transferred_platt_red_win_probability,winner_ece,0.05645325427623553,1065,lower
official-total-core,full-match,2026,100.0,observation:high,transferred_score_red_win_probability,alliance_score_mae,113.35348545316573,2134,lower
official-total-core,full-match,2026,100.0,observation:high,transferred_score_red_win_probability,alliance_score_rmse,142.38610108097163,2134,lower
official-total-core,full-match,2026,100.0,observation:high,transferred_score_red_win_probability,score_differential_mae,142.36359727830836,1067,lower
official-total-core,full-match,2026,100.0,observation:high,transferred_score_red_win_probability,score_differential_rmse,177.2206204608447,1067,lower
official-total-core,full-match,2026,100.0,observation:high,transferred_score_red_win_probability,mean_bias,-56.001702736750154,2134,lower
official-total-core,full-match,2026,100.0,observation:high,transferred_score_red_win_probability,relative_bias,-0.12830967751795666,2134,lower
official-total-core,full-match,2026,100.0,observation:high,transferred_score_red_win_probability,winner_accuracy,0.6816901408450704,1065,higher
official-total-core,full-match,2026,100.0,observation:high,transferred_score_red_win_probability,winner_brier,0.2103913003856781,1065,lower
official-total-core,full-match,2026,100.0,observation:high,transferred_score_red_win_probability,winner_log_loss,0.6167507545459967,1065,lower
official-total-core,full-match,2026,100.0,observation:high,transferred_score_red_win_probability,winner_ece,0.07053101526388007,1065,lower
official-total-core,full-match,2026,100.0,observation:low,raw_pred_red_win_probability,alliance_score_mae,173.68224035113127,4,lower
official-total-core,full-match,2026,100.0,observation:low,raw_pred_red_win_probability,alliance_score_rmse,191.930783025064,4,lower
official-total-core,full-match,2026,100.0,observation:low,raw_pred_red_win_probability,score_differential_mae,125.04877059918434,2,lower
official-total-core,full-match,2026,100.0,observation:low,raw_pred_red_win_probability,score_differential_rmse,159.1847652307264,2,lower
official-total-core,full-match,2026,100.0,observation:low,raw_pred_red_win_probability,mean_bias,18.356401848828924,4,lower
official-total-core,full-match,2026,100.0,observation:low,raw_pred_red_win_probability,relative_bias,0.048885224630702856,4,lower
official-total-core,full-match,2026,100.0,observation:low,raw_pred_red_win_probability,winner_accuracy,0.5,2,higher
official-total-core,full-match,2026,100.0,observation:low,raw_pred_red_win_probability,winner_brier,0.23101398355763436,2,lower
official-total-core,full-match,2026,100.0,observation:low,raw_pred_red_win_probability,winner_log_loss,0.6200552318233065,2,lower
official-total-core,full-match,2026,100.0,observation:low,raw_pred_red_win_probability,winner_ece,0.3990885615348816,2,lower
official-total-core,full-match,2026,100.0,observation:low,transferred_platt_red_win_probability,alliance_score_mae,173.68224035113127,4,lower
official-total-core,full-match,2026,100.0,observation:low,transferred_platt_red_win_probability,alliance_score_rmse,191.930783025064,4,lower
official-total-core,full-match,2026,100.0,observation:low,transferred_platt_red_win_probability,score_differential_mae,125.04877059918434,2,lower
official-total-core,full-match,2026,100.0,observation:low,transferred_platt_red_win_probability,score_differential_rmse,159.1847652307264,2,lower
official-total-core,full-match,2026,100.0,observation:low,transferred_platt_red_win_probability,mean_bias,18.356401848828924,4,lower
official-total-core,full-match,2026,100.0,observation:low,transferred_platt_red_win_probability,relative_bias,0.048885224630702856,4,lower
official-total-core,full-match,2026,100.0,observation:low,transferred_platt_red_win_probability,winner_accuracy,0.5,2,higher
official-total-core,full-match,2026,100.0,observation:low,transferred_platt_red_win_probability,winner_brier,0.23395740932194065,2,lower
official-total-core,full-match,2026,100.0,observation:low,transferred_platt_red_win_probability,winner_log_loss,0.6600826313562711,2,lower
official-total-core,full-match,2026,100.0,observation:low,transferred_platt_red_win_probability,winner_ece,0.4771027574701716,2,lower
official-total-core,full-match,2026,100.0,observation:low,transferred_score_red_win_probability,alliance_score_mae,173.68224035113127,4,lower
official-total-core,full-match,2026,100.0,observation:low,transferred_score_red_win_probability,alliance_score_rmse,191.930783025064,4,lower
official-total-core,full-match,2026,100.0,observation:low,transferred_score_red_win_probability,score_differential_mae,125.04877059918434,2,lower
official-total-core,full-match,2026,100.0,observation:low,transferred_score_red_win_probability,score_differential_rmse,159.1847652307264,2,lower
official-total-core,full-match,2026,100.0,observation:low,transferred_score_red_win_probability,mean_bias,18.356401848828924,4,lower
official-total-core,full-match,2026,100.0,observation:low,transferred_score_red_win_probability,relative_bias,0.048885224630702856,4,lower
official-total-core,full-match,2026,100.0,observation:low,transferred_score_red_win_probability,winner_accuracy,1.0,2,higher
official-total-core,full-match,2026,100.0,observation:low,transferred_score_red_win_probability,winner_brier,0.11439512646902611,2,lower
official-total-core,full-match,2026,100.0,observation:low,transferred_score_red_win_probability,winner_log_loss,0.41274360349966865,2,lower
official-total-core,full-match,2026,100.0,observation:low,transferred_score_red_win_probability,winner_ece,0.33811013036339976,2,lower
official-total-core,full-match,2026,100.0,observation:medium,raw_pred_red_win_probability,alliance_score_mae,136.34049048696588,100,lower
official-total-core,full-match,2026,100.0,observation:medium,raw_pred_red_win_probability,alliance_score_rmse,172.6958825072458,100,lower
official-total-core,full-match,2026,100.0,observation:medium,raw_pred_red_win_probability,score_differential_mae,174.06658873062315,50,lower
official-total-core,full-match,2026,100.0,observation:medium,raw_pred_red_win_probability,score_differential_rmse,224.26039400929804,50,lower
official-total-core,full-match,2026,100.0,observation:medium,raw_pred_red_win_probability,mean_bias,-72.0559312182339,100,lower
official-total-core,full-match,2026,100.0,observation:medium,raw_pred_red_win_probability,relative_bias,-0.18720688807023617,100,lower
official-total-core,full-match,2026,100.0,observation:medium,raw_pred_red_win_probability,winner_accuracy,0.64,50,higher
official-total-core,full-match,2026,100.0,observation:medium,raw_pred_red_win_probability,winner_brier,0.35231470322797603,50,lower
official-total-core,full-match,2026,100.0,observation:medium,raw_pred_red_win_probability,winner_log_loss,2.0217487671757586,50,lower
official-total-core,full-match,2026,100.0,observation:medium,raw_pred_red_win_probability,winner_ece,0.37065649436628023,50,lower
official-total-core,full-match,2026,100.0,observation:medium,transferred_platt_red_win_probability,alliance_score_mae,136.34049048696588,100,lower
official-total-core,full-match,2026,100.0,observation:medium,transferred_platt_red_win_probability,alliance_score_rmse,172.6958825072458,100,lower
official-total-core,full-match,2026,100.0,observation:medium,transferred_platt_red_win_probability,score_differential_mae,174.06658873062315,50,lower
official-total-core,full-match,2026,100.0,observation:medium,transferred_platt_red_win_probability,score_differential_rmse,224.26039400929804,50,lower
official-total-core,full-match,2026,100.0,observation:medium,transferred_platt_red_win_probability,mean_bias,-72.0559312182339,100,lower
official-total-core,full-match,2026,100.0,observation:medium,transferred_platt_red_win_probability,relative_bias,-0.18720688807023617,100,lower
official-total-core,full-match,2026,100.0,observation:medium,transferred_platt_red_win_probability,winner_accuracy,0.64,50,higher
official-total-core,full-match,2026,100.0,observation:medium,transferred_platt_red_win_probability,winner_brier,0.22938104448832453,50,lower
official-total-core,full-match,2026,100.0,observation:medium,transferred_platt_red_win_probability,winner_log_loss,0.6414932290472956,50,lower
official-total-core,full-match,2026,100.0,observation:medium,transferred_platt_red_win_probability,winner_ece,0.15956846047600343,50,lower
official-total-core,full-match,2026,100.0,observation:medium,transferred_score_red_win_probability,alliance_score_mae,136.34049048696588,100,lower
official-total-core,full-match,2026,100.0,observation:medium,transferred_score_red_win_probability,alliance_score_rmse,172.6958825072458,100,lower
official-total-core,full-match,2026,100.0,observation:medium,transferred_score_red_win_probability,score_differential_mae,174.06658873062315,50,lower
official-total-core,full-match,2026,100.0,observation:medium,transferred_score_red_win_probability,score_differential_rmse,224.26039400929804,50,lower
official-total-core,full-match,2026,100.0,observation:medium,transferred_score_red_win_probability,mean_bias,-72.0559312182339,100,lower
official-total-core,full-match,2026,100.0,observation:medium,transferred_score_red_win_probability,relative_bias,-0.18720688807023617,100,lower
official-total-core,full-match,2026,100.0,observation:medium,transferred_score_red_win_probability,winner_accuracy,0.66,50,higher
official-total-core,full-match,2026,100.0,observation:medium,transferred_score_red_win_probability,winner_brier,0.23087487085278416,50,lower
official-total-core,full-match,2026,100.0,observation:medium,transferred_score_red_win_probability,winner_log_loss,0.7146978581800107,50,lower
official-total-core,full-match,2026,100.0,observation:medium,transferred_score_red_win_probability,winner_ece,0.2526325272782574,50,lower
official-total-core,teammate-set,2026,100.0,primary-clean,raw_pred_red_win_probability,alliance_score_mae,115.00265180596925,2216,lower
official-total-core,teammate-set,2026,100.0,primary-clean,raw_pred_red_win_probability,alliance_score_rmse,143.52450430727527,2216,lower
official-total-core,teammate-set,2026,100.0,primary-clean,raw_pred_red_win_probability,score_differential_mae,140.70817531228604,1108,lower
official-total-core,teammate-set,2026,100.0,primary-clean,raw_pred_red_win_probability,score_differential_rmse,178.59200626968848,1108,lower
official-total-core,teammate-set,2026,100.0,primary-clean,raw_pred_red_win_probability,mean_bias,-58.62268648800697,2216,lower
official-total-core,teammate-set,2026,100.0,primary-clean,raw_pred_red_win_probability,relative_bias,-0.1348729512103293,2216,lower
official-total-core,teammate-set,2026,100.0,primary-clean,raw_pred_red_win_probability,winner_accuracy,0.6446654611211573,1106,higher
official-total-core,teammate-set,2026,100.0,primary-clean,raw_pred_red_win_probability,winner_brier,0.29464970479956576,1106,lower
official-total-core,teammate-set,2026,100.0,primary-clean,raw_pred_red_win_probability,winner_log_loss,1.335385837714806,1106,lower
official-total-core,teammate-set,2026,100.0,primary-clean,raw_pred_red_win_probability,winner_ece,0.26464100225233395,1106,lower
official-total-core,teammate-set,2026,100.0,primary-clean,transferred_platt_red_win_probability,alliance_score_mae,115.00265180596925,2216,lower
official-total-core,teammate-set,2026,100.0,primary-clean,transferred_platt_red_win_probability,alliance_score_rmse,143.52450430727527,2216,lower
official-total-core,teammate-set,2026,100.0,primary-clean,transferred_platt_red_win_probability,score_differential_mae,140.70817531228604,1108,lower
official-total-core,teammate-set,2026,100.0,primary-clean,transferred_platt_red_win_probability,score_differential_rmse,178.59200626968848,1108,lower
official-total-core,teammate-set,2026,100.0,primary-clean,transferred_platt_red_win_probability,mean_bias,-58.62268648800697,2216,lower
official-total-core,teammate-set,2026,100.0,primary-clean,transferred_platt_red_win_probability,relative_bias,-0.1348729512103293,2216,lower
official-total-core,teammate-set,2026,100.0,primary-clean,transferred_platt_red_win_probability,winner_accuracy,0.635623869801085,1106,higher
official-total-core,teammate-set,2026,100.0,primary-clean,transferred_platt_red_win_probability,winner_brier,0.2156288284632237,1106,lower
official-total-core,teammate-set,2026,100.0,primary-clean,transferred_platt_red_win_probability,winner_log_loss,0.617446842400911,1106,lower
official-total-core,teammate-set,2026,100.0,primary-clean,transferred_platt_red_win_probability,winner_ece,0.05323834438044536,1106,lower
official-total-core,teammate-set,2026,100.0,primary-clean,transferred_score_red_win_probability,alliance_score_mae,115.00265180596925,2216,lower
official-total-core,teammate-set,2026,100.0,primary-clean,transferred_score_red_win_probability,alliance_score_rmse,143.52450430727527,2216,lower
official-total-core,teammate-set,2026,100.0,primary-clean,transferred_score_red_win_probability,score_differential_mae,140.70817531228604,1108,lower
official-total-core,teammate-set,2026,100.0,primary-clean,transferred_score_red_win_probability,score_differential_rmse,178.59200626968848,1108,lower
official-total-core,teammate-set,2026,100.0,primary-clean,transferred_score_red_win_probability,mean_bias,-58.62268648800697,2216,lower
official-total-core,teammate-set,2026,100.0,primary-clean,transferred_score_red_win_probability,relative_bias,-0.1348729512103293,2216,lower
official-total-core,teammate-set,2026,100.0,primary-clean,transferred_score_red_win_probability,winner_accuracy,0.6871609403254972,1106,higher
official-total-core,teammate-set,2026,100.0,primary-clean,transferred_score_red_win_probability,winner_brier,0.21175978651689104,1106,lower
official-total-core,teammate-set,2026,100.0,primary-clean,transferred_score_red_win_probability,winner_log_loss,0.626898181060581,1106,lower
official-total-core,teammate-set,2026,100.0,primary-clean,transferred_score_red_win_probability,winner_ece,0.09277178810613322,1106,lower
official-total-core,teammate-set,2026,100.0,all-official,raw_pred_red_win_probability,alliance_score_mae,115.14089976901329,2238,lower
official-total-core,teammate-set,2026,100.0,all-official,raw_pred_red_win_probability,alliance_score_rmse,143.87313274681307,2238,lower
official-total-core,teammate-set,2026,100.0,all-official,raw_pred_red_win_probability,score_differential_mae,141.23715222324182,1119,lower
official-total-core,teammate-set,2026,100.0,all-official,raw_pred_red_win_probability,score_differential_rmse,179.09397122987386,1119,lower
official-total-core,teammate-set,2026,100.0,all-official,raw_pred_red_win_probability,mean_bias,-58.317413428555064,2238,lower
official-total-core,teammate-set,2026,100.0,all-official,raw_pred_red_win_probability,relative_bias,-0.1343580874179592,2238,lower
official-total-core,teammate-set,2026,100.0,all-official,raw_pred_red_win_probability,winner_accuracy,0.6436884512085944,1117,higher
official-total-core,teammate-set,2026,100.0,all-official,raw_pred_red_win_probability,winner_brier,0.29566085482853605,1117,lower
official-total-core,teammate-set,2026,100.0,all-official,raw_pred_red_win_probability,winner_log_loss,1.3529718861464555,1117,lower
official-total-core,teammate-set,2026,100.0,all-official,raw_pred_red_win_probability,winner_ece,0.2655448825079483,1117,lower
official-total-core,teammate-set,2026,100.0,all-official,transferred_platt_red_win_probability,alliance_score_mae,115.14089976901329,2238,lower
official-total-core,teammate-set,2026,100.0,all-official,transferred_platt_red_win_probability,alliance_score_rmse,143.87313274681307,2238,lower
official-total-core,teammate-set,2026,100.0,all-official,transferred_platt_red_win_probability,score_differential_mae,141.23715222324182,1119,lower
official-total-core,teammate-set,2026,100.0,all-official,transferred_platt_red_win_probability,score_differential_rmse,179.09397122987386,1119,lower
official-total-core,teammate-set,2026,100.0,all-official,transferred_platt_red_win_probability,mean_bias,-58.317413428555064,2238,lower
official-total-core,teammate-set,2026,100.0,all-official,transferred_platt_red_win_probability,relative_bias,-0.1343580874179592,2238,lower
official-total-core,teammate-set,2026,100.0,all-official,transferred_platt_red_win_probability,winner_accuracy,0.6347358997314234,1117,higher
official-total-core,teammate-set,2026,100.0,all-official,transferred_platt_red_win_probability,winner_brier,0.21651839450537114,1117,lower
official-total-core,teammate-set,2026,100.0,all-official,transferred_platt_red_win_probability,winner_log_loss,0.6198361951866248,1117,lower
official-total-core,teammate-set,2026,100.0,all-official,transferred_platt_red_win_probability,winner_ece,0.055716475984565826,1117,lower
official-total-core,teammate-set,2026,100.0,all-official,transferred_score_red_win_probability,alliance_score_mae,115.14089976901329,2238,lower
official-total-core,teammate-set,2026,100.0,all-official,transferred_score_red_win_probability,alliance_score_rmse,143.87313274681307,2238,lower
official-total-core,teammate-set,2026,100.0,all-official,transferred_score_red_win_probability,score_differential_mae,141.23715222324182,1119,lower
official-total-core,teammate-set,2026,100.0,all-official,transferred_score_red_win_probability,score_differential_rmse,179.09397122987386,1119,lower
official-total-core,teammate-set,2026,100.0,all-official,transferred_score_red_win_probability,mean_bias,-58.317413428555064,2238,lower
official-total-core,teammate-set,2026,100.0,all-official,transferred_score_red_win_probability,relative_bias,-0.1343580874179592,2238,lower
official-total-core,teammate-set,2026,100.0,all-official,transferred_score_red_win_probability,winner_accuracy,0.6857654431512982,1117,higher
official-total-core,teammate-set,2026,100.0,all-official,transferred_score_red_win_probability,winner_brier,0.21230529922067776,1117,lower
official-total-core,teammate-set,2026,100.0,all-official,transferred_score_red_win_probability,winner_log_loss,0.6282211833216313,1117,lower
official-total-core,teammate-set,2026,100.0,all-official,transferred_score_red_win_probability,winner_ece,0.0919128406682157,1117,lower
official-total-core,teammate-set,2026,100.0,DQ-only,raw_pred_red_win_probability,alliance_score_mae,129.06624004654043,22,lower
official-total-core,teammate-set,2026,100.0,DQ-only,raw_pred_red_win_probability,alliance_score_rmse,175.47605643826822,22,lower
official-total-core,teammate-set,2026,100.0,DQ-only,raw_pred_red_win_probability,score_differential_mae,194.51955379951826,11,lower
official-total-core,teammate-set,2026,100.0,DQ-only,raw_pred_red_win_probability,score_differential_rmse,223.9638632903377,11,lower
official-total-core,teammate-set,2026,100.0,DQ-only,raw_pred_red_win_probability,mean_bias,-27.568090712854325,22,lower
official-total-core,teammate-set,2026,100.0,DQ-only,raw_pred_red_win_probability,relative_bias,-0.07391809819412494,22,lower
official-total-core,teammate-set,2026,100.0,DQ-only,raw_pred_red_win_probability,winner_accuracy,0.5454545454545454,11,higher
official-total-core,teammate-set,2026,100.0,DQ-only,raw_pred_red_win_probability,winner_brier,0.3973273941050005,11,lower
official-total-core,teammate-set,2026,100.0,DQ-only,raw_pred_red_win_probability,winner_log_loss,3.1211691193650393,11,lower
official-total-core,teammate-set,2026,100.0,DQ-only,raw_pred_red_win_probability,winner_ece,0.44189068213261795,11,lower
official-total-core,teammate-set,2026,100.0,DQ-only,transferred_platt_red_win_probability,alliance_score_mae,129.06624004654043,22,lower
official-total-core,teammate-set,2026,100.0,DQ-only,transferred_platt_red_win_probability,alliance_score_rmse,175.47605643826822,22,lower
official-total-core,teammate-set,2026,100.0,DQ-only,transferred_platt_red_win_probability,score_differential_mae,194.51955379951826,11,lower
official-total-core,teammate-set,2026,100.0,DQ-only,transferred_platt_red_win_probability,score_differential_rmse,223.9638632903377,11,lower
official-total-core,teammate-set,2026,100.0,DQ-only,transferred_platt_red_win_probability,mean_bias,-27.568090712854325,22,lower
official-total-core,teammate-set,2026,100.0,DQ-only,transferred_platt_red_win_probability,relative_bias,-0.07391809819412494,22,lower
official-total-core,teammate-set,2026,100.0,DQ-only,transferred_platt_red_win_probability,winner_accuracy,0.5454545454545454,11,higher
official-total-core,teammate-set,2026,100.0,DQ-only,transferred_platt_red_win_probability,winner_brier,0.305960216561286,11,lower
official-total-core,teammate-set,2026,100.0,DQ-only,transferred_platt_red_win_probability,winner_log_loss,0.8600747570956696,11,lower
official-total-core,teammate-set,2026,100.0,DQ-only,transferred_platt_red_win_probability,winner_ece,0.34655498635673115,11,lower
official-total-core,teammate-set,2026,100.0,DQ-only,transferred_score_red_win_probability,alliance_score_mae,129.06624004654043,22,lower
official-total-core,teammate-set,2026,100.0,DQ-only,transferred_score_red_win_probability,alliance_score_rmse,175.47605643826822,22,lower
official-total-core,teammate-set,2026,100.0,DQ-only,transferred_score_red_win_probability,score_differential_mae,194.51955379951826,11,lower
official-total-core,teammate-set,2026,100.0,DQ-only,transferred_score_red_win_probability,score_differential_rmse,223.9638632903377,11,lower
official-total-core,teammate-set,2026,100.0,DQ-only,transferred_score_red_win_probability,mean_bias,-27.568090712854325,22,lower
official-total-core,teammate-set,2026,100.0,DQ-only,transferred_score_red_win_probability,relative_bias,-0.07391809819412494,22,lower
official-total-core,teammate-set,2026,100.0,DQ-only,transferred_score_red_win_probability,winner_accuracy,0.5454545454545454,11,higher
official-total-core,teammate-set,2026,100.0,DQ-only,transferred_score_red_win_probability,winner_brier,0.26715412198323213,11,lower
official-total-core,teammate-set,2026,100.0,DQ-only,transferred_score_red_win_probability,winner_log_loss,0.7612430470236078,11,lower
official-total-core,teammate-set,2026,100.0,DQ-only,transferred_score_red_win_probability,winner_ece,0.4143635910859763,11,lower
official-total-core,teammate-set,2026,100.0,surrogate-only,raw_pred_red_win_probability,alliance_score_mae,103.56634946939134,12,lower
official-total-core,teammate-set,2026,100.0,surrogate-only,raw_pred_red_win_probability,alliance_score_rmse,122.61303039111338,12,lower
official-total-core,teammate-set,2026,100.0,surrogate-only,raw_pred_red_win_probability,score_differential_mae,109.25056853087472,6,lower
official-total-core,teammate-set,2026,100.0,surrogate-only,raw_pred_red_win_probability,score_differential_rmse,118.35619878606627,6,lower
official-total-core,teammate-set,2026,100.0,surrogate-only,raw_pred_red_win_probability,mean_bias,-54.25674055436817,12,lower
official-total-core,teammate-set,2026,100.0,surrogate-only,raw_pred_red_win_probability,relative_bias,-0.14022849163308596,12,lower
official-total-core,teammate-set,2026,100.0,surrogate-only,raw_pred_red_win_probability,winner_accuracy,0.6666666666666666,6,higher
official-total-core,teammate-set,2026,100.0,surrogate-only,raw_pred_red_win_probability,winner_brier,0.33840949459627384,6,lower
official-total-core,teammate-set,2026,100.0,surrogate-only,raw_pred_red_win_probability,winner_log_loss,1.8601493003212612,6,lower
official-total-core,teammate-set,2026,100.0,surrogate-only,raw_pred_red_win_probability,winner_ece,0.37093245837604627,6,lower
official-total-core,teammate-set,2026,100.0,surrogate-only,transferred_platt_red_win_probability,alliance_score_mae,103.56634946939134,12,lower
official-total-core,teammate-set,2026,100.0,surrogate-only,transferred_platt_red_win_probability,alliance_score_rmse,122.61303039111338,12,lower
official-total-core,teammate-set,2026,100.0,surrogate-only,transferred_platt_red_win_probability,score_differential_mae,109.25056853087472,6,lower
official-total-core,teammate-set,2026,100.0,surrogate-only,transferred_platt_red_win_probability,score_differential_rmse,118.35619878606627,6,lower
official-total-core,teammate-set,2026,100.0,surrogate-only,transferred_platt_red_win_probability,mean_bias,-54.25674055436817,12,lower
official-total-core,teammate-set,2026,100.0,surrogate-only,transferred_platt_red_win_probability,relative_bias,-0.14022849163308596,12,lower
official-total-core,teammate-set,2026,100.0,surrogate-only,transferred_platt_red_win_probability,winner_accuracy,0.6666666666666666,6,higher
official-total-core,teammate-set,2026,100.0,surrogate-only,transferred_platt_red_win_probability,winner_brier,0.23699046218843967,6,lower
official-total-core,teammate-set,2026,100.0,surrogate-only,transferred_platt_red_win_probability,winner_log_loss,0.6628807814833707,6,lower
official-total-core,teammate-set,2026,100.0,surrogate-only,transferred_platt_red_win_probability,winner_ece,0.23664013622591853,6,lower
official-total-core,teammate-set,2026,100.0,surrogate-only,transferred_score_red_win_probability,alliance_score_mae,103.56634946939134,12,lower
official-total-core,teammate-set,2026,100.0,surrogate-only,transferred_score_red_win_probability,alliance_score_rmse,122.61303039111338,12,lower
official-total-core,teammate-set,2026,100.0,surrogate-only,transferred_score_red_win_probability,score_differential_mae,109.25056853087472,6,lower
official-total-core,teammate-set,2026,100.0,surrogate-only,transferred_score_red_win_probability,score_differential_rmse,118.35619878606627,6,lower
official-total-core,teammate-set,2026,100.0,surrogate-only,transferred_score_red_win_probability,mean_bias,-54.25674055436817,12,lower
official-total-core,teammate-set,2026,100.0,surrogate-only,transferred_score_red_win_probability,relative_bias,-0.14022849163308596,12,lower
official-total-core,teammate-set,2026,100.0,surrogate-only,transferred_score_red_win_probability,winner_accuracy,0.8333333333333334,6,higher
official-total-core,teammate-set,2026,100.0,surrogate-only,transferred_score_red_win_probability,winner_brier,0.08400129319534917,6,lower
official-total-core,teammate-set,2026,100.0,surrogate-only,transferred_score_red_win_probability,winner_log_loss,0.28936106429336933,6,lower
official-total-core,teammate-set,2026,100.0,surrogate-only,transferred_score_red_win_probability,winner_ece,0.22727871661513085,6,lower
official-total-core,teammate-set,2026,100.0,division:2026arc,raw_pred_red_win_probability,alliance_score_mae,112.58686083885114,282,lower
official-total-core,teammate-set,2026,100.0,division:2026arc,raw_pred_red_win_probability,alliance_score_rmse,139.8220683871282,282,lower
official-total-core,teammate-set,2026,100.0,division:2026arc,raw_pred_red_win_probability,score_differential_mae,145.93438169982468,141,lower
official-total-core,teammate-set,2026,100.0,division:2026arc,raw_pred_red_win_probability,score_differential_rmse,183.86837165333574,141,lower
official-total-core,teammate-set,2026,100.0,division:2026arc,raw_pred_red_win_probability,mean_bias,-42.53613363239995,282,lower
official-total-core,teammate-set,2026,100.0,division:2026arc,raw_pred_red_win_probability,relative_bias,-0.09568899521631821,282,lower
official-total-core,teammate-set,2026,100.0,division:2026arc,raw_pred_red_win_probability,winner_accuracy,0.6285714285714286,140,higher
official-total-core,teammate-set,2026,100.0,division:2026arc,raw_pred_red_win_probability,winner_brier,0.3131185188977161,140,lower
official-total-core,teammate-set,2026,100.0,division:2026arc,raw_pred_red_win_probability,winner_log_loss,1.6135711939224369,140,lower
official-total-core,teammate-set,2026,100.0,division:2026arc,raw_pred_red_win_probability,winner_ece,0.3033082680936445,140,lower
official-total-core,teammate-set,2026,100.0,division:2026arc,transferred_platt_red_win_probability,alliance_score_mae,112.58686083885114,282,lower
official-total-core,teammate-set,2026,100.0,division:2026arc,transferred_platt_red_win_probability,alliance_score_rmse,139.8220683871282,282,lower
official-total-core,teammate-set,2026,100.0,division:2026arc,transferred_platt_red_win_probability,score_differential_mae,145.93438169982468,141,lower
official-total-core,teammate-set,2026,100.0,division:2026arc,transferred_platt_red_win_probability,score_differential_rmse,183.86837165333574,141,lower
official-total-core,teammate-set,2026,100.0,division:2026arc,transferred_platt_red_win_probability,mean_bias,-42.53613363239995,282,lower
official-total-core,teammate-set,2026,100.0,division:2026arc,transferred_platt_red_win_probability,relative_bias,-0.09568899521631821,282,lower
official-total-core,teammate-set,2026,100.0,division:2026arc,transferred_platt_red_win_probability,winner_accuracy,0.6071428571428571,140,higher
official-total-core,teammate-set,2026,100.0,division:2026arc,transferred_platt_red_win_probability,winner_brier,0.22704025972330788,140,lower
official-total-core,teammate-set,2026,100.0,division:2026arc,transferred_platt_red_win_probability,winner_log_loss,0.6481543450500497,140,lower
official-total-core,teammate-set,2026,100.0,division:2026arc,transferred_platt_red_win_probability,winner_ece,0.0952918749322348,140,lower
official-total-core,teammate-set,2026,100.0,division:2026arc,transferred_score_red_win_probability,alliance_score_mae,112.58686083885114,282,lower
official-total-core,teammate-set,2026,100.0,division:2026arc,transferred_score_red_win_probability,alliance_score_rmse,139.8220683871282,282,lower
official-total-core,teammate-set,2026,100.0,division:2026arc,transferred_score_red_win_probability,score_differential_mae,145.93438169982468,141,lower
official-total-core,teammate-set,2026,100.0,division:2026arc,transferred_score_red_win_probability,score_differential_rmse,183.86837165333574,141,lower
official-total-core,teammate-set,2026,100.0,division:2026arc,transferred_score_red_win_probability,mean_bias,-42.53613363239995,282,lower
official-total-core,teammate-set,2026,100.0,division:2026arc,transferred_score_red_win_probability,relative_bias,-0.09568899521631821,282,lower
official-total-core,teammate-set,2026,100.0,division:2026arc,transferred_score_red_win_probability,winner_accuracy,0.6785714285714286,140,higher
official-total-core,teammate-set,2026,100.0,division:2026arc,transferred_score_red_win_probability,winner_brier,0.21797634555331033,140,lower
official-total-core,teammate-set,2026,100.0,division:2026arc,transferred_score_red_win_probability,winner_log_loss,0.6553644638920555,140,lower
official-total-core,teammate-set,2026,100.0,division:2026arc,transferred_score_red_win_probability,winner_ece,0.14859727061316394,140,lower
official-total-core,teammate-set,2026,100.0,division:2026cur,raw_pred_red_win_probability,alliance_score_mae,114.55068026059325,278,lower
official-total-core,teammate-set,2026,100.0,division:2026cur,raw_pred_red_win_probability,alliance_score_rmse,141.3952327353823,278,lower
official-total-core,teammate-set,2026,100.0,division:2026cur,raw_pred_red_win_probability,score_differential_mae,137.2484866115823,139,lower
official-total-core,teammate-set,2026,100.0,division:2026cur,raw_pred_red_win_probability,score_differential_rmse,174.59240369992665,139,lower
official-total-core,teammate-set,2026,100.0,division:2026cur,raw_pred_red_win_probability,mean_bias,-59.39753145970847,278,lower
official-total-core,teammate-set,2026,100.0,division:2026cur,raw_pred_red_win_probability,relative_bias,-0.13690606030742342,278,lower
official-total-core,teammate-set,2026,100.0,division:2026cur,raw_pred_red_win_probability,winner_accuracy,0.6474820143884892,139,higher
official-total-core,teammate-set,2026,100.0,division:2026cur,raw_pred_red_win_probability,winner_brier,0.2973861264578575,139,lower
official-total-core,teammate-set,2026,100.0,division:2026cur,raw_pred_red_win_probability,winner_log_loss,1.2314026754968437,139,lower
official-total-core,teammate-set,2026,100.0,division:2026cur,raw_pred_red_win_probability,winner_ece,0.28141334037437776,139,lower
official-total-core,teammate-set,2026,100.0,division:2026cur,transferred_platt_red_win_probability,alliance_score_mae,114.55068026059325,278,lower
official-total-core,teammate-set,2026,100.0,division:2026cur,transferred_platt_red_win_probability,alliance_score_rmse,141.3952327353823,278,lower
official-total-core,teammate-set,2026,100.0,division:2026cur,transferred_platt_red_win_probability,score_differential_mae,137.2484866115823,139,lower
official-total-core,teammate-set,2026,100.0,division:2026cur,transferred_platt_red_win_probability,score_differential_rmse,174.59240369992665,139,lower
official-total-core,teammate-set,2026,100.0,division:2026cur,transferred_platt_red_win_probability,mean_bias,-59.39753145970847,278,lower
official-total-core,teammate-set,2026,100.0,division:2026cur,transferred_platt_red_win_probability,relative_bias,-0.13690606030742342,278,lower
official-total-core,teammate-set,2026,100.0,division:2026cur,transferred_platt_red_win_probability,winner_accuracy,0.6402877697841727,139,higher
official-total-core,teammate-set,2026,100.0,division:2026cur,transferred_platt_red_win_probability,winner_brier,0.21608385769133465,139,lower
official-total-core,teammate-set,2026,100.0,division:2026cur,transferred_platt_red_win_probability,winner_log_loss,0.6180646499558998,139,lower
official-total-core,teammate-set,2026,100.0,division:2026cur,transferred_platt_red_win_probability,winner_ece,0.08848432171297527,139,lower
official-total-core,teammate-set,2026,100.0,division:2026cur,transferred_score_red_win_probability,alliance_score_mae,114.55068026059325,278,lower
official-total-core,teammate-set,2026,100.0,division:2026cur,transferred_score_red_win_probability,alliance_score_rmse,141.3952327353823,278,lower
official-total-core,teammate-set,2026,100.0,division:2026cur,transferred_score_red_win_probability,score_differential_mae,137.2484866115823,139,lower
official-total-core,teammate-set,2026,100.0,division:2026cur,transferred_score_red_win_probability,score_differential_rmse,174.59240369992665,139,lower
official-total-core,teammate-set,2026,100.0,division:2026cur,transferred_score_red_win_probability,mean_bias,-59.39753145970847,278,lower
official-total-core,teammate-set,2026,100.0,division:2026cur,transferred_score_red_win_probability,relative_bias,-0.13690606030742342,278,lower
official-total-core,teammate-set,2026,100.0,division:2026cur,transferred_score_red_win_probability,winner_accuracy,0.7122302158273381,139,higher
official-total-core,teammate-set,2026,100.0,division:2026cur,transferred_score_red_win_probability,winner_brier,0.20499923053885835,139,lower
official-total-core,teammate-set,2026,100.0,division:2026cur,transferred_score_red_win_probability,winner_log_loss,0.5998783775183358,139,lower
official-total-core,teammate-set,2026,100.0,division:2026cur,transferred_score_red_win_probability,winner_ece,0.1010880805197991,139,lower
official-total-core,teammate-set,2026,100.0,division:2026dal,raw_pred_red_win_probability,alliance_score_mae,100.53943235725724,280,lower
official-total-core,teammate-set,2026,100.0,division:2026dal,raw_pred_red_win_probability,alliance_score_rmse,128.0418662990431,280,lower
official-total-core,teammate-set,2026,100.0,division:2026dal,raw_pred_red_win_probability,score_differential_mae,145.4998555083028,140,lower
official-total-core,teammate-set,2026,100.0,division:2026dal,raw_pred_red_win_probability,score_differential_rmse,179.50077297182852,140,lower
official-total-core,teammate-set,2026,100.0,division:2026dal,raw_pred_red_win_probability,mean_bias,-25.240497224387166,280,lower
official-total-core,teammate-set,2026,100.0,division:2026dal,raw_pred_red_win_probability,relative_bias,-0.061910570131825486,280,lower
official-total-core,teammate-set,2026,100.0,division:2026dal,raw_pred_red_win_probability,winner_accuracy,0.6142857142857143,140,higher
official-total-core,teammate-set,2026,100.0,division:2026dal,raw_pred_red_win_probability,winner_brier,0.3275809599678421,140,lower
official-total-core,teammate-set,2026,100.0,division:2026dal,raw_pred_red_win_probability,winner_log_loss,1.4687127300961749,140,lower
official-total-core,teammate-set,2026,100.0,division:2026dal,raw_pred_red_win_probability,winner_ece,0.3256717259266322,140,lower
official-total-core,teammate-set,2026,100.0,division:2026dal,transferred_platt_red_win_probability,alliance_score_mae,100.53943235725724,280,lower
official-total-core,teammate-set,2026,100.0,division:2026dal,transferred_platt_red_win_probability,alliance_score_rmse,128.0418662990431,280,lower
official-total-core,teammate-set,2026,100.0,division:2026dal,transferred_platt_red_win_probability,score_differential_mae,145.4998555083028,140,lower
official-total-core,teammate-set,2026,100.0,division:2026dal,transferred_platt_red_win_probability,score_differential_rmse,179.50077297182852,140,lower
official-total-core,teammate-set,2026,100.0,division:2026dal,transferred_platt_red_win_probability,mean_bias,-25.240497224387166,280,lower
official-total-core,teammate-set,2026,100.0,division:2026dal,transferred_platt_red_win_probability,relative_bias,-0.061910570131825486,280,lower
official-total-core,teammate-set,2026,100.0,division:2026dal,transferred_platt_red_win_probability,winner_accuracy,0.6,140,higher
official-total-core,teammate-set,2026,100.0,division:2026dal,transferred_platt_red_win_probability,winner_brier,0.23040760739375138,140,lower
official-total-core,teammate-set,2026,100.0,division:2026dal,transferred_platt_red_win_probability,winner_log_loss,0.651588640988323,140,lower
official-total-core,teammate-set,2026,100.0,division:2026dal,transferred_platt_red_win_probability,winner_ece,0.09597425968226346,140,lower
official-total-core,teammate-set,2026,100.0,division:2026dal,transferred_score_red_win_probability,alliance_score_mae,100.53943235725724,280,lower
official-total-core,teammate-set,2026,100.0,division:2026dal,transferred_score_red_win_probability,alliance_score_rmse,128.0418662990431,280,lower
official-total-core,teammate-set,2026,100.0,division:2026dal,transferred_score_red_win_probability,score_differential_mae,145.4998555083028,140,lower
official-total-core,teammate-set,2026,100.0,division:2026dal,transferred_score_red_win_probability,score_differential_rmse,179.50077297182852,140,lower
official-total-core,teammate-set,2026,100.0,division:2026dal,transferred_score_red_win_probability,mean_bias,-25.240497224387166,280,lower
official-total-core,teammate-set,2026,100.0,division:2026dal,transferred_score_red_win_probability,relative_bias,-0.061910570131825486,280,lower
official-total-core,teammate-set,2026,100.0,division:2026dal,transferred_score_red_win_probability,winner_accuracy,0.6785714285714286,140,higher
official-total-core,teammate-set,2026,100.0,division:2026dal,transferred_score_red_win_probability,winner_brier,0.21980708620089368,140,lower
official-total-core,teammate-set,2026,100.0,division:2026dal,transferred_score_red_win_probability,winner_log_loss,0.6281364006140071,140,lower
official-total-core,teammate-set,2026,100.0,division:2026dal,transferred_score_red_win_probability,winner_ece,0.13754839361146468,140,lower
official-total-core,teammate-set,2026,100.0,division:2026gal,raw_pred_red_win_probability,alliance_score_mae,124.16678875505363,280,lower
official-total-core,teammate-set,2026,100.0,division:2026gal,raw_pred_red_win_probability,alliance_score_rmse,155.5752128681051,280,lower
official-total-core,teammate-set,2026,100.0,division:2026gal,raw_pred_red_win_probability,score_differential_mae,150.78338975012187,140,lower
official-total-core,teammate-set,2026,100.0,division:2026gal,raw_pred_red_win_probability,score_differential_rmse,194.9632324550509,140,lower
official-total-core,teammate-set,2026,100.0,division:2026gal,raw_pred_red_win_probability,mean_bias,-74.24619667154415,280,lower
official-total-core,teammate-set,2026,100.0,division:2026gal,raw_pred_red_win_probability,relative_bias,-0.174534132599276,280,lower
official-total-core,teammate-set,2026,100.0,division:2026gal,raw_pred_red_win_probability,winner_accuracy,0.6115107913669064,139,higher
official-total-core,teammate-set,2026,100.0,division:2026gal,raw_pred_red_win_probability,winner_brier,0.31719733474744677,139,lower
official-total-core,teammate-set,2026,100.0,division:2026gal,raw_pred_red_win_probability,winner_log_loss,1.6885489205438544,139,lower
official-total-core,teammate-set,2026,100.0,division:2026gal,raw_pred_red_win_probability,winner_ece,0.3112492508149844,139,lower
official-total-core,teammate-set,2026,100.0,division:2026gal,transferred_platt_red_win_probability,alliance_score_mae,124.16678875505363,280,lower
official-total-core,teammate-set,2026,100.0,division:2026gal,transferred_platt_red_win_probability,alliance_score_rmse,155.5752128681051,280,lower
official-total-core,teammate-set,2026,100.0,division:2026gal,transferred_platt_red_win_probability,score_differential_mae,150.78338975012187,140,lower
official-total-core,teammate-set,2026,100.0,division:2026gal,transferred_platt_red_win_probability,score_differential_rmse,194.9632324550509,140,lower
official-total-core,teammate-set,2026,100.0,division:2026gal,transferred_platt_red_win_probability,mean_bias,-74.24619667154415,280,lower
official-total-core,teammate-set,2026,100.0,division:2026gal,transferred_platt_red_win_probability,relative_bias,-0.174534132599276,280,lower
official-total-core,teammate-set,2026,100.0,division:2026gal,transferred_platt_red_win_probability,winner_accuracy,0.6402877697841727,139,higher
official-total-core,teammate-set,2026,100.0,division:2026gal,transferred_platt_red_win_probability,winner_brier,0.2275723804523788,139,lower
official-total-core,teammate-set,2026,100.0,division:2026gal,transferred_platt_red_win_probability,winner_log_loss,0.6480692447051045,139,lower
official-total-core,teammate-set,2026,100.0,division:2026gal,transferred_platt_red_win_probability,winner_ece,0.10822613759712228,139,lower
official-total-core,teammate-set,2026,100.0,division:2026gal,transferred_score_red_win_probability,alliance_score_mae,124.16678875505363,280,lower
official-total-core,teammate-set,2026,100.0,division:2026gal,transferred_score_red_win_probability,alliance_score_rmse,155.5752128681051,280,lower
official-total-core,teammate-set,2026,100.0,division:2026gal,transferred_score_red_win_probability,score_differential_mae,150.78338975012187,140,lower
official-total-core,teammate-set,2026,100.0,division:2026gal,transferred_score_red_win_probability,score_differential_rmse,194.9632324550509,140,lower
official-total-core,teammate-set,2026,100.0,division:2026gal,transferred_score_red_win_probability,mean_bias,-74.24619667154415,280,lower
official-total-core,teammate-set,2026,100.0,division:2026gal,transferred_score_red_win_probability,relative_bias,-0.174534132599276,280,lower
official-total-core,teammate-set,2026,100.0,division:2026gal,transferred_score_red_win_probability,winner_accuracy,0.6474820143884892,139,higher
official-total-core,teammate-set,2026,100.0,division:2026gal,transferred_score_red_win_probability,winner_brier,0.23869398598562006,139,lower
official-total-core,teammate-set,2026,100.0,division:2026gal,transferred_score_red_win_probability,winner_log_loss,0.7201157080667138,139,lower
official-total-core,teammate-set,2026,100.0,division:2026gal,transferred_score_red_win_probability,winner_ece,0.15409817651042781,139,lower
official-total-core,teammate-set,2026,100.0,division:2026hop,raw_pred_red_win_probability,alliance_score_mae,126.30343943771223,280,lower
official-total-core,teammate-set,2026,100.0,division:2026hop,raw_pred_red_win_probability,alliance_score_rmse,159.3387926957466,280,lower
official-total-core,teammate-set,2026,100.0,division:2026hop,raw_pred_red_win_probability,score_differential_mae,143.1719458087188,140,lower
official-total-core,teammate-set,2026,100.0,division:2026hop,raw_pred_red_win_probability,score_differential_rmse,189.33817837287776,140,lower
official-total-core,teammate-set,2026,100.0,division:2026hop,raw_pred_red_win_probability,mean_bias,-78.6758011731761,280,lower
official-total-core,teammate-set,2026,100.0,division:2026hop,raw_pred_red_win_probability,relative_bias,-0.17058933472067672,280,lower
official-total-core,teammate-set,2026,100.0,division:2026hop,raw_pred_red_win_probability,winner_accuracy,0.7071428571428572,140,higher
official-total-core,teammate-set,2026,100.0,division:2026hop,raw_pred_red_win_probability,winner_brier,0.23108549932647243,140,lower
official-total-core,teammate-set,2026,100.0,division:2026hop,raw_pred_red_win_probability,winner_log_loss,0.8913733347429562,140,lower
official-total-core,teammate-set,2026,100.0,division:2026hop,raw_pred_red_win_probability,winner_ece,0.2085407732944572,140,lower
official-total-core,teammate-set,2026,100.0,division:2026hop,transferred_platt_red_win_probability,alliance_score_mae,126.30343943771223,280,lower
official-total-core,teammate-set,2026,100.0,division:2026hop,transferred_platt_red_win_probability,alliance_score_rmse,159.3387926957466,280,lower
official-total-core,teammate-set,2026,100.0,division:2026hop,transferred_platt_red_win_probability,score_differential_mae,143.1719458087188,140,lower
official-total-core,teammate-set,2026,100.0,division:2026hop,transferred_platt_red_win_probability,score_differential_rmse,189.33817837287776,140,lower
official-total-core,teammate-set,2026,100.0,division:2026hop,transferred_platt_red_win_probability,mean_bias,-78.6758011731761,280,lower
official-total-core,teammate-set,2026,100.0,division:2026hop,transferred_platt_red_win_probability,relative_bias,-0.17058933472067672,280,lower
official-total-core,teammate-set,2026,100.0,division:2026hop,transferred_platt_red_win_probability,winner_accuracy,0.6785714285714286,140,higher
official-total-core,teammate-set,2026,100.0,division:2026hop,transferred_platt_red_win_probability,winner_brier,0.19430687561427865,140,lower
official-total-core,teammate-set,2026,100.0,division:2026hop,transferred_platt_red_win_probability,winner_log_loss,0.5669844744658753,140,lower
official-total-core,teammate-set,2026,100.0,division:2026hop,transferred_platt_red_win_probability,winner_ece,0.0720168194778982,140,lower
official-total-core,teammate-set,2026,100.0,division:2026hop,transferred_score_red_win_probability,alliance_score_mae,126.30343943771223,280,lower
official-total-core,teammate-set,2026,100.0,division:2026hop,transferred_score_red_win_probability,alliance_score_rmse,159.3387926957466,280,lower
official-total-core,teammate-set,2026,100.0,division:2026hop,transferred_score_red_win_probability,score_differential_mae,143.1719458087188,140,lower
official-total-core,teammate-set,2026,100.0,division:2026hop,transferred_score_red_win_probability,score_differential_rmse,189.33817837287776,140,lower
official-total-core,teammate-set,2026,100.0,division:2026hop,transferred_score_red_win_probability,mean_bias,-78.6758011731761,280,lower
official-total-core,teammate-set,2026,100.0,division:2026hop,transferred_score_red_win_probability,relative_bias,-0.17058933472067672,280,lower
official-total-core,teammate-set,2026,100.0,division:2026hop,transferred_score_red_win_probability,winner_accuracy,0.7,140,higher
official-total-core,teammate-set,2026,100.0,division:2026hop,transferred_score_red_win_probability,winner_brier,0.19678431164623128,140,lower
official-total-core,teammate-set,2026,100.0,division:2026hop,transferred_score_red_win_probability,winner_log_loss,0.6161754751029589,140,lower
official-total-core,teammate-set,2026,100.0,division:2026hop,transferred_score_red_win_probability,winner_ece,0.1095538269578993,140,lower
official-total-core,teammate-set,2026,100.0,division:2026joh,raw_pred_red_win_probability,alliance_score_mae,117.89859458516523,280,lower
official-total-core,teammate-set,2026,100.0,division:2026joh,raw_pred_red_win_probability,alliance_score_rmse,146.4998931903832,280,lower
official-total-core,teammate-set,2026,100.0,division:2026joh,raw_pred_red_win_probability,score_differential_mae,137.4791494462899,140,lower
official-total-core,teammate-set,2026,100.0,division:2026joh,raw_pred_red_win_probability,score_differential_rmse,174.1026607614657,140,lower
official-total-core,teammate-set,2026,100.0,division:2026joh,raw_pred_red_win_probability,mean_bias,-61.581515455647576,280,lower
official-total-core,teammate-set,2026,100.0,division:2026joh,raw_pred_red_win_probability,relative_bias,-0.14832537055983933,280,lower
official-total-core,teammate-set,2026,100.0,division:2026joh,raw_pred_red_win_probability,winner_accuracy,0.6857142857142857,140,higher
official-total-core,teammate-set,2026,100.0,division:2026joh,raw_pred_red_win_probability,winner_brier,0.28094361044459415,140,lower
official-total-core,teammate-set,2026,100.0,division:2026joh,raw_pred_red_win_probability,winner_log_loss,1.2900367337881464,140,lower
official-total-core,teammate-set,2026,100.0,division:2026joh,raw_pred_red_win_probability,winner_ece,0.29644787931694555,140,lower
official-total-core,teammate-set,2026,100.0,division:2026joh,transferred_platt_red_win_probability,alliance_score_mae,117.89859458516523,280,lower
official-total-core,teammate-set,2026,100.0,division:2026joh,transferred_platt_red_win_probability,alliance_score_rmse,146.4998931903832,280,lower
official-total-core,teammate-set,2026,100.0,division:2026joh,transferred_platt_red_win_probability,score_differential_mae,137.4791494462899,140,lower
official-total-core,teammate-set,2026,100.0,division:2026joh,transferred_platt_red_win_probability,score_differential_rmse,174.1026607614657,140,lower
official-total-core,teammate-set,2026,100.0,division:2026joh,transferred_platt_red_win_probability,mean_bias,-61.581515455647576,280,lower
official-total-core,teammate-set,2026,100.0,division:2026joh,transferred_platt_red_win_probability,relative_bias,-0.14832537055983933,280,lower
official-total-core,teammate-set,2026,100.0,division:2026joh,transferred_platt_red_win_probability,winner_accuracy,0.6571428571428571,140,higher
official-total-core,teammate-set,2026,100.0,division:2026joh,transferred_platt_red_win_probability,winner_brier,0.20322712212355448,140,lower
official-total-core,teammate-set,2026,100.0,division:2026joh,transferred_platt_red_win_probability,winner_log_loss,0.5889584231773423,140,lower
official-total-core,teammate-set,2026,100.0,division:2026joh,transferred_platt_red_win_probability,winner_ece,0.11086090146370353,140,lower
official-total-core,teammate-set,2026,100.0,division:2026joh,transferred_score_red_win_probability,alliance_score_mae,117.89859458516523,280,lower
official-total-core,teammate-set,2026,100.0,division:2026joh,transferred_score_red_win_probability,alliance_score_rmse,146.4998931903832,280,lower
official-total-core,teammate-set,2026,100.0,division:2026joh,transferred_score_red_win_probability,score_differential_mae,137.4791494462899,140,lower
official-total-core,teammate-set,2026,100.0,division:2026joh,transferred_score_red_win_probability,score_differential_rmse,174.1026607614657,140,lower
official-total-core,teammate-set,2026,100.0,division:2026joh,transferred_score_red_win_probability,mean_bias,-61.581515455647576,280,lower
official-total-core,teammate-set,2026,100.0,division:2026joh,transferred_score_red_win_probability,relative_bias,-0.14832537055983933,280,lower
official-total-core,teammate-set,2026,100.0,division:2026joh,transferred_score_red_win_probability,winner_accuracy,0.7285714285714285,140,higher
official-total-core,teammate-set,2026,100.0,division:2026joh,transferred_score_red_win_probability,winner_brier,0.2037013411308062,140,lower
official-total-core,teammate-set,2026,100.0,division:2026joh,transferred_score_red_win_probability,winner_log_loss,0.6006369434043897,140,lower
official-total-core,teammate-set,2026,100.0,division:2026joh,transferred_score_red_win_probability,winner_ece,0.17334632968052674,140,lower
official-total-core,teammate-set,2026,100.0,division:2026mil,raw_pred_red_win_probability,alliance_score_mae,107.30293773410475,278,lower
official-total-core,teammate-set,2026,100.0,division:2026mil,raw_pred_red_win_probability,alliance_score_rmse,134.5371813640948,278,lower
official-total-core,teammate-set,2026,100.0,division:2026mil,raw_pred_red_win_probability,score_differential_mae,135.44181264596062,139,lower
official-total-core,teammate-set,2026,100.0,division:2026mil,raw_pred_red_win_probability,score_differential_rmse,169.59362426969264,139,lower
official-total-core,teammate-set,2026,100.0,division:2026mil,raw_pred_red_win_probability,mean_bias,-56.17492207881206,278,lower
official-total-core,teammate-set,2026,100.0,division:2026mil,raw_pred_red_win_probability,relative_bias,-0.13645650569632092,278,lower
official-total-core,teammate-set,2026,100.0,division:2026mil,raw_pred_red_win_probability,winner_accuracy,0.6187050359712231,139,higher
official-total-core,teammate-set,2026,100.0,division:2026mil,raw_pred_red_win_probability,winner_brier,0.31780855279056625,139,lower
official-total-core,teammate-set,2026,100.0,division:2026mil,raw_pred_red_win_probability,winner_log_loss,1.5799181523143324,139,lower
official-total-core,teammate-set,2026,100.0,division:2026mil,raw_pred_red_win_probability,winner_ece,0.30540792534039474,139,lower
official-total-core,teammate-set,2026,100.0,division:2026mil,transferred_platt_red_win_probability,alliance_score_mae,107.30293773410475,278,lower
official-total-core,teammate-set,2026,100.0,division:2026mil,transferred_platt_red_win_probability,alliance_score_rmse,134.5371813640948,278,lower
official-total-core,teammate-set,2026,100.0,division:2026mil,transferred_platt_red_win_probability,score_differential_mae,135.44181264596062,139,lower
official-total-core,teammate-set,2026,100.0,division:2026mil,transferred_platt_red_win_probability,score_differential_rmse,169.59362426969264,139,lower
official-total-core,teammate-set,2026,100.0,division:2026mil,transferred_platt_red_win_probability,mean_bias,-56.17492207881206,278,lower
official-total-core,teammate-set,2026,100.0,division:2026mil,transferred_platt_red_win_probability,relative_bias,-0.13645650569632092,278,lower
official-total-core,teammate-set,2026,100.0,division:2026mil,transferred_platt_red_win_probability,winner_accuracy,0.60431654676259,139,higher
official-total-core,teammate-set,2026,100.0,division:2026mil,transferred_platt_red_win_probability,winner_brier,0.2245585295693985,139,lower
official-total-core,teammate-set,2026,100.0,division:2026mil,transferred_platt_red_win_probability,winner_log_loss,0.6364690572985249,139,lower
official-total-core,teammate-set,2026,100.0,division:2026mil,transferred_platt_red_win_probability,winner_ece,0.10073440888495762,139,lower
official-total-core,teammate-set,2026,100.0,division:2026mil,transferred_score_red_win_probability,alliance_score_mae,107.30293773410475,278,lower
official-total-core,teammate-set,2026,100.0,division:2026mil,transferred_score_red_win_probability,alliance_score_rmse,134.5371813640948,278,lower
official-total-core,teammate-set,2026,100.0,division:2026mil,transferred_score_red_win_probability,score_differential_mae,135.44181264596062,139,lower
official-total-core,teammate-set,2026,100.0,division:2026mil,transferred_score_red_win_probability,score_differential_rmse,169.59362426969264,139,lower
official-total-core,teammate-set,2026,100.0,division:2026mil,transferred_score_red_win_probability,mean_bias,-56.17492207881206,278,lower
official-total-core,teammate-set,2026,100.0,division:2026mil,transferred_score_red_win_probability,relative_bias,-0.13645650569632092,278,lower
official-total-core,teammate-set,2026,100.0,division:2026mil,transferred_score_red_win_probability,winner_accuracy,0.6546762589928058,139,higher
official-total-core,teammate-set,2026,100.0,division:2026mil,transferred_score_red_win_probability,winner_brier,0.2149220937009675,139,lower
official-total-core,teammate-set,2026,100.0,division:2026mil,transferred_score_red_win_probability,winner_log_loss,0.6177225787125997,139,lower
official-total-core,teammate-set,2026,100.0,division:2026mil,transferred_score_red_win_probability,winner_ece,0.12750175250484744,139,lower
official-total-core,teammate-set,2026,100.0,division:2026new,raw_pred_red_win_probability,alliance_score_mae,117.7365060218462,280,lower
official-total-core,teammate-set,2026,100.0,division:2026new,raw_pred_red_win_probability,alliance_score_rmse,143.13598066132195,280,lower
official-total-core,teammate-set,2026,100.0,division:2026new,raw_pred_red_win_probability,score_differential_mae,134.23475892466567,140,lower
official-total-core,teammate-set,2026,100.0,division:2026new,raw_pred_red_win_probability,score_differential_rmse,164.63850472029284,140,lower
official-total-core,teammate-set,2026,100.0,division:2026new,raw_pred_red_win_probability,mean_bias,-68.79184477903338,280,lower
official-total-core,teammate-set,2026,100.0,division:2026new,raw_pred_red_win_probability,relative_bias,-0.1455592994591461,280,lower
official-total-core,teammate-set,2026,100.0,division:2026new,raw_pred_red_win_probability,winner_accuracy,0.6357142857142857,140,higher
official-total-core,teammate-set,2026,100.0,division:2026new,raw_pred_red_win_probability,winner_brier,0.2804905892065805,140,lower
official-total-core,teammate-set,2026,100.0,division:2026new,raw_pred_red_win_probability,winner_log_loss,1.0633610203377246,140,lower
official-total-core,teammate-set,2026,100.0,division:2026new,raw_pred_red_win_probability,winner_ece,0.25182512665815554,140,lower
official-total-core,teammate-set,2026,100.0,division:2026new,transferred_platt_red_win_probability,alliance_score_mae,117.7365060218462,280,lower
official-total-core,teammate-set,2026,100.0,division:2026new,transferred_platt_red_win_probability,alliance_score_rmse,143.13598066132195,280,lower
official-total-core,teammate-set,2026,100.0,division:2026new,transferred_platt_red_win_probability,score_differential_mae,134.23475892466567,140,lower
official-total-core,teammate-set,2026,100.0,division:2026new,transferred_platt_red_win_probability,score_differential_rmse,164.63850472029284,140,lower
official-total-core,teammate-set,2026,100.0,division:2026new,transferred_platt_red_win_probability,mean_bias,-68.79184477903338,280,lower
official-total-core,teammate-set,2026,100.0,division:2026new,transferred_platt_red_win_probability,relative_bias,-0.1455592994591461,280,lower
official-total-core,teammate-set,2026,100.0,division:2026new,transferred_platt_red_win_probability,winner_accuracy,0.65,140,higher
official-total-core,teammate-set,2026,100.0,division:2026new,transferred_platt_red_win_probability,winner_brier,0.20908380621922895,140,lower
official-total-core,teammate-set,2026,100.0,division:2026new,transferred_platt_red_win_probability,winner_log_loss,0.6007085427547337,140,lower
official-total-core,teammate-set,2026,100.0,division:2026new,transferred_platt_red_win_probability,winner_ece,0.057333278110752624,140,lower
official-total-core,teammate-set,2026,100.0,division:2026new,transferred_score_red_win_probability,alliance_score_mae,117.7365060218462,280,lower
official-total-core,teammate-set,2026,100.0,division:2026new,transferred_score_red_win_probability,alliance_score_rmse,143.13598066132195,280,lower
official-total-core,teammate-set,2026,100.0,division:2026new,transferred_score_red_win_probability,score_differential_mae,134.23475892466567,140,lower
official-total-core,teammate-set,2026,100.0,division:2026new,transferred_score_red_win_probability,score_differential_rmse,164.63850472029284,140,lower
official-total-core,teammate-set,2026,100.0,division:2026new,transferred_score_red_win_probability,mean_bias,-68.79184477903338,280,lower
official-total-core,teammate-set,2026,100.0,division:2026new,transferred_score_red_win_probability,relative_bias,-0.1455592994591461,280,lower
official-total-core,teammate-set,2026,100.0,division:2026new,transferred_score_red_win_probability,winner_accuracy,0.6857142857142857,140,higher
official-total-core,teammate-set,2026,100.0,division:2026new,transferred_score_red_win_probability,winner_brier,0.2017129948127591,140,lower
official-total-core,teammate-set,2026,100.0,division:2026new,transferred_score_red_win_probability,winner_log_loss,0.5881184700786534,140,lower
official-total-core,teammate-set,2026,100.0,division:2026new,transferred_score_red_win_probability,winner_ece,0.10387863879994537,140,lower
official-total-core,teammate-set,2026,100.0,observation:high,raw_pred_red_win_probability,alliance_score_mae,114.48652006331469,2134,lower
official-total-core,teammate-set,2026,100.0,observation:high,raw_pred_red_win_probability,alliance_score_rmse,143.09883903238648,2134,lower
official-total-core,teammate-set,2026,100.0,observation:high,raw_pred_red_win_probability,score_differential_mae,140.23599523078235,1067,lower
official-total-core,teammate-set,2026,100.0,observation:high,raw_pred_red_win_probability,score_differential_rmse,177.2856653640085,1067,lower
official-total-core,teammate-set,2026,100.0,observation:high,raw_pred_red_win_probability,mean_bias,-57.916059525867105,2134,lower
official-total-core,teammate-set,2026,100.0,observation:high,raw_pred_red_win_probability,relative_bias,-0.13269580312239682,2134,lower
official-total-core,teammate-set,2026,100.0,observation:high,raw_pred_red_win_probability,winner_accuracy,0.6460093896713615,1065,higher
official-total-core,teammate-set,2026,100.0,observation:high,raw_pred_red_win_probability,winner_brier,0.2942093928798285,1065,lower
official-total-core,teammate-set,2026,100.0,observation:high,raw_pred_red_win_probability,winner_log_loss,1.3404724241655612,1065,lower
official-total-core,teammate-set,2026,100.0,observation:high,raw_pred_red_win_probability,winner_ece,0.26346699902973436,1065,lower
official-total-core,teammate-set,2026,100.0,observation:high,transferred_platt_red_win_probability,alliance_score_mae,114.48652006331469,2134,lower
official-total-core,teammate-set,2026,100.0,observation:high,transferred_platt_red_win_probability,alliance_score_rmse,143.09883903238648,2134,lower
official-total-core,teammate-set,2026,100.0,observation:high,transferred_platt_red_win_probability,score_differential_mae,140.23599523078235,1067,lower
official-total-core,teammate-set,2026,100.0,observation:high,transferred_platt_red_win_probability,score_differential_rmse,177.2856653640085,1067,lower
official-total-core,teammate-set,2026,100.0,observation:high,transferred_platt_red_win_probability,mean_bias,-57.916059525867105,2134,lower
official-total-core,teammate-set,2026,100.0,observation:high,transferred_platt_red_win_probability,relative_bias,-0.13269580312239682,2134,lower
official-total-core,teammate-set,2026,100.0,observation:high,transferred_platt_red_win_probability,winner_accuracy,0.6347417840375587,1065,higher
official-total-core,teammate-set,2026,100.0,observation:high,transferred_platt_red_win_probability,winner_brier,0.21630433004759653,1065,lower
official-total-core,teammate-set,2026,100.0,observation:high,transferred_platt_red_win_probability,winner_log_loss,0.6197025826164446,1065,lower
official-total-core,teammate-set,2026,100.0,observation:high,transferred_platt_red_win_probability,winner_ece,0.0592725520345823,1065,lower
official-total-core,teammate-set,2026,100.0,observation:high,transferred_score_red_win_probability,alliance_score_mae,114.48652006331469,2134,lower
official-total-core,teammate-set,2026,100.0,observation:high,transferred_score_red_win_probability,alliance_score_rmse,143.09883903238648,2134,lower
official-total-core,teammate-set,2026,100.0,observation:high,transferred_score_red_win_probability,score_differential_mae,140.23599523078235,1067,lower
official-total-core,teammate-set,2026,100.0,observation:high,transferred_score_red_win_probability,score_differential_rmse,177.2856653640085,1067,lower
official-total-core,teammate-set,2026,100.0,observation:high,transferred_score_red_win_probability,mean_bias,-57.916059525867105,2134,lower
official-total-core,teammate-set,2026,100.0,observation:high,transferred_score_red_win_probability,relative_bias,-0.13269580312239682,2134,lower
official-total-core,teammate-set,2026,100.0,observation:high,transferred_score_red_win_probability,winner_accuracy,0.6845070422535211,1065,higher
official-total-core,teammate-set,2026,100.0,observation:high,transferred_score_red_win_probability,winner_brier,0.21166169238846153,1065,lower
official-total-core,teammate-set,2026,100.0,observation:high,transferred_score_red_win_probability,winner_log_loss,0.6255741007254225,1065,lower
official-total-core,teammate-set,2026,100.0,observation:high,transferred_score_red_win_probability,winner_ece,0.08879673508585315,1065,lower
official-total-core,teammate-set,2026,100.0,observation:low,raw_pred_red_win_probability,alliance_score_mae,88.0517240709731,4,lower
official-total-core,teammate-set,2026,100.0,observation:low,raw_pred_red_win_probability,alliance_score_rmse,112.17007378336382,4,lower
official-total-core,teammate-set,2026,100.0,observation:low,raw_pred_red_win_probability,score_differential_mae,112.46698259558414,2,lower
official-total-core,teammate-set,2026,100.0,observation:low,raw_pred_red_win_probability,score_differential_rmse,115.11265805758923,2,lower
official-total-core,teammate-set,2026,100.0,observation:low,raw_pred_red_win_probability,mean_bias,49.65208009823134,4,lower
official-total-core,teammate-set,2026,100.0,observation:low,raw_pred_red_win_probability,relative_bias,0.13222924127358546,4,lower
official-total-core,teammate-set,2026,100.0,observation:low,raw_pred_red_win_probability,winner_accuracy,0.5,2,higher
official-total-core,teammate-set,2026,100.0,observation:low,raw_pred_red_win_probability,winner_brier,0.47590596582343103,2,lower
official-total-core,teammate-set,2026,100.0,observation:low,raw_pred_red_win_probability,winner_log_loss,1.8572157316797138,2,lower
official-total-core,teammate-set,2026,100.0,observation:low,raw_pred_red_win_probability,winner_ece,0.487339586019516,2,lower
official-total-core,teammate-set,2026,100.0,observation:low,transferred_platt_red_win_probability,alliance_score_mae,88.0517240709731,4,lower
official-total-core,teammate-set,2026,100.0,observation:low,transferred_platt_red_win_probability,alliance_score_rmse,112.17007378336382,4,lower
official-total-core,teammate-set,2026,100.0,observation:low,transferred_platt_red_win_probability,score_differential_mae,112.46698259558414,2,lower
official-total-core,teammate-set,2026,100.0,observation:low,transferred_platt_red_win_probability,score_differential_rmse,115.11265805758923,2,lower
official-total-core,teammate-set,2026,100.0,observation:low,transferred_platt_red_win_probability,mean_bias,49.65208009823134,4,lower
official-total-core,teammate-set,2026,100.0,observation:low,transferred_platt_red_win_probability,relative_bias,0.13222924127358546,4,lower
official-total-core,teammate-set,2026,100.0,observation:low,transferred_platt_red_win_probability,winner_accuracy,0.5,2,higher
official-total-core,teammate-set,2026,100.0,observation:low,transferred_platt_red_win_probability,winner_brier,0.250837126828832,2,lower
official-total-core,teammate-set,2026,100.0,observation:low,transferred_platt_red_win_probability,winner_log_loss,0.6823338974365427,2,lower
official-total-core,teammate-set,2026,100.0,observation:low,transferred_platt_red_win_probability,winner_ece,0.44386331110456545,2,lower
official-total-core,teammate-set,2026,100.0,observation:low,transferred_score_red_win_probability,alliance_score_mae,88.0517240709731,4,lower
official-total-core,teammate-set,2026,100.0,observation:low,transferred_score_red_win_probability,alliance_score_rmse,112.17007378336382,4,lower
official-total-core,teammate-set,2026,100.0,observation:low,transferred_score_red_win_probability,score_differential_mae,112.46698259558414,2,lower
official-total-core,teammate-set,2026,100.0,observation:low,transferred_score_red_win_probability,score_differential_rmse,115.11265805758923,2,lower
official-total-core,teammate-set,2026,100.0,observation:low,transferred_score_red_win_probability,mean_bias,49.65208009823134,4,lower
official-total-core,teammate-set,2026,100.0,observation:low,transferred_score_red_win_probability,relative_bias,0.13222924127358546,4,lower
official-total-core,teammate-set,2026,100.0,observation:low,transferred_score_red_win_probability,winner_accuracy,1.0,2,higher
official-total-core,teammate-set,2026,100.0,observation:low,transferred_score_red_win_probability,winner_brier,0.008010830639856128,2,lower
official-total-core,teammate-set,2026,100.0,observation:low,transferred_score_red_win_probability,winner_log_loss,0.07497727552165326,2,lower
official-total-core,teammate-set,2026,100.0,observation:low,transferred_score_red_win_probability,winner_ece,0.07060628426034449,2,lower
official-total-core,teammate-set,2026,100.0,observation:medium,raw_pred_red_win_probability,alliance_score_mae,130.1889297165429,100,lower
official-total-core,teammate-set,2026,100.0,observation:medium,raw_pred_red_win_probability,alliance_score_rmse,160.51770343657753,100,lower
official-total-core,teammate-set,2026,100.0,observation:medium,raw_pred_red_win_probability,score_differential_mae,163.75264922743378,50,lower
official-total-core,teammate-set,2026,100.0,observation:medium,raw_pred_red_win_probability,score_differential_rmse,215.82405212554914,50,lower
official-total-core,teammate-set,2026,100.0,observation:medium,raw_pred_red_win_probability,mean_bias,-71.20108545298763,100,lower
official-total-core,teammate-set,2026,100.0,observation:medium,raw_pred_red_win_probability,relative_bias,-0.18498593258765297,100,lower
official-total-core,teammate-set,2026,100.0,observation:medium,raw_pred_red_win_probability,winner_accuracy,0.6,50,higher
official-total-core,teammate-set,2026,100.0,observation:medium,raw_pred_red_win_probability,winner_brier,0.3193671898962108,50,lower
official-total-core,teammate-set,2026,100.0,observation:medium,raw_pred_red_win_probability,winner_log_loss,1.5990406725181756,50,lower
official-total-core,teammate-set,2026,100.0,observation:medium,raw_pred_red_win_probability,winner_ece,0.34794459010637296,50,lower
official-total-core,teammate-set,2026,100.0,observation:medium,transferred_platt_red_win_probability,alliance_score_mae,130.1889297165429,100,lower
official-total-core,teammate-set,2026,100.0,observation:medium,transferred_platt_red_win_probability,alliance_score_rmse,160.51770343657753,100,lower
official-total-core,teammate-set,2026,100.0,observation:medium,transferred_platt_red_win_probability,score_differential_mae,163.75264922743378,50,lower
official-total-core,teammate-set,2026,100.0,observation:medium,transferred_platt_red_win_probability,score_differential_rmse,215.82405212554914,50,lower
official-total-core,teammate-set,2026,100.0,observation:medium,transferred_platt_red_win_probability,mean_bias,-71.20108545298763,100,lower
official-total-core,teammate-set,2026,100.0,observation:medium,transferred_platt_red_win_probability,relative_bias,-0.18498593258765297,100,lower
official-total-core,teammate-set,2026,100.0,observation:medium,transferred_platt_red_win_probability,winner_accuracy,0.64,50,higher
official-total-core,teammate-set,2026,100.0,observation:medium,transferred_platt_red_win_probability,winner_brier,0.2197052181630313,50,lower
official-total-core,teammate-set,2026,100.0,observation:medium,transferred_platt_red_win_probability,winner_log_loss,0.6201822348414685,50,lower
official-total-core,teammate-set,2026,100.0,observation:medium,transferred_platt_red_win_probability,winner_ece,0.13205342597903846,50,lower
official-total-core,teammate-set,2026,100.0,observation:medium,transferred_score_red_win_probability,alliance_score_mae,130.1889297165429,100,lower
official-total-core,teammate-set,2026,100.0,observation:medium,transferred_score_red_win_probability,alliance_score_rmse,160.51770343657753,100,lower
official-total-core,teammate-set,2026,100.0,observation:medium,transferred_score_red_win_probability,score_differential_mae,163.75264922743378,50,lower
official-total-core,teammate-set,2026,100.0,observation:medium,transferred_score_red_win_probability,score_differential_rmse,215.82405212554914,50,lower
official-total-core,teammate-set,2026,100.0,observation:medium,transferred_score_red_win_probability,mean_bias,-71.20108545298763,100,lower
official-total-core,teammate-set,2026,100.0,observation:medium,transferred_score_red_win_probability,relative_bias,-0.18498593258765297,100,lower
official-total-core,teammate-set,2026,100.0,observation:medium,transferred_score_red_win_probability,winner_accuracy,0.7,50,higher
official-total-core,teammate-set,2026,100.0,observation:medium,transferred_score_red_win_probability,winner_brier,0.23418590349011592,50,lower
official-total-core,teammate-set,2026,100.0,observation:medium,transferred_score_red_win_probability,winner_log_loss,0.7067337989328796,50,lower
official-total-core,teammate-set,2026,100.0,observation:medium,transferred_score_red_win_probability,winner_ece,0.2064636545319232,50,lower
phase-core,additive,2026,100.0,primary-clean,raw_pred_red_win_probability,alliance_score_mae,102.06982280921291,2216,lower
phase-core,additive,2026,100.0,primary-clean,raw_pred_red_win_probability,alliance_score_rmse,129.06880571763853,2216,lower
phase-core,additive,2026,100.0,primary-clean,raw_pred_red_win_probability,score_differential_mae,121.45250913920721,1108,lower
phase-core,additive,2026,100.0,primary-clean,raw_pred_red_win_probability,score_differential_rmse,153.21569687428737,1108,lower
phase-core,additive,2026,100.0,primary-clean,raw_pred_red_win_probability,mean_bias,-60.906312592264214,2216,lower
phase-core,additive,2026,100.0,primary-clean,raw_pred_red_win_probability,relative_bias,-0.14012687952023595,2216,lower
phase-core,additive,2026,100.0,primary-clean,raw_pred_red_win_probability,winner_accuracy,0.7061482820976492,1106,higher
phase-core,additive,2026,100.0,primary-clean,raw_pred_red_win_probability,winner_brier,0.2200173729207269,1106,lower
phase-core,additive,2026,100.0,primary-clean,raw_pred_red_win_probability,winner_log_loss,0.7900341230073297,1106,lower
phase-core,additive,2026,100.0,primary-clean,raw_pred_red_win_probability,winner_ece,0.16667109369081407,1106,lower
phase-core,additive,2026,100.0,primary-clean,transferred_platt_red_win_probability,alliance_score_mae,102.06982280921291,2216,lower
phase-core,additive,2026,100.0,primary-clean,transferred_platt_red_win_probability,alliance_score_rmse,129.06880571763853,2216,lower
phase-core,additive,2026,100.0,primary-clean,transferred_platt_red_win_probability,score_differential_mae,121.45250913920721,1108,lower
phase-core,additive,2026,100.0,primary-clean,transferred_platt_red_win_probability,score_differential_rmse,153.21569687428737,1108,lower
phase-core,additive,2026,100.0,primary-clean,transferred_platt_red_win_probability,mean_bias,-60.906312592264214,2216,lower
phase-core,additive,2026,100.0,primary-clean,transferred_platt_red_win_probability,relative_bias,-0.14012687952023595,2216,lower
phase-core,additive,2026,100.0,primary-clean,transferred_platt_red_win_probability,winner_accuracy,0.7088607594936709,1106,higher
phase-core,additive,2026,100.0,primary-clean,transferred_platt_red_win_probability,winner_brier,0.18891694202775297,1106,lower
phase-core,additive,2026,100.0,primary-clean,transferred_platt_red_win_probability,winner_log_loss,0.5561646163507175,1106,lower
phase-core,additive,2026,100.0,primary-clean,transferred_platt_red_win_probability,winner_ece,0.028485494510141474,1106,lower
phase-core,additive,2026,100.0,primary-clean,transferred_score_red_win_probability,alliance_score_mae,102.06982280921291,2216,lower
phase-core,additive,2026,100.0,primary-clean,transferred_score_red_win_probability,alliance_score_rmse,129.06880571763853,2216,lower
phase-core,additive,2026,100.0,primary-clean,transferred_score_red_win_probability,score_differential_mae,121.45250913920721,1108,lower
phase-core,additive,2026,100.0,primary-clean,transferred_score_red_win_probability,score_differential_rmse,153.21569687428737,1108,lower
phase-core,additive,2026,100.0,primary-clean,transferred_score_red_win_probability,mean_bias,-60.906312592264214,2216,lower
phase-core,additive,2026,100.0,primary-clean,transferred_score_red_win_probability,relative_bias,-0.14012687952023595,2216,lower
phase-core,additive,2026,100.0,primary-clean,transferred_score_red_win_probability,winner_accuracy,0.7224231464737794,1106,higher
phase-core,additive,2026,100.0,primary-clean,transferred_score_red_win_probability,winner_brier,0.18623054396989022,1106,lower
phase-core,additive,2026,100.0,primary-clean,transferred_score_red_win_probability,winner_log_loss,0.555125275372057,1106,lower
phase-core,additive,2026,100.0,primary-clean,transferred_score_red_win_probability,winner_ece,0.07443552899372384,1106,lower
phase-core,additive,2026,100.0,all-official,raw_pred_red_win_probability,alliance_score_mae,102.05806551283901,2238,lower
phase-core,additive,2026,100.0,all-official,raw_pred_red_win_probability,alliance_score_rmse,129.34589837583678,2238,lower
phase-core,additive,2026,100.0,all-official,raw_pred_red_win_probability,score_differential_mae,121.71982886892864,1119,lower
phase-core,additive,2026,100.0,all-official,raw_pred_red_win_probability,score_differential_rmse,153.75427075955287,1119,lower
phase-core,additive,2026,100.0,all-official,raw_pred_red_win_probability,mean_bias,-60.529490053792095,2238,lower
phase-core,additive,2026,100.0,all-official,raw_pred_red_win_probability,relative_bias,-0.1394545134614931,2238,lower
phase-core,additive,2026,100.0,all-official,raw_pred_red_win_probability,winner_accuracy,0.7054610564010743,1117,higher
phase-core,additive,2026,100.0,all-official,raw_pred_red_win_probability,winner_brier,0.2206791179691336,1117,lower
phase-core,additive,2026,100.0,all-official,raw_pred_red_win_probability,winner_log_loss,0.7921399949638489,1117,lower
phase-core,additive,2026,100.0,all-official,raw_pred_red_win_probability,winner_ece,0.1670311836458952,1117,lower
phase-core,additive,2026,100.0,all-official,transferred_platt_red_win_probability,alliance_score_mae,102.05806551283901,2238,lower
phase-core,additive,2026,100.0,all-official,transferred_platt_red_win_probability,alliance_score_rmse,129.34589837583678,2238,lower
phase-core,additive,2026,100.0,all-official,transferred_platt_red_win_probability,score_differential_mae,121.71982886892864,1119,lower
phase-core,additive,2026,100.0,all-official,transferred_platt_red_win_probability,score_differential_rmse,153.75427075955287,1119,lower
phase-core,additive,2026,100.0,all-official,transferred_platt_red_win_probability,mean_bias,-60.529490053792095,2238,lower
phase-core,additive,2026,100.0,all-official,transferred_platt_red_win_probability,relative_bias,-0.1394545134614931,2238,lower
phase-core,additive,2026,100.0,all-official,transferred_platt_red_win_probability,winner_accuracy,0.7081468218442256,1117,higher
phase-core,additive,2026,100.0,all-official,transferred_platt_red_win_probability,winner_brier,0.18927842651641275,1117,lower
phase-core,additive,2026,100.0,all-official,transferred_platt_red_win_probability,winner_log_loss,0.5568920718237099,1117,lower
phase-core,additive,2026,100.0,all-official,transferred_platt_red_win_probability,winner_ece,0.02984142929887408,1117,lower
phase-core,additive,2026,100.0,all-official,transferred_score_red_win_probability,alliance_score_mae,102.05806551283901,2238,lower
phase-core,additive,2026,100.0,all-official,transferred_score_red_win_probability,alliance_score_rmse,129.34589837583678,2238,lower
phase-core,additive,2026,100.0,all-official,transferred_score_red_win_probability,score_differential_mae,121.71982886892864,1119,lower
phase-core,additive,2026,100.0,all-official,transferred_score_red_win_probability,score_differential_rmse,153.75427075955287,1119,lower
phase-core,additive,2026,100.0,all-official,transferred_score_red_win_probability,mean_bias,-60.529490053792095,2238,lower
phase-core,additive,2026,100.0,all-official,transferred_score_red_win_probability,relative_bias,-0.1394545134614931,2238,lower
phase-core,additive,2026,100.0,all-official,transferred_score_red_win_probability,winner_accuracy,0.7224709042076992,1117,higher
phase-core,additive,2026,100.0,all-official,transferred_score_red_win_probability,winner_brier,0.18645192235477803,1117,lower
phase-core,additive,2026,100.0,all-official,transferred_score_red_win_probability,winner_log_loss,0.555918758452299,1117,lower
phase-core,additive,2026,100.0,all-official,transferred_score_red_win_probability,winner_ece,0.07425562500964478,1117,lower
phase-core,additive,2026,100.0,DQ-only,raw_pred_red_win_probability,alliance_score_mae,100.87378511445098,22,lower
phase-core,additive,2026,100.0,DQ-only,raw_pred_red_win_probability,alliance_score_rmse,154.73499728527983,22,lower
phase-core,additive,2026,100.0,DQ-only,raw_pred_red_win_probability,score_differential_mae,148.6462161899626,11,lower
phase-core,additive,2026,100.0,DQ-only,raw_pred_red_win_probability,score_differential_rmse,200.7316957694033,11,lower
phase-core,additive,2026,100.0,DQ-only,raw_pred_red_win_probability,mean_bias,-22.573183451327598,22,lower
phase-core,additive,2026,100.0,DQ-only,raw_pred_red_win_probability,relative_bias,-0.06052529383658832,22,lower
phase-core,additive,2026,100.0,DQ-only,raw_pred_red_win_probability,winner_accuracy,0.6363636363636364,11,higher
phase-core,additive,2026,100.0,DQ-only,raw_pred_red_win_probability,winner_brier,0.28721457465439026,11,lower
phase-core,additive,2026,100.0,DQ-only,raw_pred_red_win_probability,winner_log_loss,1.0038758480465957,11,lower
phase-core,additive,2026,100.0,DQ-only,raw_pred_red_win_probability,winner_ece,0.27614122199760127,11,lower
phase-core,additive,2026,100.0,DQ-only,transferred_platt_red_win_probability,alliance_score_mae,100.87378511445098,22,lower
phase-core,additive,2026,100.0,DQ-only,transferred_platt_red_win_probability,alliance_score_rmse,154.73499728527983,22,lower
phase-core,additive,2026,100.0,DQ-only,transferred_platt_red_win_probability,score_differential_mae,148.6462161899626,11,lower
phase-core,additive,2026,100.0,DQ-only,transferred_platt_red_win_probability,score_differential_rmse,200.7316957694033,11,lower
phase-core,additive,2026,100.0,DQ-only,transferred_platt_red_win_probability,mean_bias,-22.573183451327598,22,lower
phase-core,additive,2026,100.0,DQ-only,transferred_platt_red_win_probability,relative_bias,-0.06052529383658832,22,lower
phase-core,additive,2026,100.0,DQ-only,transferred_platt_red_win_probability,winner_accuracy,0.6363636363636364,11,higher
phase-core,additive,2026,100.0,DQ-only,transferred_platt_red_win_probability,winner_brier,0.22562404873983766,11,lower
phase-core,additive,2026,100.0,DQ-only,transferred_platt_red_win_probability,winner_log_loss,0.6300344130173253,11,lower
phase-core,additive,2026,100.0,DQ-only,transferred_platt_red_win_probability,winner_ece,0.20734477593142167,11,lower
phase-core,additive,2026,100.0,DQ-only,transferred_score_red_win_probability,alliance_score_mae,100.87378511445098,22,lower
phase-core,additive,2026,100.0,DQ-only,transferred_score_red_win_probability,alliance_score_rmse,154.73499728527983,22,lower
phase-core,additive,2026,100.0,DQ-only,transferred_score_red_win_probability,score_differential_mae,148.6462161899626,11,lower
phase-core,additive,2026,100.0,DQ-only,transferred_score_red_win_probability,score_differential_rmse,200.7316957694033,11,lower
phase-core,additive,2026,100.0,DQ-only,transferred_score_red_win_probability,mean_bias,-22.573183451327598,22,lower
phase-core,additive,2026,100.0,DQ-only,transferred_score_red_win_probability,relative_bias,-0.06052529383658832,22,lower
phase-core,additive,2026,100.0,DQ-only,transferred_score_red_win_probability,winner_accuracy,0.7272727272727273,11,higher
phase-core,additive,2026,100.0,DQ-only,transferred_score_red_win_probability,winner_brier,0.20871051268986116,11,lower
phase-core,additive,2026,100.0,DQ-only,transferred_score_red_win_probability,winner_log_loss,0.6356998754293574,11,lower
phase-core,additive,2026,100.0,DQ-only,transferred_score_red_win_probability,winner_ece,0.1953769949374596,11,lower
phase-core,additive,2026,100.0,surrogate-only,raw_pred_red_win_probability,alliance_score_mae,72.3957888422771,12,lower
phase-core,additive,2026,100.0,surrogate-only,raw_pred_red_win_probability,alliance_score_rmse,92.8343578540587,12,lower
phase-core,additive,2026,100.0,surrogate-only,raw_pred_red_win_probability,score_differential_mae,66.91136878735138,6,lower
phase-core,additive,2026,100.0,surrogate-only,raw_pred_red_win_probability,score_differential_rmse,83.00792634313362,6,lower
phase-core,additive,2026,100.0,surrogate-only,raw_pred_red_win_probability,mean_bias,-45.40957408238398,12,lower
phase-core,additive,2026,100.0,surrogate-only,raw_pred_red_win_probability,relative_bias,-0.11736267262300404,12,lower
phase-core,additive,2026,100.0,surrogate-only,raw_pred_red_win_probability,winner_accuracy,1.0,6,higher
phase-core,additive,2026,100.0,surrogate-only,raw_pred_red_win_probability,winner_brier,0.015044851267008828,6,lower
phase-core,additive,2026,100.0,surrogate-only,raw_pred_red_win_probability,winner_log_loss,0.0836576555270398,6,lower
phase-core,additive,2026,100.0,surrogate-only,raw_pred_red_win_probability,winner_ece,0.07441407567239366,6,lower
phase-core,additive,2026,100.0,surrogate-only,transferred_platt_red_win_probability,alliance_score_mae,72.3957888422771,12,lower
phase-core,additive,2026,100.0,surrogate-only,transferred_platt_red_win_probability,alliance_score_rmse,92.8343578540587,12,lower
phase-core,additive,2026,100.0,surrogate-only,transferred_platt_red_win_probability,score_differential_mae,66.91136878735138,6,lower
phase-core,additive,2026,100.0,surrogate-only,transferred_platt_red_win_probability,score_differential_rmse,83.00792634313362,6,lower
phase-core,additive,2026,100.0,surrogate-only,transferred_platt_red_win_probability,mean_bias,-45.40957408238398,12,lower
phase-core,additive,2026,100.0,surrogate-only,transferred_platt_red_win_probability,relative_bias,-0.11736267262300404,12,lower
phase-core,additive,2026,100.0,surrogate-only,transferred_platt_red_win_probability,winner_accuracy,1.0,6,higher
phase-core,additive,2026,100.0,surrogate-only,transferred_platt_red_win_probability,winner_brier,0.07469826673152517,6,lower
phase-core,additive,2026,100.0,surrogate-only,transferred_platt_red_win_probability,winner_log_loss,0.29580585462909137,6,lower
phase-core,additive,2026,100.0,surrogate-only,transferred_platt_red_win_probability,winner_ece,0.24645321202471024,6,lower
phase-core,additive,2026,100.0,surrogate-only,transferred_score_red_win_probability,alliance_score_mae,72.3957888422771,12,lower
phase-core,additive,2026,100.0,surrogate-only,transferred_score_red_win_probability,alliance_score_rmse,92.8343578540587,12,lower
phase-core,additive,2026,100.0,surrogate-only,transferred_score_red_win_probability,score_differential_mae,66.91136878735138,6,lower
phase-core,additive,2026,100.0,surrogate-only,transferred_score_red_win_probability,score_differential_rmse,83.00792634313362,6,lower
phase-core,additive,2026,100.0,surrogate-only,transferred_score_red_win_probability,mean_bias,-45.40957408238398,12,lower
phase-core,additive,2026,100.0,surrogate-only,transferred_score_red_win_probability,relative_bias,-0.11736267262300404,12,lower
phase-core,additive,2026,100.0,surrogate-only,transferred_score_red_win_probability,winner_accuracy,1.0,6,higher
phase-core,additive,2026,100.0,surrogate-only,transferred_score_red_win_probability,winner_brier,0.04910486680898729,6,lower
phase-core,additive,2026,100.0,surrogate-only,transferred_score_red_win_probability,winner_log_loss,0.19392477119682827,6,lower
phase-core,additive,2026,100.0,surrogate-only,transferred_score_red_win_probability,winner_ece,0.15830043502248298,6,lower
phase-core,additive,2026,100.0,division:2026arc,raw_pred_red_win_probability,alliance_score_mae,98.89882411226976,282,lower
phase-core,additive,2026,100.0,division:2026arc,raw_pred_red_win_probability,alliance_score_rmse,124.01686188170954,282,lower
phase-core,additive,2026,100.0,division:2026arc,raw_pred_red_win_probability,score_differential_mae,127.62601949979178,141,lower
phase-core,additive,2026,100.0,division:2026arc,raw_pred_red_win_probability,score_differential_rmse,158.29364336092485,141,lower
phase-core,additive,2026,100.0,division:2026arc,raw_pred_red_win_probability,mean_bias,-43.88442584836858,282,lower
phase-core,additive,2026,100.0,division:2026arc,raw_pred_red_win_probability,relative_bias,-0.09872210416126821,282,lower
phase-core,additive,2026,100.0,division:2026arc,raw_pred_red_win_probability,winner_accuracy,0.6357142857142857,140,higher
phase-core,additive,2026,100.0,division:2026arc,raw_pred_red_win_probability,winner_brier,0.2541303744537868,140,lower
phase-core,additive,2026,100.0,division:2026arc,raw_pred_red_win_probability,winner_log_loss,0.9475229121542603,140,lower
phase-core,additive,2026,100.0,division:2026arc,raw_pred_red_win_probability,winner_ece,0.22601171370272735,140,lower
phase-core,additive,2026,100.0,division:2026arc,transferred_platt_red_win_probability,alliance_score_mae,98.89882411226976,282,lower
phase-core,additive,2026,100.0,division:2026arc,transferred_platt_red_win_probability,alliance_score_rmse,124.01686188170954,282,lower
phase-core,additive,2026,100.0,division:2026arc,transferred_platt_red_win_probability,score_differential_mae,127.62601949979178,141,lower
phase-core,additive,2026,100.0,division:2026arc,transferred_platt_red_win_probability,score_differential_rmse,158.29364336092485,141,lower
phase-core,additive,2026,100.0,division:2026arc,transferred_platt_red_win_probability,mean_bias,-43.88442584836858,282,lower
phase-core,additive,2026,100.0,division:2026arc,transferred_platt_red_win_probability,relative_bias,-0.09872210416126821,282,lower
phase-core,additive,2026,100.0,division:2026arc,transferred_platt_red_win_probability,winner_accuracy,0.6428571428571429,140,higher
phase-core,additive,2026,100.0,division:2026arc,transferred_platt_red_win_probability,winner_brier,0.21119525254785984,140,lower
phase-core,additive,2026,100.0,division:2026arc,transferred_platt_red_win_probability,winner_log_loss,0.6075167351609854,140,lower
phase-core,additive,2026,100.0,division:2026arc,transferred_platt_red_win_probability,winner_ece,0.1131175936221604,140,lower
phase-core,additive,2026,100.0,division:2026arc,transferred_score_red_win_probability,alliance_score_mae,98.89882411226976,282,lower
phase-core,additive,2026,100.0,division:2026arc,transferred_score_red_win_probability,alliance_score_rmse,124.01686188170954,282,lower
phase-core,additive,2026,100.0,division:2026arc,transferred_score_red_win_probability,score_differential_mae,127.62601949979178,141,lower
phase-core,additive,2026,100.0,division:2026arc,transferred_score_red_win_probability,score_differential_rmse,158.29364336092485,141,lower
phase-core,additive,2026,100.0,division:2026arc,transferred_score_red_win_probability,mean_bias,-43.88442584836858,282,lower
phase-core,additive,2026,100.0,division:2026arc,transferred_score_red_win_probability,relative_bias,-0.09872210416126821,282,lower
phase-core,additive,2026,100.0,division:2026arc,transferred_score_red_win_probability,winner_accuracy,0.7,140,higher
phase-core,additive,2026,100.0,division:2026arc,transferred_score_red_win_probability,winner_brier,0.20022121625924058,140,lower
phase-core,additive,2026,100.0,division:2026arc,transferred_score_red_win_probability,winner_log_loss,0.5996179331778669,140,lower
phase-core,additive,2026,100.0,division:2026arc,transferred_score_red_win_probability,winner_ece,0.13788172518923156,140,lower
phase-core,additive,2026,100.0,division:2026cur,raw_pred_red_win_probability,alliance_score_mae,97.3208493832861,278,lower
phase-core,additive,2026,100.0,division:2026cur,raw_pred_red_win_probability,alliance_score_rmse,124.64993548099473,278,lower
phase-core,additive,2026,100.0,division:2026cur,raw_pred_red_win_probability,score_differential_mae,106.39247457458484,139,lower
phase-core,additive,2026,100.0,division:2026cur,raw_pred_red_win_probability,score_differential_rmse,136.05147349062307,139,lower
phase-core,additive,2026,100.0,division:2026cur,raw_pred_red_win_probability,mean_bias,-60.724229741875085,278,lower
phase-core,additive,2026,100.0,division:2026cur,raw_pred_red_win_probability,relative_bias,-0.13996398259079754,278,lower
phase-core,additive,2026,100.0,division:2026cur,raw_pred_red_win_probability,winner_accuracy,0.7050359712230215,139,higher
phase-core,additive,2026,100.0,division:2026cur,raw_pred_red_win_probability,winner_brier,0.2088893787584685,139,lower
phase-core,additive,2026,100.0,division:2026cur,raw_pred_red_win_probability,winner_log_loss,0.6981284873367471,139,lower
phase-core,additive,2026,100.0,division:2026cur,raw_pred_red_win_probability,winner_ece,0.1566888511474808,139,lower
phase-core,additive,2026,100.0,division:2026cur,transferred_platt_red_win_probability,alliance_score_mae,97.3208493832861,278,lower
phase-core,additive,2026,100.0,division:2026cur,transferred_platt_red_win_probability,alliance_score_rmse,124.64993548099473,278,lower
phase-core,additive,2026,100.0,division:2026cur,transferred_platt_red_win_probability,score_differential_mae,106.39247457458484,139,lower
phase-core,additive,2026,100.0,division:2026cur,transferred_platt_red_win_probability,score_differential_rmse,136.05147349062307,139,lower
phase-core,additive,2026,100.0,division:2026cur,transferred_platt_red_win_probability,mean_bias,-60.724229741875085,278,lower
phase-core,additive,2026,100.0,division:2026cur,transferred_platt_red_win_probability,relative_bias,-0.13996398259079754,278,lower
phase-core,additive,2026,100.0,division:2026cur,transferred_platt_red_win_probability,winner_accuracy,0.7266187050359713,139,higher
phase-core,additive,2026,100.0,division:2026cur,transferred_platt_red_win_probability,winner_brier,0.18220645029769073,139,lower
phase-core,additive,2026,100.0,division:2026cur,transferred_platt_red_win_probability,winner_log_loss,0.5393379338570736,139,lower
phase-core,additive,2026,100.0,division:2026cur,transferred_platt_red_win_probability,winner_ece,0.07145920450578337,139,lower
phase-core,additive,2026,100.0,division:2026cur,transferred_score_red_win_probability,alliance_score_mae,97.3208493832861,278,lower
phase-core,additive,2026,100.0,division:2026cur,transferred_score_red_win_probability,alliance_score_rmse,124.64993548099473,278,lower
phase-core,additive,2026,100.0,division:2026cur,transferred_score_red_win_probability,score_differential_mae,106.39247457458484,139,lower
phase-core,additive,2026,100.0,division:2026cur,transferred_score_red_win_probability,score_differential_rmse,136.05147349062307,139,lower
phase-core,additive,2026,100.0,division:2026cur,transferred_score_red_win_probability,mean_bias,-60.724229741875085,278,lower
phase-core,additive,2026,100.0,division:2026cur,transferred_score_red_win_probability,relative_bias,-0.13996398259079754,278,lower
phase-core,additive,2026,100.0,division:2026cur,transferred_score_red_win_probability,winner_accuracy,0.7482014388489209,139,higher
phase-core,additive,2026,100.0,division:2026cur,transferred_score_red_win_probability,winner_brier,0.16855949750936589,139,lower
phase-core,additive,2026,100.0,division:2026cur,transferred_score_red_win_probability,winner_log_loss,0.5052606149450172,139,lower
phase-core,additive,2026,100.0,division:2026cur,transferred_score_red_win_probability,winner_ece,0.04866627356934338,139,lower
phase-core,additive,2026,100.0,division:2026dal,raw_pred_red_win_probability,alliance_score_mae,83.00920338823461,280,lower
phase-core,additive,2026,100.0,division:2026dal,raw_pred_red_win_probability,alliance_score_rmse,107.38536890877921,280,lower
phase-core,additive,2026,100.0,division:2026dal,raw_pred_red_win_probability,score_differential_mae,114.07470906801575,140,lower
phase-core,additive,2026,100.0,division:2026dal,raw_pred_red_win_probability,score_differential_rmse,140.3304863034635,140,lower
phase-core,additive,2026,100.0,division:2026dal,raw_pred_red_win_probability,mean_bias,-35.65647905457054,280,lower
phase-core,additive,2026,100.0,division:2026dal,raw_pred_red_win_probability,relative_bias,-0.08745917037755796,280,lower
phase-core,additive,2026,100.0,division:2026dal,raw_pred_red_win_probability,winner_accuracy,0.7357142857142858,140,higher
phase-core,additive,2026,100.0,division:2026dal,raw_pred_red_win_probability,winner_brier,0.19842350184618956,140,lower
phase-core,additive,2026,100.0,division:2026dal,raw_pred_red_win_probability,winner_log_loss,0.6681777860793029,140,lower
phase-core,additive,2026,100.0,division:2026dal,raw_pred_red_win_probability,winner_ece,0.14633594675755635,140,lower
phase-core,additive,2026,100.0,division:2026dal,transferred_platt_red_win_probability,alliance_score_mae,83.00920338823461,280,lower
phase-core,additive,2026,100.0,division:2026dal,transferred_platt_red_win_probability,alliance_score_rmse,107.38536890877921,280,lower
phase-core,additive,2026,100.0,division:2026dal,transferred_platt_red_win_probability,score_differential_mae,114.07470906801575,140,lower
phase-core,additive,2026,100.0,division:2026dal,transferred_platt_red_win_probability,score_differential_rmse,140.3304863034635,140,lower
phase-core,additive,2026,100.0,division:2026dal,transferred_platt_red_win_probability,mean_bias,-35.65647905457054,280,lower
phase-core,additive,2026,100.0,division:2026dal,transferred_platt_red_win_probability,relative_bias,-0.08745917037755796,280,lower
phase-core,additive,2026,100.0,division:2026dal,transferred_platt_red_win_probability,winner_accuracy,0.7428571428571429,140,higher
phase-core,additive,2026,100.0,division:2026dal,transferred_platt_red_win_probability,winner_brier,0.17639248207574643,140,lower
phase-core,additive,2026,100.0,division:2026dal,transferred_platt_red_win_probability,winner_log_loss,0.5231768689535126,140,lower
phase-core,additive,2026,100.0,division:2026dal,transferred_platt_red_win_probability,winner_ece,0.09047238634678076,140,lower
phase-core,additive,2026,100.0,division:2026dal,transferred_score_red_win_probability,alliance_score_mae,83.00920338823461,280,lower
phase-core,additive,2026,100.0,division:2026dal,transferred_score_red_win_probability,alliance_score_rmse,107.38536890877921,280,lower
phase-core,additive,2026,100.0,division:2026dal,transferred_score_red_win_probability,score_differential_mae,114.07470906801575,140,lower
phase-core,additive,2026,100.0,division:2026dal,transferred_score_red_win_probability,score_differential_rmse,140.3304863034635,140,lower
phase-core,additive,2026,100.0,division:2026dal,transferred_score_red_win_probability,mean_bias,-35.65647905457054,280,lower
phase-core,additive,2026,100.0,division:2026dal,transferred_score_red_win_probability,relative_bias,-0.08745917037755796,280,lower
phase-core,additive,2026,100.0,division:2026dal,transferred_score_red_win_probability,winner_accuracy,0.7142857142857143,140,higher
phase-core,additive,2026,100.0,division:2026dal,transferred_score_red_win_probability,winner_brier,0.16852230854395442,140,lower
phase-core,additive,2026,100.0,division:2026dal,transferred_score_red_win_probability,winner_log_loss,0.4878868005226244,140,lower
phase-core,additive,2026,100.0,division:2026dal,transferred_score_red_win_probability,winner_ece,0.08182226277764228,140,lower
phase-core,additive,2026,100.0,division:2026gal,raw_pred_red_win_probability,alliance_score_mae,123.1592469294964,280,lower
phase-core,additive,2026,100.0,division:2026gal,raw_pred_red_win_probability,alliance_score_rmse,157.8835261923662,280,lower
phase-core,additive,2026,100.0,division:2026gal,raw_pred_red_win_probability,score_differential_mae,141.97503387358773,140,lower
phase-core,additive,2026,100.0,division:2026gal,raw_pred_red_win_probability,score_differential_rmse,186.0456870480036,140,lower
phase-core,additive,2026,100.0,division:2026gal,raw_pred_red_win_probability,mean_bias,-95.13810341125092,280,lower
phase-core,additive,2026,100.0,division:2026gal,raw_pred_red_win_probability,relative_bias,-0.22364575022584196,280,lower
phase-core,additive,2026,100.0,division:2026gal,raw_pred_red_win_probability,winner_accuracy,0.7050359712230215,139,higher
phase-core,additive,2026,100.0,division:2026gal,raw_pred_red_win_probability,winner_brier,0.24571515444666706,139,lower
phase-core,additive,2026,100.0,division:2026gal,raw_pred_red_win_probability,winner_log_loss,0.8932908114628986,139,lower
phase-core,additive,2026,100.0,division:2026gal,raw_pred_red_win_probability,winner_ece,0.20932176749616216,139,lower
phase-core,additive,2026,100.0,division:2026gal,transferred_platt_red_win_probability,alliance_score_mae,123.1592469294964,280,lower
phase-core,additive,2026,100.0,division:2026gal,transferred_platt_red_win_probability,alliance_score_rmse,157.8835261923662,280,lower
phase-core,additive,2026,100.0,division:2026gal,transferred_platt_red_win_probability,score_differential_mae,141.97503387358773,140,lower
phase-core,additive,2026,100.0,division:2026gal,transferred_platt_red_win_probability,score_differential_rmse,186.0456870480036,140,lower
phase-core,additive,2026,100.0,division:2026gal,transferred_platt_red_win_probability,mean_bias,-95.13810341125092,280,lower
phase-core,additive,2026,100.0,division:2026gal,transferred_platt_red_win_probability,relative_bias,-0.22364575022584196,280,lower
phase-core,additive,2026,100.0,division:2026gal,transferred_platt_red_win_probability,winner_accuracy,0.6906474820143885,139,higher
phase-core,additive,2026,100.0,division:2026gal,transferred_platt_red_win_probability,winner_brier,0.20876510954782723,139,lower
phase-core,additive,2026,100.0,division:2026gal,transferred_platt_red_win_probability,winner_log_loss,0.604806520496309,139,lower
phase-core,additive,2026,100.0,division:2026gal,transferred_platt_red_win_probability,winner_ece,0.10016805716855759,139,lower
phase-core,additive,2026,100.0,division:2026gal,transferred_score_red_win_probability,alliance_score_mae,123.1592469294964,280,lower
phase-core,additive,2026,100.0,division:2026gal,transferred_score_red_win_probability,alliance_score_rmse,157.8835261923662,280,lower
phase-core,additive,2026,100.0,division:2026gal,transferred_score_red_win_probability,score_differential_mae,141.97503387358773,140,lower
phase-core,additive,2026,100.0,division:2026gal,transferred_score_red_win_probability,score_differential_rmse,186.0456870480036,140,lower
phase-core,additive,2026,100.0,division:2026gal,transferred_score_red_win_probability,mean_bias,-95.13810341125092,280,lower
phase-core,additive,2026,100.0,division:2026gal,transferred_score_red_win_probability,relative_bias,-0.22364575022584196,280,lower
phase-core,additive,2026,100.0,division:2026gal,transferred_score_red_win_probability,winner_accuracy,0.6690647482014388,139,higher
phase-core,additive,2026,100.0,division:2026gal,transferred_score_red_win_probability,winner_brier,0.2318660528006649,139,lower
phase-core,additive,2026,100.0,division:2026gal,transferred_score_red_win_probability,winner_log_loss,0.6882594088472316,139,lower
phase-core,additive,2026,100.0,division:2026gal,transferred_score_red_win_probability,winner_ece,0.12149102623979502,139,lower
phase-core,additive,2026,100.0,division:2026hop,raw_pred_red_win_probability,alliance_score_mae,110.0711789248652,280,lower
phase-core,additive,2026,100.0,division:2026hop,raw_pred_red_win_probability,alliance_score_rmse,136.15763327304433,280,lower
phase-core,additive,2026,100.0,division:2026hop,raw_pred_red_win_probability,score_differential_mae,125.59136931891298,140,lower
phase-core,additive,2026,100.0,division:2026hop,raw_pred_red_win_probability,score_differential_rmse,156.02002582853183,140,lower
phase-core,additive,2026,100.0,division:2026hop,raw_pred_red_win_probability,mean_bias,-73.35118505845865,280,lower
phase-core,additive,2026,100.0,division:2026hop,raw_pred_red_win_probability,relative_bias,-0.1590442000400231,280,lower
phase-core,additive,2026,100.0,division:2026hop,raw_pred_red_win_probability,winner_accuracy,0.7428571428571429,140,higher
phase-core,additive,2026,100.0,division:2026hop,raw_pred_red_win_probability,winner_brier,0.20063084447495808,140,lower
phase-core,additive,2026,100.0,division:2026hop,raw_pred_red_win_probability,winner_log_loss,0.7251333829229929,140,lower
phase-core,additive,2026,100.0,division:2026hop,raw_pred_red_win_probability,winner_ece,0.17036130243868033,140,lower
phase-core,additive,2026,100.0,division:2026hop,transferred_platt_red_win_probability,alliance_score_mae,110.0711789248652,280,lower
phase-core,additive,2026,100.0,division:2026hop,transferred_platt_red_win_probability,alliance_score_rmse,136.15763327304433,280,lower
phase-core,additive,2026,100.0,division:2026hop,transferred_platt_red_win_probability,score_differential_mae,125.59136931891298,140,lower
phase-core,additive,2026,100.0,division:2026hop,transferred_platt_red_win_probability,score_differential_rmse,156.02002582853183,140,lower
phase-core,additive,2026,100.0,division:2026hop,transferred_platt_red_win_probability,mean_bias,-73.35118505845865,280,lower
phase-core,additive,2026,100.0,division:2026hop,transferred_platt_red_win_probability,relative_bias,-0.1590442000400231,280,lower
phase-core,additive,2026,100.0,division:2026hop,transferred_platt_red_win_probability,winner_accuracy,0.7357142857142858,140,higher
phase-core,additive,2026,100.0,division:2026hop,transferred_platt_red_win_probability,winner_brier,0.17616134894287322,140,lower
phase-core,additive,2026,100.0,division:2026hop,transferred_platt_red_win_probability,winner_log_loss,0.5270042417859642,140,lower
phase-core,additive,2026,100.0,division:2026hop,transferred_platt_red_win_probability,winner_ece,0.07409131193706876,140,lower
phase-core,additive,2026,100.0,division:2026hop,transferred_score_red_win_probability,alliance_score_mae,110.0711789248652,280,lower
phase-core,additive,2026,100.0,division:2026hop,transferred_score_red_win_probability,alliance_score_rmse,136.15763327304433,280,lower
phase-core,additive,2026,100.0,division:2026hop,transferred_score_red_win_probability,score_differential_mae,125.59136931891298,140,lower
phase-core,additive,2026,100.0,division:2026hop,transferred_score_red_win_probability,score_differential_rmse,156.02002582853183,140,lower
phase-core,additive,2026,100.0,division:2026hop,transferred_score_red_win_probability,mean_bias,-73.35118505845865,280,lower
phase-core,additive,2026,100.0,division:2026hop,transferred_score_red_win_probability,relative_bias,-0.1590442000400231,280,lower
phase-core,additive,2026,100.0,division:2026hop,transferred_score_red_win_probability,winner_accuracy,0.7428571428571429,140,higher
phase-core,additive,2026,100.0,division:2026hop,transferred_score_red_win_probability,winner_brier,0.1796702670120311,140,lower
phase-core,additive,2026,100.0,division:2026hop,transferred_score_red_win_probability,winner_log_loss,0.5414092461410661,140,lower
phase-core,additive,2026,100.0,division:2026hop,transferred_score_red_win_probability,winner_ece,0.11303504046049684,140,lower
phase-core,additive,2026,100.0,division:2026joh,raw_pred_red_win_probability,alliance_score_mae,98.34247914596877,280,lower
phase-core,additive,2026,100.0,division:2026joh,raw_pred_red_win_probability,alliance_score_rmse,123.70130072784222,280,lower
phase-core,additive,2026,100.0,division:2026joh,raw_pred_red_win_probability,score_differential_mae,121.23442668277472,140,lower
phase-core,additive,2026,100.0,division:2026joh,raw_pred_red_win_probability,score_differential_rmse,151.52574857979835,140,lower
phase-core,additive,2026,100.0,division:2026joh,raw_pred_red_win_probability,mean_bias,-38.310495649269704,280,lower
phase-core,additive,2026,100.0,division:2026joh,raw_pred_red_win_probability,relative_bias,-0.09227474220899369,280,lower
phase-core,additive,2026,100.0,division:2026joh,raw_pred_red_win_probability,winner_accuracy,0.7,140,higher
phase-core,additive,2026,100.0,division:2026joh,raw_pred_red_win_probability,winner_brier,0.22543128379942448,140,lower
phase-core,additive,2026,100.0,division:2026joh,raw_pred_red_win_probability,winner_log_loss,0.8722572554021527,140,lower
phase-core,additive,2026,100.0,division:2026joh,raw_pred_red_win_probability,winner_ece,0.19466133710250963,140,lower
phase-core,additive,2026,100.0,division:2026joh,transferred_platt_red_win_probability,alliance_score_mae,98.34247914596877,280,lower
phase-core,additive,2026,100.0,division:2026joh,transferred_platt_red_win_probability,alliance_score_rmse,123.70130072784222,280,lower
phase-core,additive,2026,100.0,division:2026joh,transferred_platt_red_win_probability,score_differential_mae,121.23442668277472,140,lower
phase-core,additive,2026,100.0,division:2026joh,transferred_platt_red_win_probability,score_differential_rmse,151.52574857979835,140,lower
phase-core,additive,2026,100.0,division:2026joh,transferred_platt_red_win_probability,mean_bias,-38.310495649269704,280,lower
phase-core,additive,2026,100.0,division:2026joh,transferred_platt_red_win_probability,relative_bias,-0.09227474220899369,280,lower
phase-core,additive,2026,100.0,division:2026joh,transferred_platt_red_win_probability,winner_accuracy,0.7,140,higher
phase-core,additive,2026,100.0,division:2026joh,transferred_platt_red_win_probability,winner_brier,0.190614608961833,140,lower
phase-core,additive,2026,100.0,division:2026joh,transferred_platt_red_win_probability,winner_log_loss,0.5639859197904875,140,lower
phase-core,additive,2026,100.0,division:2026joh,transferred_platt_red_win_probability,winner_ece,0.09594831256302185,140,lower
phase-core,additive,2026,100.0,division:2026joh,transferred_score_red_win_probability,alliance_score_mae,98.34247914596877,280,lower
phase-core,additive,2026,100.0,division:2026joh,transferred_score_red_win_probability,alliance_score_rmse,123.70130072784222,280,lower
phase-core,additive,2026,100.0,division:2026joh,transferred_score_red_win_probability,score_differential_mae,121.23442668277472,140,lower
phase-core,additive,2026,100.0,division:2026joh,transferred_score_red_win_probability,score_differential_rmse,151.52574857979835,140,lower
phase-core,additive,2026,100.0,division:2026joh,transferred_score_red_win_probability,mean_bias,-38.310495649269704,280,lower
phase-core,additive,2026,100.0,division:2026joh,transferred_score_red_win_probability,relative_bias,-0.09227474220899369,280,lower
phase-core,additive,2026,100.0,division:2026joh,transferred_score_red_win_probability,winner_accuracy,0.7785714285714286,140,higher
phase-core,additive,2026,100.0,division:2026joh,transferred_score_red_win_probability,winner_brier,0.17963556604473738,140,lower
phase-core,additive,2026,100.0,division:2026joh,transferred_score_red_win_probability,winner_log_loss,0.5574404943468256,140,lower
phase-core,additive,2026,100.0,division:2026joh,transferred_score_red_win_probability,winner_ece,0.11233992540907876,140,lower
phase-core,additive,2026,100.0,division:2026mil,raw_pred_red_win_probability,alliance_score_mae,92.0816103367426,278,lower
phase-core,additive,2026,100.0,division:2026mil,raw_pred_red_win_probability,alliance_score_rmse,114.61770874339523,278,lower
phase-core,additive,2026,100.0,division:2026mil,raw_pred_red_win_probability,score_differential_mae,114.98474671248589,139,lower
phase-core,additive,2026,100.0,division:2026mil,raw_pred_red_win_probability,score_differential_rmse,142.03647675843388,139,lower
phase-core,additive,2026,100.0,division:2026mil,raw_pred_red_win_probability,mean_bias,-57.46420867319887,278,lower
phase-core,additive,2026,100.0,division:2026mil,raw_pred_red_win_probability,relative_bias,-0.13958835772211112,278,lower
phase-core,additive,2026,100.0,division:2026mil,raw_pred_red_win_probability,winner_accuracy,0.7050359712230215,139,higher
phase-core,additive,2026,100.0,division:2026mil,raw_pred_red_win_probability,winner_brier,0.2221124315806019,139,lower
phase-core,additive,2026,100.0,division:2026mil,raw_pred_red_win_probability,winner_log_loss,0.803612756939792,139,lower
phase-core,additive,2026,100.0,division:2026mil,raw_pred_red_win_probability,winner_ece,0.19178939305532516,139,lower
phase-core,additive,2026,100.0,division:2026mil,transferred_platt_red_win_probability,alliance_score_mae,92.0816103367426,278,lower
phase-core,additive,2026,100.0,division:2026mil,transferred_platt_red_win_probability,alliance_score_rmse,114.61770874339523,278,lower
phase-core,additive,2026,100.0,division:2026mil,transferred_platt_red_win_probability,score_differential_mae,114.98474671248589,139,lower
phase-core,additive,2026,100.0,division:2026mil,transferred_platt_red_win_probability,score_differential_rmse,142.03647675843388,139,lower
phase-core,additive,2026,100.0,division:2026mil,transferred_platt_red_win_probability,mean_bias,-57.46420867319887,278,lower
phase-core,additive,2026,100.0,division:2026mil,transferred_platt_red_win_probability,relative_bias,-0.13958835772211112,278,lower
phase-core,additive,2026,100.0,division:2026mil,transferred_platt_red_win_probability,winner_accuracy,0.7050359712230215,139,higher
phase-core,additive,2026,100.0,division:2026mil,transferred_platt_red_win_probability,winner_brier,0.18249858368605887,139,lower
phase-core,additive,2026,100.0,division:2026mil,transferred_platt_red_win_probability,winner_log_loss,0.5360101234848875,139,lower
phase-core,additive,2026,100.0,division:2026mil,transferred_platt_red_win_probability,winner_ece,0.0656482880557942,139,lower
phase-core,additive,2026,100.0,division:2026mil,transferred_score_red_win_probability,alliance_score_mae,92.0816103367426,278,lower
phase-core,additive,2026,100.0,division:2026mil,transferred_score_red_win_probability,alliance_score_rmse,114.61770874339523,278,lower
phase-core,additive,2026,100.0,division:2026mil,transferred_score_red_win_probability,score_differential_mae,114.98474671248589,139,lower
phase-core,additive,2026,100.0,division:2026mil,transferred_score_red_win_probability,score_differential_rmse,142.03647675843388,139,lower
phase-core,additive,2026,100.0,division:2026mil,transferred_score_red_win_probability,mean_bias,-57.46420867319887,278,lower
phase-core,additive,2026,100.0,division:2026mil,transferred_score_red_win_probability,relative_bias,-0.13958835772211112,278,lower
phase-core,additive,2026,100.0,division:2026mil,transferred_score_red_win_probability,winner_accuracy,0.762589928057554,139,higher
phase-core,additive,2026,100.0,division:2026mil,transferred_score_red_win_probability,winner_brier,0.16442230579891887,139,lower
phase-core,additive,2026,100.0,division:2026mil,transferred_score_red_win_probability,winner_log_loss,0.493086233163288,139,lower
phase-core,additive,2026,100.0,division:2026mil,transferred_score_red_win_probability,winner_ece,0.09056061760482124,139,lower
phase-core,additive,2026,100.0,division:2026new,raw_pred_red_win_probability,alliance_score_mae,113.49860023966947,280,lower
phase-core,additive,2026,100.0,division:2026new,raw_pred_red_win_probability,alliance_score_rmse,139.51202374099967,280,lower
phase-core,additive,2026,100.0,division:2026new,raw_pred_red_win_probability,score_differential_mae,121.68007531354945,140,lower
phase-core,additive,2026,100.0,division:2026new,raw_pred_red_win_probability,score_differential_rmse,153.95551267427257,140,lower
phase-core,additive,2026,100.0,division:2026new,raw_pred_red_win_probability,mean_bias,-79.80518243986516,280,lower
phase-core,additive,2026,100.0,division:2026new,raw_pred_red_win_probability,relative_bias,-0.16886284248473307,280,lower
phase-core,additive,2026,100.0,division:2026new,raw_pred_red_win_probability,winner_accuracy,0.7142857142857143,140,higher
phase-core,additive,2026,100.0,division:2026new,raw_pred_red_win_probability,winner_brier,0.2102048287563889,140,lower
phase-core,additive,2026,100.0,division:2026new,raw_pred_red_win_probability,winner_log_loss,0.7291295107758438,140,lower
phase-core,additive,2026,100.0,division:2026new,raw_pred_red_win_probability,winner_ece,0.1761140283725906,140,lower
phase-core,additive,2026,100.0,division:2026new,transferred_platt_red_win_probability,alliance_score_mae,113.49860023966947,280,lower
phase-core,additive,2026,100.0,division:2026new,transferred_platt_red_win_probability,alliance_score_rmse,139.51202374099967,280,lower
phase-core,additive,2026,100.0,division:2026new,transferred_platt_red_win_probability,score_differential_mae,121.68007531354945,140,lower
phase-core,additive,2026,100.0,division:2026new,transferred_platt_red_win_probability,score_differential_rmse,153.95551267427257,140,lower
phase-core,additive,2026,100.0,division:2026new,transferred_platt_red_win_probability,mean_bias,-79.80518243986516,280,lower
phase-core,additive,2026,100.0,division:2026new,transferred_platt_red_win_probability,relative_bias,-0.16886284248473307,280,lower
phase-core,additive,2026,100.0,division:2026new,transferred_platt_red_win_probability,winner_accuracy,0.7214285714285714,140,higher
phase-core,additive,2026,100.0,division:2026new,transferred_platt_red_win_probability,winner_brier,0.1864338250998579,140,lower
phase-core,additive,2026,100.0,division:2026new,transferred_platt_red_win_probability,winner_log_loss,0.5533659336487968,140,lower
phase-core,additive,2026,100.0,division:2026new,transferred_platt_red_win_probability,winner_ece,0.047701745335846195,140,lower
phase-core,additive,2026,100.0,division:2026new,transferred_score_red_win_probability,alliance_score_mae,113.49860023966947,280,lower
phase-core,additive,2026,100.0,division:2026new,transferred_score_red_win_probability,alliance_score_rmse,139.51202374099967,280,lower
phase-core,additive,2026,100.0,division:2026new,transferred_score_red_win_probability,score_differential_mae,121.68007531354945,140,lower
phase-core,additive,2026,100.0,division:2026new,transferred_score_red_win_probability,score_differential_rmse,153.95551267427257,140,lower
phase-core,additive,2026,100.0,division:2026new,transferred_score_red_win_probability,mean_bias,-79.80518243986516,280,lower
phase-core,additive,2026,100.0,division:2026new,transferred_score_red_win_probability,relative_bias,-0.16886284248473307,280,lower
phase-core,additive,2026,100.0,division:2026new,transferred_score_red_win_probability,winner_accuracy,0.6642857142857143,140,higher
phase-core,additive,2026,100.0,division:2026new,transferred_score_red_win_probability,winner_brier,0.19875739407677268,140,lower
phase-core,additive,2026,100.0,division:2026new,transferred_score_red_win_probability,winner_log_loss,0.5745239792001771,140,lower
phase-core,additive,2026,100.0,division:2026new,transferred_score_red_win_probability,winner_ece,0.11247022162690959,140,lower
phase-core,additive,2026,100.0,observation:high,raw_pred_red_win_probability,alliance_score_mae,100.75852275118662,2134,lower
phase-core,additive,2026,100.0,observation:high,raw_pred_red_win_probability,alliance_score_rmse,127.45449826269316,2134,lower
phase-core,additive,2026,100.0,observation:high,raw_pred_red_win_probability,score_differential_mae,120.19360087938269,1067,lower
phase-core,additive,2026,100.0,observation:high,raw_pred_red_win_probability,score_differential_rmse,150.79611658564113,1067,lower
phase-core,additive,2026,100.0,observation:high,raw_pred_red_win_probability,mean_bias,-58.62676419159533,2134,lower
phase-core,additive,2026,100.0,observation:high,raw_pred_red_win_probability,relative_bias,-0.13432415158349198,2134,lower
phase-core,additive,2026,100.0,observation:high,raw_pred_red_win_probability,winner_accuracy,0.7032863849765258,1065,higher
phase-core,additive,2026,100.0,observation:high,raw_pred_red_win_probability,winner_brier,0.222257555724992,1065,lower
phase-core,additive,2026,100.0,observation:high,raw_pred_red_win_probability,winner_log_loss,0.7902073395175891,1065,lower
phase-core,additive,2026,100.0,observation:high,raw_pred_red_win_probability,winner_ece,0.16912327639584365,1065,lower
phase-core,additive,2026,100.0,observation:high,transferred_platt_red_win_probability,alliance_score_mae,100.75852275118662,2134,lower
phase-core,additive,2026,100.0,observation:high,transferred_platt_red_win_probability,alliance_score_rmse,127.45449826269316,2134,lower
phase-core,additive,2026,100.0,observation:high,transferred_platt_red_win_probability,score_differential_mae,120.19360087938269,1067,lower
phase-core,additive,2026,100.0,observation:high,transferred_platt_red_win_probability,score_differential_rmse,150.79611658564113,1067,lower
phase-core,additive,2026,100.0,observation:high,transferred_platt_red_win_probability,mean_bias,-58.62676419159533,2134,lower
phase-core,additive,2026,100.0,observation:high,transferred_platt_red_win_probability,relative_bias,-0.13432415158349198,2134,lower
phase-core,additive,2026,100.0,observation:high,transferred_platt_red_win_probability,winner_accuracy,0.7051643192488263,1065,higher
phase-core,additive,2026,100.0,observation:high,transferred_platt_red_win_probability,winner_brier,0.1896368436351053,1065,lower
phase-core,additive,2026,100.0,observation:high,transferred_platt_red_win_probability,winner_log_loss,0.557219312788836,1065,lower
phase-core,additive,2026,100.0,observation:high,transferred_platt_red_win_probability,winner_ece,0.025807447041890145,1065,lower
phase-core,additive,2026,100.0,observation:high,transferred_score_red_win_probability,alliance_score_mae,100.75852275118662,2134,lower
phase-core,additive,2026,100.0,observation:high,transferred_score_red_win_probability,alliance_score_rmse,127.45449826269316,2134,lower
phase-core,additive,2026,100.0,observation:high,transferred_score_red_win_probability,score_differential_mae,120.19360087938269,1067,lower
phase-core,additive,2026,100.0,observation:high,transferred_score_red_win_probability,score_differential_rmse,150.79611658564113,1067,lower
phase-core,additive,2026,100.0,observation:high,transferred_score_red_win_probability,mean_bias,-58.62676419159533,2134,lower
phase-core,additive,2026,100.0,observation:high,transferred_score_red_win_probability,relative_bias,-0.13432415158349198,2134,lower
phase-core,additive,2026,100.0,observation:high,transferred_score_red_win_probability,winner_accuracy,0.72018779342723,1065,higher
phase-core,additive,2026,100.0,observation:high,transferred_score_red_win_probability,winner_brier,0.18680058373682398,1065,lower
phase-core,additive,2026,100.0,observation:high,transferred_score_red_win_probability,winner_log_loss,0.5549962072992521,1065,lower
phase-core,additive,2026,100.0,observation:high,transferred_score_red_win_probability,winner_ece,0.07627703735722327,1065,lower
phase-core,additive,2026,100.0,observation:low,raw_pred_red_win_probability,alliance_score_mae,107.90423512048365,4,lower
phase-core,additive,2026,100.0,observation:low,raw_pred_red_win_probability,alliance_score_rmse,135.66971881618008,4,lower
phase-core,additive,2026,100.0,observation:low,raw_pred_red_win_probability,score_differential_mae,68.36171559166453,2,lower
phase-core,additive,2026,100.0,observation:low,raw_pred_red_win_probability,score_differential_rmse,68.53885626490322,2,lower
phase-core,additive,2026,100.0,observation:low,raw_pred_red_win_probability,mean_bias,-104.03118382969414,4,lower
phase-core,additive,2026,100.0,observation:low,raw_pred_red_win_probability,relative_bias,-0.2770470940870683,4,lower
phase-core,additive,2026,100.0,observation:low,raw_pred_red_win_probability,winner_accuracy,1.0,2,higher
phase-core,additive,2026,100.0,observation:low,raw_pred_red_win_probability,winner_brier,0.026240681361173746,2,lower
phase-core,additive,2026,100.0,observation:low,raw_pred_red_win_probability,winner_log_loss,0.13323883757553898,2,lower
phase-core,additive,2026,100.0,observation:low,raw_pred_red_win_probability,winner_ece,0.11769528687000275,2,lower
phase-core,additive,2026,100.0,observation:low,transferred_platt_red_win_probability,alliance_score_mae,107.90423512048365,4,lower
phase-core,additive,2026,100.0,observation:low,transferred_platt_red_win_probability,alliance_score_rmse,135.66971881618008,4,lower
phase-core,additive,2026,100.0,observation:low,transferred_platt_red_win_probability,score_differential_mae,68.36171559166453,2,lower
phase-core,additive,2026,100.0,observation:low,transferred_platt_red_win_probability,score_differential_rmse,68.53885626490322,2,lower
phase-core,additive,2026,100.0,observation:low,transferred_platt_red_win_probability,mean_bias,-104.03118382969414,4,lower
phase-core,additive,2026,100.0,observation:low,transferred_platt_red_win_probability,relative_bias,-0.2770470940870683,4,lower
phase-core,additive,2026,100.0,observation:low,transferred_platt_red_win_probability,winner_accuracy,1.0,2,higher
phase-core,additive,2026,100.0,observation:low,transferred_platt_red_win_probability,winner_brier,0.10310892585657508,2,lower
phase-core,additive,2026,100.0,observation:low,transferred_platt_red_win_probability,winner_log_loss,0.36260442202127646,2,lower
phase-core,additive,2026,100.0,observation:low,transferred_platt_red_win_probability,winner_ece,0.29103546105568057,2,lower
phase-core,additive,2026,100.0,observation:low,transferred_score_red_win_probability,alliance_score_mae,107.90423512048365,4,lower
phase-core,additive,2026,100.0,observation:low,transferred_score_red_win_probability,alliance_score_rmse,135.66971881618008,4,lower
phase-core,additive,2026,100.0,observation:low,transferred_score_red_win_probability,score_differential_mae,68.36171559166453,2,lower
phase-core,additive,2026,100.0,observation:low,transferred_score_red_win_probability,score_differential_rmse,68.53885626490322,2,lower
phase-core,additive,2026,100.0,observation:low,transferred_score_red_win_probability,mean_bias,-104.03118382969414,4,lower
phase-core,additive,2026,100.0,observation:low,transferred_score_red_win_probability,relative_bias,-0.2770470940870683,4,lower
phase-core,additive,2026,100.0,observation:low,transferred_score_red_win_probability,winner_accuracy,0.5,2,higher
phase-core,additive,2026,100.0,observation:low,transferred_score_red_win_probability,winner_brier,0.17395240803075723,2,lower
phase-core,additive,2026,100.0,observation:low,transferred_score_red_win_probability,winner_log_loss,0.4634880585781739,2,lower
phase-core,additive,2026,100.0,observation:low,transferred_score_red_win_probability,winner_ece,0.31331710269674556,2,lower
phase-core,additive,2026,100.0,observation:medium,raw_pred_red_win_probability,alliance_score_mae,129.5564612621954,100,lower
phase-core,additive,2026,100.0,observation:medium,raw_pred_red_win_probability,alliance_score_rmse,164.40324037477444,100,lower
phase-core,additive,2026,100.0,observation:medium,raw_pred_red_win_probability,score_differential_mae,156.4238586969302,50,lower
phase-core,additive,2026,100.0,observation:medium,raw_pred_red_win_probability,score_differential_rmse,208.86225887962874,50,lower
phase-core,additive,2026,100.0,observation:medium,raw_pred_red_win_probability,mean_bias,-99.39359220203492,100,lower
phase-core,additive,2026,100.0,observation:medium,raw_pred_red_win_probability,relative_bias,-0.25823224786187304,100,lower
phase-core,additive,2026,100.0,observation:medium,raw_pred_red_win_probability,winner_accuracy,0.74,50,higher
phase-core,additive,2026,100.0,observation:medium,raw_pred_red_win_probability,winner_brier,0.19483593123366752,50,lower
phase-core,additive,2026,100.0,observation:medium,raw_pred_red_win_probability,winner_log_loss,0.8596616022647106,50,lower
phase-core,additive,2026,100.0,observation:medium,raw_pred_red_win_probability,winner_ece,0.1884128578263335,50,lower
phase-core,additive,2026,100.0,observation:medium,transferred_platt_red_win_probability,alliance_score_mae,129.5564612621954,100,lower
phase-core,additive,2026,100.0,observation:medium,transferred_platt_red_win_probability,alliance_score_rmse,164.40324037477444,100,lower
phase-core,additive,2026,100.0,observation:medium,transferred_platt_red_win_probability,score_differential_mae,156.4238586969302,50,lower
phase-core,additive,2026,100.0,observation:medium,transferred_platt_red_win_probability,score_differential_rmse,208.86225887962874,50,lower
phase-core,additive,2026,100.0,observation:medium,transferred_platt_red_win_probability,mean_bias,-99.39359220203492,100,lower
phase-core,additive,2026,100.0,observation:medium,transferred_platt_red_win_probability,relative_bias,-0.25823224786187304,100,lower
phase-core,additive,2026,100.0,observation:medium,transferred_platt_red_win_probability,winner_accuracy,0.76,50,higher
phase-core,additive,2026,100.0,observation:medium,transferred_platt_red_win_probability,winner_brier,0.18509092191465473,50,lower
phase-core,additive,2026,100.0,observation:medium,transferred_platt_red_win_probability,winner_log_loss,0.5576933452586225,50,lower
phase-core,additive,2026,100.0,observation:medium,transferred_platt_red_win_probability,winner_ece,0.18140651771222643,50,lower
phase-core,additive,2026,100.0,observation:medium,transferred_score_red_win_probability,alliance_score_mae,129.5564612621954,100,lower
phase-core,additive,2026,100.0,observation:medium,transferred_score_red_win_probability,alliance_score_rmse,164.40324037477444,100,lower
phase-core,additive,2026,100.0,observation:medium,transferred_score_red_win_probability,score_differential_mae,156.4238586969302,50,lower
phase-core,additive,2026,100.0,observation:medium,transferred_score_red_win_probability,score_differential_rmse,208.86225887962874,50,lower
phase-core,additive,2026,100.0,observation:medium,transferred_score_red_win_probability,mean_bias,-99.39359220203492,100,lower
phase-core,additive,2026,100.0,observation:medium,transferred_score_red_win_probability,relative_bias,-0.25823224786187304,100,lower
phase-core,additive,2026,100.0,observation:medium,transferred_score_red_win_probability,winner_accuracy,0.78,50,higher
phase-core,additive,2026,100.0,observation:medium,transferred_score_red_win_probability,winner_brier,0.1795254154901599,50,lower
phase-core,additive,2026,100.0,observation:medium,transferred_score_red_win_probability,winner_log_loss,0.5792663260071652,50,lower
phase-core,additive,2026,100.0,observation:medium,transferred_score_red_win_probability,winner_ece,0.16697735026211707,50,lower
phase-core,full-match,2026,100.0,primary-clean,raw_pred_red_win_probability,alliance_score_mae,116.10098212838184,2216,lower
phase-core,full-match,2026,100.0,primary-clean,raw_pred_red_win_probability,alliance_score_rmse,144.70006019644367,2216,lower
phase-core,full-match,2026,100.0,primary-clean,raw_pred_red_win_probability,score_differential_mae,135.12563916366344,1108,lower
phase-core,full-match,2026,100.0,primary-clean,raw_pred_red_win_probability,score_differential_rmse,168.31350015794771,1108,lower
phase-core,full-match,2026,100.0,primary-clean,raw_pred_red_win_probability,mean_bias,-66.95516777929846,2216,lower
phase-core,full-match,2026,100.0,primary-clean,raw_pred_red_win_probability,relative_bias,-0.15404345345081005,2216,lower
phase-core,full-match,2026,100.0,primary-clean,raw_pred_red_win_probability,winner_accuracy,0.666365280289331,1106,higher
phase-core,full-match,2026,100.0,primary-clean,raw_pred_red_win_probability,winner_brier,0.28421991845379296,1106,lower
phase-core,full-match,2026,100.0,primary-clean,raw_pred_red_win_probability,winner_log_loss,1.513303159331764,1106,lower
phase-core,full-match,2026,100.0,primary-clean,raw_pred_red_win_probability,winner_ece,0.2675853338704197,1106,lower
phase-core,full-match,2026,100.0,primary-clean,transferred_platt_red_win_probability,alliance_score_mae,116.10098212838184,2216,lower
phase-core,full-match,2026,100.0,primary-clean,transferred_platt_red_win_probability,alliance_score_rmse,144.70006019644367,2216,lower
phase-core,full-match,2026,100.0,primary-clean,transferred_platt_red_win_probability,score_differential_mae,135.12563916366344,1108,lower
phase-core,full-match,2026,100.0,primary-clean,transferred_platt_red_win_probability,score_differential_rmse,168.31350015794771,1108,lower
phase-core,full-match,2026,100.0,primary-clean,transferred_platt_red_win_probability,mean_bias,-66.95516777929846,2216,lower
phase-core,full-match,2026,100.0,primary-clean,transferred_platt_red_win_probability,relative_bias,-0.15404345345081005,2216,lower
phase-core,full-match,2026,100.0,primary-clean,transferred_platt_red_win_probability,winner_accuracy,0.6735985533453888,1106,higher
phase-core,full-match,2026,100.0,primary-clean,transferred_platt_red_win_probability,winner_brier,0.20209671871542897,1106,lower
phase-core,full-match,2026,100.0,primary-clean,transferred_platt_red_win_probability,winner_log_loss,0.5874347814098461,1106,lower
phase-core,full-match,2026,100.0,primary-clean,transferred_platt_red_win_probability,winner_ece,0.04295045243685399,1106,lower
phase-core,full-match,2026,100.0,primary-clean,transferred_score_red_win_probability,alliance_score_mae,116.10098212838184,2216,lower
phase-core,full-match,2026,100.0,primary-clean,transferred_score_red_win_probability,alliance_score_rmse,144.70006019644367,2216,lower
phase-core,full-match,2026,100.0,primary-clean,transferred_score_red_win_probability,score_differential_mae,135.12563916366344,1108,lower
phase-core,full-match,2026,100.0,primary-clean,transferred_score_red_win_probability,score_differential_rmse,168.31350015794771,1108,lower
phase-core,full-match,2026,100.0,primary-clean,transferred_score_red_win_probability,mean_bias,-66.95516777929846,2216,lower
phase-core,full-match,2026,100.0,primary-clean,transferred_score_red_win_probability,relative_bias,-0.15404345345081005,2216,lower
phase-core,full-match,2026,100.0,primary-clean,transferred_score_red_win_probability,winner_accuracy,0.7115732368896925,1106,higher
phase-core,full-match,2026,100.0,primary-clean,transferred_score_red_win_probability,winner_brier,0.19978508999227287,1106,lower
phase-core,full-match,2026,100.0,primary-clean,transferred_score_red_win_probability,winner_log_loss,0.5934147703652911,1106,lower
phase-core,full-match,2026,100.0,primary-clean,transferred_score_red_win_probability,winner_ece,0.06860709762840808,1106,lower
phase-core,full-match,2026,100.0,all-official,raw_pred_red_win_probability,alliance_score_mae,116.19748952757844,2238,lower
phase-core,full-match,2026,100.0,all-official,raw_pred_red_win_probability,alliance_score_rmse,145.12570694449525,2238,lower
phase-core,full-match,2026,100.0,all-official,raw_pred_red_win_probability,score_differential_mae,135.62644738198776,1119,lower
phase-core,full-match,2026,100.0,all-official,raw_pred_red_win_probability,score_differential_rmse,168.96575600724046,1119,lower
phase-core,full-match,2026,100.0,all-official,raw_pred_red_win_probability,mean_bias,-66.7577299482901,2238,lower
phase-core,full-match,2026,100.0,all-official,raw_pred_red_win_probability,relative_bias,-0.15380381928641912,2238,lower
phase-core,full-match,2026,100.0,all-official,raw_pred_red_win_probability,winner_accuracy,0.6651745747538048,1117,higher
phase-core,full-match,2026,100.0,all-official,raw_pred_red_win_probability,winner_brier,0.285806390168939,1117,lower
phase-core,full-match,2026,100.0,all-official,raw_pred_red_win_probability,winner_log_loss,1.5248961358179476,1117,lower
phase-core,full-match,2026,100.0,all-official,raw_pred_red_win_probability,winner_ece,0.26937080989869244,1117,lower
phase-core,full-match,2026,100.0,all-official,transferred_platt_red_win_probability,alliance_score_mae,116.19748952757844,2238,lower
phase-core,full-match,2026,100.0,all-official,transferred_platt_red_win_probability,alliance_score_rmse,145.12570694449525,2238,lower
phase-core,full-match,2026,100.0,all-official,transferred_platt_red_win_probability,score_differential_mae,135.62644738198776,1119,lower
phase-core,full-match,2026,100.0,all-official,transferred_platt_red_win_probability,score_differential_rmse,168.96575600724046,1119,lower
phase-core,full-match,2026,100.0,all-official,transferred_platt_red_win_probability,mean_bias,-66.7577299482901,2238,lower
phase-core,full-match,2026,100.0,all-official,transferred_platt_red_win_probability,relative_bias,-0.15380381928641912,2238,lower
phase-core,full-match,2026,100.0,all-official,transferred_platt_red_win_probability,winner_accuracy,0.6723366159355416,1117,higher
phase-core,full-match,2026,100.0,all-official,transferred_platt_red_win_probability,winner_brier,0.20262836184639868,1117,lower
phase-core,full-match,2026,100.0,all-official,transferred_platt_red_win_probability,winner_log_loss,0.5886539579063349,1117,lower
phase-core,full-match,2026,100.0,all-official,transferred_platt_red_win_probability,winner_ece,0.04398630844791332,1117,lower
phase-core,full-match,2026,100.0,all-official,transferred_score_red_win_probability,alliance_score_mae,116.19748952757844,2238,lower
phase-core,full-match,2026,100.0,all-official,transferred_score_red_win_probability,alliance_score_rmse,145.12570694449525,2238,lower
phase-core,full-match,2026,100.0,all-official,transferred_score_red_win_probability,score_differential_mae,135.62644738198776,1119,lower
phase-core,full-match,2026,100.0,all-official,transferred_score_red_win_probability,score_differential_rmse,168.96575600724046,1119,lower
phase-core,full-match,2026,100.0,all-official,transferred_score_red_win_probability,mean_bias,-66.7577299482901,2238,lower
phase-core,full-match,2026,100.0,all-official,transferred_score_red_win_probability,relative_bias,-0.15380381928641912,2238,lower
phase-core,full-match,2026,100.0,all-official,transferred_score_red_win_probability,winner_accuracy,0.7108325872873769,1117,higher
phase-core,full-match,2026,100.0,all-official,transferred_score_red_win_probability,winner_brier,0.19994290580344798,1117,lower
phase-core,full-match,2026,100.0,all-official,transferred_score_red_win_probability,winner_log_loss,0.593626017409197,1117,lower
phase-core,full-match,2026,100.0,all-official,transferred_score_red_win_probability,winner_ece,0.06698980003167242,1117,lower
phase-core,full-match,2026,100.0,DQ-only,raw_pred_red_win_probability,alliance_score_mae,125.91841664665634,22,lower
phase-core,full-match,2026,100.0,DQ-only,raw_pred_red_win_probability,alliance_score_rmse,182.9959813153917,22,lower
phase-core,full-match,2026,100.0,DQ-only,raw_pred_red_win_probability,score_differential_mae,186.07149337320055,11,lower
phase-core,full-match,2026,100.0,DQ-only,raw_pred_red_win_probability,score_differential_rmse,225.18582975001968,11,lower
phase-core,full-match,2026,100.0,DQ-only,raw_pred_red_win_probability,mean_bias,-46.870355697630586,22,lower
phase-core,full-match,2026,100.0,DQ-only,raw_pred_red_win_probability,relative_bias,-0.1256731048565354,22,lower
phase-core,full-match,2026,100.0,DQ-only,raw_pred_red_win_probability,winner_accuracy,0.5454545454545454,11,higher
phase-core,full-match,2026,100.0,DQ-only,raw_pred_red_win_probability,winner_brier,0.4453189098918094,11,lower
phase-core,full-match,2026,100.0,DQ-only,raw_pred_red_win_probability,winner_log_loss,2.6905172261560337,11,lower
phase-core,full-match,2026,100.0,DQ-only,raw_pred_red_win_probability,winner_ece,0.4490769422564798,11,lower
phase-core,full-match,2026,100.0,DQ-only,transferred_platt_red_win_probability,alliance_score_mae,125.91841664665634,22,lower
phase-core,full-match,2026,100.0,DQ-only,transferred_platt_red_win_probability,alliance_score_rmse,182.9959813153917,22,lower
phase-core,full-match,2026,100.0,DQ-only,transferred_platt_red_win_probability,score_differential_mae,186.07149337320055,11,lower
phase-core,full-match,2026,100.0,DQ-only,transferred_platt_red_win_probability,score_differential_rmse,225.18582975001968,11,lower
phase-core,full-match,2026,100.0,DQ-only,transferred_platt_red_win_probability,mean_bias,-46.870355697630586,22,lower
phase-core,full-match,2026,100.0,DQ-only,transferred_platt_red_win_probability,relative_bias,-0.1256731048565354,22,lower
phase-core,full-match,2026,100.0,DQ-only,transferred_platt_red_win_probability,winner_accuracy,0.5454545454545454,11,higher
phase-core,full-match,2026,100.0,DQ-only,transferred_platt_red_win_probability,winner_brier,0.25608266210571495,11,lower
phase-core,full-match,2026,100.0,DQ-only,transferred_platt_red_win_probability,winner_log_loss,0.7112366129169305,11,lower
phase-core,full-match,2026,100.0,DQ-only,transferred_platt_red_win_probability,winner_ece,0.40034722517645566,11,lower
phase-core,full-match,2026,100.0,DQ-only,transferred_score_red_win_probability,alliance_score_mae,125.91841664665634,22,lower
phase-core,full-match,2026,100.0,DQ-only,transferred_score_red_win_probability,alliance_score_rmse,182.9959813153917,22,lower
phase-core,full-match,2026,100.0,DQ-only,transferred_score_red_win_probability,score_differential_mae,186.07149337320055,11,lower
phase-core,full-match,2026,100.0,DQ-only,transferred_score_red_win_probability,score_differential_rmse,225.18582975001968,11,lower
phase-core,full-match,2026,100.0,DQ-only,transferred_score_red_win_probability,mean_bias,-46.870355697630586,22,lower
phase-core,full-match,2026,100.0,DQ-only,transferred_score_red_win_probability,relative_bias,-0.1256731048565354,22,lower
phase-core,full-match,2026,100.0,DQ-only,transferred_score_red_win_probability,winner_accuracy,0.6363636363636364,11,higher
phase-core,full-match,2026,100.0,DQ-only,transferred_score_red_win_probability,winner_brier,0.2158105682725073,11,lower
phase-core,full-match,2026,100.0,DQ-only,transferred_score_red_win_probability,winner_log_loss,0.6148659474600925,11,lower
phase-core,full-match,2026,100.0,DQ-only,transferred_score_red_win_probability,winner_ece,0.1910810983498606,11,lower
phase-core,full-match,2026,100.0,surrogate-only,raw_pred_red_win_probability,alliance_score_mae,110.23692506738838,12,lower
phase-core,full-match,2026,100.0,surrogate-only,raw_pred_red_win_probability,alliance_score_rmse,120.09335731718278,12,lower
phase-core,full-match,2026,100.0,surrogate-only,raw_pred_red_win_probability,score_differential_mae,83.20977982339379,6,lower
phase-core,full-match,2026,100.0,surrogate-only,raw_pred_red_win_probability,score_differential_rmse,103.16850431052407,6,lower
phase-core,full-match,2026,100.0,surrogate-only,raw_pred_red_win_probability,mean_bias,-67.53400127498362,12,lower
phase-core,full-match,2026,100.0,surrogate-only,raw_pred_red_win_probability,relative_bias,-0.17454404809386248,12,lower
phase-core,full-match,2026,100.0,surrogate-only,raw_pred_red_win_probability,winner_accuracy,0.6666666666666666,6,higher
phase-core,full-match,2026,100.0,surrogate-only,raw_pred_red_win_probability,winner_brier,0.3165838762758149,6,lower
phase-core,full-match,2026,100.0,surrogate-only,raw_pred_red_win_probability,winner_log_loss,2.0716873675130087,6,lower
phase-core,full-match,2026,100.0,surrogate-only,raw_pred_red_win_probability,winner_ece,0.32272031779939425,6,lower
phase-core,full-match,2026,100.0,surrogate-only,transferred_platt_red_win_probability,alliance_score_mae,110.23692506738838,12,lower
phase-core,full-match,2026,100.0,surrogate-only,transferred_platt_red_win_probability,alliance_score_rmse,120.09335731718278,12,lower
phase-core,full-match,2026,100.0,surrogate-only,transferred_platt_red_win_probability,score_differential_mae,83.20977982339379,6,lower
phase-core,full-match,2026,100.0,surrogate-only,transferred_platt_red_win_probability,score_differential_rmse,103.16850431052407,6,lower
phase-core,full-match,2026,100.0,surrogate-only,transferred_platt_red_win_probability,mean_bias,-67.53400127498362,12,lower
phase-core,full-match,2026,100.0,surrogate-only,transferred_platt_red_win_probability,relative_bias,-0.17454404809386248,12,lower
phase-core,full-match,2026,100.0,surrogate-only,transferred_platt_red_win_probability,winner_accuracy,0.6666666666666666,6,higher
phase-core,full-match,2026,100.0,surrogate-only,transferred_platt_red_win_probability,winner_brier,0.20291140595003734,6,lower
phase-core,full-match,2026,100.0,surrogate-only,transferred_platt_red_win_probability,winner_log_loss,0.5974819625199878,6,lower
phase-core,full-match,2026,100.0,surrogate-only,transferred_platt_red_win_probability,winner_ece,0.26866901402703236,6,lower
phase-core,full-match,2026,100.0,surrogate-only,transferred_score_red_win_probability,alliance_score_mae,110.23692506738838,12,lower
phase-core,full-match,2026,100.0,surrogate-only,transferred_score_red_win_probability,alliance_score_rmse,120.09335731718278,12,lower
phase-core,full-match,2026,100.0,surrogate-only,transferred_score_red_win_probability,score_differential_mae,83.20977982339379,6,lower
phase-core,full-match,2026,100.0,surrogate-only,transferred_score_red_win_probability,score_differential_rmse,103.16850431052407,6,lower
phase-core,full-match,2026,100.0,surrogate-only,transferred_score_red_win_probability,mean_bias,-67.53400127498362,12,lower
phase-core,full-match,2026,100.0,surrogate-only,transferred_score_red_win_probability,relative_bias,-0.17454404809386248,12,lower
phase-core,full-match,2026,100.0,surrogate-only,transferred_score_red_win_probability,winner_accuracy,0.6666666666666666,6,higher
phase-core,full-match,2026,100.0,surrogate-only,transferred_score_red_win_probability,winner_brier,0.1859706473665412,6,lower
phase-core,full-match,2026,100.0,surrogate-only,transferred_score_red_win_probability,winner_log_loss,0.5212144082456004,6,lower
phase-core,full-match,2026,100.0,surrogate-only,transferred_score_red_win_probability,winner_ece,0.2540789252952902,6,lower
phase-core,full-match,2026,100.0,division:2026arc,raw_pred_red_win_probability,alliance_score_mae,113.46881742778046,282,lower
phase-core,full-match,2026,100.0,division:2026arc,raw_pred_red_win_probability,alliance_score_rmse,140.2337732085228,282,lower
phase-core,full-match,2026,100.0,division:2026arc,raw_pred_red_win_probability,score_differential_mae,144.18724789449013,141,lower
phase-core,full-match,2026,100.0,division:2026arc,raw_pred_red_win_probability,score_differential_rmse,179.47796353981465,141,lower
phase-core,full-match,2026,100.0,division:2026arc,raw_pred_red_win_probability,mean_bias,-57.4609805636467,282,lower
phase-core,full-match,2026,100.0,division:2026arc,raw_pred_red_win_probability,relative_bias,-0.1292638287672578,282,lower
phase-core,full-match,2026,100.0,division:2026arc,raw_pred_red_win_probability,winner_accuracy,0.6428571428571429,140,higher
phase-core,full-match,2026,100.0,division:2026arc,raw_pred_red_win_probability,winner_brier,0.308383028170506,140,lower
phase-core,full-match,2026,100.0,division:2026arc,raw_pred_red_win_probability,winner_log_loss,1.7016278426184392,140,lower
phase-core,full-match,2026,100.0,division:2026arc,raw_pred_red_win_probability,winner_ece,0.29515893669728266,140,lower
phase-core,full-match,2026,100.0,division:2026arc,transferred_platt_red_win_probability,alliance_score_mae,113.46881742778046,282,lower
phase-core,full-match,2026,100.0,division:2026arc,transferred_platt_red_win_probability,alliance_score_rmse,140.2337732085228,282,lower
phase-core,full-match,2026,100.0,division:2026arc,transferred_platt_red_win_probability,score_differential_mae,144.18724789449013,141,lower
phase-core,full-match,2026,100.0,division:2026arc,transferred_platt_red_win_probability,score_differential_rmse,179.47796353981465,141,lower
phase-core,full-match,2026,100.0,division:2026arc,transferred_platt_red_win_probability,mean_bias,-57.4609805636467,282,lower
phase-core,full-match,2026,100.0,division:2026arc,transferred_platt_red_win_probability,relative_bias,-0.1292638287672578,282,lower
phase-core,full-match,2026,100.0,division:2026arc,transferred_platt_red_win_probability,winner_accuracy,0.6357142857142857,140,higher
phase-core,full-match,2026,100.0,division:2026arc,transferred_platt_red_win_probability,winner_brier,0.2138114472194814,140,lower
phase-core,full-match,2026,100.0,division:2026arc,transferred_platt_red_win_probability,winner_log_loss,0.6127753537429469,140,lower
phase-core,full-match,2026,100.0,division:2026arc,transferred_platt_red_win_probability,winner_ece,0.12426752958714982,140,lower
phase-core,full-match,2026,100.0,division:2026arc,transferred_score_red_win_probability,alliance_score_mae,113.46881742778046,282,lower
phase-core,full-match,2026,100.0,division:2026arc,transferred_score_red_win_probability,alliance_score_rmse,140.2337732085228,282,lower
phase-core,full-match,2026,100.0,division:2026arc,transferred_score_red_win_probability,score_differential_mae,144.18724789449013,141,lower
phase-core,full-match,2026,100.0,division:2026arc,transferred_score_red_win_probability,score_differential_rmse,179.47796353981465,141,lower
phase-core,full-match,2026,100.0,division:2026arc,transferred_score_red_win_probability,mean_bias,-57.4609805636467,282,lower
phase-core,full-match,2026,100.0,division:2026arc,transferred_score_red_win_probability,relative_bias,-0.1292638287672578,282,lower
phase-core,full-match,2026,100.0,division:2026arc,transferred_score_red_win_probability,winner_accuracy,0.7071428571428572,140,higher
phase-core,full-match,2026,100.0,division:2026arc,transferred_score_red_win_probability,winner_brier,0.21259887371036937,140,lower
phase-core,full-match,2026,100.0,division:2026arc,transferred_score_red_win_probability,winner_log_loss,0.6394756694643638,140,lower
phase-core,full-match,2026,100.0,division:2026arc,transferred_score_red_win_probability,winner_ece,0.13428629834969139,140,lower
phase-core,full-match,2026,100.0,division:2026cur,raw_pred_red_win_probability,alliance_score_mae,112.75793629968429,278,lower
phase-core,full-match,2026,100.0,division:2026cur,raw_pred_red_win_probability,alliance_score_rmse,140.288835739498,278,lower
phase-core,full-match,2026,100.0,division:2026cur,raw_pred_red_win_probability,score_differential_mae,123.99901247718401,139,lower
phase-core,full-match,2026,100.0,division:2026cur,raw_pred_red_win_probability,score_differential_rmse,157.97451303696903,139,lower
phase-core,full-match,2026,100.0,division:2026cur,raw_pred_red_win_probability,mean_bias,-70.98393180116669,278,lower
phase-core,full-match,2026,100.0,division:2026cur,raw_pred_red_win_probability,relative_bias,-0.16361168905850446,278,lower
phase-core,full-match,2026,100.0,division:2026cur,raw_pred_red_win_probability,winner_accuracy,0.6546762589928058,139,higher
phase-core,full-match,2026,100.0,division:2026cur,raw_pred_red_win_probability,winner_brier,0.2779728949479922,139,lower
phase-core,full-match,2026,100.0,division:2026cur,raw_pred_red_win_probability,winner_log_loss,1.3734212686156357,139,lower
phase-core,full-match,2026,100.0,division:2026cur,raw_pred_red_win_probability,winner_ece,0.2755596713319204,139,lower
phase-core,full-match,2026,100.0,division:2026cur,transferred_platt_red_win_probability,alliance_score_mae,112.75793629968429,278,lower
phase-core,full-match,2026,100.0,division:2026cur,transferred_platt_red_win_probability,alliance_score_rmse,140.288835739498,278,lower
phase-core,full-match,2026,100.0,division:2026cur,transferred_platt_red_win_probability,score_differential_mae,123.99901247718401,139,lower
phase-core,full-match,2026,100.0,division:2026cur,transferred_platt_red_win_probability,score_differential_rmse,157.97451303696903,139,lower
phase-core,full-match,2026,100.0,division:2026cur,transferred_platt_red_win_probability,mean_bias,-70.98393180116669,278,lower
phase-core,full-match,2026,100.0,division:2026cur,transferred_platt_red_win_probability,relative_bias,-0.16361168905850446,278,lower
phase-core,full-match,2026,100.0,division:2026cur,transferred_platt_red_win_probability,winner_accuracy,0.6762589928057554,139,higher
phase-core,full-match,2026,100.0,division:2026cur,transferred_platt_red_win_probability,winner_brier,0.19632553053025684,139,lower
phase-core,full-match,2026,100.0,division:2026cur,transferred_platt_red_win_probability,winner_log_loss,0.5737340106045332,139,lower
phase-core,full-match,2026,100.0,division:2026cur,transferred_platt_red_win_probability,winner_ece,0.0661948891370765,139,lower
phase-core,full-match,2026,100.0,division:2026cur,transferred_score_red_win_probability,alliance_score_mae,112.75793629968429,278,lower
phase-core,full-match,2026,100.0,division:2026cur,transferred_score_red_win_probability,alliance_score_rmse,140.288835739498,278,lower
phase-core,full-match,2026,100.0,division:2026cur,transferred_score_red_win_probability,score_differential_mae,123.99901247718401,139,lower
phase-core,full-match,2026,100.0,division:2026cur,transferred_score_red_win_probability,score_differential_rmse,157.97451303696903,139,lower
phase-core,full-match,2026,100.0,division:2026cur,transferred_score_red_win_probability,mean_bias,-70.98393180116669,278,lower
phase-core,full-match,2026,100.0,division:2026cur,transferred_score_red_win_probability,relative_bias,-0.16361168905850446,278,lower
phase-core,full-match,2026,100.0,division:2026cur,transferred_score_red_win_probability,winner_accuracy,0.7482014388489209,139,higher
phase-core,full-match,2026,100.0,division:2026cur,transferred_score_red_win_probability,winner_brier,0.17338365873468334,139,lower
phase-core,full-match,2026,100.0,division:2026cur,transferred_score_red_win_probability,winner_log_loss,0.5137866510948852,139,lower
phase-core,full-match,2026,100.0,division:2026cur,transferred_score_red_win_probability,winner_ece,0.06608477988124728,139,lower
phase-core,full-match,2026,100.0,division:2026dal,raw_pred_red_win_probability,alliance_score_mae,97.91868401336708,280,lower
phase-core,full-match,2026,100.0,division:2026dal,raw_pred_red_win_probability,alliance_score_rmse,123.4373853202222,280,lower
phase-core,full-match,2026,100.0,division:2026dal,raw_pred_red_win_probability,score_differential_mae,124.28568352697535,140,lower
phase-core,full-match,2026,100.0,division:2026dal,raw_pred_red_win_probability,score_differential_rmse,156.21967649928013,140,lower
phase-core,full-match,2026,100.0,division:2026dal,raw_pred_red_win_probability,mean_bias,-27.708266889548838,280,lower
phase-core,full-match,2026,100.0,division:2026dal,raw_pred_red_win_probability,relative_bias,-0.0679635819075431,280,lower
phase-core,full-match,2026,100.0,division:2026dal,raw_pred_red_win_probability,winner_accuracy,0.6428571428571429,140,higher
phase-core,full-match,2026,100.0,division:2026dal,raw_pred_red_win_probability,winner_brier,0.31977519768105805,140,lower
phase-core,full-match,2026,100.0,division:2026dal,raw_pred_red_win_probability,winner_log_loss,1.5500587084061372,140,lower
phase-core,full-match,2026,100.0,division:2026dal,raw_pred_red_win_probability,winner_ece,0.32772318309405885,140,lower
phase-core,full-match,2026,100.0,division:2026dal,transferred_platt_red_win_probability,alliance_score_mae,97.91868401336708,280,lower
phase-core,full-match,2026,100.0,division:2026dal,transferred_platt_red_win_probability,alliance_score_rmse,123.4373853202222,280,lower
phase-core,full-match,2026,100.0,division:2026dal,transferred_platt_red_win_probability,score_differential_mae,124.28568352697535,140,lower
phase-core,full-match,2026,100.0,division:2026dal,transferred_platt_red_win_probability,score_differential_rmse,156.21967649928013,140,lower
phase-core,full-match,2026,100.0,division:2026dal,transferred_platt_red_win_probability,mean_bias,-27.708266889548838,280,lower
phase-core,full-match,2026,100.0,division:2026dal,transferred_platt_red_win_probability,relative_bias,-0.0679635819075431,280,lower
phase-core,full-match,2026,100.0,division:2026dal,transferred_platt_red_win_probability,winner_accuracy,0.6357142857142857,140,higher
phase-core,full-match,2026,100.0,division:2026dal,transferred_platt_red_win_probability,winner_brier,0.2019625750871484,140,lower
phase-core,full-match,2026,100.0,division:2026dal,transferred_platt_red_win_probability,winner_log_loss,0.5827312334843553,140,lower
phase-core,full-match,2026,100.0,division:2026dal,transferred_platt_red_win_probability,winner_ece,0.12695371213275813,140,lower
phase-core,full-match,2026,100.0,division:2026dal,transferred_score_red_win_probability,alliance_score_mae,97.91868401336708,280,lower
phase-core,full-match,2026,100.0,division:2026dal,transferred_score_red_win_probability,alliance_score_rmse,123.4373853202222,280,lower
phase-core,full-match,2026,100.0,division:2026dal,transferred_score_red_win_probability,score_differential_mae,124.28568352697535,140,lower
phase-core,full-match,2026,100.0,division:2026dal,transferred_score_red_win_probability,score_differential_rmse,156.21967649928013,140,lower
phase-core,full-match,2026,100.0,division:2026dal,transferred_score_red_win_probability,mean_bias,-27.708266889548838,280,lower
phase-core,full-match,2026,100.0,division:2026dal,transferred_score_red_win_probability,relative_bias,-0.0679635819075431,280,lower
phase-core,full-match,2026,100.0,division:2026dal,transferred_score_red_win_probability,winner_accuracy,0.6714285714285714,140,higher
phase-core,full-match,2026,100.0,division:2026dal,transferred_score_red_win_probability,winner_brier,0.21031401162623942,140,lower
phase-core,full-match,2026,100.0,division:2026dal,transferred_score_red_win_probability,winner_log_loss,0.6020013160711183,140,lower
phase-core,full-match,2026,100.0,division:2026dal,transferred_score_red_win_probability,winner_ece,0.14135830921934842,140,lower
phase-core,full-match,2026,100.0,division:2026gal,raw_pred_red_win_probability,alliance_score_mae,118.20187516164047,280,lower
phase-core,full-match,2026,100.0,division:2026gal,raw_pred_red_win_probability,alliance_score_rmse,147.44623496609572,280,lower
phase-core,full-match,2026,100.0,division:2026gal,raw_pred_red_win_probability,score_differential_mae,139.56196458461147,140,lower
phase-core,full-match,2026,100.0,division:2026gal,raw_pred_red_win_probability,score_differential_rmse,170.026859800529,140,lower
phase-core,full-match,2026,100.0,division:2026gal,raw_pred_red_win_probability,mean_bias,-75.3807528623175,280,lower
phase-core,full-match,2026,100.0,division:2026gal,raw_pred_red_win_probability,relative_bias,-0.17720118881924338,280,lower
phase-core,full-match,2026,100.0,division:2026gal,raw_pred_red_win_probability,winner_accuracy,0.6762589928057554,139,higher
phase-core,full-match,2026,100.0,division:2026gal,raw_pred_red_win_probability,winner_brier,0.24929408259528563,139,lower
phase-core,full-match,2026,100.0,division:2026gal,raw_pred_red_win_probability,winner_log_loss,1.3261974869417503,139,lower
phase-core,full-match,2026,100.0,division:2026gal,raw_pred_red_win_probability,winner_ece,0.25624088414319324,139,lower
phase-core,full-match,2026,100.0,division:2026gal,transferred_platt_red_win_probability,alliance_score_mae,118.20187516164047,280,lower
phase-core,full-match,2026,100.0,division:2026gal,transferred_platt_red_win_probability,alliance_score_rmse,147.44623496609572,280,lower
phase-core,full-match,2026,100.0,division:2026gal,transferred_platt_red_win_probability,score_differential_mae,139.56196458461147,140,lower
phase-core,full-match,2026,100.0,division:2026gal,transferred_platt_red_win_probability,score_differential_rmse,170.026859800529,140,lower
phase-core,full-match,2026,100.0,division:2026gal,transferred_platt_red_win_probability,mean_bias,-75.3807528623175,280,lower
phase-core,full-match,2026,100.0,division:2026gal,transferred_platt_red_win_probability,relative_bias,-0.17720118881924338,280,lower
phase-core,full-match,2026,100.0,division:2026gal,transferred_platt_red_win_probability,winner_accuracy,0.7122302158273381,139,higher
phase-core,full-match,2026,100.0,division:2026gal,transferred_platt_red_win_probability,winner_brier,0.18511947022681288,139,lower
phase-core,full-match,2026,100.0,division:2026gal,transferred_platt_red_win_probability,winner_log_loss,0.5502437719008455,139,lower
phase-core,full-match,2026,100.0,division:2026gal,transferred_platt_red_win_probability,winner_ece,0.07395816390330025,139,lower
phase-core,full-match,2026,100.0,division:2026gal,transferred_score_red_win_probability,alliance_score_mae,118.20187516164047,280,lower
phase-core,full-match,2026,100.0,division:2026gal,transferred_score_red_win_probability,alliance_score_rmse,147.44623496609572,280,lower
phase-core,full-match,2026,100.0,division:2026gal,transferred_score_red_win_probability,score_differential_mae,139.56196458461147,140,lower
phase-core,full-match,2026,100.0,division:2026gal,transferred_score_red_win_probability,score_differential_rmse,170.026859800529,140,lower
phase-core,full-match,2026,100.0,division:2026gal,transferred_score_red_win_probability,mean_bias,-75.3807528623175,280,lower
phase-core,full-match,2026,100.0,division:2026gal,transferred_score_red_win_probability,relative_bias,-0.17720118881924338,280,lower
phase-core,full-match,2026,100.0,division:2026gal,transferred_score_red_win_probability,winner_accuracy,0.697841726618705,139,higher
phase-core,full-match,2026,100.0,division:2026gal,transferred_score_red_win_probability,winner_brier,0.19921786076927106,139,lower
phase-core,full-match,2026,100.0,division:2026gal,transferred_score_red_win_probability,winner_log_loss,0.5850039799795818,139,lower
phase-core,full-match,2026,100.0,division:2026gal,transferred_score_red_win_probability,winner_ece,0.1155905370705415,139,lower
phase-core,full-match,2026,100.0,division:2026hop,raw_pred_red_win_probability,alliance_score_mae,135.94875282705544,280,lower
phase-core,full-match,2026,100.0,division:2026hop,raw_pred_red_win_probability,alliance_score_rmse,165.92658790169597,280,lower
phase-core,full-match,2026,100.0,division:2026hop,raw_pred_red_win_probability,score_differential_mae,131.62706322203556,140,lower
phase-core,full-match,2026,100.0,division:2026hop,raw_pred_red_win_probability,score_differential_rmse,165.4841547907984,140,lower
phase-core,full-match,2026,100.0,division:2026hop,raw_pred_red_win_probability,mean_bias,-106.99168023311283,280,lower
phase-core,full-match,2026,100.0,division:2026hop,raw_pred_red_win_probability,relative_bias,-0.23198542982027934,280,lower
phase-core,full-match,2026,100.0,division:2026hop,raw_pred_red_win_probability,winner_accuracy,0.7428571428571429,140,higher
phase-core,full-match,2026,100.0,division:2026hop,raw_pred_red_win_probability,winner_brier,0.237210870533686,140,lower
phase-core,full-match,2026,100.0,division:2026hop,raw_pred_red_win_probability,winner_log_loss,1.352755192559176,140,lower
phase-core,full-match,2026,100.0,division:2026hop,raw_pred_red_win_probability,winner_ece,0.21936614701313553,140,lower
phase-core,full-match,2026,100.0,division:2026hop,transferred_platt_red_win_probability,alliance_score_mae,135.94875282705544,280,lower
phase-core,full-match,2026,100.0,division:2026hop,transferred_platt_red_win_probability,alliance_score_rmse,165.92658790169597,280,lower
phase-core,full-match,2026,100.0,division:2026hop,transferred_platt_red_win_probability,score_differential_mae,131.62706322203556,140,lower
phase-core,full-match,2026,100.0,division:2026hop,transferred_platt_red_win_probability,score_differential_rmse,165.4841547907984,140,lower
phase-core,full-match,2026,100.0,division:2026hop,transferred_platt_red_win_probability,mean_bias,-106.99168023311283,280,lower
phase-core,full-match,2026,100.0,division:2026hop,transferred_platt_red_win_probability,relative_bias,-0.23198542982027934,280,lower
phase-core,full-match,2026,100.0,division:2026hop,transferred_platt_red_win_probability,winner_accuracy,0.7428571428571429,140,higher
phase-core,full-match,2026,100.0,division:2026hop,transferred_platt_red_win_probability,winner_brier,0.18850702127879687,140,lower
phase-core,full-match,2026,100.0,division:2026hop,transferred_platt_red_win_probability,winner_log_loss,0.5549186786667647,140,lower
phase-core,full-match,2026,100.0,division:2026hop,transferred_platt_red_win_probability,winner_ece,0.11670294827350483,140,lower
phase-core,full-match,2026,100.0,division:2026hop,transferred_score_red_win_probability,alliance_score_mae,135.94875282705544,280,lower
phase-core,full-match,2026,100.0,division:2026hop,transferred_score_red_win_probability,alliance_score_rmse,165.92658790169597,280,lower
phase-core,full-match,2026,100.0,division:2026hop,transferred_score_red_win_probability,score_differential_mae,131.62706322203556,140,lower
phase-core,full-match,2026,100.0,division:2026hop,transferred_score_red_win_probability,score_differential_rmse,165.4841547907984,140,lower
phase-core,full-match,2026,100.0,division:2026hop,transferred_score_red_win_probability,mean_bias,-106.99168023311283,280,lower
phase-core,full-match,2026,100.0,division:2026hop,transferred_score_red_win_probability,relative_bias,-0.23198542982027934,280,lower
phase-core,full-match,2026,100.0,division:2026hop,transferred_score_red_win_probability,winner_accuracy,0.7428571428571429,140,higher
phase-core,full-match,2026,100.0,division:2026hop,transferred_score_red_win_probability,winner_brier,0.18077508544905535,140,lower
phase-core,full-match,2026,100.0,division:2026hop,transferred_score_red_win_probability,winner_log_loss,0.5358147238450802,140,lower
phase-core,full-match,2026,100.0,division:2026hop,transferred_score_red_win_probability,winner_ece,0.09947417653271017,140,lower
phase-core,full-match,2026,100.0,division:2026joh,raw_pred_red_win_probability,alliance_score_mae,116.21776996254482,280,lower
phase-core,full-match,2026,100.0,division:2026joh,raw_pred_red_win_probability,alliance_score_rmse,145.45807731930822,280,lower
phase-core,full-match,2026,100.0,division:2026joh,raw_pred_red_win_probability,score_differential_mae,148.75378710454592,140,lower
phase-core,full-match,2026,100.0,division:2026joh,raw_pred_red_win_probability,score_differential_rmse,184.21725502926694,140,lower
phase-core,full-match,2026,100.0,division:2026joh,raw_pred_red_win_probability,mean_bias,-54.388687902392704,280,lower
phase-core,full-match,2026,100.0,division:2026joh,raw_pred_red_win_probability,relative_bias,-0.13100071064662328,280,lower
phase-core,full-match,2026,100.0,division:2026joh,raw_pred_red_win_probability,winner_accuracy,0.6214285714285714,140,higher
phase-core,full-match,2026,100.0,division:2026joh,raw_pred_red_win_probability,winner_brier,0.3334076675043194,140,lower
phase-core,full-match,2026,100.0,division:2026joh,raw_pred_red_win_probability,winner_log_loss,2.0048454421466197,140,lower
phase-core,full-match,2026,100.0,division:2026joh,raw_pred_red_win_probability,winner_ece,0.3135556355153594,140,lower
phase-core,full-match,2026,100.0,division:2026joh,transferred_platt_red_win_probability,alliance_score_mae,116.21776996254482,280,lower
phase-core,full-match,2026,100.0,division:2026joh,transferred_platt_red_win_probability,alliance_score_rmse,145.45807731930822,280,lower
phase-core,full-match,2026,100.0,division:2026joh,transferred_platt_red_win_probability,score_differential_mae,148.75378710454592,140,lower
phase-core,full-match,2026,100.0,division:2026joh,transferred_platt_red_win_probability,score_differential_rmse,184.21725502926694,140,lower
phase-core,full-match,2026,100.0,division:2026joh,transferred_platt_red_win_probability,mean_bias,-54.388687902392704,280,lower
phase-core,full-match,2026,100.0,division:2026joh,transferred_platt_red_win_probability,relative_bias,-0.13100071064662328,280,lower
phase-core,full-match,2026,100.0,division:2026joh,transferred_platt_red_win_probability,winner_accuracy,0.6142857142857143,140,higher
phase-core,full-match,2026,100.0,division:2026joh,transferred_platt_red_win_probability,winner_brier,0.23377321357897055,140,lower
phase-core,full-match,2026,100.0,division:2026joh,transferred_platt_red_win_probability,winner_log_loss,0.6665872823812998,140,lower
phase-core,full-match,2026,100.0,division:2026joh,transferred_platt_red_win_probability,winner_ece,0.09318446455918092,140,lower
phase-core,full-match,2026,100.0,division:2026joh,transferred_score_red_win_probability,alliance_score_mae,116.21776996254482,280,lower
phase-core,full-match,2026,100.0,division:2026joh,transferred_score_red_win_probability,alliance_score_rmse,145.45807731930822,280,lower
phase-core,full-match,2026,100.0,division:2026joh,transferred_score_red_win_probability,score_differential_mae,148.75378710454592,140,lower
phase-core,full-match,2026,100.0,division:2026joh,transferred_score_red_win_probability,score_differential_rmse,184.21725502926694,140,lower
phase-core,full-match,2026,100.0,division:2026joh,transferred_score_red_win_probability,mean_bias,-54.388687902392704,280,lower
phase-core,full-match,2026,100.0,division:2026joh,transferred_score_red_win_probability,relative_bias,-0.13100071064662328,280,lower
phase-core,full-match,2026,100.0,division:2026joh,transferred_score_red_win_probability,winner_accuracy,0.7214285714285714,140,higher
phase-core,full-match,2026,100.0,division:2026joh,transferred_score_red_win_probability,winner_brier,0.20975083270636072,140,lower
phase-core,full-match,2026,100.0,division:2026joh,transferred_score_red_win_probability,winner_log_loss,0.6496139755316694,140,lower
phase-core,full-match,2026,100.0,division:2026joh,transferred_score_red_win_probability,winner_ece,0.09714994164495616,140,lower
phase-core,full-match,2026,100.0,division:2026mil,raw_pred_red_win_probability,alliance_score_mae,106.45243828287873,278,lower
phase-core,full-match,2026,100.0,division:2026mil,raw_pred_red_win_probability,alliance_score_rmse,136.13385613000284,278,lower
phase-core,full-match,2026,100.0,division:2026mil,raw_pred_red_win_probability,score_differential_mae,132.790984631272,139,lower
phase-core,full-match,2026,100.0,division:2026mil,raw_pred_red_win_probability,score_differential_rmse,160.62948531626142,139,lower
phase-core,full-match,2026,100.0,division:2026mil,raw_pred_red_win_probability,mean_bias,-57.86340019524429,278,lower
phase-core,full-match,2026,100.0,division:2026mil,raw_pred_red_win_probability,relative_bias,-0.14055804807834324,278,lower
phase-core,full-match,2026,100.0,division:2026mil,raw_pred_red_win_probability,winner_accuracy,0.7194244604316546,139,higher
phase-core,full-match,2026,100.0,division:2026mil,raw_pred_red_win_probability,winner_brier,0.24982325852785098,139,lower
phase-core,full-match,2026,100.0,division:2026mil,raw_pred_red_win_probability,winner_log_loss,1.2385357901280278,139,lower
phase-core,full-match,2026,100.0,division:2026mil,raw_pred_red_win_probability,winner_ece,0.24025178111851658,139,lower
phase-core,full-match,2026,100.0,division:2026mil,transferred_platt_red_win_probability,alliance_score_mae,106.45243828287873,278,lower
phase-core,full-match,2026,100.0,division:2026mil,transferred_platt_red_win_probability,alliance_score_rmse,136.13385613000284,278,lower
phase-core,full-match,2026,100.0,division:2026mil,transferred_platt_red_win_probability,score_differential_mae,132.790984631272,139,lower
phase-core,full-match,2026,100.0,division:2026mil,transferred_platt_red_win_probability,score_differential_rmse,160.62948531626142,139,lower
phase-core,full-match,2026,100.0,division:2026mil,transferred_platt_red_win_probability,mean_bias,-57.86340019524429,278,lower
phase-core,full-match,2026,100.0,division:2026mil,transferred_platt_red_win_probability,relative_bias,-0.14055804807834324,278,lower
phase-core,full-match,2026,100.0,division:2026mil,transferred_platt_red_win_probability,winner_accuracy,0.7410071942446043,139,higher
phase-core,full-match,2026,100.0,division:2026mil,transferred_platt_red_win_probability,winner_brier,0.1844113191312803,139,lower
phase-core,full-match,2026,100.0,division:2026mil,transferred_platt_red_win_probability,winner_log_loss,0.5454959272155739,139,lower
phase-core,full-match,2026,100.0,division:2026mil,transferred_platt_red_win_probability,winner_ece,0.07250468100996937,139,lower
phase-core,full-match,2026,100.0,division:2026mil,transferred_score_red_win_probability,alliance_score_mae,106.45243828287873,278,lower
phase-core,full-match,2026,100.0,division:2026mil,transferred_score_red_win_probability,alliance_score_rmse,136.13385613000284,278,lower
phase-core,full-match,2026,100.0,division:2026mil,transferred_score_red_win_probability,score_differential_mae,132.790984631272,139,lower
phase-core,full-match,2026,100.0,division:2026mil,transferred_score_red_win_probability,score_differential_rmse,160.62948531626142,139,lower
phase-core,full-match,2026,100.0,division:2026mil,transferred_score_red_win_probability,mean_bias,-57.86340019524429,278,lower
phase-core,full-match,2026,100.0,division:2026mil,transferred_score_red_win_probability,relative_bias,-0.14055804807834324,278,lower
phase-core,full-match,2026,100.0,division:2026mil,transferred_score_red_win_probability,winner_accuracy,0.7266187050359713,139,higher
phase-core,full-match,2026,100.0,division:2026mil,transferred_score_red_win_probability,winner_brier,0.19287250684331153,139,lower
phase-core,full-match,2026,100.0,division:2026mil,transferred_score_red_win_probability,winner_log_loss,0.5803785496954692,139,lower
phase-core,full-match,2026,100.0,division:2026mil,transferred_score_red_win_probability,winner_ece,0.0912634346952986,139,lower
phase-core,full-match,2026,100.0,division:2026new,raw_pred_red_win_probability,alliance_score_mae,128.53895701444208,280,lower
phase-core,full-match,2026,100.0,division:2026new,raw_pred_red_win_probability,alliance_score_rmse,157.88619877219054,280,lower
phase-core,full-match,2026,100.0,division:2026new,raw_pred_red_win_probability,score_differential_mae,139.6413806278732,140,lower
phase-core,full-match,2026,100.0,division:2026new,raw_pred_red_win_probability,score_differential_rmse,175.26869638954273,140,lower
phase-core,full-match,2026,100.0,division:2026new,raw_pred_red_win_probability,mean_bias,-83.31720072092327,280,lower
phase-core,full-match,2026,100.0,division:2026new,raw_pred_red_win_probability,relative_bias,-0.17629405649448354,280,lower
phase-core,full-match,2026,100.0,division:2026new,raw_pred_red_win_probability,winner_accuracy,0.6214285714285714,140,higher
phase-core,full-match,2026,100.0,division:2026new,raw_pred_red_win_probability,winner_brier,0.31001034328770183,140,lower
phase-core,full-match,2026,100.0,division:2026new,raw_pred_red_win_probability,winner_log_loss,1.6471806846865922,140,lower
phase-core,full-match,2026,100.0,division:2026new,raw_pred_red_win_probability,winner_ece,0.30206935469522656,140,lower
phase-core,full-match,2026,100.0,division:2026new,transferred_platt_red_win_probability,alliance_score_mae,128.53895701444208,280,lower
phase-core,full-match,2026,100.0,division:2026new,transferred_platt_red_win_probability,alliance_score_rmse,157.88619877219054,280,lower
phase-core,full-match,2026,100.0,division:2026new,transferred_platt_red_win_probability,score_differential_mae,139.6413806278732,140,lower
phase-core,full-match,2026,100.0,division:2026new,transferred_platt_red_win_probability,score_differential_rmse,175.26869638954273,140,lower
phase-core,full-match,2026,100.0,division:2026new,transferred_platt_red_win_probability,mean_bias,-83.31720072092327,280,lower
phase-core,full-match,2026,100.0,division:2026new,transferred_platt_red_win_probability,relative_bias,-0.17629405649448354,280,lower
phase-core,full-match,2026,100.0,division:2026new,transferred_platt_red_win_probability,winner_accuracy,0.6214285714285714,140,higher
phase-core,full-match,2026,100.0,division:2026new,transferred_platt_red_win_probability,winner_brier,0.2168161122495076,140,lower
phase-core,full-match,2026,100.0,division:2026new,transferred_platt_red_win_probability,winner_log_loss,0.622056204082945,140,lower
phase-core,full-match,2026,100.0,division:2026new,transferred_platt_red_win_probability,winner_ece,0.11174649024481065,140,lower
phase-core,full-match,2026,100.0,division:2026new,transferred_score_red_win_probability,alliance_score_mae,128.53895701444208,280,lower
phase-core,full-match,2026,100.0,division:2026new,transferred_score_red_win_probability,alliance_score_rmse,157.88619877219054,280,lower
phase-core,full-match,2026,100.0,division:2026new,transferred_score_red_win_probability,score_differential_mae,139.6413806278732,140,lower
phase-core,full-match,2026,100.0,division:2026new,transferred_score_red_win_probability,score_differential_rmse,175.26869638954273,140,lower
phase-core,full-match,2026,100.0,division:2026new,transferred_score_red_win_probability,mean_bias,-83.31720072092327,280,lower
phase-core,full-match,2026,100.0,division:2026new,transferred_score_red_win_probability,relative_bias,-0.17629405649448354,280,lower
phase-core,full-match,2026,100.0,division:2026new,transferred_score_red_win_probability,winner_accuracy,0.6714285714285714,140,higher
phase-core,full-match,2026,100.0,division:2026new,transferred_score_red_win_probability,winner_brier,0.2203850259378424,140,lower
phase-core,full-match,2026,100.0,division:2026new,transferred_score_red_win_probability,winner_log_loss,0.6422067816524247,140,lower
phase-core,full-match,2026,100.0,division:2026new,transferred_score_red_win_probability,winner_ece,0.12913989028514397,140,lower
phase-core,full-match,2026,100.0,observation:high,raw_pred_red_win_probability,alliance_score_mae,115.03792791953597,2134,lower
phase-core,full-match,2026,100.0,observation:high,raw_pred_red_win_probability,alliance_score_rmse,143.91532233061932,2134,lower
phase-core,full-match,2026,100.0,observation:high,raw_pred_red_win_probability,score_differential_mae,134.39571495635786,1067,lower
phase-core,full-match,2026,100.0,observation:high,raw_pred_red_win_probability,score_differential_rmse,166.96416790669855,1067,lower
phase-core,full-match,2026,100.0,observation:high,raw_pred_red_win_probability,mean_bias,-66.29281939813013,2134,lower
phase-core,full-match,2026,100.0,observation:high,raw_pred_red_win_probability,relative_bias,-0.15188842237020583,2134,lower
phase-core,full-match,2026,100.0,observation:high,raw_pred_red_win_probability,winner_accuracy,0.6619718309859155,1065,higher
phase-core,full-match,2026,100.0,observation:high,raw_pred_red_win_probability,winner_brier,0.287844047943858,1065,lower
phase-core,full-match,2026,100.0,observation:high,raw_pred_red_win_probability,winner_log_loss,1.517504755282848,1065,lower
phase-core,full-match,2026,100.0,observation:high,raw_pred_red_win_probability,winner_ece,0.2720045234676106,1065,lower
phase-core,full-match,2026,100.0,observation:high,transferred_platt_red_win_probability,alliance_score_mae,115.03792791953597,2134,lower
phase-core,full-match,2026,100.0,observation:high,transferred_platt_red_win_probability,alliance_score_rmse,143.91532233061932,2134,lower
phase-core,full-match,2026,100.0,observation:high,transferred_platt_red_win_probability,score_differential_mae,134.39571495635786,1067,lower
phase-core,full-match,2026,100.0,observation:high,transferred_platt_red_win_probability,score_differential_rmse,166.96416790669855,1067,lower
phase-core,full-match,2026,100.0,observation:high,transferred_platt_red_win_probability,mean_bias,-66.29281939813013,2134,lower
phase-core,full-match,2026,100.0,observation:high,transferred_platt_red_win_probability,relative_bias,-0.15188842237020583,2134,lower
phase-core,full-match,2026,100.0,observation:high,transferred_platt_red_win_probability,winner_accuracy,0.6694835680751173,1065,higher
phase-core,full-match,2026,100.0,observation:high,transferred_platt_red_win_probability,winner_brier,0.20318331371164194,1065,lower
phase-core,full-match,2026,100.0,observation:high,transferred_platt_red_win_probability,winner_log_loss,0.5897244555704979,1065,lower
phase-core,full-match,2026,100.0,observation:high,transferred_platt_red_win_probability,winner_ece,0.043437675249528865,1065,lower
phase-core,full-match,2026,100.0,observation:high,transferred_score_red_win_probability,alliance_score_mae,115.03792791953597,2134,lower
phase-core,full-match,2026,100.0,observation:high,transferred_score_red_win_probability,alliance_score_rmse,143.91532233061932,2134,lower
phase-core,full-match,2026,100.0,observation:high,transferred_score_red_win_probability,score_differential_mae,134.39571495635786,1067,lower
phase-core,full-match,2026,100.0,observation:high,transferred_score_red_win_probability,score_differential_rmse,166.96416790669855,1067,lower
phase-core,full-match,2026,100.0,observation:high,transferred_score_red_win_probability,mean_bias,-66.29281939813013,2134,lower
phase-core,full-match,2026,100.0,observation:high,transferred_score_red_win_probability,relative_bias,-0.15188842237020583,2134,lower
phase-core,full-match,2026,100.0,observation:high,transferred_score_red_win_probability,winner_accuracy,0.711737089201878,1065,higher
phase-core,full-match,2026,100.0,observation:high,transferred_score_red_win_probability,winner_brier,0.19884249455718042,1065,lower
phase-core,full-match,2026,100.0,observation:high,transferred_score_red_win_probability,winner_log_loss,0.5902629538192233,1065,lower
phase-core,full-match,2026,100.0,observation:high,transferred_score_red_win_probability,winner_ece,0.06546004922286323,1065,lower
phase-core,full-match,2026,100.0,observation:low,raw_pred_red_win_probability,alliance_score_mae,193.3817291517782,4,lower
phase-core,full-match,2026,100.0,observation:low,raw_pred_red_win_probability,alliance_score_rmse,198.94464646233982,4,lower
phase-core,full-match,2026,100.0,observation:low,raw_pred_red_win_probability,score_differential_mae,84.37182540273767,2,lower
phase-core,full-match,2026,100.0,observation:low,raw_pred_red_win_probability,score_differential_rmse,88.90165550671435,2,lower
phase-core,full-match,2026,100.0,observation:low,raw_pred_red_win_probability,mean_bias,-14.373694665431316,4,lower
phase-core,full-match,2026,100.0,observation:low,raw_pred_red_win_probability,relative_bias,-0.03827881402245357,4,lower
phase-core,full-match,2026,100.0,observation:low,raw_pred_red_win_probability,winner_accuracy,1.0,2,higher
phase-core,full-match,2026,100.0,observation:low,raw_pred_red_win_probability,winner_brier,0.04865760926620455,2,lower
phase-core,full-match,2026,100.0,observation:low,raw_pred_red_win_probability,winner_log_loss,0.18695011594640648,2,lower
phase-core,full-match,2026,100.0,observation:low,raw_pred_red_win_probability,winner_ece,0.15597735345363617,2,lower
phase-core,full-match,2026,100.0,observation:low,transferred_platt_red_win_probability,alliance_score_mae,193.3817291517782,4,lower
phase-core,full-match,2026,100.0,observation:low,transferred_platt_red_win_probability,alliance_score_rmse,198.94464646233982,4,lower
phase-core,full-match,2026,100.0,observation:low,transferred_platt_red_win_probability,score_differential_mae,84.37182540273767,2,lower
phase-core,full-match,2026,100.0,observation:low,transferred_platt_red_win_probability,score_differential_rmse,88.90165550671435,2,lower
phase-core,full-match,2026,100.0,observation:low,transferred_platt_red_win_probability,mean_bias,-14.373694665431316,4,lower
phase-core,full-match,2026,100.0,observation:low,transferred_platt_red_win_probability,relative_bias,-0.03827881402245357,4,lower
phase-core,full-match,2026,100.0,observation:low,transferred_platt_red_win_probability,winner_accuracy,1.0,2,higher
phase-core,full-match,2026,100.0,observation:low,transferred_platt_red_win_probability,winner_brier,0.12896500314661652,2,lower
phase-core,full-match,2026,100.0,observation:low,transferred_platt_red_win_probability,winner_log_loss,0.39690454687820825,2,lower
phase-core,full-match,2026,100.0,observation:low,transferred_platt_red_win_probability,winner_ece,0.29864912548265454,2,lower
phase-core,full-match,2026,100.0,observation:low,transferred_score_red_win_probability,alliance_score_mae,193.3817291517782,4,lower
phase-core,full-match,2026,100.0,observation:low,transferred_score_red_win_probability,alliance_score_rmse,198.94464646233982,4,lower
phase-core,full-match,2026,100.0,observation:low,transferred_score_red_win_probability,score_differential_mae,84.37182540273767,2,lower
phase-core,full-match,2026,100.0,observation:low,transferred_score_red_win_probability,score_differential_rmse,88.90165550671435,2,lower
phase-core,full-match,2026,100.0,observation:low,transferred_score_red_win_probability,mean_bias,-14.373694665431316,4,lower
phase-core,full-match,2026,100.0,observation:low,transferred_score_red_win_probability,relative_bias,-0.03827881402245357,4,lower
phase-core,full-match,2026,100.0,observation:low,transferred_score_red_win_probability,winner_accuracy,0.5,2,higher
phase-core,full-match,2026,100.0,observation:low,transferred_score_red_win_probability,winner_brier,0.16635457952824267,2,lower
phase-core,full-match,2026,100.0,observation:low,transferred_score_red_win_probability,winner_log_loss,0.47925552742901345,2,lower
phase-core,full-match,2026,100.0,observation:low,transferred_score_red_win_probability,winner_ece,0.34217415191863243,2,lower
phase-core,full-match,2026,100.0,observation:medium,raw_pred_red_win_probability,alliance_score_mae,137.85516465823682,100,lower
phase-core,full-match,2026,100.0,observation:medium,raw_pred_red_win_probability,alliance_score_rmse,166.69309265352072,100,lower
phase-core,full-match,2026,100.0,observation:medium,raw_pred_red_win_probability,score_differential_mae,163.94046222409975,50,lower
phase-core,full-match,2026,100.0,observation:medium,raw_pred_red_win_probability,score_differential_rmse,209.10317414363283,50,lower
phase-core,full-match,2026,100.0,observation:medium,raw_pred_red_win_probability,mean_bias,-78.77428250001846,100,lower
phase-core,full-match,2026,100.0,observation:medium,raw_pred_red_win_probability,relative_bias,-0.2046616848532566,100,lower
phase-core,full-match,2026,100.0,observation:medium,raw_pred_red_win_probability,winner_accuracy,0.72,50,higher
phase-core,full-match,2026,100.0,observation:medium,raw_pred_red_win_probability,winner_brier,0.2518902307992739,50,lower
phase-core,full-match,2026,100.0,observation:medium,raw_pred_red_win_probability,winner_log_loss,1.73585038201043,50,lower
phase-core,full-match,2026,100.0,observation:medium,raw_pred_red_win_probability,winner_ece,0.23028663741482774,50,lower
phase-core,full-match,2026,100.0,observation:medium,transferred_platt_red_win_probability,alliance_score_mae,137.85516465823682,100,lower
phase-core,full-match,2026,100.0,observation:medium,transferred_platt_red_win_probability,alliance_score_rmse,166.69309265352072,100,lower
phase-core,full-match,2026,100.0,observation:medium,transferred_platt_red_win_probability,score_differential_mae,163.94046222409975,50,lower
phase-core,full-match,2026,100.0,observation:medium,transferred_platt_red_win_probability,score_differential_rmse,209.10317414363283,50,lower
phase-core,full-match,2026,100.0,observation:medium,transferred_platt_red_win_probability,mean_bias,-78.77428250001846,100,lower
phase-core,full-match,2026,100.0,observation:medium,transferred_platt_red_win_probability,relative_bias,-0.2046616848532566,100,lower
phase-core,full-match,2026,100.0,observation:medium,transferred_platt_red_win_probability,winner_accuracy,0.72,50,higher
phase-core,full-match,2026,100.0,observation:medium,transferred_platt_red_win_probability,winner_brier,0.19375442146470814,50,lower
phase-core,full-match,2026,100.0,observation:medium,transferred_platt_red_win_probability,winner_log_loss,0.5735223341007865,50,lower
phase-core,full-match,2026,100.0,observation:medium,transferred_platt_red_win_probability,winner_ece,0.15029959500324303,50,lower
phase-core,full-match,2026,100.0,observation:medium,transferred_score_red_win_probability,alliance_score_mae,137.85516465823682,100,lower
phase-core,full-match,2026,100.0,observation:medium,transferred_score_red_win_probability,alliance_score_rmse,166.69309265352072,100,lower
phase-core,full-match,2026,100.0,observation:medium,transferred_score_red_win_probability,score_differential_mae,163.94046222409975,50,lower
phase-core,full-match,2026,100.0,observation:medium,transferred_score_red_win_probability,score_differential_rmse,209.10317414363283,50,lower
phase-core,full-match,2026,100.0,observation:medium,transferred_score_red_win_probability,mean_bias,-78.77428250001846,100,lower
phase-core,full-match,2026,100.0,observation:medium,transferred_score_red_win_probability,relative_bias,-0.2046616848532566,100,lower
phase-core,full-match,2026,100.0,observation:medium,transferred_score_red_win_probability,winner_accuracy,0.7,50,higher
phase-core,full-match,2026,100.0,observation:medium,transferred_score_red_win_probability,winner_brier,0.22472519839995495,50,lower
phase-core,full-match,2026,100.0,observation:medium,transferred_score_red_win_probability,winner_log_loss,0.6698340914748446,50,lower
phase-core,full-match,2026,100.0,observation:medium,transferred_score_red_win_probability,winner_ece,0.1664162329438354,50,lower
phase-core,teammate-set,2026,100.0,primary-clean,raw_pred_red_win_probability,alliance_score_mae,111.33438671499893,2216,lower
phase-core,teammate-set,2026,100.0,primary-clean,raw_pred_red_win_probability,alliance_score_rmse,139.102923258836,2216,lower
phase-core,teammate-set,2026,100.0,primary-clean,raw_pred_red_win_probability,score_differential_mae,133.04341254983817,1108,lower
phase-core,teammate-set,2026,100.0,primary-clean,raw_pred_red_win_probability,score_differential_rmse,168.66507476898886,1108,lower
phase-core,teammate-set,2026,100.0,primary-clean,raw_pred_red_win_probability,mean_bias,-63.90099572381399,2216,lower
phase-core,teammate-set,2026,100.0,primary-clean,raw_pred_red_win_probability,relative_bias,-0.14701673353561853,2216,lower
phase-core,teammate-set,2026,100.0,primary-clean,raw_pred_red_win_probability,winner_accuracy,0.6726943942133815,1106,higher
phase-core,teammate-set,2026,100.0,primary-clean,raw_pred_red_win_probability,winner_brier,0.27288683765414673,1106,lower
phase-core,teammate-set,2026,100.0,primary-clean,raw_pred_red_win_probability,winner_log_loss,1.2912249512708447,1106,lower
phase-core,teammate-set,2026,100.0,primary-clean,raw_pred_red_win_probability,winner_ece,0.245429138562825,1106,lower
phase-core,teammate-set,2026,100.0,primary-clean,transferred_platt_red_win_probability,alliance_score_mae,111.33438671499893,2216,lower
phase-core,teammate-set,2026,100.0,primary-clean,transferred_platt_red_win_probability,alliance_score_rmse,139.102923258836,2216,lower
phase-core,teammate-set,2026,100.0,primary-clean,transferred_platt_red_win_probability,score_differential_mae,133.04341254983817,1108,lower
phase-core,teammate-set,2026,100.0,primary-clean,transferred_platt_red_win_probability,score_differential_rmse,168.66507476898886,1108,lower
phase-core,teammate-set,2026,100.0,primary-clean,transferred_platt_red_win_probability,mean_bias,-63.90099572381399,2216,lower
phase-core,teammate-set,2026,100.0,primary-clean,transferred_platt_red_win_probability,relative_bias,-0.14701673353561853,2216,lower
phase-core,teammate-set,2026,100.0,primary-clean,transferred_platt_red_win_probability,winner_accuracy,0.6699819168173599,1106,higher
phase-core,teammate-set,2026,100.0,primary-clean,transferred_platt_red_win_probability,winner_brier,0.20695974702866418,1106,lower
phase-core,teammate-set,2026,100.0,primary-clean,transferred_platt_red_win_probability,winner_log_loss,0.6013214723506293,1106,lower
phase-core,teammate-set,2026,100.0,primary-clean,transferred_platt_red_win_probability,winner_ece,0.03512631073115306,1106,lower
phase-core,teammate-set,2026,100.0,primary-clean,transferred_score_red_win_probability,alliance_score_mae,111.33438671499893,2216,lower
phase-core,teammate-set,2026,100.0,primary-clean,transferred_score_red_win_probability,alliance_score_rmse,139.102923258836,2216,lower
phase-core,teammate-set,2026,100.0,primary-clean,transferred_score_red_win_probability,score_differential_mae,133.04341254983817,1108,lower
phase-core,teammate-set,2026,100.0,primary-clean,transferred_score_red_win_probability,score_differential_rmse,168.66507476898886,1108,lower
phase-core,teammate-set,2026,100.0,primary-clean,transferred_score_red_win_probability,mean_bias,-63.90099572381399,2216,lower
phase-core,teammate-set,2026,100.0,primary-clean,transferred_score_red_win_probability,relative_bias,-0.14701673353561853,2216,lower
phase-core,teammate-set,2026,100.0,primary-clean,transferred_score_red_win_probability,winner_accuracy,0.7043399638336347,1106,higher
phase-core,teammate-set,2026,100.0,primary-clean,transferred_score_red_win_probability,winner_brier,0.2012089182688296,1106,lower
phase-core,teammate-set,2026,100.0,primary-clean,transferred_score_red_win_probability,winner_log_loss,0.5983974534829105,1106,lower
phase-core,teammate-set,2026,100.0,primary-clean,transferred_score_red_win_probability,winner_ece,0.06163999652652298,1106,lower
phase-core,teammate-set,2026,100.0,all-official,raw_pred_red_win_probability,alliance_score_mae,111.43840242481438,2238,lower
phase-core,teammate-set,2026,100.0,all-official,raw_pred_red_win_probability,alliance_score_rmse,139.64109902327982,2238,lower
phase-core,teammate-set,2026,100.0,all-official,raw_pred_red_win_probability,score_differential_mae,133.54799638674854,1119,lower
phase-core,teammate-set,2026,100.0,all-official,raw_pred_red_win_probability,score_differential_rmse,169.4084799140873,1119,lower
phase-core,teammate-set,2026,100.0,all-official,raw_pred_red_win_probability,mean_bias,-63.62434081849523,2238,lower
phase-core,teammate-set,2026,100.0,all-official,raw_pred_red_win_probability,relative_bias,-0.14658477190649327,2238,lower
phase-core,teammate-set,2026,100.0,all-official,raw_pred_red_win_probability,winner_accuracy,0.6723366159355416,1117,higher
phase-core,teammate-set,2026,100.0,all-official,raw_pred_red_win_probability,winner_brier,0.2737857609235413,1117,lower
phase-core,teammate-set,2026,100.0,all-official,raw_pred_red_win_probability,winner_log_loss,1.2987362350704181,1117,lower
phase-core,teammate-set,2026,100.0,all-official,raw_pred_red_win_probability,winner_ece,0.2462437516727373,1117,lower
phase-core,teammate-set,2026,100.0,all-official,transferred_platt_red_win_probability,alliance_score_mae,111.43840242481438,2238,lower
phase-core,teammate-set,2026,100.0,all-official,transferred_platt_red_win_probability,alliance_score_rmse,139.64109902327982,2238,lower
phase-core,teammate-set,2026,100.0,all-official,transferred_platt_red_win_probability,score_differential_mae,133.54799638674854,1119,lower
phase-core,teammate-set,2026,100.0,all-official,transferred_platt_red_win_probability,score_differential_rmse,169.4084799140873,1119,lower
phase-core,teammate-set,2026,100.0,all-official,transferred_platt_red_win_probability,mean_bias,-63.62434081849523,2238,lower
phase-core,teammate-set,2026,100.0,all-official,transferred_platt_red_win_probability,relative_bias,-0.14658477190649327,2238,lower
phase-core,teammate-set,2026,100.0,all-official,transferred_platt_red_win_probability,winner_accuracy,0.6687555953446732,1117,higher
phase-core,teammate-set,2026,100.0,all-official,transferred_platt_red_win_probability,winner_brier,0.20755589092962004,1117,lower
phase-core,teammate-set,2026,100.0,all-official,transferred_platt_red_win_probability,winner_log_loss,0.6026296056269136,1117,lower
phase-core,teammate-set,2026,100.0,all-official,transferred_platt_red_win_probability,winner_ece,0.03355693817807038,1117,lower
phase-core,teammate-set,2026,100.0,all-official,transferred_score_red_win_probability,alliance_score_mae,111.43840242481438,2238,lower
phase-core,teammate-set,2026,100.0,all-official,transferred_score_red_win_probability,alliance_score_rmse,139.64109902327982,2238,lower
phase-core,teammate-set,2026,100.0,all-official,transferred_score_red_win_probability,score_differential_mae,133.54799638674854,1119,lower
phase-core,teammate-set,2026,100.0,all-official,transferred_score_red_win_probability,score_differential_rmse,169.4084799140873,1119,lower
phase-core,teammate-set,2026,100.0,all-official,transferred_score_red_win_probability,mean_bias,-63.62434081849523,2238,lower
phase-core,teammate-set,2026,100.0,all-official,transferred_score_red_win_probability,relative_bias,-0.14658477190649327,2238,lower
phase-core,teammate-set,2026,100.0,all-official,transferred_score_red_win_probability,winner_accuracy,0.7036705461056401,1117,higher
phase-core,teammate-set,2026,100.0,all-official,transferred_score_red_win_probability,winner_brier,0.2018192243670992,1117,lower
phase-core,teammate-set,2026,100.0,all-official,transferred_score_red_win_probability,winner_log_loss,0.5999829405940168,1117,lower
phase-core,teammate-set,2026,100.0,all-official,transferred_score_red_win_probability,winner_ece,0.06310575987056113,1117,lower
phase-core,teammate-set,2026,100.0,DQ-only,raw_pred_red_win_probability,alliance_score_mae,121.9156211953179,22,lower
phase-core,teammate-set,2026,100.0,DQ-only,raw_pred_red_win_probability,alliance_score_rmse,186.03780483897134,22,lower
phase-core,teammate-set,2026,100.0,DQ-only,raw_pred_red_win_probability,score_differential_mae,184.37335014099475,11,lower
phase-core,teammate-set,2026,100.0,DQ-only,raw_pred_red_win_probability,score_differential_rmse,232.41036408298456,11,lower
phase-core,teammate-set,2026,100.0,DQ-only,raw_pred_red_win_probability,mean_bias,-35.75764671911333,22,lower
phase-core,teammate-set,2026,100.0,DQ-only,raw_pred_red_win_probability,relative_bias,-0.09587668833887791,22,lower
phase-core,teammate-set,2026,100.0,DQ-only,raw_pred_red_win_probability,winner_accuracy,0.6363636363636364,11,higher
phase-core,teammate-set,2026,100.0,DQ-only,raw_pred_red_win_probability,winner_brier,0.3641684096463001,11,lower
phase-core,teammate-set,2026,100.0,DQ-only,raw_pred_red_win_probability,winner_log_loss,2.0539616789184154,11,lower
phase-core,teammate-set,2026,100.0,DQ-only,raw_pred_red_win_probability,winner_ece,0.4009560371923726,11,lower
phase-core,teammate-set,2026,100.0,DQ-only,transferred_platt_red_win_probability,alliance_score_mae,121.9156211953179,22,lower
phase-core,teammate-set,2026,100.0,DQ-only,transferred_platt_red_win_probability,alliance_score_rmse,186.03780483897134,22,lower
phase-core,teammate-set,2026,100.0,DQ-only,transferred_platt_red_win_probability,score_differential_mae,184.37335014099475,11,lower
phase-core,teammate-set,2026,100.0,DQ-only,transferred_platt_red_win_probability,score_differential_rmse,232.41036408298456,11,lower
phase-core,teammate-set,2026,100.0,DQ-only,transferred_platt_red_win_probability,mean_bias,-35.75764671911333,22,lower
phase-core,teammate-set,2026,100.0,DQ-only,transferred_platt_red_win_probability,relative_bias,-0.09587668833887791,22,lower
phase-core,teammate-set,2026,100.0,DQ-only,transferred_platt_red_win_probability,winner_accuracy,0.5454545454545454,11,higher
phase-core,teammate-set,2026,100.0,DQ-only,transferred_platt_red_win_probability,winner_brier,0.2674954504257276,11,lower
phase-core,teammate-set,2026,100.0,DQ-only,transferred_platt_red_win_probability,winner_log_loss,0.7341564604969488,11,lower
phase-core,teammate-set,2026,100.0,DQ-only,transferred_platt_red_win_probability,winner_ece,0.20942029733248602,11,lower
phase-core,teammate-set,2026,100.0,DQ-only,transferred_score_red_win_probability,alliance_score_mae,121.9156211953179,22,lower
phase-core,teammate-set,2026,100.0,DQ-only,transferred_score_red_win_probability,alliance_score_rmse,186.03780483897134,22,lower
phase-core,teammate-set,2026,100.0,DQ-only,transferred_score_red_win_probability,score_differential_mae,184.37335014099475,11,lower
phase-core,teammate-set,2026,100.0,DQ-only,transferred_score_red_win_probability,score_differential_rmse,232.41036408298456,11,lower
phase-core,teammate-set,2026,100.0,DQ-only,transferred_score_red_win_probability,mean_bias,-35.75764671911333,22,lower
phase-core,teammate-set,2026,100.0,DQ-only,transferred_score_red_win_probability,relative_bias,-0.09587668833887791,22,lower
phase-core,teammate-set,2026,100.0,DQ-only,transferred_score_red_win_probability,winner_accuracy,0.6363636363636364,11,higher
phase-core,teammate-set,2026,100.0,DQ-only,transferred_score_red_win_probability,winner_brier,0.26318272842947416,11,lower
phase-core,teammate-set,2026,100.0,DQ-only,transferred_score_red_win_probability,winner_log_loss,0.7593964628561561,11,lower
phase-core,teammate-set,2026,100.0,DQ-only,transferred_score_red_win_probability,winner_ece,0.38642173550086845,11,lower
phase-core,teammate-set,2026,100.0,surrogate-only,raw_pred_red_win_probability,alliance_score_mae,87.70687226978815,12,lower
phase-core,teammate-set,2026,100.0,surrogate-only,raw_pred_red_win_probability,alliance_score_rmse,105.5621735529396,12,lower
phase-core,teammate-set,2026,100.0,surrogate-only,raw_pred_red_win_probability,score_differential_mae,72.17246999331876,6,lower
phase-core,teammate-set,2026,100.0,surrogate-only,raw_pred_red_win_probability,score_differential_rmse,87.03850799800391,6,lower
phase-core,teammate-set,2026,100.0,surrogate-only,raw_pred_red_win_probability,mean_bias,-30.26735122917449,12,lower
phase-core,teammate-set,2026,100.0,surrogate-only,raw_pred_red_win_probability,relative_bias,-0.07822705465218477,12,lower
phase-core,teammate-set,2026,100.0,surrogate-only,raw_pred_red_win_probability,winner_accuracy,0.8333333333333334,6,higher
phase-core,teammate-set,2026,100.0,surrogate-only,raw_pred_red_win_probability,winner_brier,0.1442300229086999,6,lower
phase-core,teammate-set,2026,100.0,surrogate-only,raw_pred_red_win_probability,winner_log_loss,0.44517839084369065,6,lower
phase-core,teammate-set,2026,100.0,surrogate-only,raw_pred_red_win_probability,winner_ece,0.15594005084615975,6,lower
phase-core,teammate-set,2026,100.0,surrogate-only,transferred_platt_red_win_probability,alliance_score_mae,87.70687226978815,12,lower
phase-core,teammate-set,2026,100.0,surrogate-only,transferred_platt_red_win_probability,alliance_score_rmse,105.5621735529396,12,lower
phase-core,teammate-set,2026,100.0,surrogate-only,transferred_platt_red_win_probability,score_differential_mae,72.17246999331876,6,lower
phase-core,teammate-set,2026,100.0,surrogate-only,transferred_platt_red_win_probability,score_differential_rmse,87.03850799800391,6,lower
phase-core,teammate-set,2026,100.0,surrogate-only,transferred_platt_red_win_probability,mean_bias,-30.26735122917449,12,lower
phase-core,teammate-set,2026,100.0,surrogate-only,transferred_platt_red_win_probability,relative_bias,-0.07822705465218477,12,lower
phase-core,teammate-set,2026,100.0,surrogate-only,transferred_platt_red_win_probability,winner_accuracy,0.8333333333333334,6,higher
phase-core,teammate-set,2026,100.0,surrogate-only,transferred_platt_red_win_probability,winner_brier,0.11036205962325618,6,lower
phase-core,teammate-set,2026,100.0,surrogate-only,transferred_platt_red_win_probability,winner_log_loss,0.38804176260475637,6,lower
phase-core,teammate-set,2026,100.0,surrogate-only,transferred_platt_red_win_probability,winner_ece,0.3077163160441965,6,lower
phase-core,teammate-set,2026,100.0,surrogate-only,transferred_score_red_win_probability,alliance_score_mae,87.70687226978815,12,lower
phase-core,teammate-set,2026,100.0,surrogate-only,transferred_score_red_win_probability,alliance_score_rmse,105.5621735529396,12,lower
phase-core,teammate-set,2026,100.0,surrogate-only,transferred_score_red_win_probability,score_differential_mae,72.17246999331876,6,lower
phase-core,teammate-set,2026,100.0,surrogate-only,transferred_score_red_win_probability,score_differential_rmse,87.03850799800391,6,lower
phase-core,teammate-set,2026,100.0,surrogate-only,transferred_score_red_win_probability,mean_bias,-30.26735122917449,12,lower
phase-core,teammate-set,2026,100.0,surrogate-only,transferred_score_red_win_probability,relative_bias,-0.07822705465218477,12,lower
phase-core,teammate-set,2026,100.0,surrogate-only,transferred_score_red_win_probability,winner_accuracy,1.0,6,higher
phase-core,teammate-set,2026,100.0,surrogate-only,transferred_score_red_win_probability,winner_brier,0.010610888301559937,6,lower
phase-core,teammate-set,2026,100.0,surrogate-only,transferred_score_red_win_probability,winner_log_loss,0.0989101045907273,6,lower
phase-core,teammate-set,2026,100.0,surrogate-only,transferred_score_red_win_probability,winner_ece,0.09310321689032022,6,lower
phase-core,teammate-set,2026,100.0,division:2026arc,raw_pred_red_win_probability,alliance_score_mae,108.1725444280604,282,lower
phase-core,teammate-set,2026,100.0,division:2026arc,raw_pred_red_win_probability,alliance_score_rmse,135.44883860280365,282,lower
phase-core,teammate-set,2026,100.0,division:2026arc,raw_pred_red_win_probability,score_differential_mae,137.52895119011194,141,lower
phase-core,teammate-set,2026,100.0,division:2026arc,raw_pred_red_win_probability,score_differential_rmse,175.41692511521862,141,lower
phase-core,teammate-set,2026,100.0,division:2026arc,raw_pred_red_win_probability,mean_bias,-51.10974037099312,282,lower
phase-core,teammate-set,2026,100.0,division:2026arc,raw_pred_red_win_probability,relative_bias,-0.11497612228070503,282,lower
phase-core,teammate-set,2026,100.0,division:2026arc,raw_pred_red_win_probability,winner_accuracy,0.6285714285714286,140,higher
phase-core,teammate-set,2026,100.0,division:2026arc,raw_pred_red_win_probability,winner_brier,0.30007299724673026,140,lower
phase-core,teammate-set,2026,100.0,division:2026arc,raw_pred_red_win_probability,winner_log_loss,1.6908316312992515,140,lower
phase-core,teammate-set,2026,100.0,division:2026arc,raw_pred_red_win_probability,winner_ece,0.2924390626240005,140,lower
phase-core,teammate-set,2026,100.0,division:2026arc,transferred_platt_red_win_probability,alliance_score_mae,108.1725444280604,282,lower
phase-core,teammate-set,2026,100.0,division:2026arc,transferred_platt_red_win_probability,alliance_score_rmse,135.44883860280365,282,lower
phase-core,teammate-set,2026,100.0,division:2026arc,transferred_platt_red_win_probability,score_differential_mae,137.52895119011194,141,lower
phase-core,teammate-set,2026,100.0,division:2026arc,transferred_platt_red_win_probability,score_differential_rmse,175.41692511521862,141,lower
phase-core,teammate-set,2026,100.0,division:2026arc,transferred_platt_red_win_probability,mean_bias,-51.10974037099312,282,lower
phase-core,teammate-set,2026,100.0,division:2026arc,transferred_platt_red_win_probability,relative_bias,-0.11497612228070503,282,lower
phase-core,teammate-set,2026,100.0,division:2026arc,transferred_platt_red_win_probability,winner_accuracy,0.65,140,higher
phase-core,teammate-set,2026,100.0,division:2026arc,transferred_platt_red_win_probability,winner_brier,0.2237256635965983,140,lower
phase-core,teammate-set,2026,100.0,division:2026arc,transferred_platt_red_win_probability,winner_log_loss,0.6428688417015915,140,lower
phase-core,teammate-set,2026,100.0,division:2026arc,transferred_platt_red_win_probability,winner_ece,0.0576621594091231,140,lower
phase-core,teammate-set,2026,100.0,division:2026arc,transferred_score_red_win_probability,alliance_score_mae,108.1725444280604,282,lower
phase-core,teammate-set,2026,100.0,division:2026arc,transferred_score_red_win_probability,alliance_score_rmse,135.44883860280365,282,lower
phase-core,teammate-set,2026,100.0,division:2026arc,transferred_score_red_win_probability,score_differential_mae,137.52895119011194,141,lower
phase-core,teammate-set,2026,100.0,division:2026arc,transferred_score_red_win_probability,score_differential_rmse,175.41692511521862,141,lower
phase-core,teammate-set,2026,100.0,division:2026arc,transferred_score_red_win_probability,mean_bias,-51.10974037099312,282,lower
phase-core,teammate-set,2026,100.0,division:2026arc,transferred_score_red_win_probability,relative_bias,-0.11497612228070503,282,lower
phase-core,teammate-set,2026,100.0,division:2026arc,transferred_score_red_win_probability,winner_accuracy,0.7071428571428572,140,higher
phase-core,teammate-set,2026,100.0,division:2026arc,transferred_score_red_win_probability,winner_brier,0.20896874431637288,140,lower
phase-core,teammate-set,2026,100.0,division:2026arc,transferred_score_red_win_probability,winner_log_loss,0.627073917237299,140,lower
phase-core,teammate-set,2026,100.0,division:2026arc,transferred_score_red_win_probability,winner_ece,0.13456352671018842,140,lower
phase-core,teammate-set,2026,100.0,division:2026cur,raw_pred_red_win_probability,alliance_score_mae,103.77679504582517,278,lower
phase-core,teammate-set,2026,100.0,division:2026cur,raw_pred_red_win_probability,alliance_score_rmse,132.29054968224412,278,lower
phase-core,teammate-set,2026,100.0,division:2026cur,raw_pred_red_win_probability,score_differential_mae,118.81652393100052,139,lower
phase-core,teammate-set,2026,100.0,division:2026cur,raw_pred_red_win_probability,score_differential_rmse,154.63481069165073,139,lower
phase-core,teammate-set,2026,100.0,division:2026cur,raw_pred_red_win_probability,mean_bias,-61.154574179409,278,lower
phase-core,teammate-set,2026,100.0,division:2026cur,raw_pred_red_win_probability,relative_bias,-0.1409558884843606,278,lower
phase-core,teammate-set,2026,100.0,division:2026cur,raw_pred_red_win_probability,winner_accuracy,0.6834532374100719,139,higher
phase-core,teammate-set,2026,100.0,division:2026cur,raw_pred_red_win_probability,winner_brier,0.2691526072568729,139,lower
phase-core,teammate-set,2026,100.0,division:2026cur,raw_pred_red_win_probability,winner_log_loss,1.2426438663698163,139,lower
phase-core,teammate-set,2026,100.0,division:2026cur,raw_pred_red_win_probability,winner_ece,0.24553595891482,139,lower
phase-core,teammate-set,2026,100.0,division:2026cur,transferred_platt_red_win_probability,alliance_score_mae,103.77679504582517,278,lower
phase-core,teammate-set,2026,100.0,division:2026cur,transferred_platt_red_win_probability,alliance_score_rmse,132.29054968224412,278,lower
phase-core,teammate-set,2026,100.0,division:2026cur,transferred_platt_red_win_probability,score_differential_mae,118.81652393100052,139,lower
phase-core,teammate-set,2026,100.0,division:2026cur,transferred_platt_red_win_probability,score_differential_rmse,154.63481069165073,139,lower
phase-core,teammate-set,2026,100.0,division:2026cur,transferred_platt_red_win_probability,mean_bias,-61.154574179409,278,lower
phase-core,teammate-set,2026,100.0,division:2026cur,transferred_platt_red_win_probability,relative_bias,-0.1409558884843606,278,lower
phase-core,teammate-set,2026,100.0,division:2026cur,transferred_platt_red_win_probability,winner_accuracy,0.6762589928057554,139,higher
phase-core,teammate-set,2026,100.0,division:2026cur,transferred_platt_red_win_probability,winner_brier,0.20952221424721643,139,lower
phase-core,teammate-set,2026,100.0,division:2026cur,transferred_platt_red_win_probability,winner_log_loss,0.6062493938300259,139,lower
phase-core,teammate-set,2026,100.0,division:2026cur,transferred_platt_red_win_probability,winner_ece,0.07718276394149112,139,lower
phase-core,teammate-set,2026,100.0,division:2026cur,transferred_score_red_win_probability,alliance_score_mae,103.77679504582517,278,lower
phase-core,teammate-set,2026,100.0,division:2026cur,transferred_score_red_win_probability,alliance_score_rmse,132.29054968224412,278,lower
phase-core,teammate-set,2026,100.0,division:2026cur,transferred_score_red_win_probability,score_differential_mae,118.81652393100052,139,lower
phase-core,teammate-set,2026,100.0,division:2026cur,transferred_score_red_win_probability,score_differential_rmse,154.63481069165073,139,lower
phase-core,teammate-set,2026,100.0,division:2026cur,transferred_score_red_win_probability,mean_bias,-61.154574179409,278,lower
phase-core,teammate-set,2026,100.0,division:2026cur,transferred_score_red_win_probability,relative_bias,-0.1409558884843606,278,lower
phase-core,teammate-set,2026,100.0,division:2026cur,transferred_score_red_win_probability,winner_accuracy,0.7266187050359713,139,higher
phase-core,teammate-set,2026,100.0,division:2026cur,transferred_score_red_win_probability,winner_brier,0.18217945276931816,139,lower
phase-core,teammate-set,2026,100.0,division:2026cur,transferred_score_red_win_probability,winner_log_loss,0.5354217994466247,139,lower
phase-core,teammate-set,2026,100.0,division:2026cur,transferred_score_red_win_probability,winner_ece,0.07894458577697593,139,lower
phase-core,teammate-set,2026,100.0,division:2026dal,raw_pred_red_win_probability,alliance_score_mae,101.4862128200014,280,lower
phase-core,teammate-set,2026,100.0,division:2026dal,raw_pred_red_win_probability,alliance_score_rmse,129.43375533043215,280,lower
phase-core,teammate-set,2026,100.0,division:2026dal,raw_pred_red_win_probability,score_differential_mae,138.11604135980645,140,lower
phase-core,teammate-set,2026,100.0,division:2026dal,raw_pred_red_win_probability,score_differential_rmse,175.53930368299393,140,lower
phase-core,teammate-set,2026,100.0,division:2026dal,raw_pred_red_win_probability,mean_bias,-32.28061293045113,280,lower
phase-core,teammate-set,2026,100.0,division:2026dal,raw_pred_red_win_probability,relative_bias,-0.07917875519496746,280,lower
phase-core,teammate-set,2026,100.0,division:2026dal,raw_pred_red_win_probability,winner_accuracy,0.6857142857142857,140,higher
phase-core,teammate-set,2026,100.0,division:2026dal,raw_pred_red_win_probability,winner_brier,0.2703250024471338,140,lower
phase-core,teammate-set,2026,100.0,division:2026dal,raw_pred_red_win_probability,winner_log_loss,1.2872805020423606,140,lower
phase-core,teammate-set,2026,100.0,division:2026dal,raw_pred_red_win_probability,winner_ece,0.261117447789044,140,lower
phase-core,teammate-set,2026,100.0,division:2026dal,transferred_platt_red_win_probability,alliance_score_mae,101.4862128200014,280,lower
phase-core,teammate-set,2026,100.0,division:2026dal,transferred_platt_red_win_probability,alliance_score_rmse,129.43375533043215,280,lower
phase-core,teammate-set,2026,100.0,division:2026dal,transferred_platt_red_win_probability,score_differential_mae,138.11604135980645,140,lower
phase-core,teammate-set,2026,100.0,division:2026dal,transferred_platt_red_win_probability,score_differential_rmse,175.53930368299393,140,lower
phase-core,teammate-set,2026,100.0,division:2026dal,transferred_platt_red_win_probability,mean_bias,-32.28061293045113,280,lower
phase-core,teammate-set,2026,100.0,division:2026dal,transferred_platt_red_win_probability,relative_bias,-0.07917875519496746,280,lower
phase-core,teammate-set,2026,100.0,division:2026dal,transferred_platt_red_win_probability,winner_accuracy,0.65,140,higher
phase-core,teammate-set,2026,100.0,division:2026dal,transferred_platt_red_win_probability,winner_brier,0.2134014482763223,140,lower
phase-core,teammate-set,2026,100.0,division:2026dal,transferred_platt_red_win_probability,winner_log_loss,0.6159213525799976,140,lower
phase-core,teammate-set,2026,100.0,division:2026dal,transferred_platt_red_win_probability,winner_ece,0.09407298523785781,140,lower
phase-core,teammate-set,2026,100.0,division:2026dal,transferred_score_red_win_probability,alliance_score_mae,101.4862128200014,280,lower
phase-core,teammate-set,2026,100.0,division:2026dal,transferred_score_red_win_probability,alliance_score_rmse,129.43375533043215,280,lower
phase-core,teammate-set,2026,100.0,division:2026dal,transferred_score_red_win_probability,score_differential_mae,138.11604135980645,140,lower
phase-core,teammate-set,2026,100.0,division:2026dal,transferred_score_red_win_probability,score_differential_rmse,175.53930368299393,140,lower
phase-core,teammate-set,2026,100.0,division:2026dal,transferred_score_red_win_probability,mean_bias,-32.28061293045113,280,lower
phase-core,teammate-set,2026,100.0,division:2026dal,transferred_score_red_win_probability,relative_bias,-0.07917875519496746,280,lower
phase-core,teammate-set,2026,100.0,division:2026dal,transferred_score_red_win_probability,winner_accuracy,0.6714285714285714,140,higher
phase-core,teammate-set,2026,100.0,division:2026dal,transferred_score_red_win_probability,winner_brier,0.2149302047032329,140,lower
phase-core,teammate-set,2026,100.0,division:2026dal,transferred_score_red_win_probability,winner_log_loss,0.6221886838982117,140,lower
phase-core,teammate-set,2026,100.0,division:2026dal,transferred_score_red_win_probability,winner_ece,0.09856103072367842,140,lower
phase-core,teammate-set,2026,100.0,division:2026gal,raw_pred_red_win_probability,alliance_score_mae,115.94529661067871,280,lower
phase-core,teammate-set,2026,100.0,division:2026gal,raw_pred_red_win_probability,alliance_score_rmse,146.83806371841604,280,lower
phase-core,teammate-set,2026,100.0,division:2026gal,raw_pred_red_win_probability,score_differential_mae,138.98566669559935,140,lower
phase-core,teammate-set,2026,100.0,division:2026gal,raw_pred_red_win_probability,score_differential_rmse,178.58447224559927,140,lower
phase-core,teammate-set,2026,100.0,division:2026gal,raw_pred_red_win_probability,mean_bias,-79.92002669560672,280,lower
phase-core,teammate-set,2026,100.0,division:2026gal,raw_pred_red_win_probability,relative_bias,-0.1878718797992619,280,lower
phase-core,teammate-set,2026,100.0,division:2026gal,raw_pred_red_win_probability,winner_accuracy,0.6906474820143885,139,higher
phase-core,teammate-set,2026,100.0,division:2026gal,raw_pred_red_win_probability,winner_brier,0.2716055577779032,139,lower
phase-core,teammate-set,2026,100.0,division:2026gal,raw_pred_red_win_probability,winner_log_loss,1.3839697460425886,139,lower
phase-core,teammate-set,2026,100.0,division:2026gal,raw_pred_red_win_probability,winner_ece,0.27136404425447447,139,lower
phase-core,teammate-set,2026,100.0,division:2026gal,transferred_platt_red_win_probability,alliance_score_mae,115.94529661067871,280,lower
phase-core,teammate-set,2026,100.0,division:2026gal,transferred_platt_red_win_probability,alliance_score_rmse,146.83806371841604,280,lower
phase-core,teammate-set,2026,100.0,division:2026gal,transferred_platt_red_win_probability,score_differential_mae,138.98566669559935,140,lower
phase-core,teammate-set,2026,100.0,division:2026gal,transferred_platt_red_win_probability,score_differential_rmse,178.58447224559927,140,lower
phase-core,teammate-set,2026,100.0,division:2026gal,transferred_platt_red_win_probability,mean_bias,-79.92002669560672,280,lower
phase-core,teammate-set,2026,100.0,division:2026gal,transferred_platt_red_win_probability,relative_bias,-0.1878718797992619,280,lower
phase-core,teammate-set,2026,100.0,division:2026gal,transferred_platt_red_win_probability,winner_accuracy,0.6690647482014388,139,higher
phase-core,teammate-set,2026,100.0,division:2026gal,transferred_platt_red_win_probability,winner_brier,0.20518508624527984,139,lower
phase-core,teammate-set,2026,100.0,division:2026gal,transferred_platt_red_win_probability,winner_log_loss,0.597653528280402,139,lower
phase-core,teammate-set,2026,100.0,division:2026gal,transferred_platt_red_win_probability,winner_ece,0.07693620304653458,139,lower
phase-core,teammate-set,2026,100.0,division:2026gal,transferred_score_red_win_probability,alliance_score_mae,115.94529661067871,280,lower
phase-core,teammate-set,2026,100.0,division:2026gal,transferred_score_red_win_probability,alliance_score_rmse,146.83806371841604,280,lower
phase-core,teammate-set,2026,100.0,division:2026gal,transferred_score_red_win_probability,score_differential_mae,138.98566669559935,140,lower
phase-core,teammate-set,2026,100.0,division:2026gal,transferred_score_red_win_probability,score_differential_rmse,178.58447224559927,140,lower
phase-core,teammate-set,2026,100.0,division:2026gal,transferred_score_red_win_probability,mean_bias,-79.92002669560672,280,lower
phase-core,teammate-set,2026,100.0,division:2026gal,transferred_score_red_win_probability,relative_bias,-0.1878718797992619,280,lower
phase-core,teammate-set,2026,100.0,division:2026gal,transferred_score_red_win_probability,winner_accuracy,0.697841726618705,139,higher
phase-core,teammate-set,2026,100.0,division:2026gal,transferred_score_red_win_probability,winner_brier,0.21690763429535212,139,lower
phase-core,teammate-set,2026,100.0,division:2026gal,transferred_score_red_win_probability,winner_log_loss,0.6531518880116474,139,lower
phase-core,teammate-set,2026,100.0,division:2026gal,transferred_score_red_win_probability,winner_ece,0.15227568012307446,139,lower
phase-core,teammate-set,2026,100.0,division:2026hop,raw_pred_red_win_probability,alliance_score_mae,130.88116688342228,280,lower
phase-core,teammate-set,2026,100.0,division:2026hop,raw_pred_red_win_probability,alliance_score_rmse,159.80649380786292,280,lower
phase-core,teammate-set,2026,100.0,division:2026hop,raw_pred_red_win_probability,score_differential_mae,137.10942539950597,140,lower
phase-core,teammate-set,2026,100.0,division:2026hop,raw_pred_red_win_probability,score_differential_rmse,175.01874612232763,140,lower
phase-core,teammate-set,2026,100.0,division:2026hop,raw_pred_red_win_probability,mean_bias,-94.42350038258026,280,lower
phase-core,teammate-set,2026,100.0,division:2026hop,raw_pred_red_win_probability,relative_bias,-0.20473438938113672,280,lower
phase-core,teammate-set,2026,100.0,division:2026hop,raw_pred_red_win_probability,winner_accuracy,0.7142857142857143,140,higher
phase-core,teammate-set,2026,100.0,division:2026hop,raw_pred_red_win_probability,winner_brier,0.2288092202654229,140,lower
phase-core,teammate-set,2026,100.0,division:2026hop,raw_pred_red_win_probability,winner_log_loss,0.9658819525559301,140,lower
phase-core,teammate-set,2026,100.0,division:2026hop,raw_pred_red_win_probability,winner_ece,0.20159323720672884,140,lower
phase-core,teammate-set,2026,100.0,division:2026hop,transferred_platt_red_win_probability,alliance_score_mae,130.88116688342228,280,lower
phase-core,teammate-set,2026,100.0,division:2026hop,transferred_platt_red_win_probability,alliance_score_rmse,159.80649380786292,280,lower
phase-core,teammate-set,2026,100.0,division:2026hop,transferred_platt_red_win_probability,score_differential_mae,137.10942539950597,140,lower
phase-core,teammate-set,2026,100.0,division:2026hop,transferred_platt_red_win_probability,score_differential_rmse,175.01874612232763,140,lower
phase-core,teammate-set,2026,100.0,division:2026hop,transferred_platt_red_win_probability,mean_bias,-94.42350038258026,280,lower
phase-core,teammate-set,2026,100.0,division:2026hop,transferred_platt_red_win_probability,relative_bias,-0.20473438938113672,280,lower
phase-core,teammate-set,2026,100.0,division:2026hop,transferred_platt_red_win_probability,winner_accuracy,0.7285714285714285,140,higher
phase-core,teammate-set,2026,100.0,division:2026hop,transferred_platt_red_win_probability,winner_brier,0.189360226443603,140,lower
phase-core,teammate-set,2026,100.0,division:2026hop,transferred_platt_red_win_probability,winner_log_loss,0.5619892728771372,140,lower
phase-core,teammate-set,2026,100.0,division:2026hop,transferred_platt_red_win_probability,winner_ece,0.0945734605951188,140,lower
phase-core,teammate-set,2026,100.0,division:2026hop,transferred_score_red_win_probability,alliance_score_mae,130.88116688342228,280,lower
phase-core,teammate-set,2026,100.0,division:2026hop,transferred_score_red_win_probability,alliance_score_rmse,159.80649380786292,280,lower
phase-core,teammate-set,2026,100.0,division:2026hop,transferred_score_red_win_probability,score_differential_mae,137.10942539950597,140,lower
phase-core,teammate-set,2026,100.0,division:2026hop,transferred_score_red_win_probability,score_differential_rmse,175.01874612232763,140,lower
phase-core,teammate-set,2026,100.0,division:2026hop,transferred_score_red_win_probability,mean_bias,-94.42350038258026,280,lower
phase-core,teammate-set,2026,100.0,division:2026hop,transferred_score_red_win_probability,relative_bias,-0.20473438938113672,280,lower
phase-core,teammate-set,2026,100.0,division:2026hop,transferred_score_red_win_probability,winner_accuracy,0.7214285714285714,140,higher
phase-core,teammate-set,2026,100.0,division:2026hop,transferred_score_red_win_probability,winner_brier,0.2010911767410755,140,lower
phase-core,teammate-set,2026,100.0,division:2026hop,transferred_score_red_win_probability,winner_log_loss,0.6128761651221326,140,lower
phase-core,teammate-set,2026,100.0,division:2026hop,transferred_score_red_win_probability,winner_ece,0.09953659665590721,140,lower
phase-core,teammate-set,2026,100.0,division:2026joh,raw_pred_red_win_probability,alliance_score_mae,108.44527956625461,280,lower
phase-core,teammate-set,2026,100.0,division:2026joh,raw_pred_red_win_probability,alliance_score_rmse,137.31256529244908,280,lower
phase-core,teammate-set,2026,100.0,division:2026joh,raw_pred_red_win_probability,score_differential_mae,130.6086997691239,140,lower
phase-core,teammate-set,2026,100.0,division:2026joh,raw_pred_red_win_probability,score_differential_rmse,165.0983583759721,140,lower
phase-core,teammate-set,2026,100.0,division:2026joh,raw_pred_red_win_probability,mean_bias,-54.89843360202267,280,lower
phase-core,teammate-set,2026,100.0,division:2026joh,raw_pred_red_win_probability,relative_bias,-0.13222848523497932,280,lower
phase-core,teammate-set,2026,100.0,division:2026joh,raw_pred_red_win_probability,winner_accuracy,0.7071428571428572,140,higher
phase-core,teammate-set,2026,100.0,division:2026joh,raw_pred_red_win_probability,winner_brier,0.23478106130613616,140,lower
phase-core,teammate-set,2026,100.0,division:2026joh,raw_pred_red_win_probability,winner_log_loss,1.0322995593574371,140,lower
phase-core,teammate-set,2026,100.0,division:2026joh,raw_pred_red_win_probability,winner_ece,0.22214493188570417,140,lower
phase-core,teammate-set,2026,100.0,division:2026joh,transferred_platt_red_win_probability,alliance_score_mae,108.44527956625461,280,lower
phase-core,teammate-set,2026,100.0,division:2026joh,transferred_platt_red_win_probability,alliance_score_rmse,137.31256529244908,280,lower
phase-core,teammate-set,2026,100.0,division:2026joh,transferred_platt_red_win_probability,score_differential_mae,130.6086997691239,140,lower
phase-core,teammate-set,2026,100.0,division:2026joh,transferred_platt_red_win_probability,score_differential_rmse,165.0983583759721,140,lower
phase-core,teammate-set,2026,100.0,division:2026joh,transferred_platt_red_win_probability,mean_bias,-54.89843360202267,280,lower
phase-core,teammate-set,2026,100.0,division:2026joh,transferred_platt_red_win_probability,relative_bias,-0.13222848523497932,280,lower
phase-core,teammate-set,2026,100.0,division:2026joh,transferred_platt_red_win_probability,winner_accuracy,0.7,140,higher
phase-core,teammate-set,2026,100.0,division:2026joh,transferred_platt_red_win_probability,winner_brier,0.18768362881816103,140,lower
phase-core,teammate-set,2026,100.0,division:2026joh,transferred_platt_red_win_probability,winner_log_loss,0.5590178944965483,140,lower
phase-core,teammate-set,2026,100.0,division:2026joh,transferred_platt_red_win_probability,winner_ece,0.09321830139075911,140,lower
phase-core,teammate-set,2026,100.0,division:2026joh,transferred_score_red_win_probability,alliance_score_mae,108.44527956625461,280,lower
phase-core,teammate-set,2026,100.0,division:2026joh,transferred_score_red_win_probability,alliance_score_rmse,137.31256529244908,280,lower
phase-core,teammate-set,2026,100.0,division:2026joh,transferred_score_red_win_probability,score_differential_mae,130.6086997691239,140,lower
phase-core,teammate-set,2026,100.0,division:2026joh,transferred_score_red_win_probability,score_differential_rmse,165.0983583759721,140,lower
phase-core,teammate-set,2026,100.0,division:2026joh,transferred_score_red_win_probability,mean_bias,-54.89843360202267,280,lower
phase-core,teammate-set,2026,100.0,division:2026joh,transferred_score_red_win_probability,relative_bias,-0.13222848523497932,280,lower
phase-core,teammate-set,2026,100.0,division:2026joh,transferred_score_red_win_probability,winner_accuracy,0.7642857142857142,140,higher
phase-core,teammate-set,2026,100.0,division:2026joh,transferred_score_red_win_probability,winner_brier,0.1819068678601418,140,lower
phase-core,teammate-set,2026,100.0,division:2026joh,transferred_score_red_win_probability,winner_log_loss,0.5630104393000057,140,lower
phase-core,teammate-set,2026,100.0,division:2026joh,transferred_score_red_win_probability,winner_ece,0.07351893787772487,140,lower
phase-core,teammate-set,2026,100.0,division:2026mil,raw_pred_red_win_probability,alliance_score_mae,101.2292889183576,278,lower
phase-core,teammate-set,2026,100.0,division:2026mil,raw_pred_red_win_probability,alliance_score_rmse,126.96893363968411,278,lower
phase-core,teammate-set,2026,100.0,division:2026mil,raw_pred_red_win_probability,score_differential_mae,130.29016276910835,139,lower
phase-core,teammate-set,2026,100.0,division:2026mil,raw_pred_red_win_probability,score_differential_rmse,161.5452395106619,139,lower
phase-core,teammate-set,2026,100.0,division:2026mil,raw_pred_red_win_probability,mean_bias,-60.779736309145726,278,lower
phase-core,teammate-set,2026,100.0,division:2026mil,raw_pred_red_win_probability,relative_bias,-0.14764222409163008,278,lower
phase-core,teammate-set,2026,100.0,division:2026mil,raw_pred_red_win_probability,winner_accuracy,0.6402877697841727,139,higher
phase-core,teammate-set,2026,100.0,division:2026mil,raw_pred_red_win_probability,winner_brier,0.3207512901162938,139,lower
phase-core,teammate-set,2026,100.0,division:2026mil,raw_pred_red_win_probability,winner_log_loss,1.6457315258371494,139,lower
phase-core,teammate-set,2026,100.0,division:2026mil,raw_pred_red_win_probability,winner_ece,0.31385539602352736,139,lower
phase-core,teammate-set,2026,100.0,division:2026mil,transferred_platt_red_win_probability,alliance_score_mae,101.2292889183576,278,lower
phase-core,teammate-set,2026,100.0,division:2026mil,transferred_platt_red_win_probability,alliance_score_rmse,126.96893363968411,278,lower
phase-core,teammate-set,2026,100.0,division:2026mil,transferred_platt_red_win_probability,score_differential_mae,130.29016276910835,139,lower
phase-core,teammate-set,2026,100.0,division:2026mil,transferred_platt_red_win_probability,score_differential_rmse,161.5452395106619,139,lower
phase-core,teammate-set,2026,100.0,division:2026mil,transferred_platt_red_win_probability,mean_bias,-60.779736309145726,278,lower
phase-core,teammate-set,2026,100.0,division:2026mil,transferred_platt_red_win_probability,relative_bias,-0.14764222409163008,278,lower
phase-core,teammate-set,2026,100.0,division:2026mil,transferred_platt_red_win_probability,winner_accuracy,0.6402877697841727,139,higher
phase-core,teammate-set,2026,100.0,division:2026mil,transferred_platt_red_win_probability,winner_brier,0.2184994384430915,139,lower
phase-core,teammate-set,2026,100.0,division:2026mil,transferred_platt_red_win_probability,winner_log_loss,0.6255919406607081,139,lower
phase-core,teammate-set,2026,100.0,division:2026mil,transferred_platt_red_win_probability,winner_ece,0.05221763963399684,139,lower
phase-core,teammate-set,2026,100.0,division:2026mil,transferred_score_red_win_probability,alliance_score_mae,101.2292889183576,278,lower
phase-core,teammate-set,2026,100.0,division:2026mil,transferred_score_red_win_probability,alliance_score_rmse,126.96893363968411,278,lower
phase-core,teammate-set,2026,100.0,division:2026mil,transferred_score_red_win_probability,score_differential_mae,130.29016276910835,139,lower
phase-core,teammate-set,2026,100.0,division:2026mil,transferred_score_red_win_probability,score_differential_rmse,161.5452395106619,139,lower
phase-core,teammate-set,2026,100.0,division:2026mil,transferred_score_red_win_probability,mean_bias,-60.779736309145726,278,lower
phase-core,teammate-set,2026,100.0,division:2026mil,transferred_score_red_win_probability,relative_bias,-0.14764222409163008,278,lower
phase-core,teammate-set,2026,100.0,division:2026mil,transferred_score_red_win_probability,winner_accuracy,0.697841726618705,139,higher
phase-core,teammate-set,2026,100.0,division:2026mil,transferred_score_red_win_probability,winner_brier,0.19695057748191744,139,lower
phase-core,teammate-set,2026,100.0,division:2026mil,transferred_score_red_win_probability,winner_log_loss,0.5817158524938694,139,lower
phase-core,teammate-set,2026,100.0,division:2026mil,transferred_score_red_win_probability,winner_ece,0.10602830056882889,139,lower
phase-core,teammate-set,2026,100.0,division:2026new,raw_pred_red_win_probability,alliance_score_mae,121.46631467671,280,lower
phase-core,teammate-set,2026,100.0,division:2026new,raw_pred_red_win_probability,alliance_score_rmse,145.91525767411045,280,lower
phase-core,teammate-set,2026,100.0,division:2026new,raw_pred_red_win_probability,score_differential_mae,136.77156954489791,140,lower
phase-core,teammate-set,2026,100.0,division:2026new,raw_pred_red_win_probability,score_differential_rmse,167.78231460416666,140,lower
phase-core,teammate-set,2026,100.0,division:2026new,raw_pred_red_win_probability,mean_bias,-74.47953228703221,280,lower
phase-core,teammate-set,2026,100.0,division:2026new,raw_pred_red_win_probability,relative_bias,-0.15759409532580929,280,lower
phase-core,teammate-set,2026,100.0,division:2026new,raw_pred_red_win_probability,winner_accuracy,0.6285714285714286,140,higher
phase-core,teammate-set,2026,100.0,division:2026new,raw_pred_red_win_probability,winner_brier,0.295075152203126,140,lower
phase-core,teammate-set,2026,100.0,division:2026new,raw_pred_red_win_probability,winner_log_loss,1.143937785866227,140,lower
phase-core,teammate-set,2026,100.0,division:2026new,raw_pred_red_win_probability,winner_ece,0.27165090117463087,140,lower
phase-core,teammate-set,2026,100.0,division:2026new,transferred_platt_red_win_probability,alliance_score_mae,121.46631467671,280,lower
phase-core,teammate-set,2026,100.0,division:2026new,transferred_platt_red_win_probability,alliance_score_rmse,145.91525767411045,280,lower
phase-core,teammate-set,2026,100.0,division:2026new,transferred_platt_red_win_probability,score_differential_mae,136.77156954489791,140,lower
phase-core,teammate-set,2026,100.0,division:2026new,transferred_platt_red_win_probability,score_differential_rmse,167.78231460416666,140,lower
phase-core,teammate-set,2026,100.0,division:2026new,transferred_platt_red_win_probability,mean_bias,-74.47953228703221,280,lower
phase-core,teammate-set,2026,100.0,division:2026new,transferred_platt_red_win_probability,relative_bias,-0.15759409532580929,280,lower
phase-core,teammate-set,2026,100.0,division:2026new,transferred_platt_red_win_probability,winner_accuracy,0.6357142857142857,140,higher
phase-core,teammate-set,2026,100.0,division:2026new,transferred_platt_red_win_probability,winner_brier,0.2131447004105931,140,lower
phase-core,teammate-set,2026,100.0,division:2026new,transferred_platt_red_win_probability,winner_log_loss,0.611898949488115,140,lower
phase-core,teammate-set,2026,100.0,division:2026new,transferred_platt_red_win_probability,winner_ece,0.07236112226721919,140,lower
phase-core,teammate-set,2026,100.0,division:2026new,transferred_score_red_win_probability,alliance_score_mae,121.46631467671,280,lower
phase-core,teammate-set,2026,100.0,division:2026new,transferred_score_red_win_probability,alliance_score_rmse,145.91525767411045,280,lower
phase-core,teammate-set,2026,100.0,division:2026new,transferred_score_red_win_probability,score_differential_mae,136.77156954489791,140,lower
phase-core,teammate-set,2026,100.0,division:2026new,transferred_score_red_win_probability,score_differential_rmse,167.78231460416666,140,lower
phase-core,teammate-set,2026,100.0,division:2026new,transferred_score_red_win_probability,mean_bias,-74.47953228703221,280,lower
phase-core,teammate-set,2026,100.0,division:2026new,transferred_score_red_win_probability,relative_bias,-0.15759409532580929,280,lower
phase-core,teammate-set,2026,100.0,division:2026new,transferred_score_red_win_probability,winner_accuracy,0.6428571428571429,140,higher
phase-core,teammate-set,2026,100.0,division:2026new,transferred_score_red_win_probability,winner_brier,0.21155185099399182,140,lower
phase-core,teammate-set,2026,100.0,division:2026new,transferred_score_red_win_probability,winner_log_loss,0.6042129272292731,140,lower
phase-core,teammate-set,2026,100.0,division:2026new,transferred_score_red_win_probability,winner_ece,0.11241557433853203,140,lower
phase-core,teammate-set,2026,100.0,observation:high,raw_pred_red_win_probability,alliance_score_mae,110.78993962665191,2134,lower
phase-core,teammate-set,2026,100.0,observation:high,raw_pred_red_win_probability,alliance_score_rmse,139.02891217463085,2134,lower
phase-core,teammate-set,2026,100.0,observation:high,raw_pred_red_win_probability,score_differential_mae,133.11344788624282,1067,lower
phase-core,teammate-set,2026,100.0,observation:high,raw_pred_red_win_probability,score_differential_rmse,168.72890632104077,1067,lower
phase-core,teammate-set,2026,100.0,observation:high,raw_pred_red_win_probability,mean_bias,-62.94775487395801,2134,lower
phase-core,teammate-set,2026,100.0,observation:high,raw_pred_red_win_probability,relative_bias,-0.14422429557765343,2134,lower
phase-core,teammate-set,2026,100.0,observation:high,raw_pred_red_win_probability,winner_accuracy,0.6704225352112676,1065,higher
phase-core,teammate-set,2026,100.0,observation:high,raw_pred_red_win_probability,winner_brier,0.27518987883468693,1065,lower
phase-core,teammate-set,2026,100.0,observation:high,raw_pred_red_win_probability,winner_log_loss,1.3024667940230816,1065,lower
phase-core,teammate-set,2026,100.0,observation:high,raw_pred_red_win_probability,winner_ece,0.2458779029590274,1065,lower
phase-core,teammate-set,2026,100.0,observation:high,transferred_platt_red_win_probability,alliance_score_mae,110.78993962665191,2134,lower
phase-core,teammate-set,2026,100.0,observation:high,transferred_platt_red_win_probability,alliance_score_rmse,139.02891217463085,2134,lower
phase-core,teammate-set,2026,100.0,observation:high,transferred_platt_red_win_probability,score_differential_mae,133.11344788624282,1067,lower
phase-core,teammate-set,2026,100.0,observation:high,transferred_platt_red_win_probability,score_differential_rmse,168.72890632104077,1067,lower
phase-core,teammate-set,2026,100.0,observation:high,transferred_platt_red_win_probability,mean_bias,-62.94775487395801,2134,lower
phase-core,teammate-set,2026,100.0,observation:high,transferred_platt_red_win_probability,relative_bias,-0.14422429557765343,2134,lower
phase-core,teammate-set,2026,100.0,observation:high,transferred_platt_red_win_probability,winner_accuracy,0.6676056338028169,1065,higher
phase-core,teammate-set,2026,100.0,observation:high,transferred_platt_red_win_probability,winner_brier,0.20844912876921026,1065,lower
phase-core,teammate-set,2026,100.0,observation:high,transferred_platt_red_win_probability,winner_log_loss,0.6048233529129343,1065,lower
phase-core,teammate-set,2026,100.0,observation:high,transferred_platt_red_win_probability,winner_ece,0.03586317336933291,1065,lower
phase-core,teammate-set,2026,100.0,observation:high,transferred_score_red_win_probability,alliance_score_mae,110.78993962665191,2134,lower
phase-core,teammate-set,2026,100.0,observation:high,transferred_score_red_win_probability,alliance_score_rmse,139.02891217463085,2134,lower
phase-core,teammate-set,2026,100.0,observation:high,transferred_score_red_win_probability,score_differential_mae,133.11344788624282,1067,lower
phase-core,teammate-set,2026,100.0,observation:high,transferred_score_red_win_probability,score_differential_rmse,168.72890632104077,1067,lower
phase-core,teammate-set,2026,100.0,observation:high,transferred_score_red_win_probability,mean_bias,-62.94775487395801,2134,lower
phase-core,teammate-set,2026,100.0,observation:high,transferred_score_red_win_probability,relative_bias,-0.14422429557765343,2134,lower
phase-core,teammate-set,2026,100.0,observation:high,transferred_score_red_win_probability,winner_accuracy,0.7014084507042253,1065,higher
phase-core,teammate-set,2026,100.0,observation:high,transferred_score_red_win_probability,winner_brier,0.2021811028110108,1065,lower
phase-core,teammate-set,2026,100.0,observation:high,transferred_score_red_win_probability,winner_log_loss,0.6015239028915225,1065,lower
phase-core,teammate-set,2026,100.0,observation:high,transferred_score_red_win_probability,winner_ece,0.06277910514148359,1065,lower
phase-core,teammate-set,2026,100.0,observation:low,raw_pred_red_win_probability,alliance_score_mae,150.3788219830376,4,lower
phase-core,teammate-set,2026,100.0,observation:low,raw_pred_red_win_probability,alliance_score_rmse,169.10763171608238,4,lower
phase-core,teammate-set,2026,100.0,observation:low,raw_pred_red_win_probability,score_differential_mae,150.00179499630246,2,lower
phase-core,teammate-set,2026,100.0,observation:low,raw_pred_red_win_probability,score_differential_rmse,154.6510365947682,2,lower
phase-core,teammate-set,2026,100.0,observation:low,raw_pred_red_win_probability,mean_bias,-2.0893117663390512,4,lower
phase-core,teammate-set,2026,100.0,observation:low,raw_pred_red_win_probability,relative_bias,-0.005564079271209191,4,lower
phase-core,teammate-set,2026,100.0,observation:low,raw_pred_red_win_probability,winner_accuracy,0.5,2,higher
phase-core,teammate-set,2026,100.0,observation:low,raw_pred_red_win_probability,winner_brier,0.4585008120086833,2,lower
phase-core,teammate-set,2026,100.0,observation:low,raw_pred_red_win_probability,winner_log_loss,1.5813284388894753,2,lower
phase-core,teammate-set,2026,100.0,observation:low,raw_pred_red_win_probability,winner_ece,0.47777384519577026,2,lower
phase-core,teammate-set,2026,100.0,observation:low,transferred_platt_red_win_probability,alliance_score_mae,150.3788219830376,4,lower
phase-core,teammate-set,2026,100.0,observation:low,transferred_platt_red_win_probability,alliance_score_rmse,169.10763171608238,4,lower
phase-core,teammate-set,2026,100.0,observation:low,transferred_platt_red_win_probability,score_differential_mae,150.00179499630246,2,lower
phase-core,teammate-set,2026,100.0,observation:low,transferred_platt_red_win_probability,score_differential_rmse,154.6510365947682,2,lower
phase-core,teammate-set,2026,100.0,observation:low,transferred_platt_red_win_probability,mean_bias,-2.0893117663390512,4,lower
phase-core,teammate-set,2026,100.0,observation:low,transferred_platt_red_win_probability,relative_bias,-0.005564079271209191,4,lower
phase-core,teammate-set,2026,100.0,observation:low,transferred_platt_red_win_probability,winner_accuracy,0.5,2,higher
phase-core,teammate-set,2026,100.0,observation:low,transferred_platt_red_win_probability,winner_brier,0.2361282150963557,2,lower
phase-core,teammate-set,2026,100.0,observation:low,transferred_platt_red_win_probability,winner_log_loss,0.6575341866268777,2,lower
phase-core,teammate-set,2026,100.0,observation:low,transferred_platt_red_win_probability,winner_ece,0.45212421018879206,2,lower
phase-core,teammate-set,2026,100.0,observation:low,transferred_score_red_win_probability,alliance_score_mae,150.3788219830376,4,lower
phase-core,teammate-set,2026,100.0,observation:low,transferred_score_red_win_probability,alliance_score_rmse,169.10763171608238,4,lower
phase-core,teammate-set,2026,100.0,observation:low,transferred_score_red_win_probability,score_differential_mae,150.00179499630246,2,lower
phase-core,teammate-set,2026,100.0,observation:low,transferred_score_red_win_probability,score_differential_rmse,154.6510365947682,2,lower
phase-core,teammate-set,2026,100.0,observation:low,transferred_score_red_win_probability,mean_bias,-2.0893117663390512,4,lower
phase-core,teammate-set,2026,100.0,observation:low,transferred_score_red_win_probability,relative_bias,-0.005564079271209191,4,lower
phase-core,teammate-set,2026,100.0,observation:low,transferred_score_red_win_probability,winner_accuracy,0.5,2,higher
phase-core,teammate-set,2026,100.0,observation:low,transferred_score_red_win_probability,winner_brier,0.36498692332249855,2,lower
phase-core,teammate-set,2026,100.0,observation:low,transferred_score_red_win_probability,winner_log_loss,0.9986596780237178,2,lower
phase-core,teammate-set,2026,100.0,observation:low,transferred_score_red_win_probability,winner_ece,0.3649073967496671,2,lower
phase-core,teammate-set,2026,100.0,observation:medium,raw_pred_red_win_probability,alliance_score_mae,123.71898175527257,100,lower
phase-core,teammate-set,2026,100.0,observation:medium,raw_pred_red_win_probability,alliance_score_rmse,150.9181571198893,100,lower
phase-core,teammate-set,2026,100.0,observation:medium,raw_pred_red_win_probability,score_differential_mae,142.163109443159,50,lower
phase-core,teammate-set,2026,100.0,observation:medium,raw_pred_red_win_probability,score_differential_rmse,183.8320619870849,50,lower
phase-core,teammate-set,2026,100.0,observation:medium,raw_pred_red_win_probability,mean_bias,-80.5240860370056,100,lower
phase-core,teammate-set,2026,100.0,observation:medium,raw_pred_red_win_probability,relative_bias,-0.2092078099168761,100,lower
phase-core,teammate-set,2026,100.0,observation:medium,raw_pred_red_win_probability,winner_accuracy,0.72,50,higher
phase-core,teammate-set,2026,100.0,observation:medium,raw_pred_red_win_probability,winner_brier,0.23648944737273261,50,lower
phase-core,teammate-set,2026,100.0,observation:medium,raw_pred_red_win_probability,winner_log_loss,1.2079716412259176,50,lower
phase-core,teammate-set,2026,100.0,observation:medium,raw_pred_red_win_probability,winner_ece,0.27494065597702955,50,lower
phase-core,teammate-set,2026,100.0,observation:medium,transferred_platt_red_win_probability,alliance_score_mae,123.71898175527257,100,lower
phase-core,teammate-set,2026,100.0,observation:medium,transferred_platt_red_win_probability,alliance_score_rmse,150.9181571198893,100,lower
phase-core,teammate-set,2026,100.0,observation:medium,transferred_platt_red_win_probability,score_differential_mae,142.163109443159,50,lower
phase-core,teammate-set,2026,100.0,observation:medium,transferred_platt_red_win_probability,score_differential_rmse,183.8320619870849,50,lower
phase-core,teammate-set,2026,100.0,observation:medium,transferred_platt_red_win_probability,mean_bias,-80.5240860370056,100,lower
phase-core,teammate-set,2026,100.0,observation:medium,transferred_platt_red_win_probability,relative_bias,-0.2092078099168761,100,lower
phase-core,teammate-set,2026,100.0,observation:medium,transferred_platt_red_win_probability,winner_accuracy,0.7,50,higher
phase-core,teammate-set,2026,100.0,observation:medium,transferred_platt_red_win_probability,winner_brier,0.18738703197967876,50,lower
phase-core,teammate-set,2026,100.0,observation:medium,transferred_platt_red_win_probability,winner_log_loss,0.5537066051946742,50,lower
phase-core,teammate-set,2026,100.0,observation:medium,transferred_platt_red_win_probability,winner_ece,0.10984738785932556,50,lower
phase-core,teammate-set,2026,100.0,observation:medium,transferred_score_red_win_probability,alliance_score_mae,123.71898175527257,100,lower
phase-core,teammate-set,2026,100.0,observation:medium,transferred_score_red_win_probability,alliance_score_rmse,150.9181571198893,100,lower
phase-core,teammate-set,2026,100.0,observation:medium,transferred_score_red_win_probability,score_differential_mae,142.163109443159,50,lower
phase-core,teammate-set,2026,100.0,observation:medium,transferred_score_red_win_probability,score_differential_rmse,183.8320619870849,50,lower
phase-core,teammate-set,2026,100.0,observation:medium,transferred_score_red_win_probability,mean_bias,-80.5240860370056,100,lower
phase-core,teammate-set,2026,100.0,observation:medium,transferred_score_red_win_probability,relative_bias,-0.2092078099168761,100,lower
phase-core,teammate-set,2026,100.0,observation:medium,transferred_score_red_win_probability,winner_accuracy,0.76,50,higher
phase-core,teammate-set,2026,100.0,observation:medium,transferred_score_red_win_probability,winner_brier,0.18758450555356604,50,lower
phase-core,teammate-set,2026,100.0,observation:medium,transferred_score_red_win_probability,winner_log_loss,0.5512133741599579,50,lower
phase-core,teammate-set,2026,100.0,observation:medium,transferred_score_red_win_probability,winner_ece,0.15699276454436573,50,lower
