phase,supervision_mode,architecture,epoch,nominal_parameter_count,trainable_parameter_count,gradient_receiving_parameter_count,active_team_rows,module_Z_base_nominal_parameter_count,module_Z_base_trainable_parameter_count,module_Z_base_gradient_receiving_parameter_count,module_prediction_heads_nominal_parameter_count,module_prediction_heads_trainable_parameter_count,module_prediction_heads_gradient_receiving_parameter_count,module_sab_nominal_parameter_count,module_sab_trainable_parameter_count,module_sab_gradient_receiving_parameter_count,module_pma_nominal_parameter_count,module_pma_trainable_parameter_count,module_pma_gradient_receiving_parameter_count,module_cross_nominal_parameter_count,module_cross_trainable_parameter_count,module_cross_gradient_receiving_parameter_count
development,phase-core,additive,1,58530,58530,58530,3625,58480,58480,58480,50,50,50,,,,,,,,,
development,phase-core,additive,2,58530,58530,58530,3625,58480,58480,58480,50,50,50,,,,,,,,,
development,phase-core,additive,3,58530,58530,58530,3625,58480,58480,58480,50,50,50,,,,,,,,,
development,phase-core,additive,4,58530,58530,58530,3625,58480,58480,58480,50,50,50,,,,,,,,,
development,phase-core,additive,5,58530,58530,58530,3625,58480,58480,58480,50,50,50,,,,,,,,,
development,phase-core,additive,6,58530,58530,58530,3625,58480,58480,58480,50,50,50,,,,,,,,,
development,phase-core,additive,7,58530,58530,58530,3625,58480,58480,58480,50,50,50,,,,,,,,,
development,phase-core,additive,8,58530,58530,58530,3625,58480,58480,58480,50,50,50,,,,,,,,,
development,phase-core,additive,9,58530,58530,58530,3625,58480,58480,58480,50,50,50,,,,,,,,,
development,phase-core,additive,10,58530,58530,58530,3625,58480,58480,58480,50,50,50,,,,,,,,,
development,phase-core,additive,11,58530,58530,58530,3625,58480,58480,58480,50,50,50,,,,,,,,,
development,phase-core,additive,12,58530,58530,58530,3625,58480,58480,58480,50,50,50,,,,,,,,,
development,phase-core,additive,13,58530,58530,58530,3625,58480,58480,58480,50,50,50,,,,,,,,,
development,phase-core,additive,14,58530,58530,58530,3625,58480,58480,58480,50,50,50,,,,,,,,,
development,phase-core,additive,15,58530,58530,58530,3625,58480,58480,58480,50,50,50,,,,,,,,,
development,phase-core,additive,16,58530,58530,58530,3625,58480,58480,58480,50,50,50,,,,,,,,,
development,phase-core,additive,17,58530,58530,58530,3625,58480,58480,58480,50,50,50,,,,,,,,,
development,phase-core,additive,18,58530,58530,58530,3625,58480,58480,58480,50,50,50,,,,,,,,,
development,phase-core,additive,19,58530,58530,58530,3625,58480,58480,58480,50,50,50,,,,,,,,,
development,phase-core,additive,20,58530,58530,58530,3625,58480,58480,58480,50,50,50,,,,,,,,,
development,phase-core,additive,21,58530,58530,58530,3625,58480,58480,58480,50,50,50,,,,,,,,,
development,phase-core,additive,22,58530,58530,58530,3625,58480,58480,58480,50,50,50,,,,,,,,,
development,phase-core,additive,23,58530,58530,58530,3625,58480,58480,58480,50,50,50,,,,,,,,,
development,phase-core,additive,24,58530,58530,58530,3625,58480,58480,58480,50,50,50,,,,,,,,,
development,phase-core,additive,25,58530,58530,58530,3625,58480,58480,58480,50,50,50,,,,,,,,,
development,phase-core,additive,26,58530,58530,58530,3625,58480,58480,58480,50,50,50,,,,,,,,,
development,phase-core,additive,27,58530,58530,58530,3625,58480,58480,58480,50,50,50,,,,,,,,,
development,phase-core,additive,28,58530,58530,58530,3625,58480,58480,58480,50,50,50,,,,,,,,,
development,phase-core,additive,29,58530,58530,58530,3625,58480,58480,58480,50,50,50,,,,,,,,,
development,phase-core,additive,30,58530,58530,58530,3625,58480,58480,58480,50,50,50,,,,,,,,,
development,phase-core,additive,31,58530,58530,58530,3625,58480,58480,58480,50,50,50,,,,,,,,,
development,phase-core,additive,32,58530,58530,58530,3625,58480,58480,58480,50,50,50,,,,,,,,,
development,phase-core,additive,33,58530,58530,58530,3625,58480,58480,58480,50,50,50,,,,,,,,,
development,phase-core,additive,34,58530,58530,58530,3625,58480,58480,58480,50,50,50,,,,,,,,,
development,phase-core,additive,35,58530,58530,58530,3625,58480,58480,58480,50,50,50,,,,,,,,,
development,phase-core,additive,36,58530,58530,58530,3625,58480,58480,58480,50,50,50,,,,,,,,,
development,phase-core,additive,37,58530,58530,58530,3625,58480,58480,58480,50,50,50,,,,,,,,,
development,phase-core,additive,38,58530,58530,58530,3625,58480,58480,58480,50,50,50,,,,,,,,,
development,phase-core,additive,39,58530,58530,58530,3625,58480,58480,58480,50,50,50,,,,,,,,,
development,phase-core,additive,40,58530,58530,58530,3625,58480,58480,58480,50,50,50,,,,,,,,,
development,phase-core,additive,41,58530,58530,58530,3625,58480,58480,58480,50,50,50,,,,,,,,,
development,phase-core,additive,42,58530,58530,58530,3625,58480,58480,58480,50,50,50,,,,,,,,,
development,phase-core,additive,43,58530,58530,58530,3625,58480,58480,58480,50,50,50,,,,,,,,,
development,phase-core,additive,44,58530,58530,58530,3625,58480,58480,58480,50,50,50,,,,,,,,,
development,phase-core,additive,45,58530,58530,58530,3625,58480,58480,58480,50,50,50,,,,,,,,,
development,phase-core,additive,46,58530,58530,58530,3625,58480,58480,58480,50,50,50,,,,,,,,,
development,phase-core,additive,47,58530,58530,58530,3625,58480,58480,58480,50,50,50,,,,,,,,,
development,phase-core,additive,48,58530,58530,58530,3625,58480,58480,58480,50,50,50,,,,,,,,,
development,phase-core,additive,49,58530,58530,58530,3625,58480,58480,58480,50,50,50,,,,,,,,,
development,phase-core,additive,50,58530,58530,58530,3625,58480,58480,58480,50,50,50,,,,,,,,,
development,phase-core,additive,51,58530,58530,58530,3625,58480,58480,58480,50,50,50,,,,,,,,,
development,phase-core,additive,52,58530,58530,58530,3625,58480,58480,58480,50,50,50,,,,,,,,,
development,phase-core,additive,53,58530,58530,58530,3625,58480,58480,58480,50,50,50,,,,,,,,,
development,phase-core,additive,54,58530,58530,58530,3625,58480,58480,58480,50,50,50,,,,,,,,,
development,phase-core,additive,55,58530,58530,58530,3625,58480,58480,58480,50,50,50,,,,,,,,,
development,phase-core,additive,56,58530,58530,58530,3625,58480,58480,58480,50,50,50,,,,,,,,,
development,phase-core,additive,57,58530,58530,58530,3625,58480,58480,58480,50,50,50,,,,,,,,,
development,phase-core,additive,58,58530,58530,58530,3625,58480,58480,58480,50,50,50,,,,,,,,,
development,phase-core,additive,59,58530,58530,58530,3625,58480,58480,58480,50,50,50,,,,,,,,,
development,phase-core,additive,60,58530,58530,58530,3625,58480,58480,58480,50,50,50,,,,,,,,,
development,phase-core,additive,61,58530,58530,58530,3625,58480,58480,58480,50,50,50,,,,,,,,,
development,phase-core,additive,62,58530,58530,58530,3625,58480,58480,58480,50,50,50,,,,,,,,,
development,phase-core,additive,63,58530,58530,58530,3625,58480,58480,58480,50,50,50,,,,,,,,,
development,phase-core,additive,64,58530,58530,58530,3625,58480,58480,58480,50,50,50,,,,,,,,,
development,phase-core,additive,65,58530,58530,58530,3625,58480,58480,58480,50,50,50,,,,,,,,,
development,phase-core,additive,66,58530,58530,58530,3625,58480,58480,58480,50,50,50,,,,,,,,,
development,phase-core,additive,67,58530,58530,58530,3625,58480,58480,58480,50,50,50,,,,,,,,,
development,phase-core,additive,68,58530,58530,58530,3625,58480,58480,58480,50,50,50,,,,,,,,,
development,phase-core,additive,69,58530,58530,58530,3625,58480,58480,58480,50,50,50,,,,,,,,,
development,phase-core,additive,70,58530,58530,58530,3625,58480,58480,58480,50,50,50,,,,,,,,,
development,phase-core,additive,71,58530,58530,58530,3625,58480,58480,58480,50,50,50,,,,,,,,,
development,phase-core,additive,72,58530,58530,58530,3625,58480,58480,58480,50,50,50,,,,,,,,,
development,phase-core,additive,73,58530,58530,58530,3625,58480,58480,58480,50,50,50,,,,,,,,,
development,phase-core,additive,74,58530,58530,58530,3625,58480,58480,58480,50,50,50,,,,,,,,,
development,phase-core,additive,75,58530,58530,58530,3625,58480,58480,58480,50,50,50,,,,,,,,,
development,phase-core,additive,76,58530,58530,58530,3625,58480,58480,58480,50,50,50,,,,,,,,,
development,phase-core,additive,77,58530,58530,58530,3625,58480,58480,58480,50,50,50,,,,,,,,,
development,phase-core,additive,78,58530,58530,58530,3625,58480,58480,58480,50,50,50,,,,,,,,,
development,phase-core,additive,79,58530,58530,58530,3625,58480,58480,58480,50,50,50,,,,,,,,,
development,phase-core,additive,80,58530,58530,58530,3625,58480,58480,58480,50,50,50,,,,,,,,,
development,phase-core,additive,81,58530,58530,58530,3625,58480,58480,58480,50,50,50,,,,,,,,,
development,phase-core,additive,82,58530,58530,58530,3625,58480,58480,58480,50,50,50,,,,,,,,,
development,phase-core,additive,83,58530,58530,58530,3625,58480,58480,58480,50,50,50,,,,,,,,,
development,phase-core,additive,84,58530,58530,58530,3625,58480,58480,58480,50,50,50,,,,,,,,,
development,phase-core,additive,85,58530,58530,58530,3625,58480,58480,58480,50,50,50,,,,,,,,,
development,phase-core,additive,86,58530,58530,58530,3625,58480,58480,58480,50,50,50,,,,,,,,,
development,phase-core,additive,87,58530,58530,58530,3625,58480,58480,58480,50,50,50,,,,,,,,,
development,phase-core,additive,88,58530,58530,58530,3625,58480,58480,58480,50,50,50,,,,,,,,,
development,phase-core,additive,89,58530,58530,58530,3625,58480,58480,58480,50,50,50,,,,,,,,,
development,phase-core,additive,90,58530,58530,58530,3625,58480,58480,58480,50,50,50,,,,,,,,,
development,phase-core,additive,91,58530,58530,58530,3625,58480,58480,58480,50,50,50,,,,,,,,,
development,phase-core,additive,92,58530,58530,58530,3625,58480,58480,58480,50,50,50,,,,,,,,,
development,phase-core,additive,93,58530,58530,58530,3625,58480,58480,58480,50,50,50,,,,,,,,,
development,phase-core,additive,94,58530,58530,58530,3625,58480,58480,58480,50,50,50,,,,,,,,,
development,phase-core,additive,95,58530,58530,58530,3625,58480,58480,58480,50,50,50,,,,,,,,,
development,phase-core,additive,96,58530,58530,58530,3625,58480,58480,58480,50,50,50,,,,,,,,,
development,phase-core,additive,97,58530,58530,58530,3625,58480,58480,58480,50,50,50,,,,,,,,,
development,phase-core,additive,98,58530,58530,58530,3625,58480,58480,58480,50,50,50,,,,,,,,,
development,phase-core,additive,99,58530,58530,58530,3625,58480,58480,58480,50,50,50,,,,,,,,,
development,phase-core,additive,100,58530,58530,58530,3625,58480,58480,58480,50,50,50,,,,,,,,,
development,phase-core,teammate-set,1,62466,62466,62466,3625,58480,58480,58480,578,578,578,1696.0,1696.0,1696.0,1712.0,1712.0,1712.0,,,
development,phase-core,teammate-set,2,62466,62466,62466,3625,58480,58480,58480,578,578,578,1696.0,1696.0,1696.0,1712.0,1712.0,1712.0,,,
development,phase-core,teammate-set,3,62466,62466,62466,3625,58480,58480,58480,578,578,578,1696.0,1696.0,1696.0,1712.0,1712.0,1712.0,,,
development,phase-core,teammate-set,4,62466,62466,62466,3625,58480,58480,58480,578,578,578,1696.0,1696.0,1696.0,1712.0,1712.0,1712.0,,,
development,phase-core,teammate-set,5,62466,62466,62466,3625,58480,58480,58480,578,578,578,1696.0,1696.0,1696.0,1712.0,1712.0,1712.0,,,
development,phase-core,teammate-set,6,62466,62466,62466,3625,58480,58480,58480,578,578,578,1696.0,1696.0,1696.0,1712.0,1712.0,1712.0,,,
development,phase-core,teammate-set,7,62466,62466,62466,3625,58480,58480,58480,578,578,578,1696.0,1696.0,1696.0,1712.0,1712.0,1712.0,,,
development,phase-core,teammate-set,8,62466,62466,62466,3625,58480,58480,58480,578,578,578,1696.0,1696.0,1696.0,1712.0,1712.0,1712.0,,,
development,phase-core,teammate-set,9,62466,62466,62466,3625,58480,58480,58480,578,578,578,1696.0,1696.0,1696.0,1712.0,1712.0,1712.0,,,
development,phase-core,teammate-set,10,62466,62466,62466,3625,58480,58480,58480,578,578,578,1696.0,1696.0,1696.0,1712.0,1712.0,1712.0,,,
development,phase-core,teammate-set,11,62466,62466,62466,3625,58480,58480,58480,578,578,578,1696.0,1696.0,1696.0,1712.0,1712.0,1712.0,,,
development,phase-core,teammate-set,12,62466,62466,62466,3625,58480,58480,58480,578,578,578,1696.0,1696.0,1696.0,1712.0,1712.0,1712.0,,,
development,phase-core,teammate-set,13,62466,62466,62466,3625,58480,58480,58480,578,578,578,1696.0,1696.0,1696.0,1712.0,1712.0,1712.0,,,
development,phase-core,teammate-set,14,62466,62466,62466,3625,58480,58480,58480,578,578,578,1696.0,1696.0,1696.0,1712.0,1712.0,1712.0,,,
development,phase-core,teammate-set,15,62466,62466,62466,3625,58480,58480,58480,578,578,578,1696.0,1696.0,1696.0,1712.0,1712.0,1712.0,,,
development,phase-core,teammate-set,16,62466,62466,62466,3625,58480,58480,58480,578,578,578,1696.0,1696.0,1696.0,1712.0,1712.0,1712.0,,,
development,phase-core,teammate-set,17,62466,62466,62466,3625,58480,58480,58480,578,578,578,1696.0,1696.0,1696.0,1712.0,1712.0,1712.0,,,
development,phase-core,teammate-set,18,62466,62466,62466,3625,58480,58480,58480,578,578,578,1696.0,1696.0,1696.0,1712.0,1712.0,1712.0,,,
development,phase-core,teammate-set,19,62466,62466,62466,3625,58480,58480,58480,578,578,578,1696.0,1696.0,1696.0,1712.0,1712.0,1712.0,,,
development,phase-core,teammate-set,20,62466,62466,62466,3625,58480,58480,58480,578,578,578,1696.0,1696.0,1696.0,1712.0,1712.0,1712.0,,,
development,phase-core,teammate-set,21,62466,62466,62466,3625,58480,58480,58480,578,578,578,1696.0,1696.0,1696.0,1712.0,1712.0,1712.0,,,
development,phase-core,teammate-set,22,62466,62466,62466,3625,58480,58480,58480,578,578,578,1696.0,1696.0,1696.0,1712.0,1712.0,1712.0,,,
development,phase-core,teammate-set,23,62466,62466,62466,3625,58480,58480,58480,578,578,578,1696.0,1696.0,1696.0,1712.0,1712.0,1712.0,,,
development,phase-core,teammate-set,24,62466,62466,62466,3625,58480,58480,58480,578,578,578,1696.0,1696.0,1696.0,1712.0,1712.0,1712.0,,,
development,phase-core,teammate-set,25,62466,62466,62466,3625,58480,58480,58480,578,578,578,1696.0,1696.0,1696.0,1712.0,1712.0,1712.0,,,
development,phase-core,teammate-set,26,62466,62466,62466,3625,58480,58480,58480,578,578,578,1696.0,1696.0,1696.0,1712.0,1712.0,1712.0,,,
development,phase-core,teammate-set,27,62466,62466,62466,3625,58480,58480,58480,578,578,578,1696.0,1696.0,1696.0,1712.0,1712.0,1712.0,,,
development,phase-core,teammate-set,28,62466,62466,62466,3625,58480,58480,58480,578,578,578,1696.0,1696.0,1696.0,1712.0,1712.0,1712.0,,,
development,phase-core,teammate-set,29,62466,62466,62466,3625,58480,58480,58480,578,578,578,1696.0,1696.0,1696.0,1712.0,1712.0,1712.0,,,
development,phase-core,teammate-set,30,62466,62466,62466,3625,58480,58480,58480,578,578,578,1696.0,1696.0,1696.0,1712.0,1712.0,1712.0,,,
development,phase-core,teammate-set,31,62466,62466,62466,3625,58480,58480,58480,578,578,578,1696.0,1696.0,1696.0,1712.0,1712.0,1712.0,,,
development,phase-core,teammate-set,32,62466,62466,62466,3625,58480,58480,58480,578,578,578,1696.0,1696.0,1696.0,1712.0,1712.0,1712.0,,,
development,phase-core,teammate-set,33,62466,62466,62466,3625,58480,58480,58480,578,578,578,1696.0,1696.0,1696.0,1712.0,1712.0,1712.0,,,
development,phase-core,teammate-set,34,62466,62466,62466,3625,58480,58480,58480,578,578,578,1696.0,1696.0,1696.0,1712.0,1712.0,1712.0,,,
development,phase-core,teammate-set,35,62466,62466,62466,3625,58480,58480,58480,578,578,578,1696.0,1696.0,1696.0,1712.0,1712.0,1712.0,,,
development,phase-core,teammate-set,36,62466,62466,62466,3625,58480,58480,58480,578,578,578,1696.0,1696.0,1696.0,1712.0,1712.0,1712.0,,,
development,phase-core,teammate-set,37,62466,62466,62466,3625,58480,58480,58480,578,578,578,1696.0,1696.0,1696.0,1712.0,1712.0,1712.0,,,
development,phase-core,teammate-set,38,62466,62466,62466,3625,58480,58480,58480,578,578,578,1696.0,1696.0,1696.0,1712.0,1712.0,1712.0,,,
development,phase-core,teammate-set,39,62466,62466,62466,3625,58480,58480,58480,578,578,578,1696.0,1696.0,1696.0,1712.0,1712.0,1712.0,,,
development,phase-core,teammate-set,40,62466,62466,62466,3625,58480,58480,58480,578,578,578,1696.0,1696.0,1696.0,1712.0,1712.0,1712.0,,,
development,phase-core,teammate-set,41,62466,62466,62466,3625,58480,58480,58480,578,578,578,1696.0,1696.0,1696.0,1712.0,1712.0,1712.0,,,
development,phase-core,teammate-set,42,62466,62466,62466,3625,58480,58480,58480,578,578,578,1696.0,1696.0,1696.0,1712.0,1712.0,1712.0,,,
development,phase-core,teammate-set,43,62466,62466,62466,3625,58480,58480,58480,578,578,578,1696.0,1696.0,1696.0,1712.0,1712.0,1712.0,,,
development,phase-core,teammate-set,44,62466,62466,62466,3625,58480,58480,58480,578,578,578,1696.0,1696.0,1696.0,1712.0,1712.0,1712.0,,,
development,phase-core,teammate-set,45,62466,62466,62466,3625,58480,58480,58480,578,578,578,1696.0,1696.0,1696.0,1712.0,1712.0,1712.0,,,
development,phase-core,teammate-set,46,62466,62466,62466,3625,58480,58480,58480,578,578,578,1696.0,1696.0,1696.0,1712.0,1712.0,1712.0,,,
development,phase-core,teammate-set,47,62466,62466,62466,3625,58480,58480,58480,578,578,578,1696.0,1696.0,1696.0,1712.0,1712.0,1712.0,,,
development,phase-core,teammate-set,48,62466,62466,62466,3625,58480,58480,58480,578,578,578,1696.0,1696.0,1696.0,1712.0,1712.0,1712.0,,,
development,phase-core,teammate-set,49,62466,62466,62466,3625,58480,58480,58480,578,578,578,1696.0,1696.0,1696.0,1712.0,1712.0,1712.0,,,
development,phase-core,teammate-set,50,62466,62466,62466,3625,58480,58480,58480,578,578,578,1696.0,1696.0,1696.0,1712.0,1712.0,1712.0,,,
development,phase-core,teammate-set,51,62466,62466,62466,3625,58480,58480,58480,578,578,578,1696.0,1696.0,1696.0,1712.0,1712.0,1712.0,,,
development,phase-core,teammate-set,52,62466,62466,62466,3625,58480,58480,58480,578,578,578,1696.0,1696.0,1696.0,1712.0,1712.0,1712.0,,,
development,phase-core,teammate-set,53,62466,62466,62466,3625,58480,58480,58480,578,578,578,1696.0,1696.0,1696.0,1712.0,1712.0,1712.0,,,
development,phase-core,teammate-set,54,62466,62466,62466,3625,58480,58480,58480,578,578,578,1696.0,1696.0,1696.0,1712.0,1712.0,1712.0,,,
development,phase-core,teammate-set,55,62466,62466,62466,3625,58480,58480,58480,578,578,578,1696.0,1696.0,1696.0,1712.0,1712.0,1712.0,,,
development,phase-core,teammate-set,56,62466,62466,62466,3625,58480,58480,58480,578,578,578,1696.0,1696.0,1696.0,1712.0,1712.0,1712.0,,,
development,phase-core,teammate-set,57,62466,62466,62466,3625,58480,58480,58480,578,578,578,1696.0,1696.0,1696.0,1712.0,1712.0,1712.0,,,
development,phase-core,teammate-set,58,62466,62466,62466,3625,58480,58480,58480,578,578,578,1696.0,1696.0,1696.0,1712.0,1712.0,1712.0,,,
development,phase-core,teammate-set,59,62466,62466,62466,3625,58480,58480,58480,578,578,578,1696.0,1696.0,1696.0,1712.0,1712.0,1712.0,,,
development,phase-core,teammate-set,60,62466,62466,62466,3625,58480,58480,58480,578,578,578,1696.0,1696.0,1696.0,1712.0,1712.0,1712.0,,,
development,phase-core,teammate-set,61,62466,62466,62466,3625,58480,58480,58480,578,578,578,1696.0,1696.0,1696.0,1712.0,1712.0,1712.0,,,
development,phase-core,teammate-set,62,62466,62466,62466,3625,58480,58480,58480,578,578,578,1696.0,1696.0,1696.0,1712.0,1712.0,1712.0,,,
development,phase-core,teammate-set,63,62466,62466,62466,3625,58480,58480,58480,578,578,578,1696.0,1696.0,1696.0,1712.0,1712.0,1712.0,,,
development,phase-core,teammate-set,64,62466,62466,62466,3625,58480,58480,58480,578,578,578,1696.0,1696.0,1696.0,1712.0,1712.0,1712.0,,,
development,phase-core,teammate-set,65,62466,62466,62466,3625,58480,58480,58480,578,578,578,1696.0,1696.0,1696.0,1712.0,1712.0,1712.0,,,
development,phase-core,teammate-set,66,62466,62466,62466,3625,58480,58480,58480,578,578,578,1696.0,1696.0,1696.0,1712.0,1712.0,1712.0,,,
development,phase-core,teammate-set,67,62466,62466,62466,3625,58480,58480,58480,578,578,578,1696.0,1696.0,1696.0,1712.0,1712.0,1712.0,,,
development,phase-core,teammate-set,68,62466,62466,62466,3625,58480,58480,58480,578,578,578,1696.0,1696.0,1696.0,1712.0,1712.0,1712.0,,,
development,phase-core,teammate-set,69,62466,62466,62466,3625,58480,58480,58480,578,578,578,1696.0,1696.0,1696.0,1712.0,1712.0,1712.0,,,
development,phase-core,teammate-set,70,62466,62466,62466,3625,58480,58480,58480,578,578,578,1696.0,1696.0,1696.0,1712.0,1712.0,1712.0,,,
development,phase-core,teammate-set,71,62466,62466,62466,3625,58480,58480,58480,578,578,578,1696.0,1696.0,1696.0,1712.0,1712.0,1712.0,,,
development,phase-core,teammate-set,72,62466,62466,62466,3625,58480,58480,58480,578,578,578,1696.0,1696.0,1696.0,1712.0,1712.0,1712.0,,,
development,phase-core,teammate-set,73,62466,62466,62466,3625,58480,58480,58480,578,578,578,1696.0,1696.0,1696.0,1712.0,1712.0,1712.0,,,
development,phase-core,teammate-set,74,62466,62466,62466,3625,58480,58480,58480,578,578,578,1696.0,1696.0,1696.0,1712.0,1712.0,1712.0,,,
development,phase-core,teammate-set,75,62466,62466,62466,3625,58480,58480,58480,578,578,578,1696.0,1696.0,1696.0,1712.0,1712.0,1712.0,,,
development,phase-core,teammate-set,76,62466,62466,62466,3625,58480,58480,58480,578,578,578,1696.0,1696.0,1696.0,1712.0,1712.0,1712.0,,,
development,phase-core,teammate-set,77,62466,62466,62466,3625,58480,58480,58480,578,578,578,1696.0,1696.0,1696.0,1712.0,1712.0,1712.0,,,
development,phase-core,teammate-set,78,62466,62466,62466,3625,58480,58480,58480,578,578,578,1696.0,1696.0,1696.0,1712.0,1712.0,1712.0,,,
development,phase-core,teammate-set,79,62466,62466,62466,3625,58480,58480,58480,578,578,578,1696.0,1696.0,1696.0,1712.0,1712.0,1712.0,,,
development,phase-core,teammate-set,80,62466,62466,62466,3625,58480,58480,58480,578,578,578,1696.0,1696.0,1696.0,1712.0,1712.0,1712.0,,,
development,phase-core,teammate-set,81,62466,62466,62466,3625,58480,58480,58480,578,578,578,1696.0,1696.0,1696.0,1712.0,1712.0,1712.0,,,
development,phase-core,teammate-set,82,62466,62466,62466,3625,58480,58480,58480,578,578,578,1696.0,1696.0,1696.0,1712.0,1712.0,1712.0,,,
development,phase-core,teammate-set,83,62466,62466,62466,3625,58480,58480,58480,578,578,578,1696.0,1696.0,1696.0,1712.0,1712.0,1712.0,,,
development,phase-core,teammate-set,84,62466,62466,62466,3625,58480,58480,58480,578,578,578,1696.0,1696.0,1696.0,1712.0,1712.0,1712.0,,,
development,phase-core,teammate-set,85,62466,62466,62466,3625,58480,58480,58480,578,578,578,1696.0,1696.0,1696.0,1712.0,1712.0,1712.0,,,
development,phase-core,teammate-set,86,62466,62466,62466,3625,58480,58480,58480,578,578,578,1696.0,1696.0,1696.0,1712.0,1712.0,1712.0,,,
development,phase-core,teammate-set,87,62466,62466,62466,3625,58480,58480,58480,578,578,578,1696.0,1696.0,1696.0,1712.0,1712.0,1712.0,,,
development,phase-core,teammate-set,88,62466,62466,62466,3625,58480,58480,58480,578,578,578,1696.0,1696.0,1696.0,1712.0,1712.0,1712.0,,,
development,phase-core,teammate-set,89,62466,62466,62466,3625,58480,58480,58480,578,578,578,1696.0,1696.0,1696.0,1712.0,1712.0,1712.0,,,
development,phase-core,teammate-set,90,62466,62466,62466,3625,58480,58480,58480,578,578,578,1696.0,1696.0,1696.0,1712.0,1712.0,1712.0,,,
development,phase-core,teammate-set,91,62466,62466,62466,3625,58480,58480,58480,578,578,578,1696.0,1696.0,1696.0,1712.0,1712.0,1712.0,,,
development,phase-core,teammate-set,92,62466,62466,62466,3625,58480,58480,58480,578,578,578,1696.0,1696.0,1696.0,1712.0,1712.0,1712.0,,,
development,phase-core,teammate-set,93,62466,62466,62466,3625,58480,58480,58480,578,578,578,1696.0,1696.0,1696.0,1712.0,1712.0,1712.0,,,
development,phase-core,teammate-set,94,62466,62466,62466,3625,58480,58480,58480,578,578,578,1696.0,1696.0,1696.0,1712.0,1712.0,1712.0,,,
development,phase-core,teammate-set,95,62466,62466,62466,3625,58480,58480,58480,578,578,578,1696.0,1696.0,1696.0,1712.0,1712.0,1712.0,,,
development,phase-core,teammate-set,96,62466,62466,62466,3625,58480,58480,58480,578,578,578,1696.0,1696.0,1696.0,1712.0,1712.0,1712.0,,,
development,phase-core,teammate-set,97,62466,62466,62466,3625,58480,58480,58480,578,578,578,1696.0,1696.0,1696.0,1712.0,1712.0,1712.0,,,
development,phase-core,teammate-set,98,62466,62466,62466,3625,58480,58480,58480,578,578,578,1696.0,1696.0,1696.0,1712.0,1712.0,1712.0,,,
development,phase-core,teammate-set,99,62466,62466,62466,3625,58480,58480,58480,578,578,578,1696.0,1696.0,1696.0,1712.0,1712.0,1712.0,,,
development,phase-core,teammate-set,100,62466,62466,62466,3625,58480,58480,58480,578,578,578,1696.0,1696.0,1696.0,1712.0,1712.0,1712.0,,,
development,phase-core,full-match,1,64162,64162,64162,3625,58480,58480,58480,578,578,578,1696.0,1696.0,1696.0,1712.0,1712.0,1712.0,1696.0,1696.0,1696.0
development,phase-core,full-match,2,64162,64162,64162,3625,58480,58480,58480,578,578,578,1696.0,1696.0,1696.0,1712.0,1712.0,1712.0,1696.0,1696.0,1696.0
development,phase-core,full-match,3,64162,64162,64162,3625,58480,58480,58480,578,578,578,1696.0,1696.0,1696.0,1712.0,1712.0,1712.0,1696.0,1696.0,1696.0
development,phase-core,full-match,4,64162,64162,64162,3625,58480,58480,58480,578,578,578,1696.0,1696.0,1696.0,1712.0,1712.0,1712.0,1696.0,1696.0,1696.0
development,phase-core,full-match,5,64162,64162,64162,3625,58480,58480,58480,578,578,578,1696.0,1696.0,1696.0,1712.0,1712.0,1712.0,1696.0,1696.0,1696.0
development,phase-core,full-match,6,64162,64162,64162,3625,58480,58480,58480,578,578,578,1696.0,1696.0,1696.0,1712.0,1712.0,1712.0,1696.0,1696.0,1696.0
development,phase-core,full-match,7,64162,64162,64162,3625,58480,58480,58480,578,578,578,1696.0,1696.0,1696.0,1712.0,1712.0,1712.0,1696.0,1696.0,1696.0
development,phase-core,full-match,8,64162,64162,64162,3625,58480,58480,58480,578,578,578,1696.0,1696.0,1696.0,1712.0,1712.0,1712.0,1696.0,1696.0,1696.0
development,phase-core,full-match,9,64162,64162,64162,3625,58480,58480,58480,578,578,578,1696.0,1696.0,1696.0,1712.0,1712.0,1712.0,1696.0,1696.0,1696.0
development,phase-core,full-match,10,64162,64162,64162,3625,58480,58480,58480,578,578,578,1696.0,1696.0,1696.0,1712.0,1712.0,1712.0,1696.0,1696.0,1696.0
development,phase-core,full-match,11,64162,64162,64162,3625,58480,58480,58480,578,578,578,1696.0,1696.0,1696.0,1712.0,1712.0,1712.0,1696.0,1696.0,1696.0
development,phase-core,full-match,12,64162,64162,64162,3625,58480,58480,58480,578,578,578,1696.0,1696.0,1696.0,1712.0,1712.0,1712.0,1696.0,1696.0,1696.0
development,phase-core,full-match,13,64162,64162,64162,3625,58480,58480,58480,578,578,578,1696.0,1696.0,1696.0,1712.0,1712.0,1712.0,1696.0,1696.0,1696.0
development,phase-core,full-match,14,64162,64162,64162,3625,58480,58480,58480,578,578,578,1696.0,1696.0,1696.0,1712.0,1712.0,1712.0,1696.0,1696.0,1696.0
development,phase-core,full-match,15,64162,64162,64162,3625,58480,58480,58480,578,578,578,1696.0,1696.0,1696.0,1712.0,1712.0,1712.0,1696.0,1696.0,1696.0
development,phase-core,full-match,16,64162,64162,64162,3625,58480,58480,58480,578,578,578,1696.0,1696.0,1696.0,1712.0,1712.0,1712.0,1696.0,1696.0,1696.0
development,phase-core,full-match,17,64162,64162,64162,3625,58480,58480,58480,578,578,578,1696.0,1696.0,1696.0,1712.0,1712.0,1712.0,1696.0,1696.0,1696.0
development,phase-core,full-match,18,64162,64162,64162,3625,58480,58480,58480,578,578,578,1696.0,1696.0,1696.0,1712.0,1712.0,1712.0,1696.0,1696.0,1696.0
development,phase-core,full-match,19,64162,64162,64162,3625,58480,58480,58480,578,578,578,1696.0,1696.0,1696.0,1712.0,1712.0,1712.0,1696.0,1696.0,1696.0
development,phase-core,full-match,20,64162,64162,64162,3625,58480,58480,58480,578,578,578,1696.0,1696.0,1696.0,1712.0,1712.0,1712.0,1696.0,1696.0,1696.0
development,phase-core,full-match,21,64162,64162,64162,3625,58480,58480,58480,578,578,578,1696.0,1696.0,1696.0,1712.0,1712.0,1712.0,1696.0,1696.0,1696.0
development,phase-core,full-match,22,64162,64162,64162,3625,58480,58480,58480,578,578,578,1696.0,1696.0,1696.0,1712.0,1712.0,1712.0,1696.0,1696.0,1696.0
development,phase-core,full-match,23,64162,64162,64162,3625,58480,58480,58480,578,578,578,1696.0,1696.0,1696.0,1712.0,1712.0,1712.0,1696.0,1696.0,1696.0
development,phase-core,full-match,24,64162,64162,64162,3625,58480,58480,58480,578,578,578,1696.0,1696.0,1696.0,1712.0,1712.0,1712.0,1696.0,1696.0,1696.0
development,phase-core,full-match,25,64162,64162,64162,3625,58480,58480,58480,578,578,578,1696.0,1696.0,1696.0,1712.0,1712.0,1712.0,1696.0,1696.0,1696.0
development,phase-core,full-match,26,64162,64162,64162,3625,58480,58480,58480,578,578,578,1696.0,1696.0,1696.0,1712.0,1712.0,1712.0,1696.0,1696.0,1696.0
development,phase-core,full-match,27,64162,64162,64162,3625,58480,58480,58480,578,578,578,1696.0,1696.0,1696.0,1712.0,1712.0,1712.0,1696.0,1696.0,1696.0
development,phase-core,full-match,28,64162,64162,64162,3625,58480,58480,58480,578,578,578,1696.0,1696.0,1696.0,1712.0,1712.0,1712.0,1696.0,1696.0,1696.0
development,phase-core,full-match,29,64162,64162,64162,3625,58480,58480,58480,578,578,578,1696.0,1696.0,1696.0,1712.0,1712.0,1712.0,1696.0,1696.0,1696.0
development,phase-core,full-match,30,64162,64162,64162,3625,58480,58480,58480,578,578,578,1696.0,1696.0,1696.0,1712.0,1712.0,1712.0,1696.0,1696.0,1696.0
development,phase-core,full-match,31,64162,64162,64162,3625,58480,58480,58480,578,578,578,1696.0,1696.0,1696.0,1712.0,1712.0,1712.0,1696.0,1696.0,1696.0
development,phase-core,full-match,32,64162,64162,64162,3625,58480,58480,58480,578,578,578,1696.0,1696.0,1696.0,1712.0,1712.0,1712.0,1696.0,1696.0,1696.0
development,phase-core,full-match,33,64162,64162,64162,3625,58480,58480,58480,578,578,578,1696.0,1696.0,1696.0,1712.0,1712.0,1712.0,1696.0,1696.0,1696.0
development,phase-core,full-match,34,64162,64162,64162,3625,58480,58480,58480,578,578,578,1696.0,1696.0,1696.0,1712.0,1712.0,1712.0,1696.0,1696.0,1696.0
development,phase-core,full-match,35,64162,64162,64162,3625,58480,58480,58480,578,578,578,1696.0,1696.0,1696.0,1712.0,1712.0,1712.0,1696.0,1696.0,1696.0
development,phase-core,full-match,36,64162,64162,64162,3625,58480,58480,58480,578,578,578,1696.0,1696.0,1696.0,1712.0,1712.0,1712.0,1696.0,1696.0,1696.0
development,phase-core,full-match,37,64162,64162,64162,3625,58480,58480,58480,578,578,578,1696.0,1696.0,1696.0,1712.0,1712.0,1712.0,1696.0,1696.0,1696.0
development,phase-core,full-match,38,64162,64162,64162,3625,58480,58480,58480,578,578,578,1696.0,1696.0,1696.0,1712.0,1712.0,1712.0,1696.0,1696.0,1696.0
development,phase-core,full-match,39,64162,64162,64162,3625,58480,58480,58480,578,578,578,1696.0,1696.0,1696.0,1712.0,1712.0,1712.0,1696.0,1696.0,1696.0
development,phase-core,full-match,40,64162,64162,64162,3625,58480,58480,58480,578,578,578,1696.0,1696.0,1696.0,1712.0,1712.0,1712.0,1696.0,1696.0,1696.0
development,phase-core,full-match,41,64162,64162,64162,3625,58480,58480,58480,578,578,578,1696.0,1696.0,1696.0,1712.0,1712.0,1712.0,1696.0,1696.0,1696.0
development,phase-core,full-match,42,64162,64162,64162,3625,58480,58480,58480,578,578,578,1696.0,1696.0,1696.0,1712.0,1712.0,1712.0,1696.0,1696.0,1696.0
development,phase-core,full-match,43,64162,64162,64162,3625,58480,58480,58480,578,578,578,1696.0,1696.0,1696.0,1712.0,1712.0,1712.0,1696.0,1696.0,1696.0
development,phase-core,full-match,44,64162,64162,64162,3625,58480,58480,58480,578,578,578,1696.0,1696.0,1696.0,1712.0,1712.0,1712.0,1696.0,1696.0,1696.0
development,phase-core,full-match,45,64162,64162,64162,3625,58480,58480,58480,578,578,578,1696.0,1696.0,1696.0,1712.0,1712.0,1712.0,1696.0,1696.0,1696.0
development,phase-core,full-match,46,64162,64162,64162,3625,58480,58480,58480,578,578,578,1696.0,1696.0,1696.0,1712.0,1712.0,1712.0,1696.0,1696.0,1696.0
development,phase-core,full-match,47,64162,64162,64162,3625,58480,58480,58480,578,578,578,1696.0,1696.0,1696.0,1712.0,1712.0,1712.0,1696.0,1696.0,1696.0
development,phase-core,full-match,48,64162,64162,64162,3625,58480,58480,58480,578,578,578,1696.0,1696.0,1696.0,1712.0,1712.0,1712.0,1696.0,1696.0,1696.0
development,phase-core,full-match,49,64162,64162,64162,3625,58480,58480,58480,578,578,578,1696.0,1696.0,1696.0,1712.0,1712.0,1712.0,1696.0,1696.0,1696.0
development,phase-core,full-match,50,64162,64162,64162,3625,58480,58480,58480,578,578,578,1696.0,1696.0,1696.0,1712.0,1712.0,1712.0,1696.0,1696.0,1696.0
development,phase-core,full-match,51,64162,64162,64162,3625,58480,58480,58480,578,578,578,1696.0,1696.0,1696.0,1712.0,1712.0,1712.0,1696.0,1696.0,1696.0
development,phase-core,full-match,52,64162,64162,64162,3625,58480,58480,58480,578,578,578,1696.0,1696.0,1696.0,1712.0,1712.0,1712.0,1696.0,1696.0,1696.0
development,phase-core,full-match,53,64162,64162,64162,3625,58480,58480,58480,578,578,578,1696.0,1696.0,1696.0,1712.0,1712.0,1712.0,1696.0,1696.0,1696.0
development,phase-core,full-match,54,64162,64162,64162,3625,58480,58480,58480,578,578,578,1696.0,1696.0,1696.0,1712.0,1712.0,1712.0,1696.0,1696.0,1696.0
development,phase-core,full-match,55,64162,64162,64162,3625,58480,58480,58480,578,578,578,1696.0,1696.0,1696.0,1712.0,1712.0,1712.0,1696.0,1696.0,1696.0
development,phase-core,full-match,56,64162,64162,64162,3625,58480,58480,58480,578,578,578,1696.0,1696.0,1696.0,1712.0,1712.0,1712.0,1696.0,1696.0,1696.0
development,phase-core,full-match,57,64162,64162,64162,3625,58480,58480,58480,578,578,578,1696.0,1696.0,1696.0,1712.0,1712.0,1712.0,1696.0,1696.0,1696.0
development,phase-core,full-match,58,64162,64162,64162,3625,58480,58480,58480,578,578,578,1696.0,1696.0,1696.0,1712.0,1712.0,1712.0,1696.0,1696.0,1696.0
development,phase-core,full-match,59,64162,64162,64162,3625,58480,58480,58480,578,578,578,1696.0,1696.0,1696.0,1712.0,1712.0,1712.0,1696.0,1696.0,1696.0
development,phase-core,full-match,60,64162,64162,64162,3625,58480,58480,58480,578,578,578,1696.0,1696.0,1696.0,1712.0,1712.0,1712.0,1696.0,1696.0,1696.0
development,phase-core,full-match,61,64162,64162,64162,3625,58480,58480,58480,578,578,578,1696.0,1696.0,1696.0,1712.0,1712.0,1712.0,1696.0,1696.0,1696.0
development,phase-core,full-match,62,64162,64162,64162,3625,58480,58480,58480,578,578,578,1696.0,1696.0,1696.0,1712.0,1712.0,1712.0,1696.0,1696.0,1696.0
development,phase-core,full-match,63,64162,64162,64162,3625,58480,58480,58480,578,578,578,1696.0,1696.0,1696.0,1712.0,1712.0,1712.0,1696.0,1696.0,1696.0
development,phase-core,full-match,64,64162,64162,64162,3625,58480,58480,58480,578,578,578,1696.0,1696.0,1696.0,1712.0,1712.0,1712.0,1696.0,1696.0,1696.0
development,phase-core,full-match,65,64162,64162,64162,3625,58480,58480,58480,578,578,578,1696.0,1696.0,1696.0,1712.0,1712.0,1712.0,1696.0,1696.0,1696.0
development,phase-core,full-match,66,64162,64162,64162,3625,58480,58480,58480,578,578,578,1696.0,1696.0,1696.0,1712.0,1712.0,1712.0,1696.0,1696.0,1696.0
development,phase-core,full-match,67,64162,64162,64162,3625,58480,58480,58480,578,578,578,1696.0,1696.0,1696.0,1712.0,1712.0,1712.0,1696.0,1696.0,1696.0
development,phase-core,full-match,68,64162,64162,64162,3625,58480,58480,58480,578,578,578,1696.0,1696.0,1696.0,1712.0,1712.0,1712.0,1696.0,1696.0,1696.0
development,phase-core,full-match,69,64162,64162,64162,3625,58480,58480,58480,578,578,578,1696.0,1696.0,1696.0,1712.0,1712.0,1712.0,1696.0,1696.0,1696.0
development,phase-core,full-match,70,64162,64162,64162,3625,58480,58480,58480,578,578,578,1696.0,1696.0,1696.0,1712.0,1712.0,1712.0,1696.0,1696.0,1696.0
development,phase-core,full-match,71,64162,64162,64162,3625,58480,58480,58480,578,578,578,1696.0,1696.0,1696.0,1712.0,1712.0,1712.0,1696.0,1696.0,1696.0
development,phase-core,full-match,72,64162,64162,64162,3625,58480,58480,58480,578,578,578,1696.0,1696.0,1696.0,1712.0,1712.0,1712.0,1696.0,1696.0,1696.0
development,phase-core,full-match,73,64162,64162,64162,3625,58480,58480,58480,578,578,578,1696.0,1696.0,1696.0,1712.0,1712.0,1712.0,1696.0,1696.0,1696.0
development,phase-core,full-match,74,64162,64162,64162,3625,58480,58480,58480,578,578,578,1696.0,1696.0,1696.0,1712.0,1712.0,1712.0,1696.0,1696.0,1696.0
development,phase-core,full-match,75,64162,64162,64162,3625,58480,58480,58480,578,578,578,1696.0,1696.0,1696.0,1712.0,1712.0,1712.0,1696.0,1696.0,1696.0
development,phase-core,full-match,76,64162,64162,64162,3625,58480,58480,58480,578,578,578,1696.0,1696.0,1696.0,1712.0,1712.0,1712.0,1696.0,1696.0,1696.0
development,phase-core,full-match,77,64162,64162,64162,3625,58480,58480,58480,578,578,578,1696.0,1696.0,1696.0,1712.0,1712.0,1712.0,1696.0,1696.0,1696.0
development,phase-core,full-match,78,64162,64162,64162,3625,58480,58480,58480,578,578,578,1696.0,1696.0,1696.0,1712.0,1712.0,1712.0,1696.0,1696.0,1696.0
development,phase-core,full-match,79,64162,64162,64162,3625,58480,58480,58480,578,578,578,1696.0,1696.0,1696.0,1712.0,1712.0,1712.0,1696.0,1696.0,1696.0
development,phase-core,full-match,80,64162,64162,64162,3625,58480,58480,58480,578,578,578,1696.0,1696.0,1696.0,1712.0,1712.0,1712.0,1696.0,1696.0,1696.0
development,phase-core,full-match,81,64162,64162,64162,3625,58480,58480,58480,578,578,578,1696.0,1696.0,1696.0,1712.0,1712.0,1712.0,1696.0,1696.0,1696.0
development,phase-core,full-match,82,64162,64162,64162,3625,58480,58480,58480,578,578,578,1696.0,1696.0,1696.0,1712.0,1712.0,1712.0,1696.0,1696.0,1696.0
development,phase-core,full-match,83,64162,64162,64162,3625,58480,58480,58480,578,578,578,1696.0,1696.0,1696.0,1712.0,1712.0,1712.0,1696.0,1696.0,1696.0
development,phase-core,full-match,84,64162,64162,64162,3625,58480,58480,58480,578,578,578,1696.0,1696.0,1696.0,1712.0,1712.0,1712.0,1696.0,1696.0,1696.0
development,phase-core,full-match,85,64162,64162,64162,3625,58480,58480,58480,578,578,578,1696.0,1696.0,1696.0,1712.0,1712.0,1712.0,1696.0,1696.0,1696.0
development,phase-core,full-match,86,64162,64162,64162,3625,58480,58480,58480,578,578,578,1696.0,1696.0,1696.0,1712.0,1712.0,1712.0,1696.0,1696.0,1696.0
development,phase-core,full-match,87,64162,64162,64162,3625,58480,58480,58480,578,578,578,1696.0,1696.0,1696.0,1712.0,1712.0,1712.0,1696.0,1696.0,1696.0
development,phase-core,full-match,88,64162,64162,64162,3625,58480,58480,58480,578,578,578,1696.0,1696.0,1696.0,1712.0,1712.0,1712.0,1696.0,1696.0,1696.0
development,phase-core,full-match,89,64162,64162,64162,3625,58480,58480,58480,578,578,578,1696.0,1696.0,1696.0,1712.0,1712.0,1712.0,1696.0,1696.0,1696.0
development,phase-core,full-match,90,64162,64162,64162,3625,58480,58480,58480,578,578,578,1696.0,1696.0,1696.0,1712.0,1712.0,1712.0,1696.0,1696.0,1696.0
development,phase-core,full-match,91,64162,64162,64162,3625,58480,58480,58480,578,578,578,1696.0,1696.0,1696.0,1712.0,1712.0,1712.0,1696.0,1696.0,1696.0
development,phase-core,full-match,92,64162,64162,64162,3625,58480,58480,58480,578,578,578,1696.0,1696.0,1696.0,1712.0,1712.0,1712.0,1696.0,1696.0,1696.0
development,phase-core,full-match,93,64162,64162,64162,3625,58480,58480,58480,578,578,578,1696.0,1696.0,1696.0,1712.0,1712.0,1712.0,1696.0,1696.0,1696.0
development,phase-core,full-match,94,64162,64162,64162,3625,58480,58480,58480,578,578,578,1696.0,1696.0,1696.0,1712.0,1712.0,1712.0,1696.0,1696.0,1696.0
development,phase-core,full-match,95,64162,64162,64162,3625,58480,58480,58480,578,578,578,1696.0,1696.0,1696.0,1712.0,1712.0,1712.0,1696.0,1696.0,1696.0
development,phase-core,full-match,96,64162,64162,64162,3625,58480,58480,58480,578,578,578,1696.0,1696.0,1696.0,1712.0,1712.0,1712.0,1696.0,1696.0,1696.0
development,phase-core,full-match,97,64162,64162,64162,3625,58480,58480,58480,578,578,578,1696.0,1696.0,1696.0,1712.0,1712.0,1712.0,1696.0,1696.0,1696.0
development,phase-core,full-match,98,64162,64162,64162,3625,58480,58480,58480,578,578,578,1696.0,1696.0,1696.0,1712.0,1712.0,1712.0,1696.0,1696.0,1696.0
development,phase-core,full-match,99,64162,64162,64162,3625,58480,58480,58480,578,578,578,1696.0,1696.0,1696.0,1712.0,1712.0,1712.0,1696.0,1696.0,1696.0
development,phase-core,full-match,100,64162,64162,64162,3625,58480,58480,58480,578,578,578,1696.0,1696.0,1696.0,1712.0,1712.0,1712.0,1696.0,1696.0,1696.0
development,official-total-core,additive,1,58513,58513,58513,3625,58480,58480,58480,33,33,33,,,,,,,,,
development,official-total-core,additive,2,58513,58513,58513,3625,58480,58480,58480,33,33,33,,,,,,,,,
development,official-total-core,additive,3,58513,58513,58513,3625,58480,58480,58480,33,33,33,,,,,,,,,
development,official-total-core,additive,4,58513,58513,58513,3625,58480,58480,58480,33,33,33,,,,,,,,,
development,official-total-core,additive,5,58513,58513,58513,3625,58480,58480,58480,33,33,33,,,,,,,,,
development,official-total-core,additive,6,58513,58513,58513,3625,58480,58480,58480,33,33,33,,,,,,,,,
development,official-total-core,additive,7,58513,58513,58513,3625,58480,58480,58480,33,33,33,,,,,,,,,
development,official-total-core,additive,8,58513,58513,58513,3625,58480,58480,58480,33,33,33,,,,,,,,,
development,official-total-core,additive,9,58513,58513,58513,3625,58480,58480,58480,33,33,33,,,,,,,,,
development,official-total-core,additive,10,58513,58513,58513,3625,58480,58480,58480,33,33,33,,,,,,,,,
development,official-total-core,additive,11,58513,58513,58513,3625,58480,58480,58480,33,33,33,,,,,,,,,
development,official-total-core,additive,12,58513,58513,58513,3625,58480,58480,58480,33,33,33,,,,,,,,,
development,official-total-core,additive,13,58513,58513,58513,3625,58480,58480,58480,33,33,33,,,,,,,,,
development,official-total-core,additive,14,58513,58513,58513,3625,58480,58480,58480,33,33,33,,,,,,,,,
development,official-total-core,additive,15,58513,58513,58513,3625,58480,58480,58480,33,33,33,,,,,,,,,
development,official-total-core,additive,16,58513,58513,58513,3625,58480,58480,58480,33,33,33,,,,,,,,,
development,official-total-core,additive,17,58513,58513,58513,3625,58480,58480,58480,33,33,33,,,,,,,,,
development,official-total-core,additive,18,58513,58513,58513,3625,58480,58480,58480,33,33,33,,,,,,,,,
development,official-total-core,additive,19,58513,58513,58513,3625,58480,58480,58480,33,33,33,,,,,,,,,
development,official-total-core,additive,20,58513,58513,58513,3625,58480,58480,58480,33,33,33,,,,,,,,,
development,official-total-core,additive,21,58513,58513,58513,3625,58480,58480,58480,33,33,33,,,,,,,,,
development,official-total-core,additive,22,58513,58513,58513,3625,58480,58480,58480,33,33,33,,,,,,,,,
development,official-total-core,additive,23,58513,58513,58513,3625,58480,58480,58480,33,33,33,,,,,,,,,
development,official-total-core,additive,24,58513,58513,58513,3625,58480,58480,58480,33,33,33,,,,,,,,,
development,official-total-core,additive,25,58513,58513,58513,3625,58480,58480,58480,33,33,33,,,,,,,,,
development,official-total-core,additive,26,58513,58513,58513,3625,58480,58480,58480,33,33,33,,,,,,,,,
development,official-total-core,additive,27,58513,58513,58513,3625,58480,58480,58480,33,33,33,,,,,,,,,
development,official-total-core,additive,28,58513,58513,58513,3625,58480,58480,58480,33,33,33,,,,,,,,,
development,official-total-core,additive,29,58513,58513,58513,3625,58480,58480,58480,33,33,33,,,,,,,,,
development,official-total-core,additive,30,58513,58513,58513,3625,58480,58480,58480,33,33,33,,,,,,,,,
development,official-total-core,additive,31,58513,58513,58513,3625,58480,58480,58480,33,33,33,,,,,,,,,
development,official-total-core,additive,32,58513,58513,58513,3625,58480,58480,58480,33,33,33,,,,,,,,,
development,official-total-core,additive,33,58513,58513,58513,3625,58480,58480,58480,33,33,33,,,,,,,,,
development,official-total-core,additive,34,58513,58513,58513,3625,58480,58480,58480,33,33,33,,,,,,,,,
development,official-total-core,additive,35,58513,58513,58513,3625,58480,58480,58480,33,33,33,,,,,,,,,
development,official-total-core,additive,36,58513,58513,58513,3625,58480,58480,58480,33,33,33,,,,,,,,,
development,official-total-core,additive,37,58513,58513,58513,3625,58480,58480,58480,33,33,33,,,,,,,,,
development,official-total-core,additive,38,58513,58513,58513,3625,58480,58480,58480,33,33,33,,,,,,,,,
development,official-total-core,additive,39,58513,58513,58513,3625,58480,58480,58480,33,33,33,,,,,,,,,
development,official-total-core,additive,40,58513,58513,58513,3625,58480,58480,58480,33,33,33,,,,,,,,,
development,official-total-core,additive,41,58513,58513,58513,3625,58480,58480,58480,33,33,33,,,,,,,,,
development,official-total-core,additive,42,58513,58513,58513,3625,58480,58480,58480,33,33,33,,,,,,,,,
development,official-total-core,additive,43,58513,58513,58513,3625,58480,58480,58480,33,33,33,,,,,,,,,
development,official-total-core,additive,44,58513,58513,58513,3625,58480,58480,58480,33,33,33,,,,,,,,,
development,official-total-core,additive,45,58513,58513,58513,3625,58480,58480,58480,33,33,33,,,,,,,,,
development,official-total-core,additive,46,58513,58513,58513,3625,58480,58480,58480,33,33,33,,,,,,,,,
development,official-total-core,additive,47,58513,58513,58513,3625,58480,58480,58480,33,33,33,,,,,,,,,
development,official-total-core,additive,48,58513,58513,58513,3625,58480,58480,58480,33,33,33,,,,,,,,,
development,official-total-core,additive,49,58513,58513,58513,3625,58480,58480,58480,33,33,33,,,,,,,,,
development,official-total-core,additive,50,58513,58513,58513,3625,58480,58480,58480,33,33,33,,,,,,,,,
development,official-total-core,additive,51,58513,58513,58513,3625,58480,58480,58480,33,33,33,,,,,,,,,
development,official-total-core,additive,52,58513,58513,58513,3625,58480,58480,58480,33,33,33,,,,,,,,,
development,official-total-core,additive,53,58513,58513,58513,3625,58480,58480,58480,33,33,33,,,,,,,,,
development,official-total-core,additive,54,58513,58513,58513,3625,58480,58480,58480,33,33,33,,,,,,,,,
development,official-total-core,additive,55,58513,58513,58513,3625,58480,58480,58480,33,33,33,,,,,,,,,
development,official-total-core,additive,56,58513,58513,58513,3625,58480,58480,58480,33,33,33,,,,,,,,,
development,official-total-core,additive,57,58513,58513,58513,3625,58480,58480,58480,33,33,33,,,,,,,,,
development,official-total-core,additive,58,58513,58513,58513,3625,58480,58480,58480,33,33,33,,,,,,,,,
development,official-total-core,additive,59,58513,58513,58513,3625,58480,58480,58480,33,33,33,,,,,,,,,
development,official-total-core,additive,60,58513,58513,58513,3625,58480,58480,58480,33,33,33,,,,,,,,,
development,official-total-core,additive,61,58513,58513,58513,3625,58480,58480,58480,33,33,33,,,,,,,,,
development,official-total-core,additive,62,58513,58513,58513,3625,58480,58480,58480,33,33,33,,,,,,,,,
development,official-total-core,additive,63,58513,58513,58513,3625,58480,58480,58480,33,33,33,,,,,,,,,
development,official-total-core,additive,64,58513,58513,58513,3625,58480,58480,58480,33,33,33,,,,,,,,,
development,official-total-core,additive,65,58513,58513,58513,3625,58480,58480,58480,33,33,33,,,,,,,,,
development,official-total-core,additive,66,58513,58513,58513,3625,58480,58480,58480,33,33,33,,,,,,,,,
development,official-total-core,additive,67,58513,58513,58513,3625,58480,58480,58480,33,33,33,,,,,,,,,
development,official-total-core,additive,68,58513,58513,58513,3625,58480,58480,58480,33,33,33,,,,,,,,,
development,official-total-core,additive,69,58513,58513,58513,3625,58480,58480,58480,33,33,33,,,,,,,,,
development,official-total-core,additive,70,58513,58513,58513,3625,58480,58480,58480,33,33,33,,,,,,,,,
development,official-total-core,additive,71,58513,58513,58513,3625,58480,58480,58480,33,33,33,,,,,,,,,
development,official-total-core,additive,72,58513,58513,58513,3625,58480,58480,58480,33,33,33,,,,,,,,,
development,official-total-core,additive,73,58513,58513,58513,3625,58480,58480,58480,33,33,33,,,,,,,,,
development,official-total-core,additive,74,58513,58513,58513,3625,58480,58480,58480,33,33,33,,,,,,,,,
development,official-total-core,additive,75,58513,58513,58513,3625,58480,58480,58480,33,33,33,,,,,,,,,
development,official-total-core,additive,76,58513,58513,58513,3625,58480,58480,58480,33,33,33,,,,,,,,,
development,official-total-core,additive,77,58513,58513,58513,3625,58480,58480,58480,33,33,33,,,,,,,,,
development,official-total-core,additive,78,58513,58513,58513,3625,58480,58480,58480,33,33,33,,,,,,,,,
development,official-total-core,additive,79,58513,58513,58513,3625,58480,58480,58480,33,33,33,,,,,,,,,
development,official-total-core,additive,80,58513,58513,58513,3625,58480,58480,58480,33,33,33,,,,,,,,,
development,official-total-core,additive,81,58513,58513,58513,3625,58480,58480,58480,33,33,33,,,,,,,,,
development,official-total-core,additive,82,58513,58513,58513,3625,58480,58480,58480,33,33,33,,,,,,,,,
development,official-total-core,additive,83,58513,58513,58513,3625,58480,58480,58480,33,33,33,,,,,,,,,
development,official-total-core,additive,84,58513,58513,58513,3625,58480,58480,58480,33,33,33,,,,,,,,,
development,official-total-core,additive,85,58513,58513,58513,3625,58480,58480,58480,33,33,33,,,,,,,,,
development,official-total-core,additive,86,58513,58513,58513,3625,58480,58480,58480,33,33,33,,,,,,,,,
development,official-total-core,additive,87,58513,58513,58513,3625,58480,58480,58480,33,33,33,,,,,,,,,
development,official-total-core,additive,88,58513,58513,58513,3625,58480,58480,58480,33,33,33,,,,,,,,,
development,official-total-core,additive,89,58513,58513,58513,3625,58480,58480,58480,33,33,33,,,,,,,,,
development,official-total-core,additive,90,58513,58513,58513,3625,58480,58480,58480,33,33,33,,,,,,,,,
development,official-total-core,additive,91,58513,58513,58513,3625,58480,58480,58480,33,33,33,,,,,,,,,
development,official-total-core,additive,92,58513,58513,58513,3625,58480,58480,58480,33,33,33,,,,,,,,,
development,official-total-core,additive,93,58513,58513,58513,3625,58480,58480,58480,33,33,33,,,,,,,,,
development,official-total-core,additive,94,58513,58513,58513,3625,58480,58480,58480,33,33,33,,,,,,,,,
development,official-total-core,additive,95,58513,58513,58513,3625,58480,58480,58480,33,33,33,,,,,,,,,
development,official-total-core,additive,96,58513,58513,58513,3625,58480,58480,58480,33,33,33,,,,,,,,,
development,official-total-core,additive,97,58513,58513,58513,3625,58480,58480,58480,33,33,33,,,,,,,,,
development,official-total-core,additive,98,58513,58513,58513,3625,58480,58480,58480,33,33,33,,,,,,,,,
development,official-total-core,additive,99,58513,58513,58513,3625,58480,58480,58480,33,33,33,,,,,,,,,
development,official-total-core,additive,100,58513,58513,58513,3625,58480,58480,58480,33,33,33,,,,,,,,,
development,official-total-core,teammate-set,1,62449,62449,62449,3625,58480,58480,58480,561,561,561,1696.0,1696.0,1696.0,1712.0,1712.0,1712.0,,,
development,official-total-core,teammate-set,2,62449,62449,62449,3625,58480,58480,58480,561,561,561,1696.0,1696.0,1696.0,1712.0,1712.0,1712.0,,,
development,official-total-core,teammate-set,3,62449,62449,62449,3625,58480,58480,58480,561,561,561,1696.0,1696.0,1696.0,1712.0,1712.0,1712.0,,,
development,official-total-core,teammate-set,4,62449,62449,62449,3625,58480,58480,58480,561,561,561,1696.0,1696.0,1696.0,1712.0,1712.0,1712.0,,,
development,official-total-core,teammate-set,5,62449,62449,62449,3625,58480,58480,58480,561,561,561,1696.0,1696.0,1696.0,1712.0,1712.0,1712.0,,,
development,official-total-core,teammate-set,6,62449,62449,62449,3625,58480,58480,58480,561,561,561,1696.0,1696.0,1696.0,1712.0,1712.0,1712.0,,,
development,official-total-core,teammate-set,7,62449,62449,62449,3625,58480,58480,58480,561,561,561,1696.0,1696.0,1696.0,1712.0,1712.0,1712.0,,,
development,official-total-core,teammate-set,8,62449,62449,62449,3625,58480,58480,58480,561,561,561,1696.0,1696.0,1696.0,1712.0,1712.0,1712.0,,,
development,official-total-core,teammate-set,9,62449,62449,62449,3625,58480,58480,58480,561,561,561,1696.0,1696.0,1696.0,1712.0,1712.0,1712.0,,,
development,official-total-core,teammate-set,10,62449,62449,62449,3625,58480,58480,58480,561,561,561,1696.0,1696.0,1696.0,1712.0,1712.0,1712.0,,,
development,official-total-core,teammate-set,11,62449,62449,62449,3625,58480,58480,58480,561,561,561,1696.0,1696.0,1696.0,1712.0,1712.0,1712.0,,,
development,official-total-core,teammate-set,12,62449,62449,62449,3625,58480,58480,58480,561,561,561,1696.0,1696.0,1696.0,1712.0,1712.0,1712.0,,,
development,official-total-core,teammate-set,13,62449,62449,62449,3625,58480,58480,58480,561,561,561,1696.0,1696.0,1696.0,1712.0,1712.0,1712.0,,,
development,official-total-core,teammate-set,14,62449,62449,62449,3625,58480,58480,58480,561,561,561,1696.0,1696.0,1696.0,1712.0,1712.0,1712.0,,,
development,official-total-core,teammate-set,15,62449,62449,62449,3625,58480,58480,58480,561,561,561,1696.0,1696.0,1696.0,1712.0,1712.0,1712.0,,,
development,official-total-core,teammate-set,16,62449,62449,62449,3625,58480,58480,58480,561,561,561,1696.0,1696.0,1696.0,1712.0,1712.0,1712.0,,,
development,official-total-core,teammate-set,17,62449,62449,62449,3625,58480,58480,58480,561,561,561,1696.0,1696.0,1696.0,1712.0,1712.0,1712.0,,,
development,official-total-core,teammate-set,18,62449,62449,62449,3625,58480,58480,58480,561,561,561,1696.0,1696.0,1696.0,1712.0,1712.0,1712.0,,,
development,official-total-core,teammate-set,19,62449,62449,62449,3625,58480,58480,58480,561,561,561,1696.0,1696.0,1696.0,1712.0,1712.0,1712.0,,,
development,official-total-core,teammate-set,20,62449,62449,62449,3625,58480,58480,58480,561,561,561,1696.0,1696.0,1696.0,1712.0,1712.0,1712.0,,,
development,official-total-core,teammate-set,21,62449,62449,62449,3625,58480,58480,58480,561,561,561,1696.0,1696.0,1696.0,1712.0,1712.0,1712.0,,,
development,official-total-core,teammate-set,22,62449,62449,62449,3625,58480,58480,58480,561,561,561,1696.0,1696.0,1696.0,1712.0,1712.0,1712.0,,,
development,official-total-core,teammate-set,23,62449,62449,62449,3625,58480,58480,58480,561,561,561,1696.0,1696.0,1696.0,1712.0,1712.0,1712.0,,,
development,official-total-core,teammate-set,24,62449,62449,62449,3625,58480,58480,58480,561,561,561,1696.0,1696.0,1696.0,1712.0,1712.0,1712.0,,,
development,official-total-core,teammate-set,25,62449,62449,62449,3625,58480,58480,58480,561,561,561,1696.0,1696.0,1696.0,1712.0,1712.0,1712.0,,,
development,official-total-core,teammate-set,26,62449,62449,62449,3625,58480,58480,58480,561,561,561,1696.0,1696.0,1696.0,1712.0,1712.0,1712.0,,,
development,official-total-core,teammate-set,27,62449,62449,62449,3625,58480,58480,58480,561,561,561,1696.0,1696.0,1696.0,1712.0,1712.0,1712.0,,,
development,official-total-core,teammate-set,28,62449,62449,62449,3625,58480,58480,58480,561,561,561,1696.0,1696.0,1696.0,1712.0,1712.0,1712.0,,,
development,official-total-core,teammate-set,29,62449,62449,62449,3625,58480,58480,58480,561,561,561,1696.0,1696.0,1696.0,1712.0,1712.0,1712.0,,,
development,official-total-core,teammate-set,30,62449,62449,62449,3625,58480,58480,58480,561,561,561,1696.0,1696.0,1696.0,1712.0,1712.0,1712.0,,,
development,official-total-core,teammate-set,31,62449,62449,62449,3625,58480,58480,58480,561,561,561,1696.0,1696.0,1696.0,1712.0,1712.0,1712.0,,,
development,official-total-core,teammate-set,32,62449,62449,62449,3625,58480,58480,58480,561,561,561,1696.0,1696.0,1696.0,1712.0,1712.0,1712.0,,,
development,official-total-core,teammate-set,33,62449,62449,62449,3625,58480,58480,58480,561,561,561,1696.0,1696.0,1696.0,1712.0,1712.0,1712.0,,,
development,official-total-core,teammate-set,34,62449,62449,62449,3625,58480,58480,58480,561,561,561,1696.0,1696.0,1696.0,1712.0,1712.0,1712.0,,,
development,official-total-core,teammate-set,35,62449,62449,62449,3625,58480,58480,58480,561,561,561,1696.0,1696.0,1696.0,1712.0,1712.0,1712.0,,,
development,official-total-core,teammate-set,36,62449,62449,62449,3625,58480,58480,58480,561,561,561,1696.0,1696.0,1696.0,1712.0,1712.0,1712.0,,,
development,official-total-core,teammate-set,37,62449,62449,62449,3625,58480,58480,58480,561,561,561,1696.0,1696.0,1696.0,1712.0,1712.0,1712.0,,,
development,official-total-core,teammate-set,38,62449,62449,62449,3625,58480,58480,58480,561,561,561,1696.0,1696.0,1696.0,1712.0,1712.0,1712.0,,,
development,official-total-core,teammate-set,39,62449,62449,62449,3625,58480,58480,58480,561,561,561,1696.0,1696.0,1696.0,1712.0,1712.0,1712.0,,,
development,official-total-core,teammate-set,40,62449,62449,62449,3625,58480,58480,58480,561,561,561,1696.0,1696.0,1696.0,1712.0,1712.0,1712.0,,,
development,official-total-core,teammate-set,41,62449,62449,62449,3625,58480,58480,58480,561,561,561,1696.0,1696.0,1696.0,1712.0,1712.0,1712.0,,,
development,official-total-core,teammate-set,42,62449,62449,62449,3625,58480,58480,58480,561,561,561,1696.0,1696.0,1696.0,1712.0,1712.0,1712.0,,,
development,official-total-core,teammate-set,43,62449,62449,62449,3625,58480,58480,58480,561,561,561,1696.0,1696.0,1696.0,1712.0,1712.0,1712.0,,,
development,official-total-core,teammate-set,44,62449,62449,62449,3625,58480,58480,58480,561,561,561,1696.0,1696.0,1696.0,1712.0,1712.0,1712.0,,,
development,official-total-core,teammate-set,45,62449,62449,62449,3625,58480,58480,58480,561,561,561,1696.0,1696.0,1696.0,1712.0,1712.0,1712.0,,,
development,official-total-core,teammate-set,46,62449,62449,62449,3625,58480,58480,58480,561,561,561,1696.0,1696.0,1696.0,1712.0,1712.0,1712.0,,,
development,official-total-core,teammate-set,47,62449,62449,62449,3625,58480,58480,58480,561,561,561,1696.0,1696.0,1696.0,1712.0,1712.0,1712.0,,,
development,official-total-core,teammate-set,48,62449,62449,62449,3625,58480,58480,58480,561,561,561,1696.0,1696.0,1696.0,1712.0,1712.0,1712.0,,,
development,official-total-core,teammate-set,49,62449,62449,62449,3625,58480,58480,58480,561,561,561,1696.0,1696.0,1696.0,1712.0,1712.0,1712.0,,,
development,official-total-core,teammate-set,50,62449,62449,62449,3625,58480,58480,58480,561,561,561,1696.0,1696.0,1696.0,1712.0,1712.0,1712.0,,,
development,official-total-core,teammate-set,51,62449,62449,62449,3625,58480,58480,58480,561,561,561,1696.0,1696.0,1696.0,1712.0,1712.0,1712.0,,,
development,official-total-core,teammate-set,52,62449,62449,62449,3625,58480,58480,58480,561,561,561,1696.0,1696.0,1696.0,1712.0,1712.0,1712.0,,,
development,official-total-core,teammate-set,53,62449,62449,62449,3625,58480,58480,58480,561,561,561,1696.0,1696.0,1696.0,1712.0,1712.0,1712.0,,,
development,official-total-core,teammate-set,54,62449,62449,62449,3625,58480,58480,58480,561,561,561,1696.0,1696.0,1696.0,1712.0,1712.0,1712.0,,,
development,official-total-core,teammate-set,55,62449,62449,62449,3625,58480,58480,58480,561,561,561,1696.0,1696.0,1696.0,1712.0,1712.0,1712.0,,,
development,official-total-core,teammate-set,56,62449,62449,62449,3625,58480,58480,58480,561,561,561,1696.0,1696.0,1696.0,1712.0,1712.0,1712.0,,,
development,official-total-core,teammate-set,57,62449,62449,62449,3625,58480,58480,58480,561,561,561,1696.0,1696.0,1696.0,1712.0,1712.0,1712.0,,,
development,official-total-core,teammate-set,58,62449,62449,62449,3625,58480,58480,58480,561,561,561,1696.0,1696.0,1696.0,1712.0,1712.0,1712.0,,,
development,official-total-core,teammate-set,59,62449,62449,62449,3625,58480,58480,58480,561,561,561,1696.0,1696.0,1696.0,1712.0,1712.0,1712.0,,,
development,official-total-core,teammate-set,60,62449,62449,62449,3625,58480,58480,58480,561,561,561,1696.0,1696.0,1696.0,1712.0,1712.0,1712.0,,,
development,official-total-core,teammate-set,61,62449,62449,62449,3625,58480,58480,58480,561,561,561,1696.0,1696.0,1696.0,1712.0,1712.0,1712.0,,,
development,official-total-core,teammate-set,62,62449,62449,62449,3625,58480,58480,58480,561,561,561,1696.0,1696.0,1696.0,1712.0,1712.0,1712.0,,,
development,official-total-core,teammate-set,63,62449,62449,62449,3625,58480,58480,58480,561,561,561,1696.0,1696.0,1696.0,1712.0,1712.0,1712.0,,,
development,official-total-core,teammate-set,64,62449,62449,62449,3625,58480,58480,58480,561,561,561,1696.0,1696.0,1696.0,1712.0,1712.0,1712.0,,,
development,official-total-core,teammate-set,65,62449,62449,62449,3625,58480,58480,58480,561,561,561,1696.0,1696.0,1696.0,1712.0,1712.0,1712.0,,,
development,official-total-core,teammate-set,66,62449,62449,62449,3625,58480,58480,58480,561,561,561,1696.0,1696.0,1696.0,1712.0,1712.0,1712.0,,,
development,official-total-core,teammate-set,67,62449,62449,62449,3625,58480,58480,58480,561,561,561,1696.0,1696.0,1696.0,1712.0,1712.0,1712.0,,,
development,official-total-core,teammate-set,68,62449,62449,62449,3625,58480,58480,58480,561,561,561,1696.0,1696.0,1696.0,1712.0,1712.0,1712.0,,,
development,official-total-core,teammate-set,69,62449,62449,62449,3625,58480,58480,58480,561,561,561,1696.0,1696.0,1696.0,1712.0,1712.0,1712.0,,,
development,official-total-core,teammate-set,70,62449,62449,62449,3625,58480,58480,58480,561,561,561,1696.0,1696.0,1696.0,1712.0,1712.0,1712.0,,,
development,official-total-core,teammate-set,71,62449,62449,62449,3625,58480,58480,58480,561,561,561,1696.0,1696.0,1696.0,1712.0,1712.0,1712.0,,,
development,official-total-core,teammate-set,72,62449,62449,62449,3625,58480,58480,58480,561,561,561,1696.0,1696.0,1696.0,1712.0,1712.0,1712.0,,,
development,official-total-core,teammate-set,73,62449,62449,62449,3625,58480,58480,58480,561,561,561,1696.0,1696.0,1696.0,1712.0,1712.0,1712.0,,,
development,official-total-core,teammate-set,74,62449,62449,62449,3625,58480,58480,58480,561,561,561,1696.0,1696.0,1696.0,1712.0,1712.0,1712.0,,,
development,official-total-core,teammate-set,75,62449,62449,62449,3625,58480,58480,58480,561,561,561,1696.0,1696.0,1696.0,1712.0,1712.0,1712.0,,,
development,official-total-core,teammate-set,76,62449,62449,62449,3625,58480,58480,58480,561,561,561,1696.0,1696.0,1696.0,1712.0,1712.0,1712.0,,,
development,official-total-core,teammate-set,77,62449,62449,62449,3625,58480,58480,58480,561,561,561,1696.0,1696.0,1696.0,1712.0,1712.0,1712.0,,,
development,official-total-core,teammate-set,78,62449,62449,62449,3625,58480,58480,58480,561,561,561,1696.0,1696.0,1696.0,1712.0,1712.0,1712.0,,,
development,official-total-core,teammate-set,79,62449,62449,62449,3625,58480,58480,58480,561,561,561,1696.0,1696.0,1696.0,1712.0,1712.0,1712.0,,,
development,official-total-core,teammate-set,80,62449,62449,62449,3625,58480,58480,58480,561,561,561,1696.0,1696.0,1696.0,1712.0,1712.0,1712.0,,,
development,official-total-core,teammate-set,81,62449,62449,62449,3625,58480,58480,58480,561,561,561,1696.0,1696.0,1696.0,1712.0,1712.0,1712.0,,,
development,official-total-core,teammate-set,82,62449,62449,62449,3625,58480,58480,58480,561,561,561,1696.0,1696.0,1696.0,1712.0,1712.0,1712.0,,,
development,official-total-core,teammate-set,83,62449,62449,62449,3625,58480,58480,58480,561,561,561,1696.0,1696.0,1696.0,1712.0,1712.0,1712.0,,,
development,official-total-core,teammate-set,84,62449,62449,62449,3625,58480,58480,58480,561,561,561,1696.0,1696.0,1696.0,1712.0,1712.0,1712.0,,,
development,official-total-core,teammate-set,85,62449,62449,62449,3625,58480,58480,58480,561,561,561,1696.0,1696.0,1696.0,1712.0,1712.0,1712.0,,,
development,official-total-core,teammate-set,86,62449,62449,62449,3625,58480,58480,58480,561,561,561,1696.0,1696.0,1696.0,1712.0,1712.0,1712.0,,,
development,official-total-core,teammate-set,87,62449,62449,62449,3625,58480,58480,58480,561,561,561,1696.0,1696.0,1696.0,1712.0,1712.0,1712.0,,,
development,official-total-core,teammate-set,88,62449,62449,62449,3625,58480,58480,58480,561,561,561,1696.0,1696.0,1696.0,1712.0,1712.0,1712.0,,,
development,official-total-core,teammate-set,89,62449,62449,62449,3625,58480,58480,58480,561,561,561,1696.0,1696.0,1696.0,1712.0,1712.0,1712.0,,,
development,official-total-core,teammate-set,90,62449,62449,62449,3625,58480,58480,58480,561,561,561,1696.0,1696.0,1696.0,1712.0,1712.0,1712.0,,,
development,official-total-core,teammate-set,91,62449,62449,62449,3625,58480,58480,58480,561,561,561,1696.0,1696.0,1696.0,1712.0,1712.0,1712.0,,,
development,official-total-core,teammate-set,92,62449,62449,62449,3625,58480,58480,58480,561,561,561,1696.0,1696.0,1696.0,1712.0,1712.0,1712.0,,,
development,official-total-core,teammate-set,93,62449,62449,62449,3625,58480,58480,58480,561,561,561,1696.0,1696.0,1696.0,1712.0,1712.0,1712.0,,,
development,official-total-core,teammate-set,94,62449,62449,62449,3625,58480,58480,58480,561,561,561,1696.0,1696.0,1696.0,1712.0,1712.0,1712.0,,,
development,official-total-core,teammate-set,95,62449,62449,62449,3625,58480,58480,58480,561,561,561,1696.0,1696.0,1696.0,1712.0,1712.0,1712.0,,,
development,official-total-core,teammate-set,96,62449,62449,62449,3625,58480,58480,58480,561,561,561,1696.0,1696.0,1696.0,1712.0,1712.0,1712.0,,,
development,official-total-core,teammate-set,97,62449,62449,62449,3625,58480,58480,58480,561,561,561,1696.0,1696.0,1696.0,1712.0,1712.0,1712.0,,,
development,official-total-core,teammate-set,98,62449,62449,62449,3625,58480,58480,58480,561,561,561,1696.0,1696.0,1696.0,1712.0,1712.0,1712.0,,,
development,official-total-core,teammate-set,99,62449,62449,62449,3625,58480,58480,58480,561,561,561,1696.0,1696.0,1696.0,1712.0,1712.0,1712.0,,,
development,official-total-core,teammate-set,100,62449,62449,62449,3625,58480,58480,58480,561,561,561,1696.0,1696.0,1696.0,1712.0,1712.0,1712.0,,,
development,official-total-core,full-match,1,64145,64145,64145,3625,58480,58480,58480,561,561,561,1696.0,1696.0,1696.0,1712.0,1712.0,1712.0,1696.0,1696.0,1696.0
development,official-total-core,full-match,2,64145,64145,64145,3625,58480,58480,58480,561,561,561,1696.0,1696.0,1696.0,1712.0,1712.0,1712.0,1696.0,1696.0,1696.0
development,official-total-core,full-match,3,64145,64145,64145,3625,58480,58480,58480,561,561,561,1696.0,1696.0,1696.0,1712.0,1712.0,1712.0,1696.0,1696.0,1696.0
development,official-total-core,full-match,4,64145,64145,64145,3625,58480,58480,58480,561,561,561,1696.0,1696.0,1696.0,1712.0,1712.0,1712.0,1696.0,1696.0,1696.0
development,official-total-core,full-match,5,64145,64145,64145,3625,58480,58480,58480,561,561,561,1696.0,1696.0,1696.0,1712.0,1712.0,1712.0,1696.0,1696.0,1696.0
development,official-total-core,full-match,6,64145,64145,64145,3625,58480,58480,58480,561,561,561,1696.0,1696.0,1696.0,1712.0,1712.0,1712.0,1696.0,1696.0,1696.0
development,official-total-core,full-match,7,64145,64145,64145,3625,58480,58480,58480,561,561,561,1696.0,1696.0,1696.0,1712.0,1712.0,1712.0,1696.0,1696.0,1696.0
development,official-total-core,full-match,8,64145,64145,64145,3625,58480,58480,58480,561,561,561,1696.0,1696.0,1696.0,1712.0,1712.0,1712.0,1696.0,1696.0,1696.0
development,official-total-core,full-match,9,64145,64145,64145,3625,58480,58480,58480,561,561,561,1696.0,1696.0,1696.0,1712.0,1712.0,1712.0,1696.0,1696.0,1696.0
development,official-total-core,full-match,10,64145,64145,64145,3625,58480,58480,58480,561,561,561,1696.0,1696.0,1696.0,1712.0,1712.0,1712.0,1696.0,1696.0,1696.0
development,official-total-core,full-match,11,64145,64145,64145,3625,58480,58480,58480,561,561,561,1696.0,1696.0,1696.0,1712.0,1712.0,1712.0,1696.0,1696.0,1696.0
development,official-total-core,full-match,12,64145,64145,64145,3625,58480,58480,58480,561,561,561,1696.0,1696.0,1696.0,1712.0,1712.0,1712.0,1696.0,1696.0,1696.0
development,official-total-core,full-match,13,64145,64145,64145,3625,58480,58480,58480,561,561,561,1696.0,1696.0,1696.0,1712.0,1712.0,1712.0,1696.0,1696.0,1696.0
development,official-total-core,full-match,14,64145,64145,64145,3625,58480,58480,58480,561,561,561,1696.0,1696.0,1696.0,1712.0,1712.0,1712.0,1696.0,1696.0,1696.0
development,official-total-core,full-match,15,64145,64145,64145,3625,58480,58480,58480,561,561,561,1696.0,1696.0,1696.0,1712.0,1712.0,1712.0,1696.0,1696.0,1696.0
development,official-total-core,full-match,16,64145,64145,64145,3625,58480,58480,58480,561,561,561,1696.0,1696.0,1696.0,1712.0,1712.0,1712.0,1696.0,1696.0,1696.0
development,official-total-core,full-match,17,64145,64145,64145,3625,58480,58480,58480,561,561,561,1696.0,1696.0,1696.0,1712.0,1712.0,1712.0,1696.0,1696.0,1696.0
development,official-total-core,full-match,18,64145,64145,64145,3625,58480,58480,58480,561,561,561,1696.0,1696.0,1696.0,1712.0,1712.0,1712.0,1696.0,1696.0,1696.0
development,official-total-core,full-match,19,64145,64145,64145,3625,58480,58480,58480,561,561,561,1696.0,1696.0,1696.0,1712.0,1712.0,1712.0,1696.0,1696.0,1696.0
development,official-total-core,full-match,20,64145,64145,64145,3625,58480,58480,58480,561,561,561,1696.0,1696.0,1696.0,1712.0,1712.0,1712.0,1696.0,1696.0,1696.0
development,official-total-core,full-match,21,64145,64145,64145,3625,58480,58480,58480,561,561,561,1696.0,1696.0,1696.0,1712.0,1712.0,1712.0,1696.0,1696.0,1696.0
development,official-total-core,full-match,22,64145,64145,64145,3625,58480,58480,58480,561,561,561,1696.0,1696.0,1696.0,1712.0,1712.0,1712.0,1696.0,1696.0,1696.0
development,official-total-core,full-match,23,64145,64145,64145,3625,58480,58480,58480,561,561,561,1696.0,1696.0,1696.0,1712.0,1712.0,1712.0,1696.0,1696.0,1696.0
development,official-total-core,full-match,24,64145,64145,64145,3625,58480,58480,58480,561,561,561,1696.0,1696.0,1696.0,1712.0,1712.0,1712.0,1696.0,1696.0,1696.0
development,official-total-core,full-match,25,64145,64145,64145,3625,58480,58480,58480,561,561,561,1696.0,1696.0,1696.0,1712.0,1712.0,1712.0,1696.0,1696.0,1696.0
development,official-total-core,full-match,26,64145,64145,64145,3625,58480,58480,58480,561,561,561,1696.0,1696.0,1696.0,1712.0,1712.0,1712.0,1696.0,1696.0,1696.0
development,official-total-core,full-match,27,64145,64145,64145,3625,58480,58480,58480,561,561,561,1696.0,1696.0,1696.0,1712.0,1712.0,1712.0,1696.0,1696.0,1696.0
development,official-total-core,full-match,28,64145,64145,64145,3625,58480,58480,58480,561,561,561,1696.0,1696.0,1696.0,1712.0,1712.0,1712.0,1696.0,1696.0,1696.0
development,official-total-core,full-match,29,64145,64145,64145,3625,58480,58480,58480,561,561,561,1696.0,1696.0,1696.0,1712.0,1712.0,1712.0,1696.0,1696.0,1696.0
development,official-total-core,full-match,30,64145,64145,64145,3625,58480,58480,58480,561,561,561,1696.0,1696.0,1696.0,1712.0,1712.0,1712.0,1696.0,1696.0,1696.0
development,official-total-core,full-match,31,64145,64145,64145,3625,58480,58480,58480,561,561,561,1696.0,1696.0,1696.0,1712.0,1712.0,1712.0,1696.0,1696.0,1696.0
development,official-total-core,full-match,32,64145,64145,64145,3625,58480,58480,58480,561,561,561,1696.0,1696.0,1696.0,1712.0,1712.0,1712.0,1696.0,1696.0,1696.0
development,official-total-core,full-match,33,64145,64145,64145,3625,58480,58480,58480,561,561,561,1696.0,1696.0,1696.0,1712.0,1712.0,1712.0,1696.0,1696.0,1696.0
development,official-total-core,full-match,34,64145,64145,64145,3625,58480,58480,58480,561,561,561,1696.0,1696.0,1696.0,1712.0,1712.0,1712.0,1696.0,1696.0,1696.0
development,official-total-core,full-match,35,64145,64145,64145,3625,58480,58480,58480,561,561,561,1696.0,1696.0,1696.0,1712.0,1712.0,1712.0,1696.0,1696.0,1696.0
development,official-total-core,full-match,36,64145,64145,64145,3625,58480,58480,58480,561,561,561,1696.0,1696.0,1696.0,1712.0,1712.0,1712.0,1696.0,1696.0,1696.0
development,official-total-core,full-match,37,64145,64145,64145,3625,58480,58480,58480,561,561,561,1696.0,1696.0,1696.0,1712.0,1712.0,1712.0,1696.0,1696.0,1696.0
development,official-total-core,full-match,38,64145,64145,64145,3625,58480,58480,58480,561,561,561,1696.0,1696.0,1696.0,1712.0,1712.0,1712.0,1696.0,1696.0,1696.0
development,official-total-core,full-match,39,64145,64145,64145,3625,58480,58480,58480,561,561,561,1696.0,1696.0,1696.0,1712.0,1712.0,1712.0,1696.0,1696.0,1696.0
development,official-total-core,full-match,40,64145,64145,64145,3625,58480,58480,58480,561,561,561,1696.0,1696.0,1696.0,1712.0,1712.0,1712.0,1696.0,1696.0,1696.0
development,official-total-core,full-match,41,64145,64145,64145,3625,58480,58480,58480,561,561,561,1696.0,1696.0,1696.0,1712.0,1712.0,1712.0,1696.0,1696.0,1696.0
development,official-total-core,full-match,42,64145,64145,64145,3625,58480,58480,58480,561,561,561,1696.0,1696.0,1696.0,1712.0,1712.0,1712.0,1696.0,1696.0,1696.0
development,official-total-core,full-match,43,64145,64145,64145,3625,58480,58480,58480,561,561,561,1696.0,1696.0,1696.0,1712.0,1712.0,1712.0,1696.0,1696.0,1696.0
development,official-total-core,full-match,44,64145,64145,64145,3625,58480,58480,58480,561,561,561,1696.0,1696.0,1696.0,1712.0,1712.0,1712.0,1696.0,1696.0,1696.0
development,official-total-core,full-match,45,64145,64145,64145,3625,58480,58480,58480,561,561,561,1696.0,1696.0,1696.0,1712.0,1712.0,1712.0,1696.0,1696.0,1696.0
development,official-total-core,full-match,46,64145,64145,64145,3625,58480,58480,58480,561,561,561,1696.0,1696.0,1696.0,1712.0,1712.0,1712.0,1696.0,1696.0,1696.0
development,official-total-core,full-match,47,64145,64145,64145,3625,58480,58480,58480,561,561,561,1696.0,1696.0,1696.0,1712.0,1712.0,1712.0,1696.0,1696.0,1696.0
development,official-total-core,full-match,48,64145,64145,64145,3625,58480,58480,58480,561,561,561,1696.0,1696.0,1696.0,1712.0,1712.0,1712.0,1696.0,1696.0,1696.0
development,official-total-core,full-match,49,64145,64145,64145,3625,58480,58480,58480,561,561,561,1696.0,1696.0,1696.0,1712.0,1712.0,1712.0,1696.0,1696.0,1696.0
development,official-total-core,full-match,50,64145,64145,64145,3625,58480,58480,58480,561,561,561,1696.0,1696.0,1696.0,1712.0,1712.0,1712.0,1696.0,1696.0,1696.0
development,official-total-core,full-match,51,64145,64145,64145,3625,58480,58480,58480,561,561,561,1696.0,1696.0,1696.0,1712.0,1712.0,1712.0,1696.0,1696.0,1696.0
development,official-total-core,full-match,52,64145,64145,64145,3625,58480,58480,58480,561,561,561,1696.0,1696.0,1696.0,1712.0,1712.0,1712.0,1696.0,1696.0,1696.0
development,official-total-core,full-match,53,64145,64145,64145,3625,58480,58480,58480,561,561,561,1696.0,1696.0,1696.0,1712.0,1712.0,1712.0,1696.0,1696.0,1696.0
development,official-total-core,full-match,54,64145,64145,64145,3625,58480,58480,58480,561,561,561,1696.0,1696.0,1696.0,1712.0,1712.0,1712.0,1696.0,1696.0,1696.0
development,official-total-core,full-match,55,64145,64145,64145,3625,58480,58480,58480,561,561,561,1696.0,1696.0,1696.0,1712.0,1712.0,1712.0,1696.0,1696.0,1696.0
development,official-total-core,full-match,56,64145,64145,64145,3625,58480,58480,58480,561,561,561,1696.0,1696.0,1696.0,1712.0,1712.0,1712.0,1696.0,1696.0,1696.0
development,official-total-core,full-match,57,64145,64145,64145,3625,58480,58480,58480,561,561,561,1696.0,1696.0,1696.0,1712.0,1712.0,1712.0,1696.0,1696.0,1696.0
development,official-total-core,full-match,58,64145,64145,64145,3625,58480,58480,58480,561,561,561,1696.0,1696.0,1696.0,1712.0,1712.0,1712.0,1696.0,1696.0,1696.0
development,official-total-core,full-match,59,64145,64145,64145,3625,58480,58480,58480,561,561,561,1696.0,1696.0,1696.0,1712.0,1712.0,1712.0,1696.0,1696.0,1696.0
development,official-total-core,full-match,60,64145,64145,64145,3625,58480,58480,58480,561,561,561,1696.0,1696.0,1696.0,1712.0,1712.0,1712.0,1696.0,1696.0,1696.0
development,official-total-core,full-match,61,64145,64145,64145,3625,58480,58480,58480,561,561,561,1696.0,1696.0,1696.0,1712.0,1712.0,1712.0,1696.0,1696.0,1696.0
development,official-total-core,full-match,62,64145,64145,64145,3625,58480,58480,58480,561,561,561,1696.0,1696.0,1696.0,1712.0,1712.0,1712.0,1696.0,1696.0,1696.0
development,official-total-core,full-match,63,64145,64145,64145,3625,58480,58480,58480,561,561,561,1696.0,1696.0,1696.0,1712.0,1712.0,1712.0,1696.0,1696.0,1696.0
development,official-total-core,full-match,64,64145,64145,64145,3625,58480,58480,58480,561,561,561,1696.0,1696.0,1696.0,1712.0,1712.0,1712.0,1696.0,1696.0,1696.0
development,official-total-core,full-match,65,64145,64145,64145,3625,58480,58480,58480,561,561,561,1696.0,1696.0,1696.0,1712.0,1712.0,1712.0,1696.0,1696.0,1696.0
development,official-total-core,full-match,66,64145,64145,64145,3625,58480,58480,58480,561,561,561,1696.0,1696.0,1696.0,1712.0,1712.0,1712.0,1696.0,1696.0,1696.0
development,official-total-core,full-match,67,64145,64145,64145,3625,58480,58480,58480,561,561,561,1696.0,1696.0,1696.0,1712.0,1712.0,1712.0,1696.0,1696.0,1696.0
development,official-total-core,full-match,68,64145,64145,64145,3625,58480,58480,58480,561,561,561,1696.0,1696.0,1696.0,1712.0,1712.0,1712.0,1696.0,1696.0,1696.0
development,official-total-core,full-match,69,64145,64145,64145,3625,58480,58480,58480,561,561,561,1696.0,1696.0,1696.0,1712.0,1712.0,1712.0,1696.0,1696.0,1696.0
development,official-total-core,full-match,70,64145,64145,64145,3625,58480,58480,58480,561,561,561,1696.0,1696.0,1696.0,1712.0,1712.0,1712.0,1696.0,1696.0,1696.0
development,official-total-core,full-match,71,64145,64145,64145,3625,58480,58480,58480,561,561,561,1696.0,1696.0,1696.0,1712.0,1712.0,1712.0,1696.0,1696.0,1696.0
development,official-total-core,full-match,72,64145,64145,64145,3625,58480,58480,58480,561,561,561,1696.0,1696.0,1696.0,1712.0,1712.0,1712.0,1696.0,1696.0,1696.0
development,official-total-core,full-match,73,64145,64145,64145,3625,58480,58480,58480,561,561,561,1696.0,1696.0,1696.0,1712.0,1712.0,1712.0,1696.0,1696.0,1696.0
development,official-total-core,full-match,74,64145,64145,64145,3625,58480,58480,58480,561,561,561,1696.0,1696.0,1696.0,1712.0,1712.0,1712.0,1696.0,1696.0,1696.0
development,official-total-core,full-match,75,64145,64145,64145,3625,58480,58480,58480,561,561,561,1696.0,1696.0,1696.0,1712.0,1712.0,1712.0,1696.0,1696.0,1696.0
development,official-total-core,full-match,76,64145,64145,64145,3625,58480,58480,58480,561,561,561,1696.0,1696.0,1696.0,1712.0,1712.0,1712.0,1696.0,1696.0,1696.0
development,official-total-core,full-match,77,64145,64145,64145,3625,58480,58480,58480,561,561,561,1696.0,1696.0,1696.0,1712.0,1712.0,1712.0,1696.0,1696.0,1696.0
development,official-total-core,full-match,78,64145,64145,64145,3625,58480,58480,58480,561,561,561,1696.0,1696.0,1696.0,1712.0,1712.0,1712.0,1696.0,1696.0,1696.0
development,official-total-core,full-match,79,64145,64145,64145,3625,58480,58480,58480,561,561,561,1696.0,1696.0,1696.0,1712.0,1712.0,1712.0,1696.0,1696.0,1696.0
development,official-total-core,full-match,80,64145,64145,64145,3625,58480,58480,58480,561,561,561,1696.0,1696.0,1696.0,1712.0,1712.0,1712.0,1696.0,1696.0,1696.0
development,official-total-core,full-match,81,64145,64145,64145,3625,58480,58480,58480,561,561,561,1696.0,1696.0,1696.0,1712.0,1712.0,1712.0,1696.0,1696.0,1696.0
development,official-total-core,full-match,82,64145,64145,64145,3625,58480,58480,58480,561,561,561,1696.0,1696.0,1696.0,1712.0,1712.0,1712.0,1696.0,1696.0,1696.0
development,official-total-core,full-match,83,64145,64145,64145,3625,58480,58480,58480,561,561,561,1696.0,1696.0,1696.0,1712.0,1712.0,1712.0,1696.0,1696.0,1696.0
development,official-total-core,full-match,84,64145,64145,64145,3625,58480,58480,58480,561,561,561,1696.0,1696.0,1696.0,1712.0,1712.0,1712.0,1696.0,1696.0,1696.0
development,official-total-core,full-match,85,64145,64145,64145,3625,58480,58480,58480,561,561,561,1696.0,1696.0,1696.0,1712.0,1712.0,1712.0,1696.0,1696.0,1696.0
development,official-total-core,full-match,86,64145,64145,64145,3625,58480,58480,58480,561,561,561,1696.0,1696.0,1696.0,1712.0,1712.0,1712.0,1696.0,1696.0,1696.0
development,official-total-core,full-match,87,64145,64145,64145,3625,58480,58480,58480,561,561,561,1696.0,1696.0,1696.0,1712.0,1712.0,1712.0,1696.0,1696.0,1696.0
development,official-total-core,full-match,88,64145,64145,64145,3625,58480,58480,58480,561,561,561,1696.0,1696.0,1696.0,1712.0,1712.0,1712.0,1696.0,1696.0,1696.0
development,official-total-core,full-match,89,64145,64145,64145,3625,58480,58480,58480,561,561,561,1696.0,1696.0,1696.0,1712.0,1712.0,1712.0,1696.0,1696.0,1696.0
development,official-total-core,full-match,90,64145,64145,64145,3625,58480,58480,58480,561,561,561,1696.0,1696.0,1696.0,1712.0,1712.0,1712.0,1696.0,1696.0,1696.0
development,official-total-core,full-match,91,64145,64145,64145,3625,58480,58480,58480,561,561,561,1696.0,1696.0,1696.0,1712.0,1712.0,1712.0,1696.0,1696.0,1696.0
development,official-total-core,full-match,92,64145,64145,64145,3625,58480,58480,58480,561,561,561,1696.0,1696.0,1696.0,1712.0,1712.0,1712.0,1696.0,1696.0,1696.0
development,official-total-core,full-match,93,64145,64145,64145,3625,58480,58480,58480,561,561,561,1696.0,1696.0,1696.0,1712.0,1712.0,1712.0,1696.0,1696.0,1696.0
development,official-total-core,full-match,94,64145,64145,64145,3625,58480,58480,58480,561,561,561,1696.0,1696.0,1696.0,1712.0,1712.0,1712.0,1696.0,1696.0,1696.0
development,official-total-core,full-match,95,64145,64145,64145,3625,58480,58480,58480,561,561,561,1696.0,1696.0,1696.0,1712.0,1712.0,1712.0,1696.0,1696.0,1696.0
development,official-total-core,full-match,96,64145,64145,64145,3625,58480,58480,58480,561,561,561,1696.0,1696.0,1696.0,1712.0,1712.0,1712.0,1696.0,1696.0,1696.0
development,official-total-core,full-match,97,64145,64145,64145,3625,58480,58480,58480,561,561,561,1696.0,1696.0,1696.0,1712.0,1712.0,1712.0,1696.0,1696.0,1696.0
development,official-total-core,full-match,98,64145,64145,64145,3625,58480,58480,58480,561,561,561,1696.0,1696.0,1696.0,1712.0,1712.0,1712.0,1696.0,1696.0,1696.0
development,official-total-core,full-match,99,64145,64145,64145,3625,58480,58480,58480,561,561,561,1696.0,1696.0,1696.0,1712.0,1712.0,1712.0,1696.0,1696.0,1696.0
development,official-total-core,full-match,100,64145,64145,64145,3625,58480,58480,58480,561,561,561,1696.0,1696.0,1696.0,1712.0,1712.0,1712.0,1696.0,1696.0,1696.0
refit,phase-core,additive,1,58722,58722,58722,3654,58672,58672,58672,50,50,50,,,,,,,,,
refit,phase-core,additive,2,58722,58722,58722,3654,58672,58672,58672,50,50,50,,,,,,,,,
refit,phase-core,additive,3,58722,58722,58722,3654,58672,58672,58672,50,50,50,,,,,,,,,
refit,phase-core,additive,4,58722,58722,58722,3654,58672,58672,58672,50,50,50,,,,,,,,,
refit,phase-core,additive,5,58722,58722,58722,3654,58672,58672,58672,50,50,50,,,,,,,,,
refit,phase-core,additive,6,58722,58722,58722,3654,58672,58672,58672,50,50,50,,,,,,,,,
refit,phase-core,additive,7,58722,58722,58722,3654,58672,58672,58672,50,50,50,,,,,,,,,
refit,phase-core,additive,8,58722,58722,58722,3654,58672,58672,58672,50,50,50,,,,,,,,,
refit,phase-core,additive,9,58722,58722,58722,3654,58672,58672,58672,50,50,50,,,,,,,,,
refit,phase-core,additive,10,58722,58722,58722,3654,58672,58672,58672,50,50,50,,,,,,,,,
refit,phase-core,additive,11,58722,58722,58722,3654,58672,58672,58672,50,50,50,,,,,,,,,
refit,phase-core,additive,12,58722,58722,58722,3654,58672,58672,58672,50,50,50,,,,,,,,,
refit,phase-core,additive,13,58722,58722,58722,3654,58672,58672,58672,50,50,50,,,,,,,,,
refit,phase-core,additive,14,58722,58722,58722,3654,58672,58672,58672,50,50,50,,,,,,,,,
refit,phase-core,additive,15,58722,58722,58722,3654,58672,58672,58672,50,50,50,,,,,,,,,
refit,phase-core,additive,16,58722,58722,58722,3654,58672,58672,58672,50,50,50,,,,,,,,,
refit,phase-core,additive,17,58722,58722,58722,3654,58672,58672,58672,50,50,50,,,,,,,,,
refit,phase-core,additive,18,58722,58722,58722,3654,58672,58672,58672,50,50,50,,,,,,,,,
refit,phase-core,additive,19,58722,58722,58722,3654,58672,58672,58672,50,50,50,,,,,,,,,
refit,phase-core,additive,20,58722,58722,58722,3654,58672,58672,58672,50,50,50,,,,,,,,,
refit,phase-core,additive,21,58722,58722,58722,3654,58672,58672,58672,50,50,50,,,,,,,,,
refit,phase-core,additive,22,58722,58722,58722,3654,58672,58672,58672,50,50,50,,,,,,,,,
refit,phase-core,additive,23,58722,58722,58722,3654,58672,58672,58672,50,50,50,,,,,,,,,
refit,phase-core,additive,24,58722,58722,58722,3654,58672,58672,58672,50,50,50,,,,,,,,,
refit,phase-core,additive,25,58722,58722,58722,3654,58672,58672,58672,50,50,50,,,,,,,,,
refit,phase-core,additive,26,58722,58722,58722,3654,58672,58672,58672,50,50,50,,,,,,,,,
refit,phase-core,additive,27,58722,58722,58722,3654,58672,58672,58672,50,50,50,,,,,,,,,
refit,phase-core,additive,28,58722,58722,58722,3654,58672,58672,58672,50,50,50,,,,,,,,,
refit,phase-core,additive,29,58722,58722,58722,3654,58672,58672,58672,50,50,50,,,,,,,,,
refit,phase-core,additive,30,58722,58722,58722,3654,58672,58672,58672,50,50,50,,,,,,,,,
refit,phase-core,additive,31,58722,58722,58722,3654,58672,58672,58672,50,50,50,,,,,,,,,
refit,phase-core,additive,32,58722,58722,58722,3654,58672,58672,58672,50,50,50,,,,,,,,,
refit,phase-core,additive,33,58722,58722,58722,3654,58672,58672,58672,50,50,50,,,,,,,,,
refit,phase-core,additive,34,58722,58722,58722,3654,58672,58672,58672,50,50,50,,,,,,,,,
refit,phase-core,additive,35,58722,58722,58722,3654,58672,58672,58672,50,50,50,,,,,,,,,
refit,phase-core,additive,36,58722,58722,58722,3654,58672,58672,58672,50,50,50,,,,,,,,,
refit,phase-core,additive,37,58722,58722,58722,3654,58672,58672,58672,50,50,50,,,,,,,,,
refit,phase-core,additive,38,58722,58722,58722,3654,58672,58672,58672,50,50,50,,,,,,,,,
refit,phase-core,additive,39,58722,58722,58722,3654,58672,58672,58672,50,50,50,,,,,,,,,
refit,phase-core,additive,40,58722,58722,58722,3654,58672,58672,58672,50,50,50,,,,,,,,,
refit,phase-core,additive,41,58722,58722,58722,3654,58672,58672,58672,50,50,50,,,,,,,,,
refit,phase-core,additive,42,58722,58722,58722,3654,58672,58672,58672,50,50,50,,,,,,,,,
refit,phase-core,additive,43,58722,58722,58722,3654,58672,58672,58672,50,50,50,,,,,,,,,
refit,phase-core,additive,44,58722,58722,58722,3654,58672,58672,58672,50,50,50,,,,,,,,,
refit,phase-core,additive,45,58722,58722,58722,3654,58672,58672,58672,50,50,50,,,,,,,,,
refit,phase-core,additive,46,58722,58722,58722,3654,58672,58672,58672,50,50,50,,,,,,,,,
refit,phase-core,additive,47,58722,58722,58722,3654,58672,58672,58672,50,50,50,,,,,,,,,
refit,phase-core,additive,48,58722,58722,58722,3654,58672,58672,58672,50,50,50,,,,,,,,,
refit,phase-core,additive,49,58722,58722,58722,3654,58672,58672,58672,50,50,50,,,,,,,,,
refit,phase-core,additive,50,58722,58722,58722,3654,58672,58672,58672,50,50,50,,,,,,,,,
refit,phase-core,additive,51,58722,58722,58722,3654,58672,58672,58672,50,50,50,,,,,,,,,
refit,phase-core,additive,52,58722,58722,58722,3654,58672,58672,58672,50,50,50,,,,,,,,,
refit,phase-core,additive,53,58722,58722,58722,3654,58672,58672,58672,50,50,50,,,,,,,,,
refit,phase-core,additive,54,58722,58722,58722,3654,58672,58672,58672,50,50,50,,,,,,,,,
refit,phase-core,additive,55,58722,58722,58722,3654,58672,58672,58672,50,50,50,,,,,,,,,
refit,phase-core,additive,56,58722,58722,58722,3654,58672,58672,58672,50,50,50,,,,,,,,,
refit,phase-core,additive,57,58722,58722,58722,3654,58672,58672,58672,50,50,50,,,,,,,,,
refit,phase-core,additive,58,58722,58722,58722,3654,58672,58672,58672,50,50,50,,,,,,,,,
refit,phase-core,additive,59,58722,58722,58722,3654,58672,58672,58672,50,50,50,,,,,,,,,
refit,phase-core,additive,60,58722,58722,58722,3654,58672,58672,58672,50,50,50,,,,,,,,,
refit,phase-core,additive,61,58722,58722,58722,3654,58672,58672,58672,50,50,50,,,,,,,,,
refit,phase-core,additive,62,58722,58722,58722,3654,58672,58672,58672,50,50,50,,,,,,,,,
refit,phase-core,additive,63,58722,58722,58722,3654,58672,58672,58672,50,50,50,,,,,,,,,
refit,phase-core,additive,64,58722,58722,58722,3654,58672,58672,58672,50,50,50,,,,,,,,,
refit,phase-core,additive,65,58722,58722,58722,3654,58672,58672,58672,50,50,50,,,,,,,,,
refit,phase-core,additive,66,58722,58722,58722,3654,58672,58672,58672,50,50,50,,,,,,,,,
refit,phase-core,additive,67,58722,58722,58722,3654,58672,58672,58672,50,50,50,,,,,,,,,
refit,phase-core,additive,68,58722,58722,58722,3654,58672,58672,58672,50,50,50,,,,,,,,,
refit,phase-core,additive,69,58722,58722,58722,3654,58672,58672,58672,50,50,50,,,,,,,,,
refit,phase-core,additive,70,58722,58722,58722,3654,58672,58672,58672,50,50,50,,,,,,,,,
refit,phase-core,additive,71,58722,58722,58722,3654,58672,58672,58672,50,50,50,,,,,,,,,
refit,phase-core,additive,72,58722,58722,58722,3654,58672,58672,58672,50,50,50,,,,,,,,,
refit,phase-core,additive,73,58722,58722,58722,3654,58672,58672,58672,50,50,50,,,,,,,,,
refit,phase-core,additive,74,58722,58722,58722,3654,58672,58672,58672,50,50,50,,,,,,,,,
refit,phase-core,additive,75,58722,58722,58722,3654,58672,58672,58672,50,50,50,,,,,,,,,
refit,phase-core,additive,76,58722,58722,58722,3654,58672,58672,58672,50,50,50,,,,,,,,,
refit,phase-core,additive,77,58722,58722,58722,3654,58672,58672,58672,50,50,50,,,,,,,,,
refit,phase-core,additive,78,58722,58722,58722,3654,58672,58672,58672,50,50,50,,,,,,,,,
refit,phase-core,additive,79,58722,58722,58722,3654,58672,58672,58672,50,50,50,,,,,,,,,
refit,phase-core,additive,80,58722,58722,58722,3654,58672,58672,58672,50,50,50,,,,,,,,,
refit,phase-core,additive,81,58722,58722,58722,3654,58672,58672,58672,50,50,50,,,,,,,,,
refit,phase-core,additive,82,58722,58722,58722,3654,58672,58672,58672,50,50,50,,,,,,,,,
refit,phase-core,additive,83,58722,58722,58722,3654,58672,58672,58672,50,50,50,,,,,,,,,
refit,phase-core,additive,84,58722,58722,58722,3654,58672,58672,58672,50,50,50,,,,,,,,,
refit,phase-core,additive,85,58722,58722,58722,3654,58672,58672,58672,50,50,50,,,,,,,,,
refit,phase-core,additive,86,58722,58722,58722,3654,58672,58672,58672,50,50,50,,,,,,,,,
refit,phase-core,additive,87,58722,58722,58722,3654,58672,58672,58672,50,50,50,,,,,,,,,
refit,phase-core,additive,88,58722,58722,58722,3654,58672,58672,58672,50,50,50,,,,,,,,,
refit,phase-core,additive,89,58722,58722,58722,3654,58672,58672,58672,50,50,50,,,,,,,,,
refit,phase-core,additive,90,58722,58722,58722,3654,58672,58672,58672,50,50,50,,,,,,,,,
refit,phase-core,additive,91,58722,58722,58722,3654,58672,58672,58672,50,50,50,,,,,,,,,
refit,phase-core,additive,92,58722,58722,58722,3654,58672,58672,58672,50,50,50,,,,,,,,,
refit,phase-core,additive,93,58722,58722,58722,3654,58672,58672,58672,50,50,50,,,,,,,,,
refit,phase-core,additive,94,58722,58722,58722,3654,58672,58672,58672,50,50,50,,,,,,,,,
refit,phase-core,additive,95,58722,58722,58722,3654,58672,58672,58672,50,50,50,,,,,,,,,
refit,phase-core,additive,96,58722,58722,58722,3654,58672,58672,58672,50,50,50,,,,,,,,,
refit,phase-core,additive,97,58722,58722,58722,3654,58672,58672,58672,50,50,50,,,,,,,,,
refit,phase-core,additive,98,58722,58722,58722,3654,58672,58672,58672,50,50,50,,,,,,,,,
refit,phase-core,additive,99,58722,58722,58722,3654,58672,58672,58672,50,50,50,,,,,,,,,
refit,phase-core,additive,100,58722,58722,58722,3654,58672,58672,58672,50,50,50,,,,,,,,,
refit,phase-core,teammate-set,1,62658,62658,62658,3654,58672,58672,58672,578,578,578,1696.0,1696.0,1696.0,1712.0,1712.0,1712.0,,,
refit,phase-core,teammate-set,2,62658,62658,62658,3654,58672,58672,58672,578,578,578,1696.0,1696.0,1696.0,1712.0,1712.0,1712.0,,,
refit,phase-core,teammate-set,3,62658,62658,62658,3654,58672,58672,58672,578,578,578,1696.0,1696.0,1696.0,1712.0,1712.0,1712.0,,,
refit,phase-core,teammate-set,4,62658,62658,62658,3654,58672,58672,58672,578,578,578,1696.0,1696.0,1696.0,1712.0,1712.0,1712.0,,,
refit,phase-core,teammate-set,5,62658,62658,62658,3654,58672,58672,58672,578,578,578,1696.0,1696.0,1696.0,1712.0,1712.0,1712.0,,,
refit,phase-core,teammate-set,6,62658,62658,62658,3654,58672,58672,58672,578,578,578,1696.0,1696.0,1696.0,1712.0,1712.0,1712.0,,,
refit,phase-core,teammate-set,7,62658,62658,62658,3654,58672,58672,58672,578,578,578,1696.0,1696.0,1696.0,1712.0,1712.0,1712.0,,,
refit,phase-core,teammate-set,8,62658,62658,62658,3654,58672,58672,58672,578,578,578,1696.0,1696.0,1696.0,1712.0,1712.0,1712.0,,,
refit,phase-core,teammate-set,9,62658,62658,62658,3654,58672,58672,58672,578,578,578,1696.0,1696.0,1696.0,1712.0,1712.0,1712.0,,,
refit,phase-core,teammate-set,10,62658,62658,62658,3654,58672,58672,58672,578,578,578,1696.0,1696.0,1696.0,1712.0,1712.0,1712.0,,,
refit,phase-core,teammate-set,11,62658,62658,62658,3654,58672,58672,58672,578,578,578,1696.0,1696.0,1696.0,1712.0,1712.0,1712.0,,,
refit,phase-core,teammate-set,12,62658,62658,62658,3654,58672,58672,58672,578,578,578,1696.0,1696.0,1696.0,1712.0,1712.0,1712.0,,,
refit,phase-core,teammate-set,13,62658,62658,62658,3654,58672,58672,58672,578,578,578,1696.0,1696.0,1696.0,1712.0,1712.0,1712.0,,,
refit,phase-core,teammate-set,14,62658,62658,62658,3654,58672,58672,58672,578,578,578,1696.0,1696.0,1696.0,1712.0,1712.0,1712.0,,,
refit,phase-core,teammate-set,15,62658,62658,62658,3654,58672,58672,58672,578,578,578,1696.0,1696.0,1696.0,1712.0,1712.0,1712.0,,,
refit,phase-core,teammate-set,16,62658,62658,62658,3654,58672,58672,58672,578,578,578,1696.0,1696.0,1696.0,1712.0,1712.0,1712.0,,,
refit,phase-core,teammate-set,17,62658,62658,62658,3654,58672,58672,58672,578,578,578,1696.0,1696.0,1696.0,1712.0,1712.0,1712.0,,,
refit,phase-core,teammate-set,18,62658,62658,62658,3654,58672,58672,58672,578,578,578,1696.0,1696.0,1696.0,1712.0,1712.0,1712.0,,,
refit,phase-core,teammate-set,19,62658,62658,62658,3654,58672,58672,58672,578,578,578,1696.0,1696.0,1696.0,1712.0,1712.0,1712.0,,,
refit,phase-core,teammate-set,20,62658,62658,62658,3654,58672,58672,58672,578,578,578,1696.0,1696.0,1696.0,1712.0,1712.0,1712.0,,,
refit,phase-core,teammate-set,21,62658,62658,62658,3654,58672,58672,58672,578,578,578,1696.0,1696.0,1696.0,1712.0,1712.0,1712.0,,,
refit,phase-core,teammate-set,22,62658,62658,62658,3654,58672,58672,58672,578,578,578,1696.0,1696.0,1696.0,1712.0,1712.0,1712.0,,,
refit,phase-core,teammate-set,23,62658,62658,62658,3654,58672,58672,58672,578,578,578,1696.0,1696.0,1696.0,1712.0,1712.0,1712.0,,,
refit,phase-core,teammate-set,24,62658,62658,62658,3654,58672,58672,58672,578,578,578,1696.0,1696.0,1696.0,1712.0,1712.0,1712.0,,,
refit,phase-core,teammate-set,25,62658,62658,62658,3654,58672,58672,58672,578,578,578,1696.0,1696.0,1696.0,1712.0,1712.0,1712.0,,,
refit,phase-core,teammate-set,26,62658,62658,62658,3654,58672,58672,58672,578,578,578,1696.0,1696.0,1696.0,1712.0,1712.0,1712.0,,,
refit,phase-core,teammate-set,27,62658,62658,62658,3654,58672,58672,58672,578,578,578,1696.0,1696.0,1696.0,1712.0,1712.0,1712.0,,,
refit,phase-core,teammate-set,28,62658,62658,62658,3654,58672,58672,58672,578,578,578,1696.0,1696.0,1696.0,1712.0,1712.0,1712.0,,,
refit,phase-core,teammate-set,29,62658,62658,62658,3654,58672,58672,58672,578,578,578,1696.0,1696.0,1696.0,1712.0,1712.0,1712.0,,,
refit,phase-core,teammate-set,30,62658,62658,62658,3654,58672,58672,58672,578,578,578,1696.0,1696.0,1696.0,1712.0,1712.0,1712.0,,,
refit,phase-core,teammate-set,31,62658,62658,62658,3654,58672,58672,58672,578,578,578,1696.0,1696.0,1696.0,1712.0,1712.0,1712.0,,,
refit,phase-core,teammate-set,32,62658,62658,62658,3654,58672,58672,58672,578,578,578,1696.0,1696.0,1696.0,1712.0,1712.0,1712.0,,,
refit,phase-core,teammate-set,33,62658,62658,62658,3654,58672,58672,58672,578,578,578,1696.0,1696.0,1696.0,1712.0,1712.0,1712.0,,,
refit,phase-core,teammate-set,34,62658,62658,62658,3654,58672,58672,58672,578,578,578,1696.0,1696.0,1696.0,1712.0,1712.0,1712.0,,,
refit,phase-core,teammate-set,35,62658,62658,62658,3654,58672,58672,58672,578,578,578,1696.0,1696.0,1696.0,1712.0,1712.0,1712.0,,,
refit,phase-core,teammate-set,36,62658,62658,62658,3654,58672,58672,58672,578,578,578,1696.0,1696.0,1696.0,1712.0,1712.0,1712.0,,,
refit,phase-core,teammate-set,37,62658,62658,62658,3654,58672,58672,58672,578,578,578,1696.0,1696.0,1696.0,1712.0,1712.0,1712.0,,,
refit,phase-core,teammate-set,38,62658,62658,62658,3654,58672,58672,58672,578,578,578,1696.0,1696.0,1696.0,1712.0,1712.0,1712.0,,,
refit,phase-core,teammate-set,39,62658,62658,62658,3654,58672,58672,58672,578,578,578,1696.0,1696.0,1696.0,1712.0,1712.0,1712.0,,,
refit,phase-core,teammate-set,40,62658,62658,62658,3654,58672,58672,58672,578,578,578,1696.0,1696.0,1696.0,1712.0,1712.0,1712.0,,,
refit,phase-core,teammate-set,41,62658,62658,62658,3654,58672,58672,58672,578,578,578,1696.0,1696.0,1696.0,1712.0,1712.0,1712.0,,,
refit,phase-core,teammate-set,42,62658,62658,62658,3654,58672,58672,58672,578,578,578,1696.0,1696.0,1696.0,1712.0,1712.0,1712.0,,,
refit,phase-core,teammate-set,43,62658,62658,62658,3654,58672,58672,58672,578,578,578,1696.0,1696.0,1696.0,1712.0,1712.0,1712.0,,,
refit,phase-core,teammate-set,44,62658,62658,62658,3654,58672,58672,58672,578,578,578,1696.0,1696.0,1696.0,1712.0,1712.0,1712.0,,,
refit,phase-core,teammate-set,45,62658,62658,62658,3654,58672,58672,58672,578,578,578,1696.0,1696.0,1696.0,1712.0,1712.0,1712.0,,,
refit,phase-core,teammate-set,46,62658,62658,62658,3654,58672,58672,58672,578,578,578,1696.0,1696.0,1696.0,1712.0,1712.0,1712.0,,,
refit,phase-core,teammate-set,47,62658,62658,62658,3654,58672,58672,58672,578,578,578,1696.0,1696.0,1696.0,1712.0,1712.0,1712.0,,,
refit,phase-core,teammate-set,48,62658,62658,62658,3654,58672,58672,58672,578,578,578,1696.0,1696.0,1696.0,1712.0,1712.0,1712.0,,,
refit,phase-core,teammate-set,49,62658,62658,62658,3654,58672,58672,58672,578,578,578,1696.0,1696.0,1696.0,1712.0,1712.0,1712.0,,,
refit,phase-core,teammate-set,50,62658,62658,62658,3654,58672,58672,58672,578,578,578,1696.0,1696.0,1696.0,1712.0,1712.0,1712.0,,,
refit,phase-core,teammate-set,51,62658,62658,62658,3654,58672,58672,58672,578,578,578,1696.0,1696.0,1696.0,1712.0,1712.0,1712.0,,,
refit,phase-core,teammate-set,52,62658,62658,62658,3654,58672,58672,58672,578,578,578,1696.0,1696.0,1696.0,1712.0,1712.0,1712.0,,,
refit,phase-core,teammate-set,53,62658,62658,62658,3654,58672,58672,58672,578,578,578,1696.0,1696.0,1696.0,1712.0,1712.0,1712.0,,,
refit,phase-core,teammate-set,54,62658,62658,62658,3654,58672,58672,58672,578,578,578,1696.0,1696.0,1696.0,1712.0,1712.0,1712.0,,,
refit,phase-core,teammate-set,55,62658,62658,62658,3654,58672,58672,58672,578,578,578,1696.0,1696.0,1696.0,1712.0,1712.0,1712.0,,,
refit,phase-core,teammate-set,56,62658,62658,62658,3654,58672,58672,58672,578,578,578,1696.0,1696.0,1696.0,1712.0,1712.0,1712.0,,,
refit,phase-core,teammate-set,57,62658,62658,62658,3654,58672,58672,58672,578,578,578,1696.0,1696.0,1696.0,1712.0,1712.0,1712.0,,,
refit,phase-core,teammate-set,58,62658,62658,62658,3654,58672,58672,58672,578,578,578,1696.0,1696.0,1696.0,1712.0,1712.0,1712.0,,,
refit,phase-core,teammate-set,59,62658,62658,62658,3654,58672,58672,58672,578,578,578,1696.0,1696.0,1696.0,1712.0,1712.0,1712.0,,,
refit,phase-core,teammate-set,60,62658,62658,62658,3654,58672,58672,58672,578,578,578,1696.0,1696.0,1696.0,1712.0,1712.0,1712.0,,,
refit,phase-core,teammate-set,61,62658,62658,62658,3654,58672,58672,58672,578,578,578,1696.0,1696.0,1696.0,1712.0,1712.0,1712.0,,,
refit,phase-core,teammate-set,62,62658,62658,62658,3654,58672,58672,58672,578,578,578,1696.0,1696.0,1696.0,1712.0,1712.0,1712.0,,,
refit,phase-core,teammate-set,63,62658,62658,62658,3654,58672,58672,58672,578,578,578,1696.0,1696.0,1696.0,1712.0,1712.0,1712.0,,,
refit,phase-core,teammate-set,64,62658,62658,62658,3654,58672,58672,58672,578,578,578,1696.0,1696.0,1696.0,1712.0,1712.0,1712.0,,,
refit,phase-core,teammate-set,65,62658,62658,62658,3654,58672,58672,58672,578,578,578,1696.0,1696.0,1696.0,1712.0,1712.0,1712.0,,,
refit,phase-core,teammate-set,66,62658,62658,62658,3654,58672,58672,58672,578,578,578,1696.0,1696.0,1696.0,1712.0,1712.0,1712.0,,,
refit,phase-core,teammate-set,67,62658,62658,62658,3654,58672,58672,58672,578,578,578,1696.0,1696.0,1696.0,1712.0,1712.0,1712.0,,,
refit,phase-core,teammate-set,68,62658,62658,62658,3654,58672,58672,58672,578,578,578,1696.0,1696.0,1696.0,1712.0,1712.0,1712.0,,,
refit,phase-core,teammate-set,69,62658,62658,62658,3654,58672,58672,58672,578,578,578,1696.0,1696.0,1696.0,1712.0,1712.0,1712.0,,,
refit,phase-core,teammate-set,70,62658,62658,62658,3654,58672,58672,58672,578,578,578,1696.0,1696.0,1696.0,1712.0,1712.0,1712.0,,,
refit,phase-core,teammate-set,71,62658,62658,62658,3654,58672,58672,58672,578,578,578,1696.0,1696.0,1696.0,1712.0,1712.0,1712.0,,,
refit,phase-core,teammate-set,72,62658,62658,62658,3654,58672,58672,58672,578,578,578,1696.0,1696.0,1696.0,1712.0,1712.0,1712.0,,,
refit,phase-core,teammate-set,73,62658,62658,62658,3654,58672,58672,58672,578,578,578,1696.0,1696.0,1696.0,1712.0,1712.0,1712.0,,,
refit,phase-core,teammate-set,74,62658,62658,62658,3654,58672,58672,58672,578,578,578,1696.0,1696.0,1696.0,1712.0,1712.0,1712.0,,,
refit,phase-core,teammate-set,75,62658,62658,62658,3654,58672,58672,58672,578,578,578,1696.0,1696.0,1696.0,1712.0,1712.0,1712.0,,,
refit,phase-core,teammate-set,76,62658,62658,62658,3654,58672,58672,58672,578,578,578,1696.0,1696.0,1696.0,1712.0,1712.0,1712.0,,,
refit,phase-core,teammate-set,77,62658,62658,62658,3654,58672,58672,58672,578,578,578,1696.0,1696.0,1696.0,1712.0,1712.0,1712.0,,,
refit,phase-core,teammate-set,78,62658,62658,62658,3654,58672,58672,58672,578,578,578,1696.0,1696.0,1696.0,1712.0,1712.0,1712.0,,,
refit,phase-core,teammate-set,79,62658,62658,62658,3654,58672,58672,58672,578,578,578,1696.0,1696.0,1696.0,1712.0,1712.0,1712.0,,,
refit,phase-core,teammate-set,80,62658,62658,62658,3654,58672,58672,58672,578,578,578,1696.0,1696.0,1696.0,1712.0,1712.0,1712.0,,,
refit,phase-core,teammate-set,81,62658,62658,62658,3654,58672,58672,58672,578,578,578,1696.0,1696.0,1696.0,1712.0,1712.0,1712.0,,,
refit,phase-core,teammate-set,82,62658,62658,62658,3654,58672,58672,58672,578,578,578,1696.0,1696.0,1696.0,1712.0,1712.0,1712.0,,,
refit,phase-core,teammate-set,83,62658,62658,62658,3654,58672,58672,58672,578,578,578,1696.0,1696.0,1696.0,1712.0,1712.0,1712.0,,,
refit,phase-core,teammate-set,84,62658,62658,62658,3654,58672,58672,58672,578,578,578,1696.0,1696.0,1696.0,1712.0,1712.0,1712.0,,,
refit,phase-core,teammate-set,85,62658,62658,62658,3654,58672,58672,58672,578,578,578,1696.0,1696.0,1696.0,1712.0,1712.0,1712.0,,,
refit,phase-core,teammate-set,86,62658,62658,62658,3654,58672,58672,58672,578,578,578,1696.0,1696.0,1696.0,1712.0,1712.0,1712.0,,,
refit,phase-core,teammate-set,87,62658,62658,62658,3654,58672,58672,58672,578,578,578,1696.0,1696.0,1696.0,1712.0,1712.0,1712.0,,,
refit,phase-core,teammate-set,88,62658,62658,62658,3654,58672,58672,58672,578,578,578,1696.0,1696.0,1696.0,1712.0,1712.0,1712.0,,,
refit,phase-core,teammate-set,89,62658,62658,62658,3654,58672,58672,58672,578,578,578,1696.0,1696.0,1696.0,1712.0,1712.0,1712.0,,,
refit,phase-core,teammate-set,90,62658,62658,62658,3654,58672,58672,58672,578,578,578,1696.0,1696.0,1696.0,1712.0,1712.0,1712.0,,,
refit,phase-core,teammate-set,91,62658,62658,62658,3654,58672,58672,58672,578,578,578,1696.0,1696.0,1696.0,1712.0,1712.0,1712.0,,,
refit,phase-core,teammate-set,92,62658,62658,62658,3654,58672,58672,58672,578,578,578,1696.0,1696.0,1696.0,1712.0,1712.0,1712.0,,,
refit,phase-core,teammate-set,93,62658,62658,62658,3654,58672,58672,58672,578,578,578,1696.0,1696.0,1696.0,1712.0,1712.0,1712.0,,,
refit,phase-core,teammate-set,94,62658,62658,62658,3654,58672,58672,58672,578,578,578,1696.0,1696.0,1696.0,1712.0,1712.0,1712.0,,,
refit,phase-core,teammate-set,95,62658,62658,62658,3654,58672,58672,58672,578,578,578,1696.0,1696.0,1696.0,1712.0,1712.0,1712.0,,,
refit,phase-core,teammate-set,96,62658,62658,62658,3654,58672,58672,58672,578,578,578,1696.0,1696.0,1696.0,1712.0,1712.0,1712.0,,,
refit,phase-core,teammate-set,97,62658,62658,62658,3654,58672,58672,58672,578,578,578,1696.0,1696.0,1696.0,1712.0,1712.0,1712.0,,,
refit,phase-core,teammate-set,98,62658,62658,62658,3654,58672,58672,58672,578,578,578,1696.0,1696.0,1696.0,1712.0,1712.0,1712.0,,,
refit,phase-core,teammate-set,99,62658,62658,62658,3654,58672,58672,58672,578,578,578,1696.0,1696.0,1696.0,1712.0,1712.0,1712.0,,,
refit,phase-core,teammate-set,100,62658,62658,62658,3654,58672,58672,58672,578,578,578,1696.0,1696.0,1696.0,1712.0,1712.0,1712.0,,,
refit,phase-core,full-match,1,64354,64354,64354,3654,58672,58672,58672,578,578,578,1696.0,1696.0,1696.0,1712.0,1712.0,1712.0,1696.0,1696.0,1696.0
refit,phase-core,full-match,2,64354,64354,64354,3654,58672,58672,58672,578,578,578,1696.0,1696.0,1696.0,1712.0,1712.0,1712.0,1696.0,1696.0,1696.0
refit,phase-core,full-match,3,64354,64354,64354,3654,58672,58672,58672,578,578,578,1696.0,1696.0,1696.0,1712.0,1712.0,1712.0,1696.0,1696.0,1696.0
refit,phase-core,full-match,4,64354,64354,64354,3654,58672,58672,58672,578,578,578,1696.0,1696.0,1696.0,1712.0,1712.0,1712.0,1696.0,1696.0,1696.0
refit,phase-core,full-match,5,64354,64354,64354,3654,58672,58672,58672,578,578,578,1696.0,1696.0,1696.0,1712.0,1712.0,1712.0,1696.0,1696.0,1696.0
refit,phase-core,full-match,6,64354,64354,64354,3654,58672,58672,58672,578,578,578,1696.0,1696.0,1696.0,1712.0,1712.0,1712.0,1696.0,1696.0,1696.0
refit,phase-core,full-match,7,64354,64354,64354,3654,58672,58672,58672,578,578,578,1696.0,1696.0,1696.0,1712.0,1712.0,1712.0,1696.0,1696.0,1696.0
refit,phase-core,full-match,8,64354,64354,64354,3654,58672,58672,58672,578,578,578,1696.0,1696.0,1696.0,1712.0,1712.0,1712.0,1696.0,1696.0,1696.0
refit,phase-core,full-match,9,64354,64354,64354,3654,58672,58672,58672,578,578,578,1696.0,1696.0,1696.0,1712.0,1712.0,1712.0,1696.0,1696.0,1696.0
refit,phase-core,full-match,10,64354,64354,64354,3654,58672,58672,58672,578,578,578,1696.0,1696.0,1696.0,1712.0,1712.0,1712.0,1696.0,1696.0,1696.0
refit,phase-core,full-match,11,64354,64354,64354,3654,58672,58672,58672,578,578,578,1696.0,1696.0,1696.0,1712.0,1712.0,1712.0,1696.0,1696.0,1696.0
refit,phase-core,full-match,12,64354,64354,64354,3654,58672,58672,58672,578,578,578,1696.0,1696.0,1696.0,1712.0,1712.0,1712.0,1696.0,1696.0,1696.0
refit,phase-core,full-match,13,64354,64354,64354,3654,58672,58672,58672,578,578,578,1696.0,1696.0,1696.0,1712.0,1712.0,1712.0,1696.0,1696.0,1696.0
refit,phase-core,full-match,14,64354,64354,64354,3654,58672,58672,58672,578,578,578,1696.0,1696.0,1696.0,1712.0,1712.0,1712.0,1696.0,1696.0,1696.0
refit,phase-core,full-match,15,64354,64354,64354,3654,58672,58672,58672,578,578,578,1696.0,1696.0,1696.0,1712.0,1712.0,1712.0,1696.0,1696.0,1696.0
refit,phase-core,full-match,16,64354,64354,64354,3654,58672,58672,58672,578,578,578,1696.0,1696.0,1696.0,1712.0,1712.0,1712.0,1696.0,1696.0,1696.0
refit,phase-core,full-match,17,64354,64354,64354,3654,58672,58672,58672,578,578,578,1696.0,1696.0,1696.0,1712.0,1712.0,1712.0,1696.0,1696.0,1696.0
refit,phase-core,full-match,18,64354,64354,64354,3654,58672,58672,58672,578,578,578,1696.0,1696.0,1696.0,1712.0,1712.0,1712.0,1696.0,1696.0,1696.0
refit,phase-core,full-match,19,64354,64354,64354,3654,58672,58672,58672,578,578,578,1696.0,1696.0,1696.0,1712.0,1712.0,1712.0,1696.0,1696.0,1696.0
refit,phase-core,full-match,20,64354,64354,64354,3654,58672,58672,58672,578,578,578,1696.0,1696.0,1696.0,1712.0,1712.0,1712.0,1696.0,1696.0,1696.0
refit,phase-core,full-match,21,64354,64354,64354,3654,58672,58672,58672,578,578,578,1696.0,1696.0,1696.0,1712.0,1712.0,1712.0,1696.0,1696.0,1696.0
refit,phase-core,full-match,22,64354,64354,64354,3654,58672,58672,58672,578,578,578,1696.0,1696.0,1696.0,1712.0,1712.0,1712.0,1696.0,1696.0,1696.0
refit,phase-core,full-match,23,64354,64354,64354,3654,58672,58672,58672,578,578,578,1696.0,1696.0,1696.0,1712.0,1712.0,1712.0,1696.0,1696.0,1696.0
refit,phase-core,full-match,24,64354,64354,64354,3654,58672,58672,58672,578,578,578,1696.0,1696.0,1696.0,1712.0,1712.0,1712.0,1696.0,1696.0,1696.0
refit,phase-core,full-match,25,64354,64354,64354,3654,58672,58672,58672,578,578,578,1696.0,1696.0,1696.0,1712.0,1712.0,1712.0,1696.0,1696.0,1696.0
refit,phase-core,full-match,26,64354,64354,64354,3654,58672,58672,58672,578,578,578,1696.0,1696.0,1696.0,1712.0,1712.0,1712.0,1696.0,1696.0,1696.0
refit,phase-core,full-match,27,64354,64354,64354,3654,58672,58672,58672,578,578,578,1696.0,1696.0,1696.0,1712.0,1712.0,1712.0,1696.0,1696.0,1696.0
refit,phase-core,full-match,28,64354,64354,64354,3654,58672,58672,58672,578,578,578,1696.0,1696.0,1696.0,1712.0,1712.0,1712.0,1696.0,1696.0,1696.0
refit,phase-core,full-match,29,64354,64354,64354,3654,58672,58672,58672,578,578,578,1696.0,1696.0,1696.0,1712.0,1712.0,1712.0,1696.0,1696.0,1696.0
refit,phase-core,full-match,30,64354,64354,64354,3654,58672,58672,58672,578,578,578,1696.0,1696.0,1696.0,1712.0,1712.0,1712.0,1696.0,1696.0,1696.0
refit,phase-core,full-match,31,64354,64354,64354,3654,58672,58672,58672,578,578,578,1696.0,1696.0,1696.0,1712.0,1712.0,1712.0,1696.0,1696.0,1696.0
refit,phase-core,full-match,32,64354,64354,64354,3654,58672,58672,58672,578,578,578,1696.0,1696.0,1696.0,1712.0,1712.0,1712.0,1696.0,1696.0,1696.0
refit,phase-core,full-match,33,64354,64354,64354,3654,58672,58672,58672,578,578,578,1696.0,1696.0,1696.0,1712.0,1712.0,1712.0,1696.0,1696.0,1696.0
refit,phase-core,full-match,34,64354,64354,64354,3654,58672,58672,58672,578,578,578,1696.0,1696.0,1696.0,1712.0,1712.0,1712.0,1696.0,1696.0,1696.0
refit,phase-core,full-match,35,64354,64354,64354,3654,58672,58672,58672,578,578,578,1696.0,1696.0,1696.0,1712.0,1712.0,1712.0,1696.0,1696.0,1696.0
refit,phase-core,full-match,36,64354,64354,64354,3654,58672,58672,58672,578,578,578,1696.0,1696.0,1696.0,1712.0,1712.0,1712.0,1696.0,1696.0,1696.0
refit,phase-core,full-match,37,64354,64354,64354,3654,58672,58672,58672,578,578,578,1696.0,1696.0,1696.0,1712.0,1712.0,1712.0,1696.0,1696.0,1696.0
refit,phase-core,full-match,38,64354,64354,64354,3654,58672,58672,58672,578,578,578,1696.0,1696.0,1696.0,1712.0,1712.0,1712.0,1696.0,1696.0,1696.0
refit,phase-core,full-match,39,64354,64354,64354,3654,58672,58672,58672,578,578,578,1696.0,1696.0,1696.0,1712.0,1712.0,1712.0,1696.0,1696.0,1696.0
refit,phase-core,full-match,40,64354,64354,64354,3654,58672,58672,58672,578,578,578,1696.0,1696.0,1696.0,1712.0,1712.0,1712.0,1696.0,1696.0,1696.0
refit,phase-core,full-match,41,64354,64354,64354,3654,58672,58672,58672,578,578,578,1696.0,1696.0,1696.0,1712.0,1712.0,1712.0,1696.0,1696.0,1696.0
refit,phase-core,full-match,42,64354,64354,64354,3654,58672,58672,58672,578,578,578,1696.0,1696.0,1696.0,1712.0,1712.0,1712.0,1696.0,1696.0,1696.0
refit,phase-core,full-match,43,64354,64354,64354,3654,58672,58672,58672,578,578,578,1696.0,1696.0,1696.0,1712.0,1712.0,1712.0,1696.0,1696.0,1696.0
refit,phase-core,full-match,44,64354,64354,64354,3654,58672,58672,58672,578,578,578,1696.0,1696.0,1696.0,1712.0,1712.0,1712.0,1696.0,1696.0,1696.0
refit,phase-core,full-match,45,64354,64354,64354,3654,58672,58672,58672,578,578,578,1696.0,1696.0,1696.0,1712.0,1712.0,1712.0,1696.0,1696.0,1696.0
refit,phase-core,full-match,46,64354,64354,64354,3654,58672,58672,58672,578,578,578,1696.0,1696.0,1696.0,1712.0,1712.0,1712.0,1696.0,1696.0,1696.0
refit,phase-core,full-match,47,64354,64354,64354,3654,58672,58672,58672,578,578,578,1696.0,1696.0,1696.0,1712.0,1712.0,1712.0,1696.0,1696.0,1696.0
refit,phase-core,full-match,48,64354,64354,64354,3654,58672,58672,58672,578,578,578,1696.0,1696.0,1696.0,1712.0,1712.0,1712.0,1696.0,1696.0,1696.0
refit,phase-core,full-match,49,64354,64354,64354,3654,58672,58672,58672,578,578,578,1696.0,1696.0,1696.0,1712.0,1712.0,1712.0,1696.0,1696.0,1696.0
refit,phase-core,full-match,50,64354,64354,64354,3654,58672,58672,58672,578,578,578,1696.0,1696.0,1696.0,1712.0,1712.0,1712.0,1696.0,1696.0,1696.0
refit,phase-core,full-match,51,64354,64354,64354,3654,58672,58672,58672,578,578,578,1696.0,1696.0,1696.0,1712.0,1712.0,1712.0,1696.0,1696.0,1696.0
refit,phase-core,full-match,52,64354,64354,64354,3654,58672,58672,58672,578,578,578,1696.0,1696.0,1696.0,1712.0,1712.0,1712.0,1696.0,1696.0,1696.0
refit,phase-core,full-match,53,64354,64354,64354,3654,58672,58672,58672,578,578,578,1696.0,1696.0,1696.0,1712.0,1712.0,1712.0,1696.0,1696.0,1696.0
refit,phase-core,full-match,54,64354,64354,64354,3654,58672,58672,58672,578,578,578,1696.0,1696.0,1696.0,1712.0,1712.0,1712.0,1696.0,1696.0,1696.0
refit,phase-core,full-match,55,64354,64354,64354,3654,58672,58672,58672,578,578,578,1696.0,1696.0,1696.0,1712.0,1712.0,1712.0,1696.0,1696.0,1696.0
refit,phase-core,full-match,56,64354,64354,64354,3654,58672,58672,58672,578,578,578,1696.0,1696.0,1696.0,1712.0,1712.0,1712.0,1696.0,1696.0,1696.0
refit,phase-core,full-match,57,64354,64354,64354,3654,58672,58672,58672,578,578,578,1696.0,1696.0,1696.0,1712.0,1712.0,1712.0,1696.0,1696.0,1696.0
refit,phase-core,full-match,58,64354,64354,64354,3654,58672,58672,58672,578,578,578,1696.0,1696.0,1696.0,1712.0,1712.0,1712.0,1696.0,1696.0,1696.0
refit,phase-core,full-match,59,64354,64354,64354,3654,58672,58672,58672,578,578,578,1696.0,1696.0,1696.0,1712.0,1712.0,1712.0,1696.0,1696.0,1696.0
refit,phase-core,full-match,60,64354,64354,64354,3654,58672,58672,58672,578,578,578,1696.0,1696.0,1696.0,1712.0,1712.0,1712.0,1696.0,1696.0,1696.0
refit,phase-core,full-match,61,64354,64354,64354,3654,58672,58672,58672,578,578,578,1696.0,1696.0,1696.0,1712.0,1712.0,1712.0,1696.0,1696.0,1696.0
refit,phase-core,full-match,62,64354,64354,64354,3654,58672,58672,58672,578,578,578,1696.0,1696.0,1696.0,1712.0,1712.0,1712.0,1696.0,1696.0,1696.0
refit,phase-core,full-match,63,64354,64354,64354,3654,58672,58672,58672,578,578,578,1696.0,1696.0,1696.0,1712.0,1712.0,1712.0,1696.0,1696.0,1696.0
refit,phase-core,full-match,64,64354,64354,64354,3654,58672,58672,58672,578,578,578,1696.0,1696.0,1696.0,1712.0,1712.0,1712.0,1696.0,1696.0,1696.0
refit,phase-core,full-match,65,64354,64354,64354,3654,58672,58672,58672,578,578,578,1696.0,1696.0,1696.0,1712.0,1712.0,1712.0,1696.0,1696.0,1696.0
refit,phase-core,full-match,66,64354,64354,64354,3654,58672,58672,58672,578,578,578,1696.0,1696.0,1696.0,1712.0,1712.0,1712.0,1696.0,1696.0,1696.0
refit,phase-core,full-match,67,64354,64354,64354,3654,58672,58672,58672,578,578,578,1696.0,1696.0,1696.0,1712.0,1712.0,1712.0,1696.0,1696.0,1696.0
refit,phase-core,full-match,68,64354,64354,64354,3654,58672,58672,58672,578,578,578,1696.0,1696.0,1696.0,1712.0,1712.0,1712.0,1696.0,1696.0,1696.0
refit,phase-core,full-match,69,64354,64354,64354,3654,58672,58672,58672,578,578,578,1696.0,1696.0,1696.0,1712.0,1712.0,1712.0,1696.0,1696.0,1696.0
refit,phase-core,full-match,70,64354,64354,64354,3654,58672,58672,58672,578,578,578,1696.0,1696.0,1696.0,1712.0,1712.0,1712.0,1696.0,1696.0,1696.0
refit,phase-core,full-match,71,64354,64354,64354,3654,58672,58672,58672,578,578,578,1696.0,1696.0,1696.0,1712.0,1712.0,1712.0,1696.0,1696.0,1696.0
refit,phase-core,full-match,72,64354,64354,64354,3654,58672,58672,58672,578,578,578,1696.0,1696.0,1696.0,1712.0,1712.0,1712.0,1696.0,1696.0,1696.0
refit,phase-core,full-match,73,64354,64354,64354,3654,58672,58672,58672,578,578,578,1696.0,1696.0,1696.0,1712.0,1712.0,1712.0,1696.0,1696.0,1696.0
refit,phase-core,full-match,74,64354,64354,64354,3654,58672,58672,58672,578,578,578,1696.0,1696.0,1696.0,1712.0,1712.0,1712.0,1696.0,1696.0,1696.0
refit,phase-core,full-match,75,64354,64354,64354,3654,58672,58672,58672,578,578,578,1696.0,1696.0,1696.0,1712.0,1712.0,1712.0,1696.0,1696.0,1696.0
refit,phase-core,full-match,76,64354,64354,64354,3654,58672,58672,58672,578,578,578,1696.0,1696.0,1696.0,1712.0,1712.0,1712.0,1696.0,1696.0,1696.0
refit,phase-core,full-match,77,64354,64354,64354,3654,58672,58672,58672,578,578,578,1696.0,1696.0,1696.0,1712.0,1712.0,1712.0,1696.0,1696.0,1696.0
refit,phase-core,full-match,78,64354,64354,64354,3654,58672,58672,58672,578,578,578,1696.0,1696.0,1696.0,1712.0,1712.0,1712.0,1696.0,1696.0,1696.0
refit,phase-core,full-match,79,64354,64354,64354,3654,58672,58672,58672,578,578,578,1696.0,1696.0,1696.0,1712.0,1712.0,1712.0,1696.0,1696.0,1696.0
refit,phase-core,full-match,80,64354,64354,64354,3654,58672,58672,58672,578,578,578,1696.0,1696.0,1696.0,1712.0,1712.0,1712.0,1696.0,1696.0,1696.0
refit,phase-core,full-match,81,64354,64354,64354,3654,58672,58672,58672,578,578,578,1696.0,1696.0,1696.0,1712.0,1712.0,1712.0,1696.0,1696.0,1696.0
refit,phase-core,full-match,82,64354,64354,64354,3654,58672,58672,58672,578,578,578,1696.0,1696.0,1696.0,1712.0,1712.0,1712.0,1696.0,1696.0,1696.0
refit,phase-core,full-match,83,64354,64354,64354,3654,58672,58672,58672,578,578,578,1696.0,1696.0,1696.0,1712.0,1712.0,1712.0,1696.0,1696.0,1696.0
refit,phase-core,full-match,84,64354,64354,64354,3654,58672,58672,58672,578,578,578,1696.0,1696.0,1696.0,1712.0,1712.0,1712.0,1696.0,1696.0,1696.0
refit,phase-core,full-match,85,64354,64354,64354,3654,58672,58672,58672,578,578,578,1696.0,1696.0,1696.0,1712.0,1712.0,1712.0,1696.0,1696.0,1696.0
refit,phase-core,full-match,86,64354,64354,64354,3654,58672,58672,58672,578,578,578,1696.0,1696.0,1696.0,1712.0,1712.0,1712.0,1696.0,1696.0,1696.0
refit,phase-core,full-match,87,64354,64354,64354,3654,58672,58672,58672,578,578,578,1696.0,1696.0,1696.0,1712.0,1712.0,1712.0,1696.0,1696.0,1696.0
refit,phase-core,full-match,88,64354,64354,64354,3654,58672,58672,58672,578,578,578,1696.0,1696.0,1696.0,1712.0,1712.0,1712.0,1696.0,1696.0,1696.0
refit,phase-core,full-match,89,64354,64354,64354,3654,58672,58672,58672,578,578,578,1696.0,1696.0,1696.0,1712.0,1712.0,1712.0,1696.0,1696.0,1696.0
refit,phase-core,full-match,90,64354,64354,64354,3654,58672,58672,58672,578,578,578,1696.0,1696.0,1696.0,1712.0,1712.0,1712.0,1696.0,1696.0,1696.0
refit,phase-core,full-match,91,64354,64354,64354,3654,58672,58672,58672,578,578,578,1696.0,1696.0,1696.0,1712.0,1712.0,1712.0,1696.0,1696.0,1696.0
refit,phase-core,full-match,92,64354,64354,64354,3654,58672,58672,58672,578,578,578,1696.0,1696.0,1696.0,1712.0,1712.0,1712.0,1696.0,1696.0,1696.0
refit,phase-core,full-match,93,64354,64354,64354,3654,58672,58672,58672,578,578,578,1696.0,1696.0,1696.0,1712.0,1712.0,1712.0,1696.0,1696.0,1696.0
refit,phase-core,full-match,94,64354,64354,64354,3654,58672,58672,58672,578,578,578,1696.0,1696.0,1696.0,1712.0,1712.0,1712.0,1696.0,1696.0,1696.0
refit,phase-core,full-match,95,64354,64354,64354,3654,58672,58672,58672,578,578,578,1696.0,1696.0,1696.0,1712.0,1712.0,1712.0,1696.0,1696.0,1696.0
refit,phase-core,full-match,96,64354,64354,64354,3654,58672,58672,58672,578,578,578,1696.0,1696.0,1696.0,1712.0,1712.0,1712.0,1696.0,1696.0,1696.0
refit,phase-core,full-match,97,64354,64354,64354,3654,58672,58672,58672,578,578,578,1696.0,1696.0,1696.0,1712.0,1712.0,1712.0,1696.0,1696.0,1696.0
refit,phase-core,full-match,98,64354,64354,64354,3654,58672,58672,58672,578,578,578,1696.0,1696.0,1696.0,1712.0,1712.0,1712.0,1696.0,1696.0,1696.0
refit,phase-core,full-match,99,64354,64354,64354,3654,58672,58672,58672,578,578,578,1696.0,1696.0,1696.0,1712.0,1712.0,1712.0,1696.0,1696.0,1696.0
refit,phase-core,full-match,100,64354,64354,64354,3654,58672,58672,58672,578,578,578,1696.0,1696.0,1696.0,1712.0,1712.0,1712.0,1696.0,1696.0,1696.0
refit,official-total-core,additive,1,58705,58705,58705,3654,58672,58672,58672,33,33,33,,,,,,,,,
refit,official-total-core,additive,2,58705,58705,58705,3654,58672,58672,58672,33,33,33,,,,,,,,,
refit,official-total-core,additive,3,58705,58705,58705,3654,58672,58672,58672,33,33,33,,,,,,,,,
refit,official-total-core,additive,4,58705,58705,58705,3654,58672,58672,58672,33,33,33,,,,,,,,,
refit,official-total-core,additive,5,58705,58705,58705,3654,58672,58672,58672,33,33,33,,,,,,,,,
refit,official-total-core,additive,6,58705,58705,58705,3654,58672,58672,58672,33,33,33,,,,,,,,,
refit,official-total-core,additive,7,58705,58705,58705,3654,58672,58672,58672,33,33,33,,,,,,,,,
refit,official-total-core,additive,8,58705,58705,58705,3654,58672,58672,58672,33,33,33,,,,,,,,,
refit,official-total-core,additive,9,58705,58705,58705,3654,58672,58672,58672,33,33,33,,,,,,,,,
refit,official-total-core,additive,10,58705,58705,58705,3654,58672,58672,58672,33,33,33,,,,,,,,,
refit,official-total-core,additive,11,58705,58705,58705,3654,58672,58672,58672,33,33,33,,,,,,,,,
refit,official-total-core,additive,12,58705,58705,58705,3654,58672,58672,58672,33,33,33,,,,,,,,,
refit,official-total-core,additive,13,58705,58705,58705,3654,58672,58672,58672,33,33,33,,,,,,,,,
refit,official-total-core,additive,14,58705,58705,58705,3654,58672,58672,58672,33,33,33,,,,,,,,,
refit,official-total-core,additive,15,58705,58705,58705,3654,58672,58672,58672,33,33,33,,,,,,,,,
refit,official-total-core,additive,16,58705,58705,58705,3654,58672,58672,58672,33,33,33,,,,,,,,,
refit,official-total-core,additive,17,58705,58705,58705,3654,58672,58672,58672,33,33,33,,,,,,,,,
refit,official-total-core,additive,18,58705,58705,58705,3654,58672,58672,58672,33,33,33,,,,,,,,,
refit,official-total-core,additive,19,58705,58705,58705,3654,58672,58672,58672,33,33,33,,,,,,,,,
refit,official-total-core,additive,20,58705,58705,58705,3654,58672,58672,58672,33,33,33,,,,,,,,,
refit,official-total-core,additive,21,58705,58705,58705,3654,58672,58672,58672,33,33,33,,,,,,,,,
refit,official-total-core,additive,22,58705,58705,58705,3654,58672,58672,58672,33,33,33,,,,,,,,,
refit,official-total-core,additive,23,58705,58705,58705,3654,58672,58672,58672,33,33,33,,,,,,,,,
refit,official-total-core,additive,24,58705,58705,58705,3654,58672,58672,58672,33,33,33,,,,,,,,,
refit,official-total-core,additive,25,58705,58705,58705,3654,58672,58672,58672,33,33,33,,,,,,,,,
refit,official-total-core,additive,26,58705,58705,58705,3654,58672,58672,58672,33,33,33,,,,,,,,,
refit,official-total-core,additive,27,58705,58705,58705,3654,58672,58672,58672,33,33,33,,,,,,,,,
refit,official-total-core,additive,28,58705,58705,58705,3654,58672,58672,58672,33,33,33,,,,,,,,,
refit,official-total-core,additive,29,58705,58705,58705,3654,58672,58672,58672,33,33,33,,,,,,,,,
refit,official-total-core,additive,30,58705,58705,58705,3654,58672,58672,58672,33,33,33,,,,,,,,,
refit,official-total-core,additive,31,58705,58705,58705,3654,58672,58672,58672,33,33,33,,,,,,,,,
refit,official-total-core,additive,32,58705,58705,58705,3654,58672,58672,58672,33,33,33,,,,,,,,,
refit,official-total-core,additive,33,58705,58705,58705,3654,58672,58672,58672,33,33,33,,,,,,,,,
refit,official-total-core,additive,34,58705,58705,58705,3654,58672,58672,58672,33,33,33,,,,,,,,,
refit,official-total-core,additive,35,58705,58705,58705,3654,58672,58672,58672,33,33,33,,,,,,,,,
refit,official-total-core,additive,36,58705,58705,58705,3654,58672,58672,58672,33,33,33,,,,,,,,,
refit,official-total-core,additive,37,58705,58705,58705,3654,58672,58672,58672,33,33,33,,,,,,,,,
refit,official-total-core,additive,38,58705,58705,58705,3654,58672,58672,58672,33,33,33,,,,,,,,,
refit,official-total-core,additive,39,58705,58705,58705,3654,58672,58672,58672,33,33,33,,,,,,,,,
refit,official-total-core,additive,40,58705,58705,58705,3654,58672,58672,58672,33,33,33,,,,,,,,,
refit,official-total-core,additive,41,58705,58705,58705,3654,58672,58672,58672,33,33,33,,,,,,,,,
refit,official-total-core,additive,42,58705,58705,58705,3654,58672,58672,58672,33,33,33,,,,,,,,,
refit,official-total-core,additive,43,58705,58705,58705,3654,58672,58672,58672,33,33,33,,,,,,,,,
refit,official-total-core,additive,44,58705,58705,58705,3654,58672,58672,58672,33,33,33,,,,,,,,,
refit,official-total-core,additive,45,58705,58705,58705,3654,58672,58672,58672,33,33,33,,,,,,,,,
refit,official-total-core,additive,46,58705,58705,58705,3654,58672,58672,58672,33,33,33,,,,,,,,,
refit,official-total-core,additive,47,58705,58705,58705,3654,58672,58672,58672,33,33,33,,,,,,,,,
refit,official-total-core,additive,48,58705,58705,58705,3654,58672,58672,58672,33,33,33,,,,,,,,,
refit,official-total-core,additive,49,58705,58705,58705,3654,58672,58672,58672,33,33,33,,,,,,,,,
refit,official-total-core,additive,50,58705,58705,58705,3654,58672,58672,58672,33,33,33,,,,,,,,,
refit,official-total-core,additive,51,58705,58705,58705,3654,58672,58672,58672,33,33,33,,,,,,,,,
refit,official-total-core,additive,52,58705,58705,58705,3654,58672,58672,58672,33,33,33,,,,,,,,,
refit,official-total-core,additive,53,58705,58705,58705,3654,58672,58672,58672,33,33,33,,,,,,,,,
refit,official-total-core,additive,54,58705,58705,58705,3654,58672,58672,58672,33,33,33,,,,,,,,,
refit,official-total-core,additive,55,58705,58705,58705,3654,58672,58672,58672,33,33,33,,,,,,,,,
refit,official-total-core,additive,56,58705,58705,58705,3654,58672,58672,58672,33,33,33,,,,,,,,,
refit,official-total-core,additive,57,58705,58705,58705,3654,58672,58672,58672,33,33,33,,,,,,,,,
refit,official-total-core,additive,58,58705,58705,58705,3654,58672,58672,58672,33,33,33,,,,,,,,,
refit,official-total-core,additive,59,58705,58705,58705,3654,58672,58672,58672,33,33,33,,,,,,,,,
refit,official-total-core,additive,60,58705,58705,58705,3654,58672,58672,58672,33,33,33,,,,,,,,,
refit,official-total-core,additive,61,58705,58705,58705,3654,58672,58672,58672,33,33,33,,,,,,,,,
refit,official-total-core,additive,62,58705,58705,58705,3654,58672,58672,58672,33,33,33,,,,,,,,,
refit,official-total-core,additive,63,58705,58705,58705,3654,58672,58672,58672,33,33,33,,,,,,,,,
refit,official-total-core,additive,64,58705,58705,58705,3654,58672,58672,58672,33,33,33,,,,,,,,,
refit,official-total-core,additive,65,58705,58705,58705,3654,58672,58672,58672,33,33,33,,,,,,,,,
refit,official-total-core,additive,66,58705,58705,58705,3654,58672,58672,58672,33,33,33,,,,,,,,,
refit,official-total-core,additive,67,58705,58705,58705,3654,58672,58672,58672,33,33,33,,,,,,,,,
refit,official-total-core,additive,68,58705,58705,58705,3654,58672,58672,58672,33,33,33,,,,,,,,,
refit,official-total-core,additive,69,58705,58705,58705,3654,58672,58672,58672,33,33,33,,,,,,,,,
refit,official-total-core,additive,70,58705,58705,58705,3654,58672,58672,58672,33,33,33,,,,,,,,,
refit,official-total-core,additive,71,58705,58705,58705,3654,58672,58672,58672,33,33,33,,,,,,,,,
refit,official-total-core,additive,72,58705,58705,58705,3654,58672,58672,58672,33,33,33,,,,,,,,,
refit,official-total-core,additive,73,58705,58705,58705,3654,58672,58672,58672,33,33,33,,,,,,,,,
refit,official-total-core,additive,74,58705,58705,58705,3654,58672,58672,58672,33,33,33,,,,,,,,,
refit,official-total-core,additive,75,58705,58705,58705,3654,58672,58672,58672,33,33,33,,,,,,,,,
refit,official-total-core,additive,76,58705,58705,58705,3654,58672,58672,58672,33,33,33,,,,,,,,,
refit,official-total-core,additive,77,58705,58705,58705,3654,58672,58672,58672,33,33,33,,,,,,,,,
refit,official-total-core,additive,78,58705,58705,58705,3654,58672,58672,58672,33,33,33,,,,,,,,,
refit,official-total-core,additive,79,58705,58705,58705,3654,58672,58672,58672,33,33,33,,,,,,,,,
refit,official-total-core,additive,80,58705,58705,58705,3654,58672,58672,58672,33,33,33,,,,,,,,,
refit,official-total-core,additive,81,58705,58705,58705,3654,58672,58672,58672,33,33,33,,,,,,,,,
refit,official-total-core,additive,82,58705,58705,58705,3654,58672,58672,58672,33,33,33,,,,,,,,,
refit,official-total-core,additive,83,58705,58705,58705,3654,58672,58672,58672,33,33,33,,,,,,,,,
refit,official-total-core,additive,84,58705,58705,58705,3654,58672,58672,58672,33,33,33,,,,,,,,,
refit,official-total-core,additive,85,58705,58705,58705,3654,58672,58672,58672,33,33,33,,,,,,,,,
refit,official-total-core,additive,86,58705,58705,58705,3654,58672,58672,58672,33,33,33,,,,,,,,,
refit,official-total-core,additive,87,58705,58705,58705,3654,58672,58672,58672,33,33,33,,,,,,,,,
refit,official-total-core,additive,88,58705,58705,58705,3654,58672,58672,58672,33,33,33,,,,,,,,,
refit,official-total-core,additive,89,58705,58705,58705,3654,58672,58672,58672,33,33,33,,,,,,,,,
refit,official-total-core,additive,90,58705,58705,58705,3654,58672,58672,58672,33,33,33,,,,,,,,,
refit,official-total-core,additive,91,58705,58705,58705,3654,58672,58672,58672,33,33,33,,,,,,,,,
refit,official-total-core,additive,92,58705,58705,58705,3654,58672,58672,58672,33,33,33,,,,,,,,,
refit,official-total-core,additive,93,58705,58705,58705,3654,58672,58672,58672,33,33,33,,,,,,,,,
refit,official-total-core,additive,94,58705,58705,58705,3654,58672,58672,58672,33,33,33,,,,,,,,,
refit,official-total-core,additive,95,58705,58705,58705,3654,58672,58672,58672,33,33,33,,,,,,,,,
refit,official-total-core,additive,96,58705,58705,58705,3654,58672,58672,58672,33,33,33,,,,,,,,,
refit,official-total-core,additive,97,58705,58705,58705,3654,58672,58672,58672,33,33,33,,,,,,,,,
refit,official-total-core,additive,98,58705,58705,58705,3654,58672,58672,58672,33,33,33,,,,,,,,,
refit,official-total-core,additive,99,58705,58705,58705,3654,58672,58672,58672,33,33,33,,,,,,,,,
refit,official-total-core,additive,100,58705,58705,58705,3654,58672,58672,58672,33,33,33,,,,,,,,,
refit,official-total-core,teammate-set,1,62641,62641,62641,3654,58672,58672,58672,561,561,561,1696.0,1696.0,1696.0,1712.0,1712.0,1712.0,,,
refit,official-total-core,teammate-set,2,62641,62641,62641,3654,58672,58672,58672,561,561,561,1696.0,1696.0,1696.0,1712.0,1712.0,1712.0,,,
refit,official-total-core,teammate-set,3,62641,62641,62641,3654,58672,58672,58672,561,561,561,1696.0,1696.0,1696.0,1712.0,1712.0,1712.0,,,
refit,official-total-core,teammate-set,4,62641,62641,62641,3654,58672,58672,58672,561,561,561,1696.0,1696.0,1696.0,1712.0,1712.0,1712.0,,,
refit,official-total-core,teammate-set,5,62641,62641,62641,3654,58672,58672,58672,561,561,561,1696.0,1696.0,1696.0,1712.0,1712.0,1712.0,,,
refit,official-total-core,teammate-set,6,62641,62641,62641,3654,58672,58672,58672,561,561,561,1696.0,1696.0,1696.0,1712.0,1712.0,1712.0,,,
refit,official-total-core,teammate-set,7,62641,62641,62641,3654,58672,58672,58672,561,561,561,1696.0,1696.0,1696.0,1712.0,1712.0,1712.0,,,
refit,official-total-core,teammate-set,8,62641,62641,62641,3654,58672,58672,58672,561,561,561,1696.0,1696.0,1696.0,1712.0,1712.0,1712.0,,,
refit,official-total-core,teammate-set,9,62641,62641,62641,3654,58672,58672,58672,561,561,561,1696.0,1696.0,1696.0,1712.0,1712.0,1712.0,,,
refit,official-total-core,teammate-set,10,62641,62641,62641,3654,58672,58672,58672,561,561,561,1696.0,1696.0,1696.0,1712.0,1712.0,1712.0,,,
refit,official-total-core,teammate-set,11,62641,62641,62641,3654,58672,58672,58672,561,561,561,1696.0,1696.0,1696.0,1712.0,1712.0,1712.0,,,
refit,official-total-core,teammate-set,12,62641,62641,62641,3654,58672,58672,58672,561,561,561,1696.0,1696.0,1696.0,1712.0,1712.0,1712.0,,,
refit,official-total-core,teammate-set,13,62641,62641,62641,3654,58672,58672,58672,561,561,561,1696.0,1696.0,1696.0,1712.0,1712.0,1712.0,,,
refit,official-total-core,teammate-set,14,62641,62641,62641,3654,58672,58672,58672,561,561,561,1696.0,1696.0,1696.0,1712.0,1712.0,1712.0,,,
refit,official-total-core,teammate-set,15,62641,62641,62641,3654,58672,58672,58672,561,561,561,1696.0,1696.0,1696.0,1712.0,1712.0,1712.0,,,
refit,official-total-core,teammate-set,16,62641,62641,62641,3654,58672,58672,58672,561,561,561,1696.0,1696.0,1696.0,1712.0,1712.0,1712.0,,,
refit,official-total-core,teammate-set,17,62641,62641,62641,3654,58672,58672,58672,561,561,561,1696.0,1696.0,1696.0,1712.0,1712.0,1712.0,,,
refit,official-total-core,teammate-set,18,62641,62641,62641,3654,58672,58672,58672,561,561,561,1696.0,1696.0,1696.0,1712.0,1712.0,1712.0,,,
refit,official-total-core,teammate-set,19,62641,62641,62641,3654,58672,58672,58672,561,561,561,1696.0,1696.0,1696.0,1712.0,1712.0,1712.0,,,
refit,official-total-core,teammate-set,20,62641,62641,62641,3654,58672,58672,58672,561,561,561,1696.0,1696.0,1696.0,1712.0,1712.0,1712.0,,,
refit,official-total-core,teammate-set,21,62641,62641,62641,3654,58672,58672,58672,561,561,561,1696.0,1696.0,1696.0,1712.0,1712.0,1712.0,,,
refit,official-total-core,teammate-set,22,62641,62641,62641,3654,58672,58672,58672,561,561,561,1696.0,1696.0,1696.0,1712.0,1712.0,1712.0,,,
refit,official-total-core,teammate-set,23,62641,62641,62641,3654,58672,58672,58672,561,561,561,1696.0,1696.0,1696.0,1712.0,1712.0,1712.0,,,
refit,official-total-core,teammate-set,24,62641,62641,62641,3654,58672,58672,58672,561,561,561,1696.0,1696.0,1696.0,1712.0,1712.0,1712.0,,,
refit,official-total-core,teammate-set,25,62641,62641,62641,3654,58672,58672,58672,561,561,561,1696.0,1696.0,1696.0,1712.0,1712.0,1712.0,,,
refit,official-total-core,teammate-set,26,62641,62641,62641,3654,58672,58672,58672,561,561,561,1696.0,1696.0,1696.0,1712.0,1712.0,1712.0,,,
refit,official-total-core,teammate-set,27,62641,62641,62641,3654,58672,58672,58672,561,561,561,1696.0,1696.0,1696.0,1712.0,1712.0,1712.0,,,
refit,official-total-core,teammate-set,28,62641,62641,62641,3654,58672,58672,58672,561,561,561,1696.0,1696.0,1696.0,1712.0,1712.0,1712.0,,,
refit,official-total-core,teammate-set,29,62641,62641,62641,3654,58672,58672,58672,561,561,561,1696.0,1696.0,1696.0,1712.0,1712.0,1712.0,,,
refit,official-total-core,teammate-set,30,62641,62641,62641,3654,58672,58672,58672,561,561,561,1696.0,1696.0,1696.0,1712.0,1712.0,1712.0,,,
refit,official-total-core,teammate-set,31,62641,62641,62641,3654,58672,58672,58672,561,561,561,1696.0,1696.0,1696.0,1712.0,1712.0,1712.0,,,
refit,official-total-core,teammate-set,32,62641,62641,62641,3654,58672,58672,58672,561,561,561,1696.0,1696.0,1696.0,1712.0,1712.0,1712.0,,,
refit,official-total-core,teammate-set,33,62641,62641,62641,3654,58672,58672,58672,561,561,561,1696.0,1696.0,1696.0,1712.0,1712.0,1712.0,,,
refit,official-total-core,teammate-set,34,62641,62641,62641,3654,58672,58672,58672,561,561,561,1696.0,1696.0,1696.0,1712.0,1712.0,1712.0,,,
refit,official-total-core,teammate-set,35,62641,62641,62641,3654,58672,58672,58672,561,561,561,1696.0,1696.0,1696.0,1712.0,1712.0,1712.0,,,
refit,official-total-core,teammate-set,36,62641,62641,62641,3654,58672,58672,58672,561,561,561,1696.0,1696.0,1696.0,1712.0,1712.0,1712.0,,,
refit,official-total-core,teammate-set,37,62641,62641,62641,3654,58672,58672,58672,561,561,561,1696.0,1696.0,1696.0,1712.0,1712.0,1712.0,,,
refit,official-total-core,teammate-set,38,62641,62641,62641,3654,58672,58672,58672,561,561,561,1696.0,1696.0,1696.0,1712.0,1712.0,1712.0,,,
refit,official-total-core,teammate-set,39,62641,62641,62641,3654,58672,58672,58672,561,561,561,1696.0,1696.0,1696.0,1712.0,1712.0,1712.0,,,
refit,official-total-core,teammate-set,40,62641,62641,62641,3654,58672,58672,58672,561,561,561,1696.0,1696.0,1696.0,1712.0,1712.0,1712.0,,,
refit,official-total-core,teammate-set,41,62641,62641,62641,3654,58672,58672,58672,561,561,561,1696.0,1696.0,1696.0,1712.0,1712.0,1712.0,,,
refit,official-total-core,teammate-set,42,62641,62641,62641,3654,58672,58672,58672,561,561,561,1696.0,1696.0,1696.0,1712.0,1712.0,1712.0,,,
refit,official-total-core,teammate-set,43,62641,62641,62641,3654,58672,58672,58672,561,561,561,1696.0,1696.0,1696.0,1712.0,1712.0,1712.0,,,
refit,official-total-core,teammate-set,44,62641,62641,62641,3654,58672,58672,58672,561,561,561,1696.0,1696.0,1696.0,1712.0,1712.0,1712.0,,,
refit,official-total-core,teammate-set,45,62641,62641,62641,3654,58672,58672,58672,561,561,561,1696.0,1696.0,1696.0,1712.0,1712.0,1712.0,,,
refit,official-total-core,teammate-set,46,62641,62641,62641,3654,58672,58672,58672,561,561,561,1696.0,1696.0,1696.0,1712.0,1712.0,1712.0,,,
refit,official-total-core,teammate-set,47,62641,62641,62641,3654,58672,58672,58672,561,561,561,1696.0,1696.0,1696.0,1712.0,1712.0,1712.0,,,
refit,official-total-core,teammate-set,48,62641,62641,62641,3654,58672,58672,58672,561,561,561,1696.0,1696.0,1696.0,1712.0,1712.0,1712.0,,,
refit,official-total-core,teammate-set,49,62641,62641,62641,3654,58672,58672,58672,561,561,561,1696.0,1696.0,1696.0,1712.0,1712.0,1712.0,,,
refit,official-total-core,teammate-set,50,62641,62641,62641,3654,58672,58672,58672,561,561,561,1696.0,1696.0,1696.0,1712.0,1712.0,1712.0,,,
refit,official-total-core,teammate-set,51,62641,62641,62641,3654,58672,58672,58672,561,561,561,1696.0,1696.0,1696.0,1712.0,1712.0,1712.0,,,
refit,official-total-core,teammate-set,52,62641,62641,62641,3654,58672,58672,58672,561,561,561,1696.0,1696.0,1696.0,1712.0,1712.0,1712.0,,,
refit,official-total-core,teammate-set,53,62641,62641,62641,3654,58672,58672,58672,561,561,561,1696.0,1696.0,1696.0,1712.0,1712.0,1712.0,,,
refit,official-total-core,teammate-set,54,62641,62641,62641,3654,58672,58672,58672,561,561,561,1696.0,1696.0,1696.0,1712.0,1712.0,1712.0,,,
refit,official-total-core,teammate-set,55,62641,62641,62641,3654,58672,58672,58672,561,561,561,1696.0,1696.0,1696.0,1712.0,1712.0,1712.0,,,
refit,official-total-core,teammate-set,56,62641,62641,62641,3654,58672,58672,58672,561,561,561,1696.0,1696.0,1696.0,1712.0,1712.0,1712.0,,,
refit,official-total-core,teammate-set,57,62641,62641,62641,3654,58672,58672,58672,561,561,561,1696.0,1696.0,1696.0,1712.0,1712.0,1712.0,,,
refit,official-total-core,teammate-set,58,62641,62641,62641,3654,58672,58672,58672,561,561,561,1696.0,1696.0,1696.0,1712.0,1712.0,1712.0,,,
refit,official-total-core,teammate-set,59,62641,62641,62641,3654,58672,58672,58672,561,561,561,1696.0,1696.0,1696.0,1712.0,1712.0,1712.0,,,
refit,official-total-core,teammate-set,60,62641,62641,62641,3654,58672,58672,58672,561,561,561,1696.0,1696.0,1696.0,1712.0,1712.0,1712.0,,,
refit,official-total-core,teammate-set,61,62641,62641,62641,3654,58672,58672,58672,561,561,561,1696.0,1696.0,1696.0,1712.0,1712.0,1712.0,,,
refit,official-total-core,teammate-set,62,62641,62641,62641,3654,58672,58672,58672,561,561,561,1696.0,1696.0,1696.0,1712.0,1712.0,1712.0,,,
refit,official-total-core,teammate-set,63,62641,62641,62641,3654,58672,58672,58672,561,561,561,1696.0,1696.0,1696.0,1712.0,1712.0,1712.0,,,
refit,official-total-core,teammate-set,64,62641,62641,62641,3654,58672,58672,58672,561,561,561,1696.0,1696.0,1696.0,1712.0,1712.0,1712.0,,,
refit,official-total-core,teammate-set,65,62641,62641,62641,3654,58672,58672,58672,561,561,561,1696.0,1696.0,1696.0,1712.0,1712.0,1712.0,,,
refit,official-total-core,teammate-set,66,62641,62641,62641,3654,58672,58672,58672,561,561,561,1696.0,1696.0,1696.0,1712.0,1712.0,1712.0,,,
refit,official-total-core,teammate-set,67,62641,62641,62641,3654,58672,58672,58672,561,561,561,1696.0,1696.0,1696.0,1712.0,1712.0,1712.0,,,
refit,official-total-core,teammate-set,68,62641,62641,62641,3654,58672,58672,58672,561,561,561,1696.0,1696.0,1696.0,1712.0,1712.0,1712.0,,,
refit,official-total-core,teammate-set,69,62641,62641,62641,3654,58672,58672,58672,561,561,561,1696.0,1696.0,1696.0,1712.0,1712.0,1712.0,,,
refit,official-total-core,teammate-set,70,62641,62641,62641,3654,58672,58672,58672,561,561,561,1696.0,1696.0,1696.0,1712.0,1712.0,1712.0,,,
refit,official-total-core,teammate-set,71,62641,62641,62641,3654,58672,58672,58672,561,561,561,1696.0,1696.0,1696.0,1712.0,1712.0,1712.0,,,
refit,official-total-core,teammate-set,72,62641,62641,62641,3654,58672,58672,58672,561,561,561,1696.0,1696.0,1696.0,1712.0,1712.0,1712.0,,,
refit,official-total-core,teammate-set,73,62641,62641,62641,3654,58672,58672,58672,561,561,561,1696.0,1696.0,1696.0,1712.0,1712.0,1712.0,,,
refit,official-total-core,teammate-set,74,62641,62641,62641,3654,58672,58672,58672,561,561,561,1696.0,1696.0,1696.0,1712.0,1712.0,1712.0,,,
refit,official-total-core,teammate-set,75,62641,62641,62641,3654,58672,58672,58672,561,561,561,1696.0,1696.0,1696.0,1712.0,1712.0,1712.0,,,
refit,official-total-core,teammate-set,76,62641,62641,62641,3654,58672,58672,58672,561,561,561,1696.0,1696.0,1696.0,1712.0,1712.0,1712.0,,,
refit,official-total-core,teammate-set,77,62641,62641,62641,3654,58672,58672,58672,561,561,561,1696.0,1696.0,1696.0,1712.0,1712.0,1712.0,,,
refit,official-total-core,teammate-set,78,62641,62641,62641,3654,58672,58672,58672,561,561,561,1696.0,1696.0,1696.0,1712.0,1712.0,1712.0,,,
refit,official-total-core,teammate-set,79,62641,62641,62641,3654,58672,58672,58672,561,561,561,1696.0,1696.0,1696.0,1712.0,1712.0,1712.0,,,
refit,official-total-core,teammate-set,80,62641,62641,62641,3654,58672,58672,58672,561,561,561,1696.0,1696.0,1696.0,1712.0,1712.0,1712.0,,,
refit,official-total-core,teammate-set,81,62641,62641,62641,3654,58672,58672,58672,561,561,561,1696.0,1696.0,1696.0,1712.0,1712.0,1712.0,,,
refit,official-total-core,teammate-set,82,62641,62641,62641,3654,58672,58672,58672,561,561,561,1696.0,1696.0,1696.0,1712.0,1712.0,1712.0,,,
refit,official-total-core,teammate-set,83,62641,62641,62641,3654,58672,58672,58672,561,561,561,1696.0,1696.0,1696.0,1712.0,1712.0,1712.0,,,
refit,official-total-core,teammate-set,84,62641,62641,62641,3654,58672,58672,58672,561,561,561,1696.0,1696.0,1696.0,1712.0,1712.0,1712.0,,,
refit,official-total-core,teammate-set,85,62641,62641,62641,3654,58672,58672,58672,561,561,561,1696.0,1696.0,1696.0,1712.0,1712.0,1712.0,,,
refit,official-total-core,teammate-set,86,62641,62641,62641,3654,58672,58672,58672,561,561,561,1696.0,1696.0,1696.0,1712.0,1712.0,1712.0,,,
refit,official-total-core,teammate-set,87,62641,62641,62641,3654,58672,58672,58672,561,561,561,1696.0,1696.0,1696.0,1712.0,1712.0,1712.0,,,
refit,official-total-core,teammate-set,88,62641,62641,62641,3654,58672,58672,58672,561,561,561,1696.0,1696.0,1696.0,1712.0,1712.0,1712.0,,,
refit,official-total-core,teammate-set,89,62641,62641,62641,3654,58672,58672,58672,561,561,561,1696.0,1696.0,1696.0,1712.0,1712.0,1712.0,,,
refit,official-total-core,teammate-set,90,62641,62641,62641,3654,58672,58672,58672,561,561,561,1696.0,1696.0,1696.0,1712.0,1712.0,1712.0,,,
refit,official-total-core,teammate-set,91,62641,62641,62641,3654,58672,58672,58672,561,561,561,1696.0,1696.0,1696.0,1712.0,1712.0,1712.0,,,
refit,official-total-core,teammate-set,92,62641,62641,62641,3654,58672,58672,58672,561,561,561,1696.0,1696.0,1696.0,1712.0,1712.0,1712.0,,,
refit,official-total-core,teammate-set,93,62641,62641,62641,3654,58672,58672,58672,561,561,561,1696.0,1696.0,1696.0,1712.0,1712.0,1712.0,,,
refit,official-total-core,teammate-set,94,62641,62641,62641,3654,58672,58672,58672,561,561,561,1696.0,1696.0,1696.0,1712.0,1712.0,1712.0,,,
refit,official-total-core,teammate-set,95,62641,62641,62641,3654,58672,58672,58672,561,561,561,1696.0,1696.0,1696.0,1712.0,1712.0,1712.0,,,
refit,official-total-core,teammate-set,96,62641,62641,62641,3654,58672,58672,58672,561,561,561,1696.0,1696.0,1696.0,1712.0,1712.0,1712.0,,,
refit,official-total-core,teammate-set,97,62641,62641,62641,3654,58672,58672,58672,561,561,561,1696.0,1696.0,1696.0,1712.0,1712.0,1712.0,,,
refit,official-total-core,teammate-set,98,62641,62641,62641,3654,58672,58672,58672,561,561,561,1696.0,1696.0,1696.0,1712.0,1712.0,1712.0,,,
refit,official-total-core,teammate-set,99,62641,62641,62641,3654,58672,58672,58672,561,561,561,1696.0,1696.0,1696.0,1712.0,1712.0,1712.0,,,
refit,official-total-core,teammate-set,100,62641,62641,62641,3654,58672,58672,58672,561,561,561,1696.0,1696.0,1696.0,1712.0,1712.0,1712.0,,,
refit,official-total-core,full-match,1,64337,64337,64337,3654,58672,58672,58672,561,561,561,1696.0,1696.0,1696.0,1712.0,1712.0,1712.0,1696.0,1696.0,1696.0
refit,official-total-core,full-match,2,64337,64337,64337,3654,58672,58672,58672,561,561,561,1696.0,1696.0,1696.0,1712.0,1712.0,1712.0,1696.0,1696.0,1696.0
refit,official-total-core,full-match,3,64337,64337,64337,3654,58672,58672,58672,561,561,561,1696.0,1696.0,1696.0,1712.0,1712.0,1712.0,1696.0,1696.0,1696.0
refit,official-total-core,full-match,4,64337,64337,64337,3654,58672,58672,58672,561,561,561,1696.0,1696.0,1696.0,1712.0,1712.0,1712.0,1696.0,1696.0,1696.0
refit,official-total-core,full-match,5,64337,64337,64337,3654,58672,58672,58672,561,561,561,1696.0,1696.0,1696.0,1712.0,1712.0,1712.0,1696.0,1696.0,1696.0
refit,official-total-core,full-match,6,64337,64337,64337,3654,58672,58672,58672,561,561,561,1696.0,1696.0,1696.0,1712.0,1712.0,1712.0,1696.0,1696.0,1696.0
refit,official-total-core,full-match,7,64337,64337,64337,3654,58672,58672,58672,561,561,561,1696.0,1696.0,1696.0,1712.0,1712.0,1712.0,1696.0,1696.0,1696.0
refit,official-total-core,full-match,8,64337,64337,64337,3654,58672,58672,58672,561,561,561,1696.0,1696.0,1696.0,1712.0,1712.0,1712.0,1696.0,1696.0,1696.0
refit,official-total-core,full-match,9,64337,64337,64337,3654,58672,58672,58672,561,561,561,1696.0,1696.0,1696.0,1712.0,1712.0,1712.0,1696.0,1696.0,1696.0
refit,official-total-core,full-match,10,64337,64337,64337,3654,58672,58672,58672,561,561,561,1696.0,1696.0,1696.0,1712.0,1712.0,1712.0,1696.0,1696.0,1696.0
refit,official-total-core,full-match,11,64337,64337,64337,3654,58672,58672,58672,561,561,561,1696.0,1696.0,1696.0,1712.0,1712.0,1712.0,1696.0,1696.0,1696.0
refit,official-total-core,full-match,12,64337,64337,64337,3654,58672,58672,58672,561,561,561,1696.0,1696.0,1696.0,1712.0,1712.0,1712.0,1696.0,1696.0,1696.0
refit,official-total-core,full-match,13,64337,64337,64337,3654,58672,58672,58672,561,561,561,1696.0,1696.0,1696.0,1712.0,1712.0,1712.0,1696.0,1696.0,1696.0
refit,official-total-core,full-match,14,64337,64337,64337,3654,58672,58672,58672,561,561,561,1696.0,1696.0,1696.0,1712.0,1712.0,1712.0,1696.0,1696.0,1696.0
refit,official-total-core,full-match,15,64337,64337,64337,3654,58672,58672,58672,561,561,561,1696.0,1696.0,1696.0,1712.0,1712.0,1712.0,1696.0,1696.0,1696.0
refit,official-total-core,full-match,16,64337,64337,64337,3654,58672,58672,58672,561,561,561,1696.0,1696.0,1696.0,1712.0,1712.0,1712.0,1696.0,1696.0,1696.0
refit,official-total-core,full-match,17,64337,64337,64337,3654,58672,58672,58672,561,561,561,1696.0,1696.0,1696.0,1712.0,1712.0,1712.0,1696.0,1696.0,1696.0
refit,official-total-core,full-match,18,64337,64337,64337,3654,58672,58672,58672,561,561,561,1696.0,1696.0,1696.0,1712.0,1712.0,1712.0,1696.0,1696.0,1696.0
refit,official-total-core,full-match,19,64337,64337,64337,3654,58672,58672,58672,561,561,561,1696.0,1696.0,1696.0,1712.0,1712.0,1712.0,1696.0,1696.0,1696.0
refit,official-total-core,full-match,20,64337,64337,64337,3654,58672,58672,58672,561,561,561,1696.0,1696.0,1696.0,1712.0,1712.0,1712.0,1696.0,1696.0,1696.0
refit,official-total-core,full-match,21,64337,64337,64337,3654,58672,58672,58672,561,561,561,1696.0,1696.0,1696.0,1712.0,1712.0,1712.0,1696.0,1696.0,1696.0
refit,official-total-core,full-match,22,64337,64337,64337,3654,58672,58672,58672,561,561,561,1696.0,1696.0,1696.0,1712.0,1712.0,1712.0,1696.0,1696.0,1696.0
refit,official-total-core,full-match,23,64337,64337,64337,3654,58672,58672,58672,561,561,561,1696.0,1696.0,1696.0,1712.0,1712.0,1712.0,1696.0,1696.0,1696.0
refit,official-total-core,full-match,24,64337,64337,64337,3654,58672,58672,58672,561,561,561,1696.0,1696.0,1696.0,1712.0,1712.0,1712.0,1696.0,1696.0,1696.0
refit,official-total-core,full-match,25,64337,64337,64337,3654,58672,58672,58672,561,561,561,1696.0,1696.0,1696.0,1712.0,1712.0,1712.0,1696.0,1696.0,1696.0
refit,official-total-core,full-match,26,64337,64337,64337,3654,58672,58672,58672,561,561,561,1696.0,1696.0,1696.0,1712.0,1712.0,1712.0,1696.0,1696.0,1696.0
refit,official-total-core,full-match,27,64337,64337,64337,3654,58672,58672,58672,561,561,561,1696.0,1696.0,1696.0,1712.0,1712.0,1712.0,1696.0,1696.0,1696.0
refit,official-total-core,full-match,28,64337,64337,64337,3654,58672,58672,58672,561,561,561,1696.0,1696.0,1696.0,1712.0,1712.0,1712.0,1696.0,1696.0,1696.0
refit,official-total-core,full-match,29,64337,64337,64337,3654,58672,58672,58672,561,561,561,1696.0,1696.0,1696.0,1712.0,1712.0,1712.0,1696.0,1696.0,1696.0
refit,official-total-core,full-match,30,64337,64337,64337,3654,58672,58672,58672,561,561,561,1696.0,1696.0,1696.0,1712.0,1712.0,1712.0,1696.0,1696.0,1696.0
refit,official-total-core,full-match,31,64337,64337,64337,3654,58672,58672,58672,561,561,561,1696.0,1696.0,1696.0,1712.0,1712.0,1712.0,1696.0,1696.0,1696.0
refit,official-total-core,full-match,32,64337,64337,64337,3654,58672,58672,58672,561,561,561,1696.0,1696.0,1696.0,1712.0,1712.0,1712.0,1696.0,1696.0,1696.0
refit,official-total-core,full-match,33,64337,64337,64337,3654,58672,58672,58672,561,561,561,1696.0,1696.0,1696.0,1712.0,1712.0,1712.0,1696.0,1696.0,1696.0
refit,official-total-core,full-match,34,64337,64337,64337,3654,58672,58672,58672,561,561,561,1696.0,1696.0,1696.0,1712.0,1712.0,1712.0,1696.0,1696.0,1696.0
refit,official-total-core,full-match,35,64337,64337,64337,3654,58672,58672,58672,561,561,561,1696.0,1696.0,1696.0,1712.0,1712.0,1712.0,1696.0,1696.0,1696.0
refit,official-total-core,full-match,36,64337,64337,64337,3654,58672,58672,58672,561,561,561,1696.0,1696.0,1696.0,1712.0,1712.0,1712.0,1696.0,1696.0,1696.0
refit,official-total-core,full-match,37,64337,64337,64337,3654,58672,58672,58672,561,561,561,1696.0,1696.0,1696.0,1712.0,1712.0,1712.0,1696.0,1696.0,1696.0
refit,official-total-core,full-match,38,64337,64337,64337,3654,58672,58672,58672,561,561,561,1696.0,1696.0,1696.0,1712.0,1712.0,1712.0,1696.0,1696.0,1696.0
refit,official-total-core,full-match,39,64337,64337,64337,3654,58672,58672,58672,561,561,561,1696.0,1696.0,1696.0,1712.0,1712.0,1712.0,1696.0,1696.0,1696.0
refit,official-total-core,full-match,40,64337,64337,64337,3654,58672,58672,58672,561,561,561,1696.0,1696.0,1696.0,1712.0,1712.0,1712.0,1696.0,1696.0,1696.0
refit,official-total-core,full-match,41,64337,64337,64337,3654,58672,58672,58672,561,561,561,1696.0,1696.0,1696.0,1712.0,1712.0,1712.0,1696.0,1696.0,1696.0
refit,official-total-core,full-match,42,64337,64337,64337,3654,58672,58672,58672,561,561,561,1696.0,1696.0,1696.0,1712.0,1712.0,1712.0,1696.0,1696.0,1696.0
refit,official-total-core,full-match,43,64337,64337,64337,3654,58672,58672,58672,561,561,561,1696.0,1696.0,1696.0,1712.0,1712.0,1712.0,1696.0,1696.0,1696.0
refit,official-total-core,full-match,44,64337,64337,64337,3654,58672,58672,58672,561,561,561,1696.0,1696.0,1696.0,1712.0,1712.0,1712.0,1696.0,1696.0,1696.0
refit,official-total-core,full-match,45,64337,64337,64337,3654,58672,58672,58672,561,561,561,1696.0,1696.0,1696.0,1712.0,1712.0,1712.0,1696.0,1696.0,1696.0
refit,official-total-core,full-match,46,64337,64337,64337,3654,58672,58672,58672,561,561,561,1696.0,1696.0,1696.0,1712.0,1712.0,1712.0,1696.0,1696.0,1696.0
refit,official-total-core,full-match,47,64337,64337,64337,3654,58672,58672,58672,561,561,561,1696.0,1696.0,1696.0,1712.0,1712.0,1712.0,1696.0,1696.0,1696.0
refit,official-total-core,full-match,48,64337,64337,64337,3654,58672,58672,58672,561,561,561,1696.0,1696.0,1696.0,1712.0,1712.0,1712.0,1696.0,1696.0,1696.0
refit,official-total-core,full-match,49,64337,64337,64337,3654,58672,58672,58672,561,561,561,1696.0,1696.0,1696.0,1712.0,1712.0,1712.0,1696.0,1696.0,1696.0
refit,official-total-core,full-match,50,64337,64337,64337,3654,58672,58672,58672,561,561,561,1696.0,1696.0,1696.0,1712.0,1712.0,1712.0,1696.0,1696.0,1696.0
refit,official-total-core,full-match,51,64337,64337,64337,3654,58672,58672,58672,561,561,561,1696.0,1696.0,1696.0,1712.0,1712.0,1712.0,1696.0,1696.0,1696.0
refit,official-total-core,full-match,52,64337,64337,64337,3654,58672,58672,58672,561,561,561,1696.0,1696.0,1696.0,1712.0,1712.0,1712.0,1696.0,1696.0,1696.0
refit,official-total-core,full-match,53,64337,64337,64337,3654,58672,58672,58672,561,561,561,1696.0,1696.0,1696.0,1712.0,1712.0,1712.0,1696.0,1696.0,1696.0
refit,official-total-core,full-match,54,64337,64337,64337,3654,58672,58672,58672,561,561,561,1696.0,1696.0,1696.0,1712.0,1712.0,1712.0,1696.0,1696.0,1696.0
refit,official-total-core,full-match,55,64337,64337,64337,3654,58672,58672,58672,561,561,561,1696.0,1696.0,1696.0,1712.0,1712.0,1712.0,1696.0,1696.0,1696.0
refit,official-total-core,full-match,56,64337,64337,64337,3654,58672,58672,58672,561,561,561,1696.0,1696.0,1696.0,1712.0,1712.0,1712.0,1696.0,1696.0,1696.0
refit,official-total-core,full-match,57,64337,64337,64337,3654,58672,58672,58672,561,561,561,1696.0,1696.0,1696.0,1712.0,1712.0,1712.0,1696.0,1696.0,1696.0
refit,official-total-core,full-match,58,64337,64337,64337,3654,58672,58672,58672,561,561,561,1696.0,1696.0,1696.0,1712.0,1712.0,1712.0,1696.0,1696.0,1696.0
refit,official-total-core,full-match,59,64337,64337,64337,3654,58672,58672,58672,561,561,561,1696.0,1696.0,1696.0,1712.0,1712.0,1712.0,1696.0,1696.0,1696.0
refit,official-total-core,full-match,60,64337,64337,64337,3654,58672,58672,58672,561,561,561,1696.0,1696.0,1696.0,1712.0,1712.0,1712.0,1696.0,1696.0,1696.0
refit,official-total-core,full-match,61,64337,64337,64337,3654,58672,58672,58672,561,561,561,1696.0,1696.0,1696.0,1712.0,1712.0,1712.0,1696.0,1696.0,1696.0
refit,official-total-core,full-match,62,64337,64337,64337,3654,58672,58672,58672,561,561,561,1696.0,1696.0,1696.0,1712.0,1712.0,1712.0,1696.0,1696.0,1696.0
refit,official-total-core,full-match,63,64337,64337,64337,3654,58672,58672,58672,561,561,561,1696.0,1696.0,1696.0,1712.0,1712.0,1712.0,1696.0,1696.0,1696.0
refit,official-total-core,full-match,64,64337,64337,64337,3654,58672,58672,58672,561,561,561,1696.0,1696.0,1696.0,1712.0,1712.0,1712.0,1696.0,1696.0,1696.0
refit,official-total-core,full-match,65,64337,64337,64337,3654,58672,58672,58672,561,561,561,1696.0,1696.0,1696.0,1712.0,1712.0,1712.0,1696.0,1696.0,1696.0
refit,official-total-core,full-match,66,64337,64337,64337,3654,58672,58672,58672,561,561,561,1696.0,1696.0,1696.0,1712.0,1712.0,1712.0,1696.0,1696.0,1696.0
refit,official-total-core,full-match,67,64337,64337,64337,3654,58672,58672,58672,561,561,561,1696.0,1696.0,1696.0,1712.0,1712.0,1712.0,1696.0,1696.0,1696.0
refit,official-total-core,full-match,68,64337,64337,64337,3654,58672,58672,58672,561,561,561,1696.0,1696.0,1696.0,1712.0,1712.0,1712.0,1696.0,1696.0,1696.0
refit,official-total-core,full-match,69,64337,64337,64337,3654,58672,58672,58672,561,561,561,1696.0,1696.0,1696.0,1712.0,1712.0,1712.0,1696.0,1696.0,1696.0
refit,official-total-core,full-match,70,64337,64337,64337,3654,58672,58672,58672,561,561,561,1696.0,1696.0,1696.0,1712.0,1712.0,1712.0,1696.0,1696.0,1696.0
refit,official-total-core,full-match,71,64337,64337,64337,3654,58672,58672,58672,561,561,561,1696.0,1696.0,1696.0,1712.0,1712.0,1712.0,1696.0,1696.0,1696.0
refit,official-total-core,full-match,72,64337,64337,64337,3654,58672,58672,58672,561,561,561,1696.0,1696.0,1696.0,1712.0,1712.0,1712.0,1696.0,1696.0,1696.0
refit,official-total-core,full-match,73,64337,64337,64337,3654,58672,58672,58672,561,561,561,1696.0,1696.0,1696.0,1712.0,1712.0,1712.0,1696.0,1696.0,1696.0
refit,official-total-core,full-match,74,64337,64337,64337,3654,58672,58672,58672,561,561,561,1696.0,1696.0,1696.0,1712.0,1712.0,1712.0,1696.0,1696.0,1696.0
refit,official-total-core,full-match,75,64337,64337,64337,3654,58672,58672,58672,561,561,561,1696.0,1696.0,1696.0,1712.0,1712.0,1712.0,1696.0,1696.0,1696.0
refit,official-total-core,full-match,76,64337,64337,64337,3654,58672,58672,58672,561,561,561,1696.0,1696.0,1696.0,1712.0,1712.0,1712.0,1696.0,1696.0,1696.0
refit,official-total-core,full-match,77,64337,64337,64337,3654,58672,58672,58672,561,561,561,1696.0,1696.0,1696.0,1712.0,1712.0,1712.0,1696.0,1696.0,1696.0
refit,official-total-core,full-match,78,64337,64337,64337,3654,58672,58672,58672,561,561,561,1696.0,1696.0,1696.0,1712.0,1712.0,1712.0,1696.0,1696.0,1696.0
refit,official-total-core,full-match,79,64337,64337,64337,3654,58672,58672,58672,561,561,561,1696.0,1696.0,1696.0,1712.0,1712.0,1712.0,1696.0,1696.0,1696.0
refit,official-total-core,full-match,80,64337,64337,64337,3654,58672,58672,58672,561,561,561,1696.0,1696.0,1696.0,1712.0,1712.0,1712.0,1696.0,1696.0,1696.0
refit,official-total-core,full-match,81,64337,64337,64337,3654,58672,58672,58672,561,561,561,1696.0,1696.0,1696.0,1712.0,1712.0,1712.0,1696.0,1696.0,1696.0
refit,official-total-core,full-match,82,64337,64337,64337,3654,58672,58672,58672,561,561,561,1696.0,1696.0,1696.0,1712.0,1712.0,1712.0,1696.0,1696.0,1696.0
refit,official-total-core,full-match,83,64337,64337,64337,3654,58672,58672,58672,561,561,561,1696.0,1696.0,1696.0,1712.0,1712.0,1712.0,1696.0,1696.0,1696.0
refit,official-total-core,full-match,84,64337,64337,64337,3654,58672,58672,58672,561,561,561,1696.0,1696.0,1696.0,1712.0,1712.0,1712.0,1696.0,1696.0,1696.0
refit,official-total-core,full-match,85,64337,64337,64337,3654,58672,58672,58672,561,561,561,1696.0,1696.0,1696.0,1712.0,1712.0,1712.0,1696.0,1696.0,1696.0
refit,official-total-core,full-match,86,64337,64337,64337,3654,58672,58672,58672,561,561,561,1696.0,1696.0,1696.0,1712.0,1712.0,1712.0,1696.0,1696.0,1696.0
refit,official-total-core,full-match,87,64337,64337,64337,3654,58672,58672,58672,561,561,561,1696.0,1696.0,1696.0,1712.0,1712.0,1712.0,1696.0,1696.0,1696.0
refit,official-total-core,full-match,88,64337,64337,64337,3654,58672,58672,58672,561,561,561,1696.0,1696.0,1696.0,1712.0,1712.0,1712.0,1696.0,1696.0,1696.0
refit,official-total-core,full-match,89,64337,64337,64337,3654,58672,58672,58672,561,561,561,1696.0,1696.0,1696.0,1712.0,1712.0,1712.0,1696.0,1696.0,1696.0
refit,official-total-core,full-match,90,64337,64337,64337,3654,58672,58672,58672,561,561,561,1696.0,1696.0,1696.0,1712.0,1712.0,1712.0,1696.0,1696.0,1696.0
refit,official-total-core,full-match,91,64337,64337,64337,3654,58672,58672,58672,561,561,561,1696.0,1696.0,1696.0,1712.0,1712.0,1712.0,1696.0,1696.0,1696.0
refit,official-total-core,full-match,92,64337,64337,64337,3654,58672,58672,58672,561,561,561,1696.0,1696.0,1696.0,1712.0,1712.0,1712.0,1696.0,1696.0,1696.0
refit,official-total-core,full-match,93,64337,64337,64337,3654,58672,58672,58672,561,561,561,1696.0,1696.0,1696.0,1712.0,1712.0,1712.0,1696.0,1696.0,1696.0
refit,official-total-core,full-match,94,64337,64337,64337,3654,58672,58672,58672,561,561,561,1696.0,1696.0,1696.0,1712.0,1712.0,1712.0,1696.0,1696.0,1696.0
refit,official-total-core,full-match,95,64337,64337,64337,3654,58672,58672,58672,561,561,561,1696.0,1696.0,1696.0,1712.0,1712.0,1712.0,1696.0,1696.0,1696.0
refit,official-total-core,full-match,96,64337,64337,64337,3654,58672,58672,58672,561,561,561,1696.0,1696.0,1696.0,1712.0,1712.0,1712.0,1696.0,1696.0,1696.0
refit,official-total-core,full-match,97,64337,64337,64337,3654,58672,58672,58672,561,561,561,1696.0,1696.0,1696.0,1712.0,1712.0,1712.0,1696.0,1696.0,1696.0
refit,official-total-core,full-match,98,64337,64337,64337,3654,58672,58672,58672,561,561,561,1696.0,1696.0,1696.0,1712.0,1712.0,1712.0,1696.0,1696.0,1696.0
refit,official-total-core,full-match,99,64337,64337,64337,3654,58672,58672,58672,561,561,561,1696.0,1696.0,1696.0,1712.0,1712.0,1712.0,1696.0,1696.0,1696.0
refit,official-total-core,full-match,100,64337,64337,64337,3654,58672,58672,58672,561,561,561,1696.0,1696.0,1696.0,1712.0,1712.0,1712.0,1696.0,1696.0,1696.0
