supervision_mode,architecture,seed,epoch,scope,probability_variant,metric,value,count,direction
baseline,direct-total-pridge,control,0.0,primary-clean,raw_pred_red_win_probability,alliance_score_rmse,123.60487064898084,2216,lower
baseline,direct-total-pridge,control,0.0,primary-clean,raw_pred_red_win_probability,mean_bias,-54.93888151710828,2216,lower
baseline,direct-total-pridge,control,0.0,primary-clean,raw_pred_red_win_probability,relative_bias,-0.12639763767774267,2216,lower
baseline,direct-total-pridge,control,0.0,primary-clean,transferred_platt_red_win_probability,alliance_score_rmse,123.60487064898084,2216,lower
baseline,direct-total-pridge,control,0.0,primary-clean,transferred_platt_red_win_probability,mean_bias,-54.93888151710828,2216,lower
baseline,direct-total-pridge,control,0.0,primary-clean,transferred_platt_red_win_probability,relative_bias,-0.12639763767774267,2216,lower
baseline,direct-total-pridge,control,0.0,primary-clean,transferred_score_red_win_probability,alliance_score_rmse,123.60487064898084,2216,lower
baseline,direct-total-pridge,control,0.0,primary-clean,transferred_score_red_win_probability,mean_bias,-54.93888151710828,2216,lower
baseline,direct-total-pridge,control,0.0,primary-clean,transferred_score_red_win_probability,relative_bias,-0.12639763767774267,2216,lower
baseline,direct-total-pridge,control,0.0,all-official,raw_pred_red_win_probability,alliance_score_rmse,124.00397015425933,2238,lower
baseline,direct-total-pridge,control,0.0,all-official,raw_pred_red_win_probability,mean_bias,-54.716685124499236,2238,lower
baseline,direct-total-pridge,control,0.0,all-official,raw_pred_red_win_probability,relative_bias,-0.12606233251728374,2238,lower
baseline,direct-total-pridge,control,0.0,all-official,transferred_platt_red_win_probability,alliance_score_rmse,124.00397015425933,2238,lower
baseline,direct-total-pridge,control,0.0,all-official,transferred_platt_red_win_probability,mean_bias,-54.716685124499236,2238,lower
baseline,direct-total-pridge,control,0.0,all-official,transferred_platt_red_win_probability,relative_bias,-0.12606233251728374,2238,lower
baseline,direct-total-pridge,control,0.0,all-official,transferred_score_red_win_probability,alliance_score_rmse,124.00397015425933,2238,lower
baseline,direct-total-pridge,control,0.0,all-official,transferred_score_red_win_probability,mean_bias,-54.716685124499236,2238,lower
baseline,direct-total-pridge,control,0.0,all-official,transferred_score_red_win_probability,relative_bias,-0.12606233251728374,2238,lower
baseline,direct-total-pridge,control,0.0,DQ-only,raw_pred_red_win_probability,alliance_score_rmse,159.15687450808684,22,lower
baseline,direct-total-pridge,control,0.0,DQ-only,raw_pred_red_win_probability,mean_bias,-32.33544848715177,22,lower
baseline,direct-total-pridge,control,0.0,DQ-only,raw_pred_red_win_probability,relative_bias,-0.0867007759558,22,lower
baseline,direct-total-pridge,control,0.0,DQ-only,transferred_platt_red_win_probability,alliance_score_rmse,159.15687450808684,22,lower
baseline,direct-total-pridge,control,0.0,DQ-only,transferred_platt_red_win_probability,mean_bias,-32.33544848715177,22,lower
baseline,direct-total-pridge,control,0.0,DQ-only,transferred_platt_red_win_probability,relative_bias,-0.0867007759558,22,lower
baseline,direct-total-pridge,control,0.0,DQ-only,transferred_score_red_win_probability,alliance_score_rmse,159.15687450808684,22,lower
baseline,direct-total-pridge,control,0.0,DQ-only,transferred_score_red_win_probability,mean_bias,-32.33544848715177,22,lower
baseline,direct-total-pridge,control,0.0,DQ-only,transferred_score_red_win_probability,relative_bias,-0.0867007759558,22,lower
baseline,direct-total-pridge,control,0.0,surrogate-only,raw_pred_red_win_probability,alliance_score_rmse,85.87603422804978,12,lower
baseline,direct-total-pridge,control,0.0,surrogate-only,raw_pred_red_win_probability,mean_bias,-38.98381123639947,12,lower
baseline,direct-total-pridge,control,0.0,surrogate-only,raw_pred_red_win_probability,relative_bias,-0.1007550581169058,12,lower
baseline,direct-total-pridge,control,0.0,surrogate-only,transferred_platt_red_win_probability,alliance_score_rmse,85.87603422804978,12,lower
baseline,direct-total-pridge,control,0.0,surrogate-only,transferred_platt_red_win_probability,mean_bias,-38.98381123639947,12,lower
baseline,direct-total-pridge,control,0.0,surrogate-only,transferred_platt_red_win_probability,relative_bias,-0.1007550581169058,12,lower
baseline,direct-total-pridge,control,0.0,surrogate-only,transferred_score_red_win_probability,alliance_score_rmse,85.87603422804978,12,lower
baseline,direct-total-pridge,control,0.0,surrogate-only,transferred_score_red_win_probability,mean_bias,-38.98381123639947,12,lower
baseline,direct-total-pridge,control,0.0,surrogate-only,transferred_score_red_win_probability,relative_bias,-0.1007550581169058,12,lower
baseline,direct-total-pridge,control,0.0,division:2026arc,raw_pred_red_win_probability,alliance_score_rmse,113.33939247129052,282,lower
baseline,direct-total-pridge,control,0.0,division:2026arc,raw_pred_red_win_probability,mean_bias,-27.817744010700288,282,lower
baseline,direct-total-pridge,control,0.0,division:2026arc,raw_pred_red_win_probability,relative_bias,-0.06257860661649607,282,lower
baseline,direct-total-pridge,control,0.0,division:2026arc,transferred_platt_red_win_probability,alliance_score_rmse,113.33939247129052,282,lower
baseline,direct-total-pridge,control,0.0,division:2026arc,transferred_platt_red_win_probability,mean_bias,-27.817744010700288,282,lower
baseline,direct-total-pridge,control,0.0,division:2026arc,transferred_platt_red_win_probability,relative_bias,-0.06257860661649607,282,lower
baseline,direct-total-pridge,control,0.0,division:2026arc,transferred_score_red_win_probability,alliance_score_rmse,113.33939247129052,282,lower
baseline,direct-total-pridge,control,0.0,division:2026arc,transferred_score_red_win_probability,mean_bias,-27.817744010700288,282,lower
baseline,direct-total-pridge,control,0.0,division:2026arc,transferred_score_red_win_probability,relative_bias,-0.06257860661649607,282,lower
baseline,direct-total-pridge,control,0.0,division:2026cur,raw_pred_red_win_probability,alliance_score_rmse,117.27481779566672,278,lower
baseline,direct-total-pridge,control,0.0,division:2026cur,raw_pred_red_win_probability,mean_bias,-51.5861418801649,278,lower
baseline,direct-total-pridge,control,0.0,division:2026cur,raw_pred_red_win_probability,relative_bias,-0.11890149771735684,278,lower
baseline,direct-total-pridge,control,0.0,division:2026cur,transferred_platt_red_win_probability,alliance_score_rmse,117.27481779566672,278,lower
baseline,direct-total-pridge,control,0.0,division:2026cur,transferred_platt_red_win_probability,mean_bias,-51.5861418801649,278,lower
baseline,direct-total-pridge,control,0.0,division:2026cur,transferred_platt_red_win_probability,relative_bias,-0.11890149771735684,278,lower
baseline,direct-total-pridge,control,0.0,division:2026cur,transferred_score_red_win_probability,alliance_score_rmse,117.27481779566672,278,lower
baseline,direct-total-pridge,control,0.0,division:2026cur,transferred_score_red_win_probability,mean_bias,-51.5861418801649,278,lower
baseline,direct-total-pridge,control,0.0,division:2026cur,transferred_score_red_win_probability,relative_bias,-0.11890149771735684,278,lower
baseline,direct-total-pridge,control,0.0,division:2026dal,raw_pred_red_win_probability,alliance_score_rmse,108.61825935394327,280,lower
baseline,direct-total-pridge,control,0.0,division:2026dal,raw_pred_red_win_probability,mean_bias,-36.511947434852786,280,lower
baseline,direct-total-pridge,control,0.0,division:2026dal,raw_pred_red_win_probability,relative_bias,-0.08955748621825586,280,lower
baseline,direct-total-pridge,control,0.0,division:2026dal,transferred_platt_red_win_probability,alliance_score_rmse,108.61825935394327,280,lower
baseline,direct-total-pridge,control,0.0,division:2026dal,transferred_platt_red_win_probability,mean_bias,-36.511947434852786,280,lower
baseline,direct-total-pridge,control,0.0,division:2026dal,transferred_platt_red_win_probability,relative_bias,-0.08955748621825586,280,lower
baseline,direct-total-pridge,control,0.0,division:2026dal,transferred_score_red_win_probability,alliance_score_rmse,108.61825935394327,280,lower
baseline,direct-total-pridge,control,0.0,division:2026dal,transferred_score_red_win_probability,mean_bias,-36.511947434852786,280,lower
baseline,direct-total-pridge,control,0.0,division:2026dal,transferred_score_red_win_probability,relative_bias,-0.08955748621825586,280,lower
baseline,direct-total-pridge,control,0.0,division:2026gal,raw_pred_red_win_probability,alliance_score_rmse,156.327473562576,280,lower
baseline,direct-total-pridge,control,0.0,division:2026gal,raw_pred_red_win_probability,mean_bias,-93.60360490617893,280,lower
baseline,direct-total-pridge,control,0.0,division:2026gal,raw_pred_red_win_probability,relative_bias,-0.2200385302258406,280,lower
baseline,direct-total-pridge,control,0.0,division:2026gal,transferred_platt_red_win_probability,alliance_score_rmse,156.327473562576,280,lower
baseline,direct-total-pridge,control,0.0,division:2026gal,transferred_platt_red_win_probability,mean_bias,-93.60360490617893,280,lower
baseline,direct-total-pridge,control,0.0,division:2026gal,transferred_platt_red_win_probability,relative_bias,-0.2200385302258406,280,lower
baseline,direct-total-pridge,control,0.0,division:2026gal,transferred_score_red_win_probability,alliance_score_rmse,156.327473562576,280,lower
baseline,direct-total-pridge,control,0.0,division:2026gal,transferred_score_red_win_probability,mean_bias,-93.60360490617893,280,lower
baseline,direct-total-pridge,control,0.0,division:2026gal,transferred_score_red_win_probability,relative_bias,-0.2200385302258406,280,lower
baseline,direct-total-pridge,control,0.0,division:2026hop,raw_pred_red_win_probability,alliance_score_rmse,129.3250702065684,280,lower
baseline,direct-total-pridge,control,0.0,division:2026hop,raw_pred_red_win_probability,mean_bias,-67.74835984125743,280,lower
baseline,direct-total-pridge,control,0.0,division:2026hop,raw_pred_red_win_probability,relative_bias,-0.1468958366028999,280,lower
baseline,direct-total-pridge,control,0.0,division:2026hop,transferred_platt_red_win_probability,alliance_score_rmse,129.3250702065684,280,lower
baseline,direct-total-pridge,control,0.0,division:2026hop,transferred_platt_red_win_probability,mean_bias,-67.74835984125743,280,lower
baseline,direct-total-pridge,control,0.0,division:2026hop,transferred_platt_red_win_probability,relative_bias,-0.1468958366028999,280,lower
baseline,direct-total-pridge,control,0.0,division:2026hop,transferred_score_red_win_probability,alliance_score_rmse,129.3250702065684,280,lower
baseline,direct-total-pridge,control,0.0,division:2026hop,transferred_score_red_win_probability,mean_bias,-67.74835984125743,280,lower
baseline,direct-total-pridge,control,0.0,division:2026hop,transferred_score_red_win_probability,relative_bias,-0.1468958366028999,280,lower
baseline,direct-total-pridge,control,0.0,division:2026joh,raw_pred_red_win_probability,alliance_score_rmse,115.43396684671325,280,lower
baseline,direct-total-pridge,control,0.0,division:2026joh,raw_pred_red_win_probability,mean_bias,-36.67271147885469,280,lower
baseline,direct-total-pridge,control,0.0,division:2026joh,raw_pred_red_win_probability,relative_bias,-0.08832997173401559,280,lower
baseline,direct-total-pridge,control,0.0,division:2026joh,transferred_platt_red_win_probability,alliance_score_rmse,115.43396684671325,280,lower
baseline,direct-total-pridge,control,0.0,division:2026joh,transferred_platt_red_win_probability,mean_bias,-36.67271147885469,280,lower
baseline,direct-total-pridge,control,0.0,division:2026joh,transferred_platt_red_win_probability,relative_bias,-0.08832997173401559,280,lower
baseline,direct-total-pridge,control,0.0,division:2026joh,transferred_score_red_win_probability,alliance_score_rmse,115.43396684671325,280,lower
baseline,direct-total-pridge,control,0.0,division:2026joh,transferred_score_red_win_probability,mean_bias,-36.67271147885469,280,lower
baseline,direct-total-pridge,control,0.0,division:2026joh,transferred_score_red_win_probability,relative_bias,-0.08832997173401559,280,lower
baseline,direct-total-pridge,control,0.0,division:2026mil,raw_pred_red_win_probability,alliance_score_rmse,113.62487766707657,278,lower
baseline,direct-total-pridge,control,0.0,division:2026mil,raw_pred_red_win_probability,mean_bias,-55.8042452914191,278,lower
baseline,direct-total-pridge,control,0.0,division:2026mil,raw_pred_red_win_probability,relative_bias,-0.13555608149850154,278,lower
baseline,direct-total-pridge,control,0.0,division:2026mil,transferred_platt_red_win_probability,alliance_score_rmse,113.62487766707657,278,lower
baseline,direct-total-pridge,control,0.0,division:2026mil,transferred_platt_red_win_probability,mean_bias,-55.8042452914191,278,lower
baseline,direct-total-pridge,control,0.0,division:2026mil,transferred_platt_red_win_probability,relative_bias,-0.13555608149850154,278,lower
baseline,direct-total-pridge,control,0.0,division:2026mil,transferred_score_red_win_probability,alliance_score_rmse,113.62487766707657,278,lower
baseline,direct-total-pridge,control,0.0,division:2026mil,transferred_score_red_win_probability,mean_bias,-55.8042452914191,278,lower
baseline,direct-total-pridge,control,0.0,division:2026mil,transferred_score_red_win_probability,relative_bias,-0.13555608149850154,278,lower
baseline,direct-total-pridge,control,0.0,division:2026new,raw_pred_red_win_probability,alliance_score_rmse,131.18212239819843,280,lower
baseline,direct-total-pridge,control,0.0,division:2026new,raw_pred_red_win_probability,mean_bias,-68.16626870996853,280,lower
baseline,direct-total-pridge,control,0.0,division:2026new,raw_pred_red_win_probability,relative_bias,-0.14423561909174246,280,lower
baseline,direct-total-pridge,control,0.0,division:2026new,transferred_platt_red_win_probability,alliance_score_rmse,131.18212239819843,280,lower
baseline,direct-total-pridge,control,0.0,division:2026new,transferred_platt_red_win_probability,mean_bias,-68.16626870996853,280,lower
baseline,direct-total-pridge,control,0.0,division:2026new,transferred_platt_red_win_probability,relative_bias,-0.14423561909174246,280,lower
baseline,direct-total-pridge,control,0.0,division:2026new,transferred_score_red_win_probability,alliance_score_rmse,131.18212239819843,280,lower
baseline,direct-total-pridge,control,0.0,division:2026new,transferred_score_red_win_probability,mean_bias,-68.16626870996853,280,lower
baseline,direct-total-pridge,control,0.0,division:2026new,transferred_score_red_win_probability,relative_bias,-0.14423561909174246,280,lower
baseline,direct-total-pridge,control,0.0,observation:high,raw_pred_red_win_probability,alliance_score_rmse,121.6070189117589,2134,lower
baseline,direct-total-pridge,control,0.0,observation:high,raw_pred_red_win_probability,mean_bias,-52.327907524181775,2134,lower
baseline,direct-total-pridge,control,0.0,observation:high,raw_pred_red_win_probability,relative_bias,-0.11989237132983027,2134,lower
baseline,direct-total-pridge,control,0.0,observation:high,transferred_platt_red_win_probability,alliance_score_rmse,121.6070189117589,2134,lower
baseline,direct-total-pridge,control,0.0,observation:high,transferred_platt_red_win_probability,mean_bias,-52.327907524181775,2134,lower
baseline,direct-total-pridge,control,0.0,observation:high,transferred_platt_red_win_probability,relative_bias,-0.11989237132983027,2134,lower
baseline,direct-total-pridge,control,0.0,observation:high,transferred_score_red_win_probability,alliance_score_rmse,121.6070189117589,2134,lower
baseline,direct-total-pridge,control,0.0,observation:high,transferred_score_red_win_probability,mean_bias,-52.327907524181775,2134,lower
baseline,direct-total-pridge,control,0.0,observation:high,transferred_score_red_win_probability,relative_bias,-0.11989237132983027,2134,lower
baseline,direct-total-pridge,control,0.0,observation:low,raw_pred_red_win_probability,alliance_score_rmse,123.60987979666771,4,lower
baseline,direct-total-pridge,control,0.0,observation:low,raw_pred_red_win_probability,mean_bias,-98.72739928657313,4,lower
baseline,direct-total-pridge,control,0.0,observation:low,raw_pred_red_win_probability,relative_bias,-0.2629225014289564,4,lower
baseline,direct-total-pridge,control,0.0,observation:low,transferred_platt_red_win_probability,alliance_score_rmse,123.60987979666771,4,lower
baseline,direct-total-pridge,control,0.0,observation:low,transferred_platt_red_win_probability,mean_bias,-98.72739928657313,4,lower
baseline,direct-total-pridge,control,0.0,observation:low,transferred_platt_red_win_probability,relative_bias,-0.2629225014289564,4,lower
baseline,direct-total-pridge,control,0.0,observation:low,transferred_score_red_win_probability,alliance_score_rmse,123.60987979666771,4,lower
baseline,direct-total-pridge,control,0.0,observation:low,transferred_score_red_win_probability,mean_bias,-98.72739928657313,4,lower
baseline,direct-total-pridge,control,0.0,observation:low,transferred_score_red_win_probability,relative_bias,-0.2629225014289564,4,lower
baseline,direct-total-pridge,control,0.0,observation:medium,raw_pred_red_win_probability,alliance_score_rmse,167.16495071985193,100,lower
baseline,direct-total-pridge,control,0.0,observation:medium,raw_pred_red_win_probability,mean_bias,-103.93277054879076,100,lower
baseline,direct-total-pridge,control,0.0,observation:medium,raw_pred_red_win_probability,relative_bias,-0.27002538464222076,100,lower
baseline,direct-total-pridge,control,0.0,observation:medium,transferred_platt_red_win_probability,alliance_score_rmse,167.16495071985193,100,lower
baseline,direct-total-pridge,control,0.0,observation:medium,transferred_platt_red_win_probability,mean_bias,-103.93277054879076,100,lower
baseline,direct-total-pridge,control,0.0,observation:medium,transferred_platt_red_win_probability,relative_bias,-0.27002538464222076,100,lower
baseline,direct-total-pridge,control,0.0,observation:medium,transferred_score_red_win_probability,alliance_score_rmse,167.16495071985193,100,lower
baseline,direct-total-pridge,control,0.0,observation:medium,transferred_score_red_win_probability,mean_bias,-103.93277054879076,100,lower
baseline,direct-total-pridge,control,0.0,observation:medium,transferred_score_red_win_probability,relative_bias,-0.27002538464222076,100,lower
baseline,direct-total-ridge,control,0.0,primary-clean,raw_pred_red_win_probability,alliance_score_rmse,129.44264536883395,2216,lower
baseline,direct-total-ridge,control,0.0,primary-clean,raw_pred_red_win_probability,mean_bias,-63.516988168272036,2216,lower
baseline,direct-total-ridge,control,0.0,primary-clean,raw_pred_red_win_probability,relative_bias,-0.14613324907924508,2216,lower
baseline,direct-total-ridge,control,0.0,primary-clean,transferred_platt_red_win_probability,alliance_score_rmse,129.44264536883395,2216,lower
baseline,direct-total-ridge,control,0.0,primary-clean,transferred_platt_red_win_probability,mean_bias,-63.516988168272036,2216,lower
baseline,direct-total-ridge,control,0.0,primary-clean,transferred_platt_red_win_probability,relative_bias,-0.14613324907924508,2216,lower
baseline,direct-total-ridge,control,0.0,primary-clean,transferred_score_red_win_probability,alliance_score_rmse,129.44264536883395,2216,lower
baseline,direct-total-ridge,control,0.0,primary-clean,transferred_score_red_win_probability,mean_bias,-63.516988168272036,2216,lower
baseline,direct-total-ridge,control,0.0,primary-clean,transferred_score_red_win_probability,relative_bias,-0.14613324907924508,2216,lower
baseline,direct-total-ridge,control,0.0,all-official,raw_pred_red_win_probability,alliance_score_rmse,129.82350527200086,2238,lower
baseline,direct-total-ridge,control,0.0,all-official,raw_pred_red_win_probability,mean_bias,-63.17008673122753,2238,lower
baseline,direct-total-ridge,control,0.0,all-official,raw_pred_red_win_probability,relative_bias,-0.14553821125198396,2238,lower
baseline,direct-total-ridge,control,0.0,all-official,transferred_platt_red_win_probability,alliance_score_rmse,129.82350527200086,2238,lower
baseline,direct-total-ridge,control,0.0,all-official,transferred_platt_red_win_probability,mean_bias,-63.17008673122753,2238,lower
baseline,direct-total-ridge,control,0.0,all-official,transferred_platt_red_win_probability,relative_bias,-0.14553821125198396,2238,lower
baseline,direct-total-ridge,control,0.0,all-official,transferred_score_red_win_probability,alliance_score_rmse,129.82350527200086,2238,lower
baseline,direct-total-ridge,control,0.0,all-official,transferred_score_red_win_probability,mean_bias,-63.17008673122753,2238,lower
baseline,direct-total-ridge,control,0.0,all-official,transferred_score_red_win_probability,relative_bias,-0.14553821125198396,2238,lower
baseline,direct-total-ridge,control,0.0,DQ-only,raw_pred_red_win_probability,alliance_score_rmse,163.70816870569553,22,lower
baseline,direct-total-ridge,control,0.0,DQ-only,raw_pred_red_win_probability,mean_bias,-28.227651072564115,22,lower
baseline,direct-total-ridge,control,0.0,DQ-only,raw_pred_red_win_probability,relative_bias,-0.07568657204100068,22,lower
baseline,direct-total-ridge,control,0.0,DQ-only,transferred_platt_red_win_probability,alliance_score_rmse,163.70816870569553,22,lower
baseline,direct-total-ridge,control,0.0,DQ-only,transferred_platt_red_win_probability,mean_bias,-28.227651072564115,22,lower
baseline,direct-total-ridge,control,0.0,DQ-only,transferred_platt_red_win_probability,relative_bias,-0.07568657204100068,22,lower
baseline,direct-total-ridge,control,0.0,DQ-only,transferred_score_red_win_probability,alliance_score_rmse,163.70816870569553,22,lower
baseline,direct-total-ridge,control,0.0,DQ-only,transferred_score_red_win_probability,mean_bias,-28.227651072564115,22,lower
baseline,direct-total-ridge,control,0.0,DQ-only,transferred_score_red_win_probability,relative_bias,-0.07568657204100068,22,lower
baseline,direct-total-ridge,control,0.0,surrogate-only,raw_pred_red_win_probability,alliance_score_rmse,91.8566676465829,12,lower
baseline,direct-total-ridge,control,0.0,surrogate-only,raw_pred_red_win_probability,mean_bias,-47.4177013207595,12,lower
baseline,direct-total-ridge,control,0.0,surrogate-only,raw_pred_red_win_probability,relative_bias,-0.122552749482902,12,lower
baseline,direct-total-ridge,control,0.0,surrogate-only,transferred_platt_red_win_probability,alliance_score_rmse,91.8566676465829,12,lower
baseline,direct-total-ridge,control,0.0,surrogate-only,transferred_platt_red_win_probability,mean_bias,-47.4177013207595,12,lower
baseline,direct-total-ridge,control,0.0,surrogate-only,transferred_platt_red_win_probability,relative_bias,-0.122552749482902,12,lower
baseline,direct-total-ridge,control,0.0,surrogate-only,transferred_score_red_win_probability,alliance_score_rmse,91.8566676465829,12,lower
baseline,direct-total-ridge,control,0.0,surrogate-only,transferred_score_red_win_probability,mean_bias,-47.4177013207595,12,lower
baseline,direct-total-ridge,control,0.0,surrogate-only,transferred_score_red_win_probability,relative_bias,-0.122552749482902,12,lower
baseline,direct-total-ridge,control,0.0,division:2026arc,raw_pred_red_win_probability,alliance_score_rmse,122.12789006699684,282,lower
baseline,direct-total-ridge,control,0.0,division:2026arc,raw_pred_red_win_probability,mean_bias,-46.37164119219736,282,lower
baseline,direct-total-ridge,control,0.0,division:2026arc,raw_pred_red_win_probability,relative_bias,-0.10431732678291948,282,lower
baseline,direct-total-ridge,control,0.0,division:2026arc,transferred_platt_red_win_probability,alliance_score_rmse,122.12789006699684,282,lower
baseline,direct-total-ridge,control,0.0,division:2026arc,transferred_platt_red_win_probability,mean_bias,-46.37164119219736,282,lower
baseline,direct-total-ridge,control,0.0,division:2026arc,transferred_platt_red_win_probability,relative_bias,-0.10431732678291948,282,lower
baseline,direct-total-ridge,control,0.0,division:2026arc,transferred_score_red_win_probability,alliance_score_rmse,122.12789006699684,282,lower
baseline,direct-total-ridge,control,0.0,division:2026arc,transferred_score_red_win_probability,mean_bias,-46.37164119219736,282,lower
baseline,direct-total-ridge,control,0.0,division:2026arc,transferred_score_red_win_probability,relative_bias,-0.10431732678291948,282,lower
baseline,direct-total-ridge,control,0.0,division:2026cur,raw_pred_red_win_probability,alliance_score_rmse,126.06341078484867,278,lower
baseline,direct-total-ridge,control,0.0,division:2026cur,raw_pred_red_win_probability,mean_bias,-62.32446444737664,278,lower
baseline,direct-total-ridge,control,0.0,division:2026cur,raw_pred_red_win_probability,relative_bias,-0.14365238215410328,278,lower
baseline,direct-total-ridge,control,0.0,division:2026cur,transferred_platt_red_win_probability,alliance_score_rmse,126.06341078484867,278,lower
baseline,direct-total-ridge,control,0.0,division:2026cur,transferred_platt_red_win_probability,mean_bias,-62.32446444737664,278,lower
baseline,direct-total-ridge,control,0.0,division:2026cur,transferred_platt_red_win_probability,relative_bias,-0.14365238215410328,278,lower
baseline,direct-total-ridge,control,0.0,division:2026cur,transferred_score_red_win_probability,alliance_score_rmse,126.06341078484867,278,lower
baseline,direct-total-ridge,control,0.0,division:2026cur,transferred_score_red_win_probability,mean_bias,-62.32446444737664,278,lower
baseline,direct-total-ridge,control,0.0,division:2026cur,transferred_score_red_win_probability,relative_bias,-0.14365238215410328,278,lower
baseline,direct-total-ridge,control,0.0,division:2026dal,raw_pred_red_win_probability,alliance_score_rmse,108.31882164894323,280,lower
baseline,direct-total-ridge,control,0.0,division:2026dal,raw_pred_red_win_probability,mean_bias,-37.77617136144688,280,lower
baseline,direct-total-ridge,control,0.0,division:2026dal,raw_pred_red_win_probability,relative_bias,-0.09265840865151573,280,lower
baseline,direct-total-ridge,control,0.0,division:2026dal,transferred_platt_red_win_probability,alliance_score_rmse,108.31882164894323,280,lower
baseline,direct-total-ridge,control,0.0,division:2026dal,transferred_platt_red_win_probability,mean_bias,-37.77617136144688,280,lower
baseline,direct-total-ridge,control,0.0,division:2026dal,transferred_platt_red_win_probability,relative_bias,-0.09265840865151573,280,lower
baseline,direct-total-ridge,control,0.0,division:2026dal,transferred_score_red_win_probability,alliance_score_rmse,108.31882164894323,280,lower
baseline,direct-total-ridge,control,0.0,division:2026dal,transferred_score_red_win_probability,mean_bias,-37.77617136144688,280,lower
baseline,direct-total-ridge,control,0.0,division:2026dal,transferred_score_red_win_probability,relative_bias,-0.09265840865151573,280,lower
baseline,direct-total-ridge,control,0.0,division:2026gal,raw_pred_red_win_probability,alliance_score_rmse,161.2737657121705,280,lower
baseline,direct-total-ridge,control,0.0,division:2026gal,raw_pred_red_win_probability,mean_bias,-100.0247364992464,280,lower
baseline,direct-total-ridge,control,0.0,division:2026gal,raw_pred_red_win_probability,relative_bias,-0.2351329954394556,280,lower
baseline,direct-total-ridge,control,0.0,division:2026gal,transferred_platt_red_win_probability,alliance_score_rmse,161.2737657121705,280,lower
baseline,direct-total-ridge,control,0.0,division:2026gal,transferred_platt_red_win_probability,mean_bias,-100.0247364992464,280,lower
baseline,direct-total-ridge,control,0.0,division:2026gal,transferred_platt_red_win_probability,relative_bias,-0.2351329954394556,280,lower
baseline,direct-total-ridge,control,0.0,division:2026gal,transferred_score_red_win_probability,alliance_score_rmse,161.2737657121705,280,lower
baseline,direct-total-ridge,control,0.0,division:2026gal,transferred_score_red_win_probability,mean_bias,-100.0247364992464,280,lower
baseline,direct-total-ridge,control,0.0,division:2026gal,transferred_score_red_win_probability,relative_bias,-0.2351329954394556,280,lower
baseline,direct-total-ridge,control,0.0,division:2026hop,raw_pred_red_win_probability,alliance_score_rmse,133.7298420216926,280,lower
baseline,direct-total-ridge,control,0.0,division:2026hop,raw_pred_red_win_probability,mean_bias,-72.95997613208297,280,lower
baseline,direct-total-ridge,control,0.0,division:2026hop,raw_pred_red_win_probability,relative_bias,-0.15819595865586075,280,lower
baseline,direct-total-ridge,control,0.0,division:2026hop,transferred_platt_red_win_probability,alliance_score_rmse,133.7298420216926,280,lower
baseline,direct-total-ridge,control,0.0,division:2026hop,transferred_platt_red_win_probability,mean_bias,-72.95997613208297,280,lower
baseline,direct-total-ridge,control,0.0,division:2026hop,transferred_platt_red_win_probability,relative_bias,-0.15819595865586075,280,lower
baseline,direct-total-ridge,control,0.0,division:2026hop,transferred_score_red_win_probability,alliance_score_rmse,133.7298420216926,280,lower
baseline,direct-total-ridge,control,0.0,division:2026hop,transferred_score_red_win_probability,mean_bias,-72.95997613208297,280,lower
baseline,direct-total-ridge,control,0.0,division:2026hop,transferred_score_red_win_probability,relative_bias,-0.15819595865586075,280,lower
baseline,direct-total-ridge,control,0.0,division:2026joh,raw_pred_red_win_probability,alliance_score_rmse,121.48051336093513,280,lower
baseline,direct-total-ridge,control,0.0,division:2026joh,raw_pred_red_win_probability,mean_bias,-42.026108041213384,280,lower
baseline,direct-total-ridge,control,0.0,division:2026joh,raw_pred_red_win_probability,relative_bias,-0.10122417420679353,280,lower
baseline,direct-total-ridge,control,0.0,division:2026joh,transferred_platt_red_win_probability,alliance_score_rmse,121.48051336093513,280,lower
baseline,direct-total-ridge,control,0.0,division:2026joh,transferred_platt_red_win_probability,mean_bias,-42.026108041213384,280,lower
baseline,direct-total-ridge,control,0.0,division:2026joh,transferred_platt_red_win_probability,relative_bias,-0.10122417420679353,280,lower
baseline,direct-total-ridge,control,0.0,division:2026joh,transferred_score_red_win_probability,alliance_score_rmse,121.48051336093513,280,lower
baseline,direct-total-ridge,control,0.0,division:2026joh,transferred_score_red_win_probability,mean_bias,-42.026108041213384,280,lower
baseline,direct-total-ridge,control,0.0,division:2026joh,transferred_score_red_win_probability,relative_bias,-0.10122417420679353,280,lower
baseline,direct-total-ridge,control,0.0,division:2026mil,raw_pred_red_win_probability,alliance_score_rmse,117.6949831173646,278,lower
baseline,direct-total-ridge,control,0.0,division:2026mil,raw_pred_red_win_probability,mean_bias,-62.245911754709475,278,lower
baseline,direct-total-ridge,control,0.0,division:2026mil,raw_pred_red_win_probability,relative_bias,-0.15120376313139383,278,lower
baseline,direct-total-ridge,control,0.0,division:2026mil,transferred_platt_red_win_probability,alliance_score_rmse,117.6949831173646,278,lower
baseline,direct-total-ridge,control,0.0,division:2026mil,transferred_platt_red_win_probability,mean_bias,-62.245911754709475,278,lower
baseline,direct-total-ridge,control,0.0,division:2026mil,transferred_platt_red_win_probability,relative_bias,-0.15120376313139383,278,lower
baseline,direct-total-ridge,control,0.0,division:2026mil,transferred_score_red_win_probability,alliance_score_rmse,117.6949831173646,278,lower
baseline,direct-total-ridge,control,0.0,division:2026mil,transferred_score_red_win_probability,mean_bias,-62.245911754709475,278,lower
baseline,direct-total-ridge,control,0.0,division:2026mil,transferred_score_red_win_probability,relative_bias,-0.15120376313139383,278,lower
baseline,direct-total-ridge,control,0.0,division:2026new,raw_pred_red_win_probability,alliance_score_rmse,140.62709347145093,280,lower
baseline,direct-total-ridge,control,0.0,division:2026new,raw_pred_red_win_probability,mean_bias,-81.73903190925182,280,lower
baseline,direct-total-ridge,control,0.0,division:2026new,raw_pred_red_win_probability,relative_bias,-0.17295474865366253,280,lower
baseline,direct-total-ridge,control,0.0,division:2026new,transferred_platt_red_win_probability,alliance_score_rmse,140.62709347145093,280,lower
baseline,direct-total-ridge,control,0.0,division:2026new,transferred_platt_red_win_probability,mean_bias,-81.73903190925182,280,lower
baseline,direct-total-ridge,control,0.0,division:2026new,transferred_platt_red_win_probability,relative_bias,-0.17295474865366253,280,lower
baseline,direct-total-ridge,control,0.0,division:2026new,transferred_score_red_win_probability,alliance_score_rmse,140.62709347145093,280,lower
baseline,direct-total-ridge,control,0.0,division:2026new,transferred_score_red_win_probability,mean_bias,-81.73903190925182,280,lower
baseline,direct-total-ridge,control,0.0,division:2026new,transferred_score_red_win_probability,relative_bias,-0.17295474865366253,280,lower
baseline,direct-total-ridge,control,0.0,observation:high,raw_pred_red_win_probability,alliance_score_rmse,127.59523151060449,2134,lower
baseline,direct-total-ridge,control,0.0,observation:high,raw_pred_red_win_probability,mean_bias,-61.01157265394965,2134,lower
baseline,direct-total-ridge,control,0.0,observation:high,raw_pred_red_win_probability,relative_bias,-0.13978816410084663,2134,lower
baseline,direct-total-ridge,control,0.0,observation:high,transferred_platt_red_win_probability,alliance_score_rmse,127.59523151060449,2134,lower
baseline,direct-total-ridge,control,0.0,observation:high,transferred_platt_red_win_probability,mean_bias,-61.01157265394965,2134,lower
baseline,direct-total-ridge,control,0.0,observation:high,transferred_platt_red_win_probability,relative_bias,-0.13978816410084663,2134,lower
baseline,direct-total-ridge,control,0.0,observation:high,transferred_score_red_win_probability,alliance_score_rmse,127.59523151060449,2134,lower
baseline,direct-total-ridge,control,0.0,observation:high,transferred_score_red_win_probability,mean_bias,-61.01157265394965,2134,lower
baseline,direct-total-ridge,control,0.0,observation:high,transferred_score_red_win_probability,relative_bias,-0.13978816410084663,2134,lower
baseline,direct-total-ridge,control,0.0,observation:low,raw_pred_red_win_probability,alliance_score_rmse,130.49574157854437,4,lower
baseline,direct-total-ridge,control,0.0,observation:low,raw_pred_red_win_probability,mean_bias,-111.1059089410358,4,lower
baseline,direct-total-ridge,control,0.0,observation:low,raw_pred_red_win_probability,relative_bias,-0.29588790663391695,4,lower
baseline,direct-total-ridge,control,0.0,observation:low,transferred_platt_red_win_probability,alliance_score_rmse,130.49574157854437,4,lower
baseline,direct-total-ridge,control,0.0,observation:low,transferred_platt_red_win_probability,mean_bias,-111.1059089410358,4,lower
baseline,direct-total-ridge,control,0.0,observation:low,transferred_platt_red_win_probability,relative_bias,-0.29588790663391695,4,lower
baseline,direct-total-ridge,control,0.0,observation:low,transferred_score_red_win_probability,alliance_score_rmse,130.49574157854437,4,lower
baseline,direct-total-ridge,control,0.0,observation:low,transferred_score_red_win_probability,mean_bias,-111.1059089410358,4,lower
baseline,direct-total-ridge,control,0.0,observation:low,transferred_score_red_win_probability,relative_bias,-0.29588790663391695,4,lower
baseline,direct-total-ridge,control,0.0,observation:medium,raw_pred_red_win_probability,alliance_score_rmse,170.5513243426627,100,lower
baseline,direct-total-ridge,control,0.0,observation:medium,raw_pred_red_win_probability,mean_bias,-107.31534425194509,100,lower
baseline,direct-total-ridge,control,0.0,observation:medium,raw_pred_red_win_probability,relative_bias,-0.2788135730110291,100,lower
baseline,direct-total-ridge,control,0.0,observation:medium,transferred_platt_red_win_probability,alliance_score_rmse,170.5513243426627,100,lower
baseline,direct-total-ridge,control,0.0,observation:medium,transferred_platt_red_win_probability,mean_bias,-107.31534425194509,100,lower
baseline,direct-total-ridge,control,0.0,observation:medium,transferred_platt_red_win_probability,relative_bias,-0.2788135730110291,100,lower
baseline,direct-total-ridge,control,0.0,observation:medium,transferred_score_red_win_probability,alliance_score_rmse,170.5513243426627,100,lower
baseline,direct-total-ridge,control,0.0,observation:medium,transferred_score_red_win_probability,mean_bias,-107.31534425194509,100,lower
baseline,direct-total-ridge,control,0.0,observation:medium,transferred_score_red_win_probability,relative_bias,-0.2788135730110291,100,lower
baseline,mean-total,control,0.0,primary-clean,raw_pred_red_win_probability,alliance_score_rmse,296.65002538839656,2216,lower
baseline,mean-total,control,0.0,primary-clean,raw_pred_red_win_probability,mean_bias,-254.71435927452268,2216,lower
baseline,mean-total,control,0.0,primary-clean,raw_pred_red_win_probability,relative_bias,-0.5860201810783806,2216,lower
baseline,mean-total,control,0.0,primary-clean,transferred_platt_red_win_probability,alliance_score_rmse,296.65002538839656,2216,lower
baseline,mean-total,control,0.0,primary-clean,transferred_platt_red_win_probability,mean_bias,-254.71435927452268,2216,lower
baseline,mean-total,control,0.0,primary-clean,transferred_platt_red_win_probability,relative_bias,-0.5860201810783806,2216,lower
baseline,mean-total,control,0.0,primary-clean,transferred_score_red_win_probability,alliance_score_rmse,296.65002538839656,2216,lower
baseline,mean-total,control,0.0,primary-clean,transferred_score_red_win_probability,mean_bias,-254.71435927452268,2216,lower
baseline,mean-total,control,0.0,primary-clean,transferred_score_red_win_probability,relative_bias,-0.5860201810783806,2216,lower
baseline,mean-total,control,0.0,all-official,raw_pred_red_win_probability,alliance_score_rmse,296.192977133934,2238,lower
baseline,mean-total,control,0.0,all-official,raw_pred_red_win_probability,mean_bias,-254.1078687417816,2238,lower
baseline,mean-total,control,0.0,all-official,raw_pred_red_win_probability,relative_bias,-0.5854417271751334,2238,lower
baseline,mean-total,control,0.0,all-official,transferred_platt_red_win_probability,alliance_score_rmse,296.192977133934,2238,lower
baseline,mean-total,control,0.0,all-official,transferred_platt_red_win_probability,mean_bias,-254.1078687417816,2238,lower
baseline,mean-total,control,0.0,all-official,transferred_platt_red_win_probability,relative_bias,-0.5854417271751334,2238,lower
baseline,mean-total,control,0.0,all-official,transferred_score_red_win_probability,alliance_score_rmse,296.192977133934,2238,lower
baseline,mean-total,control,0.0,all-official,transferred_score_red_win_probability,mean_bias,-254.1078687417816,2238,lower
baseline,mean-total,control,0.0,all-official,transferred_score_red_win_probability,relative_bias,-0.5854417271751334,2238,lower
baseline,mean-total,control,0.0,DQ-only,raw_pred_red_win_probability,alliance_score_rmse,245.84026011764823,22,lower
baseline,mean-total,control,0.0,DQ-only,raw_pred_red_win_probability,mean_bias,-193.01773144386954,22,lower
baseline,mean-total,control,0.0,DQ-only,raw_pred_red_win_probability,relative_bias,-0.5175368789476088,22,lower
baseline,mean-total,control,0.0,DQ-only,transferred_platt_red_win_probability,alliance_score_rmse,245.84026011764823,22,lower
baseline,mean-total,control,0.0,DQ-only,transferred_platt_red_win_probability,mean_bias,-193.01773144386954,22,lower
baseline,mean-total,control,0.0,DQ-only,transferred_platt_red_win_probability,relative_bias,-0.5175368789476088,22,lower
baseline,mean-total,control,0.0,DQ-only,transferred_score_red_win_probability,alliance_score_rmse,245.84026011764823,22,lower
baseline,mean-total,control,0.0,DQ-only,transferred_score_red_win_probability,mean_bias,-193.01773144386954,22,lower
baseline,mean-total,control,0.0,DQ-only,transferred_score_red_win_probability,relative_bias,-0.5175368789476088,22,lower
baseline,mean-total,control,0.0,surrogate-only,raw_pred_red_win_probability,alliance_score_rmse,256.39793770826475,12,lower
baseline,mean-total,control,0.0,surrogate-only,raw_pred_red_win_probability,mean_bias,-206.97985265599075,12,lower
baseline,mean-total,control,0.0,surrogate-only,raw_pred_red_win_probability,relative_bias,-0.5349468515769737,12,lower
baseline,mean-total,control,0.0,surrogate-only,transferred_platt_red_win_probability,alliance_score_rmse,256.39793770826475,12,lower
baseline,mean-total,control,0.0,surrogate-only,transferred_platt_red_win_probability,mean_bias,-206.97985265599075,12,lower
baseline,mean-total,control,0.0,surrogate-only,transferred_platt_red_win_probability,relative_bias,-0.5349468515769737,12,lower
baseline,mean-total,control,0.0,surrogate-only,transferred_score_red_win_probability,alliance_score_rmse,256.39793770826475,12,lower
baseline,mean-total,control,0.0,surrogate-only,transferred_score_red_win_probability,mean_bias,-206.97985265599075,12,lower
baseline,mean-total,control,0.0,surrogate-only,transferred_score_red_win_probability,relative_bias,-0.5349468515769737,12,lower
baseline,mean-total,control,0.0,division:2026arc,raw_pred_red_win_probability,alliance_score_rmse,303.2559832599565,282,lower
baseline,mean-total,control,0.0,division:2026arc,raw_pred_red_win_probability,mean_bias,-264.5880086843595,282,lower
baseline,mean-total,control,0.0,division:2026arc,raw_pred_red_win_probability,relative_bias,-0.5952153742061759,282,lower
baseline,mean-total,control,0.0,division:2026arc,transferred_platt_red_win_probability,alliance_score_rmse,303.2559832599565,282,lower
baseline,mean-total,control,0.0,division:2026arc,transferred_platt_red_win_probability,mean_bias,-264.5880086843595,282,lower
baseline,mean-total,control,0.0,division:2026arc,transferred_platt_red_win_probability,relative_bias,-0.5952153742061759,282,lower
baseline,mean-total,control,0.0,division:2026arc,transferred_score_red_win_probability,alliance_score_rmse,303.2559832599565,282,lower
baseline,mean-total,control,0.0,division:2026arc,transferred_score_red_win_probability,mean_bias,-264.5880086843595,282,lower
baseline,mean-total,control,0.0,division:2026arc,transferred_score_red_win_probability,relative_bias,-0.5952153742061759,282,lower
baseline,mean-total,control,0.0,division:2026cur,raw_pred_red_win_probability,alliance_score_rmse,294.8753024657331,278,lower
baseline,mean-total,control,0.0,division:2026cur,raw_pred_red_win_probability,mean_bias,-253.9193010972378,278,lower
baseline,mean-total,control,0.0,division:2026cur,raw_pred_red_win_probability,relative_bias,-0.5852615469856407,278,lower
baseline,mean-total,control,0.0,division:2026cur,transferred_platt_red_win_probability,alliance_score_rmse,294.8753024657331,278,lower
baseline,mean-total,control,0.0,division:2026cur,transferred_platt_red_win_probability,mean_bias,-253.9193010972378,278,lower
baseline,mean-total,control,0.0,division:2026cur,transferred_platt_red_win_probability,relative_bias,-0.5852615469856407,278,lower
baseline,mean-total,control,0.0,division:2026cur,transferred_score_red_win_probability,alliance_score_rmse,294.8753024657331,278,lower
baseline,mean-total,control,0.0,division:2026cur,transferred_score_red_win_probability,mean_bias,-253.9193010972378,278,lower
baseline,mean-total,control,0.0,division:2026cur,transferred_score_red_win_probability,relative_bias,-0.5852615469856407,278,lower
baseline,mean-total,control,0.0,division:2026dal,raw_pred_red_win_probability,alliance_score_rmse,275.6698454739585,280,lower
baseline,mean-total,control,0.0,division:2026dal,raw_pred_red_win_probability,mean_bias,-227.75604313218122,280,lower
baseline,mean-total,control,0.0,division:2026dal,raw_pred_red_win_probability,relative_bias,-0.5586461453563673,280,lower
baseline,mean-total,control,0.0,division:2026dal,transferred_platt_red_win_probability,alliance_score_rmse,275.6698454739585,280,lower
baseline,mean-total,control,0.0,division:2026dal,transferred_platt_red_win_probability,mean_bias,-227.75604313218122,280,lower
baseline,mean-total,control,0.0,division:2026dal,transferred_platt_red_win_probability,relative_bias,-0.5586461453563673,280,lower
baseline,mean-total,control,0.0,division:2026dal,transferred_score_red_win_probability,alliance_score_rmse,275.6698454739585,280,lower
baseline,mean-total,control,0.0,division:2026dal,transferred_score_red_win_probability,mean_bias,-227.75604313218122,280,lower
baseline,mean-total,control,0.0,division:2026dal,transferred_score_red_win_probability,relative_bias,-0.5586461453563673,280,lower
baseline,mean-total,control,0.0,division:2026gal,raw_pred_red_win_probability,alliance_score_rmse,292.48664965208417,280,lower
baseline,mean-total,control,0.0,division:2026gal,raw_pred_red_win_probability,mean_bias,-245.45961456075264,280,lower
baseline,mean-total,control,0.0,division:2026gal,raw_pred_red_win_probability,relative_bias,-0.5770138112937575,280,lower
baseline,mean-total,control,0.0,division:2026gal,transferred_platt_red_win_probability,alliance_score_rmse,292.48664965208417,280,lower
baseline,mean-total,control,0.0,division:2026gal,transferred_platt_red_win_probability,mean_bias,-245.45961456075264,280,lower
baseline,mean-total,control,0.0,division:2026gal,transferred_platt_red_win_probability,relative_bias,-0.5770138112937575,280,lower
baseline,mean-total,control,0.0,division:2026gal,transferred_score_red_win_probability,alliance_score_rmse,292.48664965208417,280,lower
baseline,mean-total,control,0.0,division:2026gal,transferred_score_red_win_probability,mean_bias,-245.45961456075264,280,lower
baseline,mean-total,control,0.0,division:2026gal,transferred_score_red_win_probability,relative_bias,-0.5770138112937575,280,lower
baseline,mean-total,control,0.0,division:2026hop,raw_pred_red_win_probability,alliance_score_rmse,322.6439166259334,280,lower
baseline,mean-total,control,0.0,division:2026hop,raw_pred_red_win_probability,mean_bias,-281.2631859893241,280,lower
baseline,mean-total,control,0.0,division:2026hop,raw_pred_red_win_probability,relative_bias,-0.609850793558812,280,lower
baseline,mean-total,control,0.0,division:2026hop,transferred_platt_red_win_probability,alliance_score_rmse,322.6439166259334,280,lower
baseline,mean-total,control,0.0,division:2026hop,transferred_platt_red_win_probability,mean_bias,-281.2631859893241,280,lower
baseline,mean-total,control,0.0,division:2026hop,transferred_platt_red_win_probability,relative_bias,-0.609850793558812,280,lower
baseline,mean-total,control,0.0,division:2026hop,transferred_score_red_win_probability,alliance_score_rmse,322.6439166259334,280,lower
baseline,mean-total,control,0.0,division:2026hop,transferred_score_red_win_probability,mean_bias,-281.2631859893241,280,lower
baseline,mean-total,control,0.0,division:2026hop,transferred_score_red_win_probability,relative_bias,-0.609850793558812,280,lower
baseline,mean-total,control,0.0,division:2026joh,raw_pred_red_win_probability,alliance_score_rmse,276.8056610220902,280,lower
baseline,mean-total,control,0.0,division:2026joh,raw_pred_red_win_probability,mean_bias,-235.24175741789549,280,lower
baseline,mean-total,control,0.0,division:2026joh,raw_pred_red_win_probability,relative_bias,-0.5666038028129956,280,lower
baseline,mean-total,control,0.0,division:2026joh,transferred_platt_red_win_probability,alliance_score_rmse,276.8056610220902,280,lower
baseline,mean-total,control,0.0,division:2026joh,transferred_platt_red_win_probability,mean_bias,-235.24175741789549,280,lower
baseline,mean-total,control,0.0,division:2026joh,transferred_platt_red_win_probability,relative_bias,-0.5666038028129956,280,lower
baseline,mean-total,control,0.0,division:2026joh,transferred_score_red_win_probability,alliance_score_rmse,276.8056610220902,280,lower
baseline,mean-total,control,0.0,division:2026joh,transferred_score_red_win_probability,mean_bias,-235.24175741789549,280,lower
baseline,mean-total,control,0.0,division:2026joh,transferred_score_red_win_probability,relative_bias,-0.5666038028129956,280,lower
baseline,mean-total,control,0.0,division:2026mil,raw_pred_red_win_probability,alliance_score_rmse,277.32290331090377,278,lower
baseline,mean-total,control,0.0,division:2026mil,raw_pred_red_win_probability,mean_bias,-231.73225073752556,278,lower
baseline,mean-total,control,0.0,division:2026mil,raw_pred_red_win_probability,relative_bias,-0.5629090708558955,278,lower
baseline,mean-total,control,0.0,division:2026mil,transferred_platt_red_win_probability,alliance_score_rmse,277.32290331090377,278,lower
baseline,mean-total,control,0.0,division:2026mil,transferred_platt_red_win_probability,mean_bias,-231.73225073752556,278,lower
baseline,mean-total,control,0.0,division:2026mil,transferred_platt_red_win_probability,relative_bias,-0.5629090708558955,278,lower
baseline,mean-total,control,0.0,division:2026mil,transferred_score_red_win_probability,alliance_score_rmse,277.32290331090377,278,lower
baseline,mean-total,control,0.0,division:2026mil,transferred_score_red_win_probability,mean_bias,-231.73225073752556,278,lower
baseline,mean-total,control,0.0,division:2026mil,transferred_score_red_win_probability,relative_bias,-0.5629090708558955,278,lower
baseline,mean-total,control,0.0,division:2026new,raw_pred_red_win_probability,alliance_score_rmse,321.9359055981821,280,lower
baseline,mean-total,control,0.0,division:2026new,raw_pred_red_win_probability,mean_bias,-292.6667574178955,280,lower
baseline,mean-total,control,0.0,division:2026new,raw_pred_red_win_probability,relative_bias,-0.619264802703948,280,lower
baseline,mean-total,control,0.0,division:2026new,transferred_platt_red_win_probability,alliance_score_rmse,321.9359055981821,280,lower
baseline,mean-total,control,0.0,division:2026new,transferred_platt_red_win_probability,mean_bias,-292.6667574178955,280,lower
baseline,mean-total,control,0.0,division:2026new,transferred_platt_red_win_probability,relative_bias,-0.619264802703948,280,lower
baseline,mean-total,control,0.0,division:2026new,transferred_score_red_win_probability,alliance_score_rmse,321.9359055981821,280,lower
baseline,mean-total,control,0.0,division:2026new,transferred_score_red_win_probability,mean_bias,-292.6667574178955,280,lower
baseline,mean-total,control,0.0,division:2026new,transferred_score_red_win_probability,relative_bias,-0.619264802703948,280,lower
baseline,mean-total,control,0.0,observation:high,raw_pred_red_win_probability,alliance_score_rmse,297.9481089410665,2134,lower
baseline,mean-total,control,0.0,observation:high,raw_pred_red_win_probability,mean_bias,-256.5205430652379,2134,lower
baseline,mean-total,control,0.0,observation:high,raw_pred_red_win_probability,relative_bias,-0.5877333464689904,2134,lower
baseline,mean-total,control,0.0,observation:high,transferred_platt_red_win_probability,alliance_score_rmse,297.9481089410665,2134,lower
baseline,mean-total,control,0.0,observation:high,transferred_platt_red_win_probability,mean_bias,-256.5205430652379,2134,lower
baseline,mean-total,control,0.0,observation:high,transferred_platt_red_win_probability,relative_bias,-0.5877333464689904,2134,lower
baseline,mean-total,control,0.0,observation:high,transferred_score_red_win_probability,alliance_score_rmse,297.9481089410665,2134,lower
baseline,mean-total,control,0.0,observation:high,transferred_score_red_win_probability,mean_bias,-256.5205430652379,2134,lower
baseline,mean-total,control,0.0,observation:high,transferred_score_red_win_probability,relative_bias,-0.5877333464689904,2134,lower
baseline,mean-total,control,0.0,observation:low,raw_pred_red_win_probability,alliance_score_rmse,236.3645694986771,4,lower
baseline,mean-total,control,0.0,observation:low,raw_pred_red_win_probability,mean_bias,-195.5631859893241,4,lower
baseline,mean-total,control,0.0,observation:low,raw_pred_red_win_probability,relative_bias,-0.5208074194123145,4,lower
baseline,mean-total,control,0.0,observation:low,transferred_platt_red_win_probability,alliance_score_rmse,236.3645694986771,4,lower
baseline,mean-total,control,0.0,observation:low,transferred_platt_red_win_probability,mean_bias,-195.5631859893241,4,lower
baseline,mean-total,control,0.0,observation:low,transferred_platt_red_win_probability,relative_bias,-0.5208074194123145,4,lower
baseline,mean-total,control,0.0,observation:low,transferred_score_red_win_probability,alliance_score_rmse,236.3645694986771,4,lower
baseline,mean-total,control,0.0,observation:low,transferred_score_red_win_probability,mean_bias,-195.5631859893241,4,lower
baseline,mean-total,control,0.0,observation:low,transferred_score_red_win_probability,relative_bias,-0.5208074194123145,4,lower
baseline,mean-total,control,0.0,observation:medium,raw_pred_red_win_probability,alliance_score_rmse,258.3631119391742,100,lower
baseline,mean-total,control,0.0,observation:medium,raw_pred_red_win_probability,mean_bias,-204.96318598932413,100,lower
baseline,mean-total,control,0.0,observation:medium,raw_pred_red_win_probability,relative_bias,-0.5325102260049991,100,lower
baseline,mean-total,control,0.0,observation:medium,transferred_platt_red_win_probability,alliance_score_rmse,258.3631119391742,100,lower
baseline,mean-total,control,0.0,observation:medium,transferred_platt_red_win_probability,mean_bias,-204.96318598932413,100,lower
baseline,mean-total,control,0.0,observation:medium,transferred_platt_red_win_probability,relative_bias,-0.5325102260049991,100,lower
baseline,mean-total,control,0.0,observation:medium,transferred_score_red_win_probability,alliance_score_rmse,258.3631119391742,100,lower
baseline,mean-total,control,0.0,observation:medium,transferred_score_red_win_probability,mean_bias,-204.96318598932413,100,lower
baseline,mean-total,control,0.0,observation:medium,transferred_score_red_win_probability,relative_bias,-0.5325102260049991,100,lower
historical-uncontrolled-reference,additive,historical,,primary-clean,raw_pred_red_win_probability,alliance_score_rmse,150.7503127636979,2216,lower
historical-uncontrolled-reference,additive,historical,,primary-clean,raw_pred_red_win_probability,mean_bias,-95.21672865848558,2216,lower
historical-uncontrolled-reference,additive,historical,,primary-clean,raw_pred_red_win_probability,relative_bias,-0.2190646994895114,2216,lower
historical-uncontrolled-reference,additive,historical,,primary-clean,transferred_platt_red_win_probability,alliance_score_rmse,150.7503127636979,2216,lower
historical-uncontrolled-reference,additive,historical,,primary-clean,transferred_platt_red_win_probability,mean_bias,-95.21672865848558,2216,lower
historical-uncontrolled-reference,additive,historical,,primary-clean,transferred_platt_red_win_probability,relative_bias,-0.2190646994895114,2216,lower
historical-uncontrolled-reference,additive,historical,,primary-clean,transferred_score_red_win_probability,alliance_score_rmse,150.7503127636979,2216,lower
historical-uncontrolled-reference,additive,historical,,primary-clean,transferred_score_red_win_probability,mean_bias,-95.21672865848558,2216,lower
historical-uncontrolled-reference,additive,historical,,primary-clean,transferred_score_red_win_probability,relative_bias,-0.2190646994895114,2216,lower
historical-uncontrolled-reference,additive,historical,,all-official,raw_pred_red_win_probability,alliance_score_rmse,150.98103174159206,2238,lower
historical-uncontrolled-reference,additive,historical,,all-official,raw_pred_red_win_probability,mean_bias,-95.00705336311668,2238,lower
historical-uncontrolled-reference,additive,historical,,all-official,raw_pred_red_win_probability,relative_bias,-0.21888772547710414,2238,lower
historical-uncontrolled-reference,additive,historical,,all-official,transferred_platt_red_win_probability,alliance_score_rmse,150.98103174159206,2238,lower
historical-uncontrolled-reference,additive,historical,,all-official,transferred_platt_red_win_probability,mean_bias,-95.00705336311668,2238,lower
historical-uncontrolled-reference,additive,historical,,all-official,transferred_platt_red_win_probability,relative_bias,-0.21888772547710414,2238,lower
historical-uncontrolled-reference,additive,historical,,all-official,transferred_score_red_win_probability,alliance_score_rmse,150.98103174159206,2238,lower
historical-uncontrolled-reference,additive,historical,,all-official,transferred_score_red_win_probability,mean_bias,-95.00705336311668,2238,lower
historical-uncontrolled-reference,additive,historical,,all-official,transferred_score_red_win_probability,relative_bias,-0.21888772547710414,2238,lower
historical-uncontrolled-reference,additive,historical,,DQ-only,raw_pred_red_win_probability,alliance_score_rmse,172.6482432119021,22,lower
historical-uncontrolled-reference,additive,historical,,DQ-only,raw_pred_red_win_probability,mean_bias,-73.88703270232304,22,lower
historical-uncontrolled-reference,additive,historical,,DQ-only,raw_pred_red_win_probability,relative_bias,-0.19811270194407155,22,lower
historical-uncontrolled-reference,additive,historical,,DQ-only,transferred_platt_red_win_probability,alliance_score_rmse,172.6482432119021,22,lower
historical-uncontrolled-reference,additive,historical,,DQ-only,transferred_platt_red_win_probability,mean_bias,-73.88703270232304,22,lower
historical-uncontrolled-reference,additive,historical,,DQ-only,transferred_platt_red_win_probability,relative_bias,-0.19811270194407155,22,lower
historical-uncontrolled-reference,additive,historical,,DQ-only,transferred_score_red_win_probability,alliance_score_rmse,172.6482432119021,22,lower
historical-uncontrolled-reference,additive,historical,,DQ-only,transferred_score_red_win_probability,mean_bias,-73.88703270232304,22,lower
historical-uncontrolled-reference,additive,historical,,DQ-only,transferred_score_red_win_probability,relative_bias,-0.19811270194407155,22,lower
historical-uncontrolled-reference,additive,historical,,surrogate-only,raw_pred_red_win_probability,alliance_score_rmse,111.22617785479102,12,lower
historical-uncontrolled-reference,additive,historical,,surrogate-only,raw_pred_red_win_probability,mean_bias,-59.226999859732565,12,lower
historical-uncontrolled-reference,additive,historical,,surrogate-only,raw_pred_red_win_probability,relative_bias,-0.15307430504346128,12,lower
historical-uncontrolled-reference,additive,historical,,surrogate-only,transferred_platt_red_win_probability,alliance_score_rmse,111.22617785479102,12,lower
historical-uncontrolled-reference,additive,historical,,surrogate-only,transferred_platt_red_win_probability,mean_bias,-59.226999859732565,12,lower
historical-uncontrolled-reference,additive,historical,,surrogate-only,transferred_platt_red_win_probability,relative_bias,-0.15307430504346128,12,lower
historical-uncontrolled-reference,additive,historical,,surrogate-only,transferred_score_red_win_probability,alliance_score_rmse,111.22617785479102,12,lower
historical-uncontrolled-reference,additive,historical,,surrogate-only,transferred_score_red_win_probability,mean_bias,-59.226999859732565,12,lower
historical-uncontrolled-reference,additive,historical,,surrogate-only,transferred_score_red_win_probability,relative_bias,-0.15307430504346128,12,lower
historical-uncontrolled-reference,additive,historical,,division:2026arc,raw_pred_red_win_probability,alliance_score_rmse,144.57517420488136,282,lower
historical-uncontrolled-reference,additive,historical,,division:2026arc,raw_pred_red_win_probability,mean_bias,-85.6220859093096,282,lower
historical-uncontrolled-reference,additive,historical,,division:2026arc,raw_pred_red_win_probability,relative_bias,-0.1926148586938424,282,lower
historical-uncontrolled-reference,additive,historical,,division:2026arc,transferred_platt_red_win_probability,alliance_score_rmse,144.57517420488136,282,lower
historical-uncontrolled-reference,additive,historical,,division:2026arc,transferred_platt_red_win_probability,mean_bias,-85.6220859093096,282,lower
historical-uncontrolled-reference,additive,historical,,division:2026arc,transferred_platt_red_win_probability,relative_bias,-0.1926148586938424,282,lower
historical-uncontrolled-reference,additive,historical,,division:2026arc,transferred_score_red_win_probability,alliance_score_rmse,144.57517420488136,282,lower
historical-uncontrolled-reference,additive,historical,,division:2026arc,transferred_score_red_win_probability,mean_bias,-85.6220859093096,282,lower
historical-uncontrolled-reference,additive,historical,,division:2026arc,transferred_score_red_win_probability,relative_bias,-0.1926148586938424,282,lower
historical-uncontrolled-reference,additive,historical,,division:2026cur,raw_pred_red_win_probability,alliance_score_rmse,142.00145479157501,278,lower
historical-uncontrolled-reference,additive,historical,,division:2026cur,raw_pred_red_win_probability,mean_bias,-94.92904885174666,278,lower
historical-uncontrolled-reference,additive,historical,,division:2026cur,raw_pred_red_win_probability,relative_bias,-0.21880306752881612,278,lower
historical-uncontrolled-reference,additive,historical,,division:2026cur,transferred_platt_red_win_probability,alliance_score_rmse,142.00145479157501,278,lower
historical-uncontrolled-reference,additive,historical,,division:2026cur,transferred_platt_red_win_probability,mean_bias,-94.92904885174666,278,lower
historical-uncontrolled-reference,additive,historical,,division:2026cur,transferred_platt_red_win_probability,relative_bias,-0.21880306752881612,278,lower
historical-uncontrolled-reference,additive,historical,,division:2026cur,transferred_score_red_win_probability,alliance_score_rmse,142.00145479157501,278,lower
historical-uncontrolled-reference,additive,historical,,division:2026cur,transferred_score_red_win_probability,mean_bias,-94.92904885174666,278,lower
historical-uncontrolled-reference,additive,historical,,division:2026cur,transferred_score_red_win_probability,relative_bias,-0.21880306752881612,278,lower
historical-uncontrolled-reference,additive,historical,,division:2026dal,raw_pred_red_win_probability,alliance_score_rmse,130.02263445144877,280,lower
historical-uncontrolled-reference,additive,historical,,division:2026dal,raw_pred_red_win_probability,mean_bias,-71.4442428715876,280,lower
historical-uncontrolled-reference,additive,historical,,division:2026dal,raw_pred_red_win_probability,relative_bias,-0.17524035954977074,280,lower
historical-uncontrolled-reference,additive,historical,,division:2026dal,transferred_platt_red_win_probability,alliance_score_rmse,130.02263445144877,280,lower
historical-uncontrolled-reference,additive,historical,,division:2026dal,transferred_platt_red_win_probability,mean_bias,-71.4442428715876,280,lower
historical-uncontrolled-reference,additive,historical,,division:2026dal,transferred_platt_red_win_probability,relative_bias,-0.17524035954977074,280,lower
historical-uncontrolled-reference,additive,historical,,division:2026dal,transferred_score_red_win_probability,alliance_score_rmse,130.02263445144877,280,lower
historical-uncontrolled-reference,additive,historical,,division:2026dal,transferred_score_red_win_probability,mean_bias,-71.4442428715876,280,lower
historical-uncontrolled-reference,additive,historical,,division:2026dal,transferred_score_red_win_probability,relative_bias,-0.17524035954977074,280,lower
historical-uncontrolled-reference,additive,historical,,division:2026gal,raw_pred_red_win_probability,alliance_score_rmse,180.79977957814594,280,lower
historical-uncontrolled-reference,additive,historical,,division:2026gal,raw_pred_red_win_probability,mean_bias,-125.21507442400096,280,lower
historical-uncontrolled-reference,additive,historical,,division:2026gal,raw_pred_red_win_probability,relative_bias,-0.2943491435612183,280,lower
historical-uncontrolled-reference,additive,historical,,division:2026gal,transferred_platt_red_win_probability,alliance_score_rmse,180.79977957814594,280,lower
historical-uncontrolled-reference,additive,historical,,division:2026gal,transferred_platt_red_win_probability,mean_bias,-125.21507442400096,280,lower
historical-uncontrolled-reference,additive,historical,,division:2026gal,transferred_platt_red_win_probability,relative_bias,-0.2943491435612183,280,lower
historical-uncontrolled-reference,additive,historical,,division:2026gal,transferred_score_red_win_probability,alliance_score_rmse,180.79977957814594,280,lower
historical-uncontrolled-reference,additive,historical,,division:2026gal,transferred_score_red_win_probability,mean_bias,-125.21507442400096,280,lower
historical-uncontrolled-reference,additive,historical,,division:2026gal,transferred_score_red_win_probability,relative_bias,-0.2943491435612183,280,lower
historical-uncontrolled-reference,additive,historical,,division:2026hop,raw_pred_red_win_probability,alliance_score_rmse,170.86878830171952,280,lower
historical-uncontrolled-reference,additive,historical,,division:2026hop,raw_pred_red_win_probability,mean_bias,-115.92604657669798,280,lower
historical-uncontrolled-reference,additive,historical,,division:2026hop,raw_pred_red_win_probability,relative_bias,-0.2513574296979575,280,lower
historical-uncontrolled-reference,additive,historical,,division:2026hop,transferred_platt_red_win_probability,alliance_score_rmse,170.86878830171952,280,lower
historical-uncontrolled-reference,additive,historical,,division:2026hop,transferred_platt_red_win_probability,mean_bias,-115.92604657669798,280,lower
historical-uncontrolled-reference,additive,historical,,division:2026hop,transferred_platt_red_win_probability,relative_bias,-0.2513574296979575,280,lower
historical-uncontrolled-reference,additive,historical,,division:2026hop,transferred_score_red_win_probability,alliance_score_rmse,170.86878830171952,280,lower
historical-uncontrolled-reference,additive,historical,,division:2026hop,transferred_score_red_win_probability,mean_bias,-115.92604657669798,280,lower
historical-uncontrolled-reference,additive,historical,,division:2026hop,transferred_score_red_win_probability,relative_bias,-0.2513574296979575,280,lower
historical-uncontrolled-reference,additive,historical,,division:2026joh,raw_pred_red_win_probability,alliance_score_rmse,141.96839075911714,280,lower
historical-uncontrolled-reference,additive,historical,,division:2026joh,raw_pred_red_win_probability,mean_bias,-74.34696974361131,280,lower
historical-uncontrolled-reference,additive,historical,,division:2026joh,raw_pred_red_win_probability,relative_bias,-0.17907227121041863,280,lower
historical-uncontrolled-reference,additive,historical,,division:2026joh,transferred_platt_red_win_probability,alliance_score_rmse,141.96839075911714,280,lower
historical-uncontrolled-reference,additive,historical,,division:2026joh,transferred_platt_red_win_probability,mean_bias,-74.34696974361131,280,lower
historical-uncontrolled-reference,additive,historical,,division:2026joh,transferred_platt_red_win_probability,relative_bias,-0.17907227121041863,280,lower
historical-uncontrolled-reference,additive,historical,,division:2026joh,transferred_score_red_win_probability,alliance_score_rmse,141.96839075911714,280,lower
historical-uncontrolled-reference,additive,historical,,division:2026joh,transferred_score_red_win_probability,mean_bias,-74.34696974361131,280,lower
historical-uncontrolled-reference,additive,historical,,division:2026joh,transferred_score_red_win_probability,relative_bias,-0.17907227121041863,280,lower
historical-uncontrolled-reference,additive,historical,,division:2026mil,raw_pred_red_win_probability,alliance_score_rmse,124.00818334995019,278,lower
historical-uncontrolled-reference,additive,historical,,division:2026mil,raw_pred_red_win_probability,mean_bias,-73.21573014314458,278,lower
historical-uncontrolled-reference,additive,historical,,division:2026mil,raw_pred_red_win_probability,relative_bias,-0.17785094002126975,278,lower
historical-uncontrolled-reference,additive,historical,,division:2026mil,transferred_platt_red_win_probability,alliance_score_rmse,124.00818334995019,278,lower
historical-uncontrolled-reference,additive,historical,,division:2026mil,transferred_platt_red_win_probability,mean_bias,-73.21573014314458,278,lower
historical-uncontrolled-reference,additive,historical,,division:2026mil,transferred_platt_red_win_probability,relative_bias,-0.17785094002126975,278,lower
historical-uncontrolled-reference,additive,historical,,division:2026mil,transferred_score_red_win_probability,alliance_score_rmse,124.00818334995019,278,lower
historical-uncontrolled-reference,additive,historical,,division:2026mil,transferred_score_red_win_probability,mean_bias,-73.21573014314458,278,lower
historical-uncontrolled-reference,additive,historical,,division:2026mil,transferred_score_red_win_probability,relative_bias,-0.17785094002126975,278,lower
historical-uncontrolled-reference,additive,historical,,division:2026new,raw_pred_red_win_probability,alliance_score_rmse,164.05453565439896,280,lower
historical-uncontrolled-reference,additive,historical,,division:2026new,raw_pred_red_win_probability,mean_bias,-119.26805438285238,280,lower
historical-uncontrolled-reference,additive,historical,,division:2026new,raw_pred_red_win_probability,relative_bias,-0.2523638448654389,280,lower
historical-uncontrolled-reference,additive,historical,,division:2026new,transferred_platt_red_win_probability,alliance_score_rmse,164.05453565439896,280,lower
historical-uncontrolled-reference,additive,historical,,division:2026new,transferred_platt_red_win_probability,mean_bias,-119.26805438285238,280,lower
historical-uncontrolled-reference,additive,historical,,division:2026new,transferred_platt_red_win_probability,relative_bias,-0.2523638448654389,280,lower
historical-uncontrolled-reference,additive,historical,,division:2026new,transferred_score_red_win_probability,alliance_score_rmse,164.05453565439896,280,lower
historical-uncontrolled-reference,additive,historical,,division:2026new,transferred_score_red_win_probability,mean_bias,-119.26805438285238,280,lower
historical-uncontrolled-reference,additive,historical,,division:2026new,transferred_score_red_win_probability,relative_bias,-0.2523638448654389,280,lower
historical-uncontrolled-reference,additive,historical,,observation:high,raw_pred_red_win_probability,alliance_score_rmse,149.83453508680608,2134,lower
historical-uncontrolled-reference,additive,historical,,observation:high,raw_pred_red_win_probability,mean_bias,-94.3668973510951,2134,lower
historical-uncontrolled-reference,additive,historical,,observation:high,raw_pred_red_win_probability,relative_bias,-0.21621103601807704,2134,lower
historical-uncontrolled-reference,additive,historical,,observation:high,transferred_platt_red_win_probability,alliance_score_rmse,149.83453508680608,2134,lower
historical-uncontrolled-reference,additive,historical,,observation:high,transferred_platt_red_win_probability,mean_bias,-94.3668973510951,2134,lower
historical-uncontrolled-reference,additive,historical,,observation:high,transferred_platt_red_win_probability,relative_bias,-0.21621103601807704,2134,lower
historical-uncontrolled-reference,additive,historical,,observation:high,transferred_score_red_win_probability,alliance_score_rmse,149.83453508680608,2134,lower
historical-uncontrolled-reference,additive,historical,,observation:high,transferred_score_red_win_probability,mean_bias,-94.3668973510951,2134,lower
historical-uncontrolled-reference,additive,historical,,observation:high,transferred_score_red_win_probability,relative_bias,-0.21621103601807704,2134,lower
historical-uncontrolled-reference,additive,historical,,observation:low,raw_pred_red_win_probability,alliance_score_rmse,192.59267614468266,4,lower
historical-uncontrolled-reference,additive,historical,,observation:low,raw_pred_red_win_probability,mean_bias,-131.88106094628995,4,lower
historical-uncontrolled-reference,additive,historical,,observation:low,raw_pred_red_win_probability,relative_bias,-0.3512145431325964,4,lower
historical-uncontrolled-reference,additive,historical,,observation:low,transferred_platt_red_win_probability,alliance_score_rmse,192.59267614468266,4,lower
historical-uncontrolled-reference,additive,historical,,observation:low,transferred_platt_red_win_probability,mean_bias,-131.88106094628995,4,lower
historical-uncontrolled-reference,additive,historical,,observation:low,transferred_platt_red_win_probability,relative_bias,-0.3512145431325964,4,lower
historical-uncontrolled-reference,additive,historical,,observation:low,transferred_score_red_win_probability,alliance_score_rmse,192.59267614468266,4,lower
historical-uncontrolled-reference,additive,historical,,observation:low,transferred_score_red_win_probability,mean_bias,-131.88106094628995,4,lower
historical-uncontrolled-reference,additive,historical,,observation:low,transferred_score_red_win_probability,relative_bias,-0.3512145431325964,4,lower
historical-uncontrolled-reference,additive,historical,,observation:medium,raw_pred_red_win_probability,alliance_score_rmse,171.99776365979707,100,lower
historical-uncontrolled-reference,additive,historical,,observation:medium,raw_pred_red_win_probability,mean_bias,-107.19302235633036,100,lower
historical-uncontrolled-reference,additive,historical,,observation:medium,raw_pred_red_win_probability,relative_bias,-0.2784957712557297,100,lower
historical-uncontrolled-reference,additive,historical,,observation:medium,transferred_platt_red_win_probability,alliance_score_rmse,171.99776365979707,100,lower
historical-uncontrolled-reference,additive,historical,,observation:medium,transferred_platt_red_win_probability,mean_bias,-107.19302235633036,100,lower
historical-uncontrolled-reference,additive,historical,,observation:medium,transferred_platt_red_win_probability,relative_bias,-0.2784957712557297,100,lower
historical-uncontrolled-reference,additive,historical,,observation:medium,transferred_score_red_win_probability,alliance_score_rmse,171.99776365979707,100,lower
historical-uncontrolled-reference,additive,historical,,observation:medium,transferred_score_red_win_probability,mean_bias,-107.19302235633036,100,lower
historical-uncontrolled-reference,additive,historical,,observation:medium,transferred_score_red_win_probability,relative_bias,-0.2784957712557297,100,lower
historical-uncontrolled-reference,full-match,historical,,primary-clean,raw_pred_red_win_probability,alliance_score_rmse,133.82217192415598,2216,lower
historical-uncontrolled-reference,full-match,historical,,primary-clean,raw_pred_red_win_probability,mean_bias,-67.31604729691338,2216,lower
historical-uncontrolled-reference,full-match,historical,,primary-clean,raw_pred_red_win_probability,relative_bias,-0.1548737273343183,2216,lower
historical-uncontrolled-reference,full-match,historical,,primary-clean,transferred_platt_red_win_probability,alliance_score_rmse,133.82217192415598,2216,lower
historical-uncontrolled-reference,full-match,historical,,primary-clean,transferred_platt_red_win_probability,mean_bias,-67.31604729691338,2216,lower
historical-uncontrolled-reference,full-match,historical,,primary-clean,transferred_platt_red_win_probability,relative_bias,-0.1548737273343183,2216,lower
historical-uncontrolled-reference,full-match,historical,,primary-clean,transferred_score_red_win_probability,alliance_score_rmse,133.82217192415598,2216,lower
historical-uncontrolled-reference,full-match,historical,,primary-clean,transferred_score_red_win_probability,mean_bias,-67.31604729691338,2216,lower
historical-uncontrolled-reference,full-match,historical,,primary-clean,transferred_score_red_win_probability,relative_bias,-0.1548737273343183,2216,lower
historical-uncontrolled-reference,full-match,historical,,all-official,raw_pred_red_win_probability,alliance_score_rmse,133.90853661190283,2238,lower
historical-uncontrolled-reference,full-match,historical,,all-official,raw_pred_red_win_probability,mean_bias,-66.86598177807355,2238,lower
historical-uncontrolled-reference,full-match,historical,,all-official,raw_pred_red_win_probability,relative_bias,-0.15405322178824676,2238,lower
historical-uncontrolled-reference,full-match,historical,,all-official,transferred_platt_red_win_probability,alliance_score_rmse,133.90853661190283,2238,lower
historical-uncontrolled-reference,full-match,historical,,all-official,transferred_platt_red_win_probability,mean_bias,-66.86598177807355,2238,lower
historical-uncontrolled-reference,full-match,historical,,all-official,transferred_platt_red_win_probability,relative_bias,-0.15405322178824676,2238,lower
historical-uncontrolled-reference,full-match,historical,,all-official,transferred_score_red_win_probability,alliance_score_rmse,133.90853661190283,2238,lower
historical-uncontrolled-reference,full-match,historical,,all-official,transferred_score_red_win_probability,mean_bias,-66.86598177807355,2238,lower
historical-uncontrolled-reference,full-match,historical,,all-official,transferred_score_red_win_probability,relative_bias,-0.15405322178824676,2238,lower
historical-uncontrolled-reference,full-match,historical,,DQ-only,raw_pred_red_win_probability,alliance_score_rmse,142.33959544073528,22,lower
historical-uncontrolled-reference,full-match,historical,,DQ-only,raw_pred_red_win_probability,mean_bias,-21.53210951675268,22,lower
historical-uncontrolled-reference,full-match,historical,,DQ-only,raw_pred_red_win_probability,relative_bias,-0.05773387073352334,22,lower
historical-uncontrolled-reference,full-match,historical,,DQ-only,transferred_platt_red_win_probability,alliance_score_rmse,142.33959544073528,22,lower
historical-uncontrolled-reference,full-match,historical,,DQ-only,transferred_platt_red_win_probability,mean_bias,-21.53210951675268,22,lower
historical-uncontrolled-reference,full-match,historical,,DQ-only,transferred_platt_red_win_probability,relative_bias,-0.05773387073352334,22,lower
historical-uncontrolled-reference,full-match,historical,,DQ-only,transferred_score_red_win_probability,alliance_score_rmse,142.33959544073528,22,lower
historical-uncontrolled-reference,full-match,historical,,DQ-only,transferred_score_red_win_probability,mean_bias,-21.53210951675268,22,lower
historical-uncontrolled-reference,full-match,historical,,DQ-only,transferred_score_red_win_probability,relative_bias,-0.05773387073352334,22,lower
historical-uncontrolled-reference,full-match,historical,,surrogate-only,raw_pred_red_win_probability,alliance_score_rmse,113.27333177926786,12,lower
historical-uncontrolled-reference,full-match,historical,,surrogate-only,raw_pred_red_win_probability,mean_bias,-49.0599444211785,12,lower
historical-uncontrolled-reference,full-match,historical,,surrogate-only,raw_pred_red_win_probability,relative_bias,-0.12679718566748696,12,lower
historical-uncontrolled-reference,full-match,historical,,surrogate-only,transferred_platt_red_win_probability,alliance_score_rmse,113.27333177926786,12,lower
historical-uncontrolled-reference,full-match,historical,,surrogate-only,transferred_platt_red_win_probability,mean_bias,-49.0599444211785,12,lower
historical-uncontrolled-reference,full-match,historical,,surrogate-only,transferred_platt_red_win_probability,relative_bias,-0.12679718566748696,12,lower
historical-uncontrolled-reference,full-match,historical,,surrogate-only,transferred_score_red_win_probability,alliance_score_rmse,113.27333177926786,12,lower
historical-uncontrolled-reference,full-match,historical,,surrogate-only,transferred_score_red_win_probability,mean_bias,-49.0599444211785,12,lower
historical-uncontrolled-reference,full-match,historical,,surrogate-only,transferred_score_red_win_probability,relative_bias,-0.12679718566748696,12,lower
historical-uncontrolled-reference,full-match,historical,,division:2026arc,raw_pred_red_win_probability,alliance_score_rmse,136.44484689429885,282,lower
historical-uncontrolled-reference,full-match,historical,,division:2026arc,raw_pred_red_win_probability,mean_bias,-64.09980597997983,282,lower
historical-uncontrolled-reference,full-match,historical,,division:2026arc,raw_pred_red_win_probability,relative_bias,-0.14419848500553872,282,lower
historical-uncontrolled-reference,full-match,historical,,division:2026arc,transferred_platt_red_win_probability,alliance_score_rmse,136.44484689429885,282,lower
historical-uncontrolled-reference,full-match,historical,,division:2026arc,transferred_platt_red_win_probability,mean_bias,-64.09980597997983,282,lower
historical-uncontrolled-reference,full-match,historical,,division:2026arc,transferred_platt_red_win_probability,relative_bias,-0.14419848500553872,282,lower
historical-uncontrolled-reference,full-match,historical,,division:2026arc,transferred_score_red_win_probability,alliance_score_rmse,136.44484689429885,282,lower
historical-uncontrolled-reference,full-match,historical,,division:2026arc,transferred_score_red_win_probability,mean_bias,-64.09980597997983,282,lower
historical-uncontrolled-reference,full-match,historical,,division:2026arc,transferred_score_red_win_probability,relative_bias,-0.14419848500553872,282,lower
historical-uncontrolled-reference,full-match,historical,,division:2026cur,raw_pred_red_win_probability,alliance_score_rmse,125.26008087103428,278,lower
historical-uncontrolled-reference,full-match,historical,,division:2026cur,raw_pred_red_win_probability,mean_bias,-59.76957434285184,278,lower
historical-uncontrolled-reference,full-match,historical,,division:2026cur,raw_pred_red_win_probability,relative_bias,-0.1377635862709582,278,lower
historical-uncontrolled-reference,full-match,historical,,division:2026cur,transferred_platt_red_win_probability,alliance_score_rmse,125.26008087103428,278,lower
historical-uncontrolled-reference,full-match,historical,,division:2026cur,transferred_platt_red_win_probability,mean_bias,-59.76957434285184,278,lower
historical-uncontrolled-reference,full-match,historical,,division:2026cur,transferred_platt_red_win_probability,relative_bias,-0.1377635862709582,278,lower
historical-uncontrolled-reference,full-match,historical,,division:2026cur,transferred_score_red_win_probability,alliance_score_rmse,125.26008087103428,278,lower
historical-uncontrolled-reference,full-match,historical,,division:2026cur,transferred_score_red_win_probability,mean_bias,-59.76957434285184,278,lower
historical-uncontrolled-reference,full-match,historical,,division:2026cur,transferred_score_red_win_probability,relative_bias,-0.1377635862709582,278,lower
historical-uncontrolled-reference,full-match,historical,,division:2026dal,raw_pred_red_win_probability,alliance_score_rmse,121.36325662641065,280,lower
historical-uncontrolled-reference,full-match,historical,,division:2026dal,raw_pred_red_win_probability,mean_bias,-41.04089842964069,280,lower
historical-uncontrolled-reference,full-match,historical,,division:2026dal,raw_pred_red_win_probability,relative_bias,-0.10066621896998261,280,lower
historical-uncontrolled-reference,full-match,historical,,division:2026dal,transferred_platt_red_win_probability,alliance_score_rmse,121.36325662641065,280,lower
historical-uncontrolled-reference,full-match,historical,,division:2026dal,transferred_platt_red_win_probability,mean_bias,-41.04089842964069,280,lower
historical-uncontrolled-reference,full-match,historical,,division:2026dal,transferred_platt_red_win_probability,relative_bias,-0.10066621896998261,280,lower
historical-uncontrolled-reference,full-match,historical,,division:2026dal,transferred_score_red_win_probability,alliance_score_rmse,121.36325662641065,280,lower
historical-uncontrolled-reference,full-match,historical,,division:2026dal,transferred_score_red_win_probability,mean_bias,-41.04089842964069,280,lower
historical-uncontrolled-reference,full-match,historical,,division:2026dal,transferred_score_red_win_probability,relative_bias,-0.10066621896998261,280,lower
historical-uncontrolled-reference,full-match,historical,,division:2026gal,raw_pred_red_win_probability,alliance_score_rmse,142.8236477847375,280,lower
historical-uncontrolled-reference,full-match,historical,,division:2026gal,raw_pred_red_win_probability,mean_bias,-82.52374384075144,280,lower
historical-uncontrolled-reference,full-match,historical,,division:2026gal,raw_pred_red_win_probability,relative_bias,-0.1939925638724417,280,lower
historical-uncontrolled-reference,full-match,historical,,division:2026gal,transferred_platt_red_win_probability,alliance_score_rmse,142.8236477847375,280,lower
historical-uncontrolled-reference,full-match,historical,,division:2026gal,transferred_platt_red_win_probability,mean_bias,-82.52374384075144,280,lower
historical-uncontrolled-reference,full-match,historical,,division:2026gal,transferred_platt_red_win_probability,relative_bias,-0.1939925638724417,280,lower
historical-uncontrolled-reference,full-match,historical,,division:2026gal,transferred_score_red_win_probability,alliance_score_rmse,142.8236477847375,280,lower
historical-uncontrolled-reference,full-match,historical,,division:2026gal,transferred_score_red_win_probability,mean_bias,-82.52374384075144,280,lower
historical-uncontrolled-reference,full-match,historical,,division:2026gal,transferred_score_red_win_probability,relative_bias,-0.1939925638724417,280,lower
historical-uncontrolled-reference,full-match,historical,,division:2026hop,raw_pred_red_win_probability,alliance_score_rmse,150.30953713221461,280,lower
historical-uncontrolled-reference,full-match,historical,,division:2026hop,raw_pred_red_win_probability,mean_bias,-90.54842199225702,280,lower
historical-uncontrolled-reference,full-match,historical,,division:2026hop,raw_pred_red_win_probability,relative_bias,-0.1963322246146076,280,lower
historical-uncontrolled-reference,full-match,historical,,division:2026hop,transferred_platt_red_win_probability,alliance_score_rmse,150.30953713221461,280,lower
historical-uncontrolled-reference,full-match,historical,,division:2026hop,transferred_platt_red_win_probability,mean_bias,-90.54842199225702,280,lower
historical-uncontrolled-reference,full-match,historical,,division:2026hop,transferred_platt_red_win_probability,relative_bias,-0.1963322246146076,280,lower
historical-uncontrolled-reference,full-match,historical,,division:2026hop,transferred_score_red_win_probability,alliance_score_rmse,150.30953713221461,280,lower
historical-uncontrolled-reference,full-match,historical,,division:2026hop,transferred_score_red_win_probability,mean_bias,-90.54842199225702,280,lower
historical-uncontrolled-reference,full-match,historical,,division:2026hop,transferred_score_red_win_probability,relative_bias,-0.1963322246146076,280,lower
historical-uncontrolled-reference,full-match,historical,,division:2026joh,raw_pred_red_win_probability,alliance_score_rmse,129.44942096486432,280,lower
historical-uncontrolled-reference,full-match,historical,,division:2026joh,raw_pred_red_win_probability,mean_bias,-47.33024535274889,280,lower
historical-uncontrolled-reference,full-match,historical,,division:2026joh,raw_pred_red_win_probability,relative_bias,-0.11399973074210484,280,lower
historical-uncontrolled-reference,full-match,historical,,division:2026joh,transferred_platt_red_win_probability,alliance_score_rmse,129.44942096486432,280,lower
historical-uncontrolled-reference,full-match,historical,,division:2026joh,transferred_platt_red_win_probability,mean_bias,-47.33024535274889,280,lower
historical-uncontrolled-reference,full-match,historical,,division:2026joh,transferred_platt_red_win_probability,relative_bias,-0.11399973074210484,280,lower
historical-uncontrolled-reference,full-match,historical,,division:2026joh,transferred_score_red_win_probability,alliance_score_rmse,129.44942096486432,280,lower
historical-uncontrolled-reference,full-match,historical,,division:2026joh,transferred_score_red_win_probability,mean_bias,-47.33024535274889,280,lower
historical-uncontrolled-reference,full-match,historical,,division:2026joh,transferred_score_red_win_probability,relative_bias,-0.11399973074210484,280,lower
historical-uncontrolled-reference,full-match,historical,,division:2026mil,raw_pred_red_win_probability,alliance_score_rmse,121.45934994124664,278,lower
historical-uncontrolled-reference,full-match,historical,,division:2026mil,raw_pred_red_win_probability,mean_bias,-66.00018834938392,278,lower
historical-uncontrolled-reference,full-match,historical,,division:2026mil,raw_pred_red_win_probability,relative_bias,-0.16032341023669855,278,lower
historical-uncontrolled-reference,full-match,historical,,division:2026mil,transferred_platt_red_win_probability,alliance_score_rmse,121.45934994124664,278,lower
historical-uncontrolled-reference,full-match,historical,,division:2026mil,transferred_platt_red_win_probability,mean_bias,-66.00018834938392,278,lower
historical-uncontrolled-reference,full-match,historical,,division:2026mil,transferred_platt_red_win_probability,relative_bias,-0.16032341023669855,278,lower
historical-uncontrolled-reference,full-match,historical,,division:2026mil,transferred_score_red_win_probability,alliance_score_rmse,121.45934994124664,278,lower
historical-uncontrolled-reference,full-match,historical,,division:2026mil,transferred_score_red_win_probability,mean_bias,-66.00018834938392,278,lower
historical-uncontrolled-reference,full-match,historical,,division:2026mil,transferred_score_red_win_probability,relative_bias,-0.16032341023669855,278,lower
historical-uncontrolled-reference,full-match,historical,,division:2026new,raw_pred_red_win_probability,alliance_score_rmse,140.96436332277867,280,lower
historical-uncontrolled-reference,full-match,historical,,division:2026new,raw_pred_red_win_probability,mean_bias,-83.57786147221891,280,lower
historical-uncontrolled-reference,full-match,historical,,division:2026new,raw_pred_red_win_probability,relative_bias,-0.17684559856283424,280,lower
historical-uncontrolled-reference,full-match,historical,,division:2026new,transferred_platt_red_win_probability,alliance_score_rmse,140.96436332277867,280,lower
historical-uncontrolled-reference,full-match,historical,,division:2026new,transferred_platt_red_win_probability,mean_bias,-83.57786147221891,280,lower
historical-uncontrolled-reference,full-match,historical,,division:2026new,transferred_platt_red_win_probability,relative_bias,-0.17684559856283424,280,lower
historical-uncontrolled-reference,full-match,historical,,division:2026new,transferred_score_red_win_probability,alliance_score_rmse,140.96436332277867,280,lower
historical-uncontrolled-reference,full-match,historical,,division:2026new,transferred_score_red_win_probability,mean_bias,-83.57786147221891,280,lower
historical-uncontrolled-reference,full-match,historical,,division:2026new,transferred_score_red_win_probability,relative_bias,-0.17684559856283424,280,lower
historical-uncontrolled-reference,full-match,historical,,observation:high,raw_pred_red_win_probability,alliance_score_rmse,133.50102347612386,2134,lower
historical-uncontrolled-reference,full-match,historical,,observation:high,raw_pred_red_win_probability,mean_bias,-66.81375130786954,2134,lower
historical-uncontrolled-reference,full-match,historical,,observation:high,raw_pred_red_win_probability,relative_bias,-0.15308196831757956,2134,lower
historical-uncontrolled-reference,full-match,historical,,observation:high,transferred_platt_red_win_probability,alliance_score_rmse,133.50102347612386,2134,lower
historical-uncontrolled-reference,full-match,historical,,observation:high,transferred_platt_red_win_probability,mean_bias,-66.81375130786954,2134,lower
historical-uncontrolled-reference,full-match,historical,,observation:high,transferred_platt_red_win_probability,relative_bias,-0.15308196831757956,2134,lower
historical-uncontrolled-reference,full-match,historical,,observation:high,transferred_score_red_win_probability,alliance_score_rmse,133.50102347612386,2134,lower
historical-uncontrolled-reference,full-match,historical,,observation:high,transferred_score_red_win_probability,mean_bias,-66.81375130786954,2134,lower
historical-uncontrolled-reference,full-match,historical,,observation:high,transferred_score_red_win_probability,relative_bias,-0.15308196831757956,2134,lower
historical-uncontrolled-reference,full-match,historical,,observation:low,raw_pred_red_win_probability,alliance_score_rmse,111.44449943193393,4,lower
historical-uncontrolled-reference,full-match,historical,,observation:low,raw_pred_red_win_probability,mean_bias,-25.192348797529355,4,lower
historical-uncontrolled-reference,full-match,historical,,observation:low,raw_pred_red_win_probability,relative_bias,-0.06709014326905288,4,lower
historical-uncontrolled-reference,full-match,historical,,observation:low,transferred_platt_red_win_probability,alliance_score_rmse,111.44449943193393,4,lower
historical-uncontrolled-reference,full-match,historical,,observation:low,transferred_platt_red_win_probability,mean_bias,-25.192348797529355,4,lower
historical-uncontrolled-reference,full-match,historical,,observation:low,transferred_platt_red_win_probability,relative_bias,-0.06709014326905288,4,lower
historical-uncontrolled-reference,full-match,historical,,observation:low,transferred_score_red_win_probability,alliance_score_rmse,111.44449943193393,4,lower
historical-uncontrolled-reference,full-match,historical,,observation:low,transferred_score_red_win_probability,mean_bias,-25.192348797529355,4,lower
historical-uncontrolled-reference,full-match,historical,,observation:low,transferred_score_red_win_probability,relative_bias,-0.06709014326905288,4,lower
historical-uncontrolled-reference,full-match,historical,,observation:medium,raw_pred_red_win_probability,alliance_score_rmse,143.09941590057835,100,lower
historical-uncontrolled-reference,full-match,historical,,observation:medium,raw_pred_red_win_probability,mean_bias,-69.64752533144882,100,lower
historical-uncontrolled-reference,full-match,historical,,observation:medium,raw_pred_red_win_probability,relative_bias,-0.18094966311106475,100,lower
historical-uncontrolled-reference,full-match,historical,,observation:medium,transferred_platt_red_win_probability,alliance_score_rmse,143.09941590057835,100,lower
historical-uncontrolled-reference,full-match,historical,,observation:medium,transferred_platt_red_win_probability,mean_bias,-69.64752533144882,100,lower
historical-uncontrolled-reference,full-match,historical,,observation:medium,transferred_platt_red_win_probability,relative_bias,-0.18094966311106475,100,lower
historical-uncontrolled-reference,full-match,historical,,observation:medium,transferred_score_red_win_probability,alliance_score_rmse,143.09941590057835,100,lower
historical-uncontrolled-reference,full-match,historical,,observation:medium,transferred_score_red_win_probability,mean_bias,-69.64752533144882,100,lower
historical-uncontrolled-reference,full-match,historical,,observation:medium,transferred_score_red_win_probability,relative_bias,-0.18094966311106475,100,lower
historical-uncontrolled-reference,mean,historical,,primary-clean,raw_pred_red_win_probability,alliance_score_rmse,297.82222213841067,2216,lower
historical-uncontrolled-reference,mean,historical,,primary-clean,raw_pred_red_win_probability,mean_bias,-256.09805801125407,2216,lower
historical-uncontrolled-reference,mean,historical,,primary-clean,raw_pred_red_win_probability,relative_bias,-0.5892036505402782,2216,lower
historical-uncontrolled-reference,mean,historical,,primary-clean,transferred_platt_red_win_probability,alliance_score_rmse,297.82222213841067,2216,lower
historical-uncontrolled-reference,mean,historical,,primary-clean,transferred_platt_red_win_probability,mean_bias,-256.09805801125407,2216,lower
historical-uncontrolled-reference,mean,historical,,primary-clean,transferred_platt_red_win_probability,relative_bias,-0.5892036505402782,2216,lower
historical-uncontrolled-reference,mean,historical,,primary-clean,transferred_score_red_win_probability,alliance_score_rmse,297.82222213841067,2216,lower
historical-uncontrolled-reference,mean,historical,,primary-clean,transferred_score_red_win_probability,mean_bias,-256.09805801125407,2216,lower
historical-uncontrolled-reference,mean,historical,,primary-clean,transferred_score_red_win_probability,relative_bias,-0.5892036505402782,2216,lower
historical-uncontrolled-reference,mean,historical,,all-official,raw_pred_red_win_probability,alliance_score_rmse,297.3584971532707,2238,lower
historical-uncontrolled-reference,mean,historical,,all-official,raw_pred_red_win_probability,mean_bias,-255.49156747851302,2238,lower
historical-uncontrolled-reference,mean,historical,,all-official,raw_pred_red_win_probability,relative_bias,-0.5886296448981586,2238,lower
historical-uncontrolled-reference,mean,historical,,all-official,transferred_platt_red_win_probability,alliance_score_rmse,297.3584971532707,2238,lower
historical-uncontrolled-reference,mean,historical,,all-official,transferred_platt_red_win_probability,mean_bias,-255.49156747851302,2238,lower
historical-uncontrolled-reference,mean,historical,,all-official,transferred_platt_red_win_probability,relative_bias,-0.5886296448981586,2238,lower
historical-uncontrolled-reference,mean,historical,,all-official,transferred_score_red_win_probability,alliance_score_rmse,297.3584971532707,2238,lower
historical-uncontrolled-reference,mean,historical,,all-official,transferred_score_red_win_probability,mean_bias,-255.49156747851302,2238,lower
historical-uncontrolled-reference,mean,historical,,all-official,transferred_score_red_win_probability,relative_bias,-0.5886296448981586,2238,lower
historical-uncontrolled-reference,mean,historical,,DQ-only,raw_pred_red_win_probability,alliance_score_rmse,246.21399515833036,22,lower
historical-uncontrolled-reference,mean,historical,,DQ-only,raw_pred_red_win_probability,mean_bias,-194.40143018060098,22,lower
historical-uncontrolled-reference,mean,historical,,DQ-only,raw_pred_red_win_probability,relative_bias,-0.5212469791557857,22,lower
historical-uncontrolled-reference,mean,historical,,DQ-only,transferred_platt_red_win_probability,alliance_score_rmse,246.21399515833036,22,lower
historical-uncontrolled-reference,mean,historical,,DQ-only,transferred_platt_red_win_probability,mean_bias,-194.40143018060098,22,lower
historical-uncontrolled-reference,mean,historical,,DQ-only,transferred_platt_red_win_probability,relative_bias,-0.5212469791557857,22,lower
historical-uncontrolled-reference,mean,historical,,DQ-only,transferred_score_red_win_probability,alliance_score_rmse,246.21399515833036,22,lower
historical-uncontrolled-reference,mean,historical,,DQ-only,transferred_score_red_win_probability,mean_bias,-194.40143018060098,22,lower
historical-uncontrolled-reference,mean,historical,,DQ-only,transferred_score_red_win_probability,relative_bias,-0.5212469791557857,22,lower
historical-uncontrolled-reference,mean,historical,,surrogate-only,raw_pred_red_win_probability,alliance_score_rmse,256.96110807999065,12,lower
historical-uncontrolled-reference,mean,historical,,surrogate-only,raw_pred_red_win_probability,mean_bias,-208.3635513927222,12,lower
historical-uncontrolled-reference,mean,historical,,surrogate-only,raw_pred_red_win_probability,relative_bias,-0.5385230705820948,12,lower
historical-uncontrolled-reference,mean,historical,,surrogate-only,transferred_platt_red_win_probability,alliance_score_rmse,256.96110807999065,12,lower
historical-uncontrolled-reference,mean,historical,,surrogate-only,transferred_platt_red_win_probability,mean_bias,-208.3635513927222,12,lower
historical-uncontrolled-reference,mean,historical,,surrogate-only,transferred_platt_red_win_probability,relative_bias,-0.5385230705820948,12,lower
historical-uncontrolled-reference,mean,historical,,surrogate-only,transferred_score_red_win_probability,alliance_score_rmse,256.96110807999065,12,lower
historical-uncontrolled-reference,mean,historical,,surrogate-only,transferred_score_red_win_probability,mean_bias,-208.3635513927222,12,lower
historical-uncontrolled-reference,mean,historical,,surrogate-only,transferred_score_red_win_probability,relative_bias,-0.5385230705820948,12,lower
historical-uncontrolled-reference,mean,historical,,division:2026arc,raw_pred_red_win_probability,alliance_score_rmse,304.58106868610787,282,lower
historical-uncontrolled-reference,mean,historical,,division:2026arc,raw_pred_red_win_probability,mean_bias,-265.97170742109097,282,lower
historical-uncontrolled-reference,mean,historical,,division:2026arc,raw_pred_red_win_probability,relative_bias,-0.5983281334180067,282,lower
historical-uncontrolled-reference,mean,historical,,division:2026arc,transferred_platt_red_win_probability,alliance_score_rmse,304.58106868610787,282,lower
historical-uncontrolled-reference,mean,historical,,division:2026arc,transferred_platt_red_win_probability,mean_bias,-265.97170742109097,282,lower
historical-uncontrolled-reference,mean,historical,,division:2026arc,transferred_platt_red_win_probability,relative_bias,-0.5983281334180067,282,lower
historical-uncontrolled-reference,mean,historical,,division:2026arc,transferred_score_red_win_probability,alliance_score_rmse,304.58106868610787,282,lower
historical-uncontrolled-reference,mean,historical,,division:2026arc,transferred_score_red_win_probability,mean_bias,-265.97170742109097,282,lower
historical-uncontrolled-reference,mean,historical,,division:2026arc,transferred_score_red_win_probability,relative_bias,-0.5983281334180067,282,lower
historical-uncontrolled-reference,mean,historical,,division:2026cur,raw_pred_red_win_probability,alliance_score_rmse,295.8820300872496,278,lower
historical-uncontrolled-reference,mean,historical,,division:2026cur,raw_pred_red_win_probability,mean_bias,-255.30299983396924,278,lower
historical-uncontrolled-reference,mean,historical,,division:2026cur,raw_pred_red_win_probability,relative_bias,-0.5884508502789394,278,lower
historical-uncontrolled-reference,mean,historical,,division:2026cur,transferred_platt_red_win_probability,alliance_score_rmse,295.8820300872496,278,lower
historical-uncontrolled-reference,mean,historical,,division:2026cur,transferred_platt_red_win_probability,mean_bias,-255.30299983396924,278,lower
historical-uncontrolled-reference,mean,historical,,division:2026cur,transferred_platt_red_win_probability,relative_bias,-0.5884508502789394,278,lower
historical-uncontrolled-reference,mean,historical,,division:2026cur,transferred_score_red_win_probability,alliance_score_rmse,295.8820300872496,278,lower
historical-uncontrolled-reference,mean,historical,,division:2026cur,transferred_score_red_win_probability,mean_bias,-255.30299983396924,278,lower
historical-uncontrolled-reference,mean,historical,,division:2026cur,transferred_score_red_win_probability,relative_bias,-0.5884508502789394,278,lower
historical-uncontrolled-reference,mean,historical,,division:2026dal,raw_pred_red_win_probability,alliance_score_rmse,276.645051249477,280,lower
historical-uncontrolled-reference,mean,historical,,division:2026dal,raw_pred_red_win_probability,mean_bias,-229.13974186891267,280,lower
historical-uncontrolled-reference,mean,historical,,division:2026dal,raw_pred_red_win_probability,relative_bias,-0.5620401188157712,280,lower
historical-uncontrolled-reference,mean,historical,,division:2026dal,transferred_platt_red_win_probability,alliance_score_rmse,276.645051249477,280,lower
historical-uncontrolled-reference,mean,historical,,division:2026dal,transferred_platt_red_win_probability,mean_bias,-229.13974186891267,280,lower
historical-uncontrolled-reference,mean,historical,,division:2026dal,transferred_platt_red_win_probability,relative_bias,-0.5620401188157712,280,lower
historical-uncontrolled-reference,mean,historical,,division:2026dal,transferred_score_red_win_probability,alliance_score_rmse,276.645051249477,280,lower
historical-uncontrolled-reference,mean,historical,,division:2026dal,transferred_score_red_win_probability,mean_bias,-229.13974186891267,280,lower
historical-uncontrolled-reference,mean,historical,,division:2026dal,transferred_score_red_win_probability,relative_bias,-0.5620401188157712,280,lower
historical-uncontrolled-reference,mean,historical,,division:2026gal,raw_pred_red_win_probability,alliance_score_rmse,293.5091416243506,280,lower
historical-uncontrolled-reference,mean,historical,,division:2026gal,raw_pred_red_win_probability,mean_bias,-246.84331329748406,280,lower
historical-uncontrolled-reference,mean,historical,,division:2026gal,raw_pred_red_win_probability,relative_bias,-0.5802665389703348,280,lower
historical-uncontrolled-reference,mean,historical,,division:2026gal,transferred_platt_red_win_probability,alliance_score_rmse,293.5091416243506,280,lower
historical-uncontrolled-reference,mean,historical,,division:2026gal,transferred_platt_red_win_probability,mean_bias,-246.84331329748406,280,lower
historical-uncontrolled-reference,mean,historical,,division:2026gal,transferred_platt_red_win_probability,relative_bias,-0.5802665389703348,280,lower
historical-uncontrolled-reference,mean,historical,,division:2026gal,transferred_score_red_win_probability,alliance_score_rmse,293.5091416243506,280,lower
historical-uncontrolled-reference,mean,historical,,division:2026gal,transferred_score_red_win_probability,mean_bias,-246.84331329748406,280,lower
historical-uncontrolled-reference,mean,historical,,division:2026gal,transferred_score_red_win_probability,relative_bias,-0.5802665389703348,280,lower
historical-uncontrolled-reference,mean,historical,,division:2026hop,raw_pred_red_win_probability,alliance_score_rmse,324.0471663723848,280,lower
historical-uncontrolled-reference,mean,historical,,division:2026hop,raw_pred_red_win_probability,mean_bias,-282.6468847260555,280,lower
historical-uncontrolled-reference,mean,historical,,division:2026hop,raw_pred_red_win_probability,relative_bias,-0.6128510076453935,280,lower
historical-uncontrolled-reference,mean,historical,,division:2026hop,transferred_platt_red_win_probability,alliance_score_rmse,324.0471663723848,280,lower
historical-uncontrolled-reference,mean,historical,,division:2026hop,transferred_platt_red_win_probability,mean_bias,-282.6468847260555,280,lower
historical-uncontrolled-reference,mean,historical,,division:2026hop,transferred_platt_red_win_probability,relative_bias,-0.6128510076453935,280,lower
historical-uncontrolled-reference,mean,historical,,division:2026hop,transferred_score_red_win_probability,alliance_score_rmse,324.0471663723848,280,lower
historical-uncontrolled-reference,mean,historical,,division:2026hop,transferred_score_red_win_probability,mean_bias,-282.6468847260555,280,lower
historical-uncontrolled-reference,mean,historical,,division:2026hop,transferred_score_red_win_probability,relative_bias,-0.6128510076453935,280,lower
historical-uncontrolled-reference,mean,historical,,division:2026joh,raw_pred_red_win_probability,alliance_score_rmse,278.1397962440614,280,lower
historical-uncontrolled-reference,mean,historical,,division:2026joh,raw_pred_red_win_probability,mean_bias,-236.62545615462696,280,lower
historical-uncontrolled-reference,mean,historical,,division:2026joh,raw_pred_red_win_probability,relative_bias,-0.5699365825659832,280,lower
historical-uncontrolled-reference,mean,historical,,division:2026joh,transferred_platt_red_win_probability,alliance_score_rmse,278.1397962440614,280,lower
historical-uncontrolled-reference,mean,historical,,division:2026joh,transferred_platt_red_win_probability,mean_bias,-236.62545615462696,280,lower
historical-uncontrolled-reference,mean,historical,,division:2026joh,transferred_platt_red_win_probability,relative_bias,-0.5699365825659832,280,lower
historical-uncontrolled-reference,mean,historical,,division:2026joh,transferred_score_red_win_probability,alliance_score_rmse,278.1397962440614,280,lower
historical-uncontrolled-reference,mean,historical,,division:2026joh,transferred_score_red_win_probability,mean_bias,-236.62545615462696,280,lower
historical-uncontrolled-reference,mean,historical,,division:2026joh,transferred_score_red_win_probability,relative_bias,-0.5699365825659832,280,lower
historical-uncontrolled-reference,mean,historical,,division:2026mil,raw_pred_red_win_probability,alliance_score_rmse,278.4417914109242,278,lower
historical-uncontrolled-reference,mean,historical,,division:2026mil,raw_pred_red_win_probability,mean_bias,-233.115949474257,278,lower
historical-uncontrolled-reference,mean,historical,,division:2026mil,raw_pred_red_win_probability,relative_bias,-0.5662702627821768,278,lower
historical-uncontrolled-reference,mean,historical,,division:2026mil,transferred_platt_red_win_probability,alliance_score_rmse,278.4417914109242,278,lower
historical-uncontrolled-reference,mean,historical,,division:2026mil,transferred_platt_red_win_probability,mean_bias,-233.115949474257,278,lower
historical-uncontrolled-reference,mean,historical,,division:2026mil,transferred_platt_red_win_probability,relative_bias,-0.5662702627821768,278,lower
historical-uncontrolled-reference,mean,historical,,division:2026mil,transferred_score_red_win_probability,alliance_score_rmse,278.4417914109242,278,lower
historical-uncontrolled-reference,mean,historical,,division:2026mil,transferred_score_red_win_probability,mean_bias,-233.115949474257,278,lower
historical-uncontrolled-reference,mean,historical,,division:2026mil,transferred_score_red_win_probability,relative_bias,-0.5662702627821768,278,lower
historical-uncontrolled-reference,mean,historical,,division:2026new,raw_pred_red_win_probability,alliance_score_rmse,323.05951045650755,280,lower
historical-uncontrolled-reference,mean,historical,,division:2026new,raw_pred_red_win_probability,mean_bias,-294.0504561546269,280,lower
historical-uncontrolled-reference,mean,historical,,division:2026new,raw_pred_red_win_probability,relative_bias,-0.6221926238639718,280,lower
historical-uncontrolled-reference,mean,historical,,division:2026new,transferred_platt_red_win_probability,alliance_score_rmse,323.05951045650755,280,lower
historical-uncontrolled-reference,mean,historical,,division:2026new,transferred_platt_red_win_probability,mean_bias,-294.0504561546269,280,lower
historical-uncontrolled-reference,mean,historical,,division:2026new,transferred_platt_red_win_probability,relative_bias,-0.6221926238639718,280,lower
historical-uncontrolled-reference,mean,historical,,division:2026new,transferred_score_red_win_probability,alliance_score_rmse,323.05951045650755,280,lower
historical-uncontrolled-reference,mean,historical,,division:2026new,transferred_score_red_win_probability,mean_bias,-294.0504561546269,280,lower
historical-uncontrolled-reference,mean,historical,,division:2026new,transferred_score_red_win_probability,relative_bias,-0.6221926238639718,280,lower
historical-uncontrolled-reference,mean,historical,,observation:high,raw_pred_red_win_probability,alliance_score_rmse,299.1170759926768,2134,lower
historical-uncontrolled-reference,mean,historical,,observation:high,raw_pred_red_win_probability,mean_bias,-257.9042418019693,2134,lower
historical-uncontrolled-reference,mean,historical,,observation:high,raw_pred_red_win_probability,relative_bias,-0.5909036418353044,2134,lower
historical-uncontrolled-reference,mean,historical,,observation:high,transferred_platt_red_win_probability,alliance_score_rmse,299.1170759926768,2134,lower
historical-uncontrolled-reference,mean,historical,,observation:high,transferred_platt_red_win_probability,mean_bias,-257.9042418019693,2134,lower
historical-uncontrolled-reference,mean,historical,,observation:high,transferred_platt_red_win_probability,relative_bias,-0.5909036418353044,2134,lower
historical-uncontrolled-reference,mean,historical,,observation:high,transferred_score_red_win_probability,alliance_score_rmse,299.1170759926768,2134,lower
historical-uncontrolled-reference,mean,historical,,observation:high,transferred_score_red_win_probability,mean_bias,-257.9042418019693,2134,lower
historical-uncontrolled-reference,mean,historical,,observation:high,transferred_score_red_win_probability,relative_bias,-0.5909036418353044,2134,lower
historical-uncontrolled-reference,mean,historical,,observation:low,raw_pred_red_win_probability,alliance_score_rmse,235.63398070986275,4,lower
historical-uncontrolled-reference,mean,historical,,observation:low,raw_pred_red_win_probability,mean_bias,-196.94688472605554,4,lower
historical-uncontrolled-reference,mean,historical,,observation:low,raw_pred_red_win_probability,relative_bias,-0.5244923694435567,4,lower
historical-uncontrolled-reference,mean,historical,,observation:low,transferred_platt_red_win_probability,alliance_score_rmse,235.63398070986275,4,lower
historical-uncontrolled-reference,mean,historical,,observation:low,transferred_platt_red_win_probability,mean_bias,-196.94688472605554,4,lower
historical-uncontrolled-reference,mean,historical,,observation:low,transferred_platt_red_win_probability,relative_bias,-0.5244923694435567,4,lower
historical-uncontrolled-reference,mean,historical,,observation:low,transferred_score_red_win_probability,alliance_score_rmse,235.63398070986275,4,lower
historical-uncontrolled-reference,mean,historical,,observation:low,transferred_score_red_win_probability,mean_bias,-196.94688472605554,4,lower
historical-uncontrolled-reference,mean,historical,,observation:low,transferred_score_red_win_probability,relative_bias,-0.5244923694435567,4,lower
historical-uncontrolled-reference,mean,historical,,observation:medium,raw_pred_red_win_probability,alliance_score_rmse,259.52542348356303,100,lower
historical-uncontrolled-reference,mean,historical,,observation:medium,raw_pred_red_win_probability,mean_bias,-206.34688472605555,100,lower
historical-uncontrolled-reference,mean,historical,,observation:medium,raw_pred_red_win_probability,relative_bias,-0.5361051824527294,100,lower
historical-uncontrolled-reference,mean,historical,,observation:medium,transferred_platt_red_win_probability,alliance_score_rmse,259.52542348356303,100,lower
historical-uncontrolled-reference,mean,historical,,observation:medium,transferred_platt_red_win_probability,mean_bias,-206.34688472605555,100,lower
historical-uncontrolled-reference,mean,historical,,observation:medium,transferred_platt_red_win_probability,relative_bias,-0.5361051824527294,100,lower
historical-uncontrolled-reference,mean,historical,,observation:medium,transferred_score_red_win_probability,alliance_score_rmse,259.52542348356303,100,lower
historical-uncontrolled-reference,mean,historical,,observation:medium,transferred_score_red_win_probability,mean_bias,-206.34688472605555,100,lower
historical-uncontrolled-reference,mean,historical,,observation:medium,transferred_score_red_win_probability,relative_bias,-0.5361051824527294,100,lower
historical-uncontrolled-reference,ridge,historical,,primary-clean,raw_pred_red_win_probability,alliance_score_rmse,147.83701892860847,2216,lower
historical-uncontrolled-reference,ridge,historical,,primary-clean,raw_pred_red_win_probability,mean_bias,-65.49318605787472,2216,lower
historical-uncontrolled-reference,ridge,historical,,primary-clean,raw_pred_red_win_probability,relative_bias,-0.1506798786780245,2216,lower
historical-uncontrolled-reference,ridge,historical,,primary-clean,transferred_platt_red_win_probability,alliance_score_rmse,147.83701892860847,2216,lower
historical-uncontrolled-reference,ridge,historical,,primary-clean,transferred_platt_red_win_probability,mean_bias,-65.49318605787472,2216,lower
historical-uncontrolled-reference,ridge,historical,,primary-clean,transferred_platt_red_win_probability,relative_bias,-0.1506798786780245,2216,lower
historical-uncontrolled-reference,ridge,historical,,primary-clean,transferred_score_red_win_probability,alliance_score_rmse,147.83701892860847,2216,lower
historical-uncontrolled-reference,ridge,historical,,primary-clean,transferred_score_red_win_probability,mean_bias,-65.49318605787472,2216,lower
historical-uncontrolled-reference,ridge,historical,,primary-clean,transferred_score_red_win_probability,relative_bias,-0.1506798786780245,2216,lower
historical-uncontrolled-reference,ridge,historical,,all-official,raw_pred_red_win_probability,alliance_score_rmse,148.12073212185769,2238,lower
historical-uncontrolled-reference,ridge,historical,,all-official,raw_pred_red_win_probability,mean_bias,-65.1372868135999,2238,lower
historical-uncontrolled-reference,ridge,historical,,all-official,raw_pred_red_win_probability,relative_bias,-0.15007046371478927,2238,lower
historical-uncontrolled-reference,ridge,historical,,all-official,transferred_platt_red_win_probability,alliance_score_rmse,148.12073212185769,2238,lower
historical-uncontrolled-reference,ridge,historical,,all-official,transferred_platt_red_win_probability,mean_bias,-65.1372868135999,2238,lower
historical-uncontrolled-reference,ridge,historical,,all-official,transferred_platt_red_win_probability,relative_bias,-0.15007046371478927,2238,lower
historical-uncontrolled-reference,ridge,historical,,all-official,transferred_score_red_win_probability,alliance_score_rmse,148.12073212185769,2238,lower
historical-uncontrolled-reference,ridge,historical,,all-official,transferred_score_red_win_probability,mean_bias,-65.1372868135999,2238,lower
historical-uncontrolled-reference,ridge,historical,,all-official,transferred_score_red_win_probability,relative_bias,-0.15007046371478927,2238,lower
historical-uncontrolled-reference,ridge,historical,,DQ-only,raw_pred_red_win_probability,alliance_score_rmse,174.3488747925016,22,lower
historical-uncontrolled-reference,ridge,historical,,DQ-only,raw_pred_red_win_probability,mean_bias,-29.288526572098725,22,lower
historical-uncontrolled-reference,ridge,historical,,DQ-only,raw_pred_red_win_probability,relative_bias,-0.07853108891970408,22,lower
historical-uncontrolled-reference,ridge,historical,,DQ-only,transferred_platt_red_win_probability,alliance_score_rmse,174.3488747925016,22,lower
historical-uncontrolled-reference,ridge,historical,,DQ-only,transferred_platt_red_win_probability,mean_bias,-29.288526572098725,22,lower
historical-uncontrolled-reference,ridge,historical,,DQ-only,transferred_platt_red_win_probability,relative_bias,-0.07853108891970408,22,lower
historical-uncontrolled-reference,ridge,historical,,DQ-only,transferred_score_red_win_probability,alliance_score_rmse,174.3488747925016,22,lower
historical-uncontrolled-reference,ridge,historical,,DQ-only,transferred_score_red_win_probability,mean_bias,-29.288526572098725,22,lower
historical-uncontrolled-reference,ridge,historical,,DQ-only,transferred_score_red_win_probability,relative_bias,-0.07853108891970408,22,lower
historical-uncontrolled-reference,ridge,historical,,surrogate-only,raw_pred_red_win_probability,alliance_score_rmse,146.44800460975094,12,lower
historical-uncontrolled-reference,ridge,historical,,surrogate-only,raw_pred_red_win_probability,mean_bias,-74.27297713277478,12,lower
historical-uncontrolled-reference,ridge,historical,,surrogate-only,raw_pred_red_win_probability,relative_bias,-0.19196117286092987,12,lower
historical-uncontrolled-reference,ridge,historical,,surrogate-only,transferred_platt_red_win_probability,alliance_score_rmse,146.44800460975094,12,lower
historical-uncontrolled-reference,ridge,historical,,surrogate-only,transferred_platt_red_win_probability,mean_bias,-74.27297713277478,12,lower
historical-uncontrolled-reference,ridge,historical,,surrogate-only,transferred_platt_red_win_probability,relative_bias,-0.19196117286092987,12,lower
historical-uncontrolled-reference,ridge,historical,,surrogate-only,transferred_score_red_win_probability,alliance_score_rmse,146.44800460975094,12,lower
historical-uncontrolled-reference,ridge,historical,,surrogate-only,transferred_score_red_win_probability,mean_bias,-74.27297713277478,12,lower
historical-uncontrolled-reference,ridge,historical,,surrogate-only,transferred_score_red_win_probability,relative_bias,-0.19196117286092987,12,lower
historical-uncontrolled-reference,ridge,historical,,division:2026arc,raw_pred_red_win_probability,alliance_score_rmse,131.32819429457103,282,lower
historical-uncontrolled-reference,ridge,historical,,division:2026arc,raw_pred_red_win_probability,mean_bias,-53.734386347710625,282,lower
historical-uncontrolled-reference,ridge,historical,,division:2026arc,raw_pred_red_win_probability,relative_bias,-0.12088050791389639,282,lower
historical-uncontrolled-reference,ridge,historical,,division:2026arc,transferred_platt_red_win_probability,alliance_score_rmse,131.32819429457103,282,lower
historical-uncontrolled-reference,ridge,historical,,division:2026arc,transferred_platt_red_win_probability,mean_bias,-53.734386347710625,282,lower
historical-uncontrolled-reference,ridge,historical,,division:2026arc,transferred_platt_red_win_probability,relative_bias,-0.12088050791389639,282,lower
historical-uncontrolled-reference,ridge,historical,,division:2026arc,transferred_score_red_win_probability,alliance_score_rmse,131.32819429457103,282,lower
historical-uncontrolled-reference,ridge,historical,,division:2026arc,transferred_score_red_win_probability,mean_bias,-53.734386347710625,282,lower
historical-uncontrolled-reference,ridge,historical,,division:2026arc,transferred_score_red_win_probability,relative_bias,-0.12088050791389639,282,lower
historical-uncontrolled-reference,ridge,historical,,division:2026cur,raw_pred_red_win_probability,alliance_score_rmse,137.02537673198293,278,lower
historical-uncontrolled-reference,ridge,historical,,division:2026cur,raw_pred_red_win_probability,mean_bias,-59.17087394796285,278,lower
historical-uncontrolled-reference,ridge,historical,,division:2026cur,raw_pred_red_win_probability,relative_bias,-0.13638363477542592,278,lower
historical-uncontrolled-reference,ridge,historical,,division:2026cur,transferred_platt_red_win_probability,alliance_score_rmse,137.02537673198293,278,lower
historical-uncontrolled-reference,ridge,historical,,division:2026cur,transferred_platt_red_win_probability,mean_bias,-59.17087394796285,278,lower
historical-uncontrolled-reference,ridge,historical,,division:2026cur,transferred_platt_red_win_probability,relative_bias,-0.13638363477542592,278,lower
historical-uncontrolled-reference,ridge,historical,,division:2026cur,transferred_score_red_win_probability,alliance_score_rmse,137.02537673198293,278,lower
historical-uncontrolled-reference,ridge,historical,,division:2026cur,transferred_score_red_win_probability,mean_bias,-59.17087394796285,278,lower
historical-uncontrolled-reference,ridge,historical,,division:2026cur,transferred_score_red_win_probability,relative_bias,-0.13638363477542592,278,lower
historical-uncontrolled-reference,ridge,historical,,division:2026dal,raw_pred_red_win_probability,alliance_score_rmse,122.5297357288597,280,lower
historical-uncontrolled-reference,ridge,historical,,division:2026dal,raw_pred_red_win_probability,mean_bias,-23.655693099848186,280,lower
historical-uncontrolled-reference,ridge,historical,,division:2026dal,raw_pred_red_win_probability,relative_bias,-0.058023319970894514,280,lower
historical-uncontrolled-reference,ridge,historical,,division:2026dal,transferred_platt_red_win_probability,alliance_score_rmse,122.5297357288597,280,lower
historical-uncontrolled-reference,ridge,historical,,division:2026dal,transferred_platt_red_win_probability,mean_bias,-23.655693099848186,280,lower
historical-uncontrolled-reference,ridge,historical,,division:2026dal,transferred_platt_red_win_probability,relative_bias,-0.058023319970894514,280,lower
historical-uncontrolled-reference,ridge,historical,,division:2026dal,transferred_score_red_win_probability,alliance_score_rmse,122.5297357288597,280,lower
historical-uncontrolled-reference,ridge,historical,,division:2026dal,transferred_score_red_win_probability,mean_bias,-23.655693099848186,280,lower
historical-uncontrolled-reference,ridge,historical,,division:2026dal,transferred_score_red_win_probability,relative_bias,-0.058023319970894514,280,lower
historical-uncontrolled-reference,ridge,historical,,division:2026gal,raw_pred_red_win_probability,alliance_score_rmse,173.5271282709476,280,lower
historical-uncontrolled-reference,ridge,historical,,division:2026gal,raw_pred_red_win_probability,mean_bias,-95.0958176410079,280,lower
historical-uncontrolled-reference,ridge,historical,,division:2026gal,raw_pred_red_win_probability,relative_bias,-0.223546347016499,280,lower
historical-uncontrolled-reference,ridge,historical,,division:2026gal,transferred_platt_red_win_probability,alliance_score_rmse,173.5271282709476,280,lower
historical-uncontrolled-reference,ridge,historical,,division:2026gal,transferred_platt_red_win_probability,mean_bias,-95.0958176410079,280,lower
historical-uncontrolled-reference,ridge,historical,,division:2026gal,transferred_platt_red_win_probability,relative_bias,-0.223546347016499,280,lower
historical-uncontrolled-reference,ridge,historical,,division:2026gal,transferred_score_red_win_probability,alliance_score_rmse,173.5271282709476,280,lower
historical-uncontrolled-reference,ridge,historical,,division:2026gal,transferred_score_red_win_probability,mean_bias,-95.0958176410079,280,lower
historical-uncontrolled-reference,ridge,historical,,division:2026gal,transferred_score_red_win_probability,relative_bias,-0.223546347016499,280,lower
historical-uncontrolled-reference,ridge,historical,,division:2026hop,raw_pred_red_win_probability,alliance_score_rmse,166.8363700682048,280,lower
historical-uncontrolled-reference,ridge,historical,,division:2026hop,raw_pred_red_win_probability,mean_bias,-76.52878290496035,280,lower
historical-uncontrolled-reference,ridge,historical,,division:2026hop,raw_pred_red_win_probability,relative_bias,-0.16593404792922886,280,lower
historical-uncontrolled-reference,ridge,historical,,division:2026hop,transferred_platt_red_win_probability,alliance_score_rmse,166.8363700682048,280,lower
historical-uncontrolled-reference,ridge,historical,,division:2026hop,transferred_platt_red_win_probability,mean_bias,-76.52878290496035,280,lower
historical-uncontrolled-reference,ridge,historical,,division:2026hop,transferred_platt_red_win_probability,relative_bias,-0.16593404792922886,280,lower
historical-uncontrolled-reference,ridge,historical,,division:2026hop,transferred_score_red_win_probability,alliance_score_rmse,166.8363700682048,280,lower
historical-uncontrolled-reference,ridge,historical,,division:2026hop,transferred_score_red_win_probability,mean_bias,-76.52878290496035,280,lower
historical-uncontrolled-reference,ridge,historical,,division:2026hop,transferred_score_red_win_probability,relative_bias,-0.16593404792922886,280,lower
historical-uncontrolled-reference,ridge,historical,,division:2026joh,raw_pred_red_win_probability,alliance_score_rmse,138.24568866063743,280,lower
historical-uncontrolled-reference,ridge,historical,,division:2026joh,raw_pred_red_win_probability,mean_bias,-38.68138140475688,280,lower
historical-uncontrolled-reference,ridge,historical,,division:2026joh,raw_pred_red_win_probability,relative_bias,-0.09316805843726388,280,lower
historical-uncontrolled-reference,ridge,historical,,division:2026joh,transferred_platt_red_win_probability,alliance_score_rmse,138.24568866063743,280,lower
historical-uncontrolled-reference,ridge,historical,,division:2026joh,transferred_platt_red_win_probability,mean_bias,-38.68138140475688,280,lower
historical-uncontrolled-reference,ridge,historical,,division:2026joh,transferred_platt_red_win_probability,relative_bias,-0.09316805843726388,280,lower
historical-uncontrolled-reference,ridge,historical,,division:2026joh,transferred_score_red_win_probability,alliance_score_rmse,138.24568866063743,280,lower
historical-uncontrolled-reference,ridge,historical,,division:2026joh,transferred_score_red_win_probability,mean_bias,-38.68138140475688,280,lower
historical-uncontrolled-reference,ridge,historical,,division:2026joh,transferred_score_red_win_probability,relative_bias,-0.09316805843726388,280,lower
historical-uncontrolled-reference,ridge,historical,,division:2026mil,raw_pred_red_win_probability,alliance_score_rmse,149.74975392195776,278,lower
historical-uncontrolled-reference,ridge,historical,,division:2026mil,raw_pred_red_win_probability,mean_bias,-76.94178346590144,278,lower
historical-uncontrolled-reference,ridge,historical,,division:2026mil,raw_pred_red_win_probability,relative_bias,-0.18690202897068087,278,lower
historical-uncontrolled-reference,ridge,historical,,division:2026mil,transferred_platt_red_win_probability,alliance_score_rmse,149.74975392195776,278,lower
historical-uncontrolled-reference,ridge,historical,,division:2026mil,transferred_platt_red_win_probability,mean_bias,-76.94178346590144,278,lower
historical-uncontrolled-reference,ridge,historical,,division:2026mil,transferred_platt_red_win_probability,relative_bias,-0.18690202897068087,278,lower
historical-uncontrolled-reference,ridge,historical,,division:2026mil,transferred_score_red_win_probability,alliance_score_rmse,149.74975392195776,278,lower
historical-uncontrolled-reference,ridge,historical,,division:2026mil,transferred_score_red_win_probability,mean_bias,-76.94178346590144,278,lower
historical-uncontrolled-reference,ridge,historical,,division:2026mil,transferred_score_red_win_probability,relative_bias,-0.18690202897068087,278,lower
historical-uncontrolled-reference,ridge,historical,,division:2026new,raw_pred_red_win_probability,alliance_score_rmse,158.15471602378778,280,lower
historical-uncontrolled-reference,ridge,historical,,division:2026new,raw_pred_red_win_probability,mean_bias,-97.41272558416914,280,lower
historical-uncontrolled-reference,ridge,historical,,division:2026new,raw_pred_red_win_probability,relative_bias,-0.20611931748571632,280,lower
historical-uncontrolled-reference,ridge,historical,,division:2026new,transferred_platt_red_win_probability,alliance_score_rmse,158.15471602378778,280,lower
historical-uncontrolled-reference,ridge,historical,,division:2026new,transferred_platt_red_win_probability,mean_bias,-97.41272558416914,280,lower
historical-uncontrolled-reference,ridge,historical,,division:2026new,transferred_platt_red_win_probability,relative_bias,-0.20611931748571632,280,lower
historical-uncontrolled-reference,ridge,historical,,division:2026new,transferred_score_red_win_probability,alliance_score_rmse,158.15471602378778,280,lower
historical-uncontrolled-reference,ridge,historical,,division:2026new,transferred_score_red_win_probability,mean_bias,-97.41272558416914,280,lower
historical-uncontrolled-reference,ridge,historical,,division:2026new,transferred_score_red_win_probability,relative_bias,-0.20611931748571632,280,lower
historical-uncontrolled-reference,ridge,historical,,observation:high,raw_pred_red_win_probability,alliance_score_rmse,145.08495629318816,2134,lower
historical-uncontrolled-reference,ridge,historical,,observation:high,raw_pred_red_win_probability,mean_bias,-62.8549697151582,2134,lower
historical-uncontrolled-reference,ridge,historical,,observation:high,raw_pred_red_win_probability,relative_bias,-0.14401170858078977,2134,lower
historical-uncontrolled-reference,ridge,historical,,observation:high,transferred_platt_red_win_probability,alliance_score_rmse,145.08495629318816,2134,lower
historical-uncontrolled-reference,ridge,historical,,observation:high,transferred_platt_red_win_probability,mean_bias,-62.8549697151582,2134,lower
historical-uncontrolled-reference,ridge,historical,,observation:high,transferred_platt_red_win_probability,relative_bias,-0.14401170858078977,2134,lower
historical-uncontrolled-reference,ridge,historical,,observation:high,transferred_score_red_win_probability,alliance_score_rmse,145.08495629318816,2134,lower
historical-uncontrolled-reference,ridge,historical,,observation:high,transferred_score_red_win_probability,mean_bias,-62.8549697151582,2134,lower
historical-uncontrolled-reference,ridge,historical,,observation:high,transferred_score_red_win_probability,relative_bias,-0.14401170858078977,2134,lower
historical-uncontrolled-reference,ridge,historical,,observation:low,raw_pred_red_win_probability,alliance_score_rmse,167.995537588912,4,lower
historical-uncontrolled-reference,ridge,historical,,observation:low,raw_pred_red_win_probability,mean_bias,-157.28575825652925,4,lower
historical-uncontrolled-reference,ridge,historical,,observation:low,raw_pred_red_win_probability,relative_bias,-0.41887019509062384,4,lower
historical-uncontrolled-reference,ridge,historical,,observation:low,transferred_platt_red_win_probability,alliance_score_rmse,167.995537588912,4,lower
historical-uncontrolled-reference,ridge,historical,,observation:low,transferred_platt_red_win_probability,mean_bias,-157.28575825652925,4,lower
historical-uncontrolled-reference,ridge,historical,,observation:low,transferred_platt_red_win_probability,relative_bias,-0.41887019509062384,4,lower
historical-uncontrolled-reference,ridge,historical,,observation:low,transferred_score_red_win_probability,alliance_score_rmse,167.995537588912,4,lower
historical-uncontrolled-reference,ridge,historical,,observation:low,transferred_score_red_win_probability,mean_bias,-157.28575825652925,4,lower
historical-uncontrolled-reference,ridge,historical,,observation:low,transferred_score_red_win_probability,relative_bias,-0.41887019509062384,4,lower
historical-uncontrolled-reference,ridge,historical,,observation:medium,raw_pred_red_win_probability,alliance_score_rmse,201.70106389896804,100,lower
historical-uncontrolled-reference,ridge,historical,,observation:medium,raw_pred_red_win_probability,mean_bias,-110.15599483662854,100,lower
historical-uncontrolled-reference,ridge,historical,,observation:medium,raw_pred_red_win_probability,relative_bias,-0.28619380316089515,100,lower
historical-uncontrolled-reference,ridge,historical,,observation:medium,transferred_platt_red_win_probability,alliance_score_rmse,201.70106389896804,100,lower
historical-uncontrolled-reference,ridge,historical,,observation:medium,transferred_platt_red_win_probability,mean_bias,-110.15599483662854,100,lower
historical-uncontrolled-reference,ridge,historical,,observation:medium,transferred_platt_red_win_probability,relative_bias,-0.28619380316089515,100,lower
historical-uncontrolled-reference,ridge,historical,,observation:medium,transferred_score_red_win_probability,alliance_score_rmse,201.70106389896804,100,lower
historical-uncontrolled-reference,ridge,historical,,observation:medium,transferred_score_red_win_probability,mean_bias,-110.15599483662854,100,lower
historical-uncontrolled-reference,ridge,historical,,observation:medium,transferred_score_red_win_probability,relative_bias,-0.28619380316089515,100,lower
historical-uncontrolled-reference,rolling-pridge,historical,,primary-clean,raw_pred_red_win_probability,alliance_score_rmse,142.98909746763553,2216,lower
historical-uncontrolled-reference,rolling-pridge,historical,,primary-clean,raw_pred_red_win_probability,mean_bias,-53.872366592783074,2216,lower
historical-uncontrolled-reference,rolling-pridge,historical,,primary-clean,raw_pred_red_win_probability,relative_bias,-0.12394391158685415,2216,lower
historical-uncontrolled-reference,rolling-pridge,historical,,primary-clean,transferred_platt_red_win_probability,alliance_score_rmse,142.98909746763553,2216,lower
historical-uncontrolled-reference,rolling-pridge,historical,,primary-clean,transferred_platt_red_win_probability,mean_bias,-53.872366592783074,2216,lower
historical-uncontrolled-reference,rolling-pridge,historical,,primary-clean,transferred_platt_red_win_probability,relative_bias,-0.12394391158685415,2216,lower
historical-uncontrolled-reference,rolling-pridge,historical,,primary-clean,transferred_score_red_win_probability,alliance_score_rmse,142.98909746763553,2216,lower
historical-uncontrolled-reference,rolling-pridge,historical,,primary-clean,transferred_score_red_win_probability,mean_bias,-53.872366592783074,2216,lower
historical-uncontrolled-reference,rolling-pridge,historical,,primary-clean,transferred_score_red_win_probability,relative_bias,-0.12394391158685415,2216,lower
historical-uncontrolled-reference,rolling-pridge,historical,,all-official,raw_pred_red_win_probability,alliance_score_rmse,143.420409043407,2238,lower
historical-uncontrolled-reference,rolling-pridge,historical,,all-official,raw_pred_red_win_probability,mean_bias,-53.57298520681574,2238,lower
historical-uncontrolled-reference,rolling-pridge,historical,,all-official,raw_pred_red_win_probability,relative_bias,-0.12342735053701659,2238,lower
historical-uncontrolled-reference,rolling-pridge,historical,,all-official,transferred_platt_red_win_probability,alliance_score_rmse,143.420409043407,2238,lower
historical-uncontrolled-reference,rolling-pridge,historical,,all-official,transferred_platt_red_win_probability,mean_bias,-53.57298520681574,2238,lower
historical-uncontrolled-reference,rolling-pridge,historical,,all-official,transferred_platt_red_win_probability,relative_bias,-0.12342735053701659,2238,lower
historical-uncontrolled-reference,rolling-pridge,historical,,all-official,transferred_score_red_win_probability,alliance_score_rmse,143.420409043407,2238,lower
historical-uncontrolled-reference,rolling-pridge,historical,,all-official,transferred_score_red_win_probability,mean_bias,-53.57298520681574,2238,lower
historical-uncontrolled-reference,rolling-pridge,historical,,all-official,transferred_score_red_win_probability,relative_bias,-0.12342735053701659,2238,lower
historical-uncontrolled-reference,rolling-pridge,historical,,DQ-only,raw_pred_red_win_probability,alliance_score_rmse,181.69322648170294,22,lower
historical-uncontrolled-reference,rolling-pridge,historical,,DQ-only,raw_pred_red_win_probability,mean_bias,-23.41711469301532,22,lower
historical-uncontrolled-reference,rolling-pridge,historical,,DQ-only,raw_pred_red_win_probability,relative_bias,-0.06278811983501975,22,lower
historical-uncontrolled-reference,rolling-pridge,historical,,DQ-only,transferred_platt_red_win_probability,alliance_score_rmse,181.69322648170294,22,lower
historical-uncontrolled-reference,rolling-pridge,historical,,DQ-only,transferred_platt_red_win_probability,mean_bias,-23.41711469301532,22,lower
historical-uncontrolled-reference,rolling-pridge,historical,,DQ-only,transferred_platt_red_win_probability,relative_bias,-0.06278811983501975,22,lower
historical-uncontrolled-reference,rolling-pridge,historical,,DQ-only,transferred_score_red_win_probability,alliance_score_rmse,181.69322648170294,22,lower
historical-uncontrolled-reference,rolling-pridge,historical,,DQ-only,transferred_score_red_win_probability,mean_bias,-23.41711469301532,22,lower
historical-uncontrolled-reference,rolling-pridge,historical,,DQ-only,transferred_score_red_win_probability,relative_bias,-0.06278811983501975,22,lower
historical-uncontrolled-reference,rolling-pridge,historical,,surrogate-only,raw_pred_red_win_probability,alliance_score_rmse,134.92970541800508,12,lower
historical-uncontrolled-reference,rolling-pridge,historical,,surrogate-only,raw_pred_red_win_probability,mean_bias,-52.62333286592204,12,lower
historical-uncontrolled-reference,rolling-pridge,historical,,surrogate-only,raw_pred_red_win_probability,relative_bias,-0.13600689088758655,12,lower
historical-uncontrolled-reference,rolling-pridge,historical,,surrogate-only,transferred_platt_red_win_probability,alliance_score_rmse,134.92970541800508,12,lower
historical-uncontrolled-reference,rolling-pridge,historical,,surrogate-only,transferred_platt_red_win_probability,mean_bias,-52.62333286592204,12,lower
historical-uncontrolled-reference,rolling-pridge,historical,,surrogate-only,transferred_platt_red_win_probability,relative_bias,-0.13600689088758655,12,lower
historical-uncontrolled-reference,rolling-pridge,historical,,surrogate-only,transferred_score_red_win_probability,alliance_score_rmse,134.92970541800508,12,lower
historical-uncontrolled-reference,rolling-pridge,historical,,surrogate-only,transferred_score_red_win_probability,mean_bias,-52.62333286592204,12,lower
historical-uncontrolled-reference,rolling-pridge,historical,,surrogate-only,transferred_score_red_win_probability,relative_bias,-0.13600689088758655,12,lower
historical-uncontrolled-reference,rolling-pridge,historical,,division:2026arc,raw_pred_red_win_probability,alliance_score_rmse,128.13370562238592,282,lower
historical-uncontrolled-reference,rolling-pridge,historical,,division:2026arc,raw_pred_red_win_probability,mean_bias,-34.11031409899464,282,lower
historical-uncontrolled-reference,rolling-pridge,historical,,division:2026arc,raw_pred_red_win_probability,relative_bias,-0.07673432923766305,282,lower
historical-uncontrolled-reference,rolling-pridge,historical,,division:2026arc,transferred_platt_red_win_probability,alliance_score_rmse,128.13370562238592,282,lower
historical-uncontrolled-reference,rolling-pridge,historical,,division:2026arc,transferred_platt_red_win_probability,mean_bias,-34.11031409899464,282,lower
historical-uncontrolled-reference,rolling-pridge,historical,,division:2026arc,transferred_platt_red_win_probability,relative_bias,-0.07673432923766305,282,lower
historical-uncontrolled-reference,rolling-pridge,historical,,division:2026arc,transferred_score_red_win_probability,alliance_score_rmse,128.13370562238592,282,lower
historical-uncontrolled-reference,rolling-pridge,historical,,division:2026arc,transferred_score_red_win_probability,mean_bias,-34.11031409899464,282,lower
historical-uncontrolled-reference,rolling-pridge,historical,,division:2026arc,transferred_score_red_win_probability,relative_bias,-0.07673432923766305,282,lower
historical-uncontrolled-reference,rolling-pridge,historical,,division:2026cur,raw_pred_red_win_probability,alliance_score_rmse,132.14733890781145,278,lower
historical-uncontrolled-reference,rolling-pridge,historical,,division:2026cur,raw_pred_red_win_probability,mean_bias,-49.24082329058623,278,lower
historical-uncontrolled-reference,rolling-pridge,historical,,division:2026cur,raw_pred_red_win_probability,relative_bias,-0.11349574565369093,278,lower
historical-uncontrolled-reference,rolling-pridge,historical,,division:2026cur,transferred_platt_red_win_probability,alliance_score_rmse,132.14733890781145,278,lower
historical-uncontrolled-reference,rolling-pridge,historical,,division:2026cur,transferred_platt_red_win_probability,mean_bias,-49.24082329058623,278,lower
historical-uncontrolled-reference,rolling-pridge,historical,,division:2026cur,transferred_platt_red_win_probability,relative_bias,-0.11349574565369093,278,lower
historical-uncontrolled-reference,rolling-pridge,historical,,division:2026cur,transferred_score_red_win_probability,alliance_score_rmse,132.14733890781145,278,lower
historical-uncontrolled-reference,rolling-pridge,historical,,division:2026cur,transferred_score_red_win_probability,mean_bias,-49.24082329058623,278,lower
historical-uncontrolled-reference,rolling-pridge,historical,,division:2026cur,transferred_score_red_win_probability,relative_bias,-0.11349574565369093,278,lower
historical-uncontrolled-reference,rolling-pridge,historical,,division:2026dal,raw_pred_red_win_probability,alliance_score_rmse,125.03840222193656,280,lower
historical-uncontrolled-reference,rolling-pridge,historical,,division:2026dal,raw_pred_red_win_probability,mean_bias,-11.690078482337436,280,lower
historical-uncontrolled-reference,rolling-pridge,historical,,division:2026dal,raw_pred_red_win_probability,relative_bias,-0.028673738765654135,280,lower
historical-uncontrolled-reference,rolling-pridge,historical,,division:2026dal,transferred_platt_red_win_probability,alliance_score_rmse,125.03840222193656,280,lower
historical-uncontrolled-reference,rolling-pridge,historical,,division:2026dal,transferred_platt_red_win_probability,mean_bias,-11.690078482337436,280,lower
historical-uncontrolled-reference,rolling-pridge,historical,,division:2026dal,transferred_platt_red_win_probability,relative_bias,-0.028673738765654135,280,lower
historical-uncontrolled-reference,rolling-pridge,historical,,division:2026dal,transferred_score_red_win_probability,alliance_score_rmse,125.03840222193656,280,lower
historical-uncontrolled-reference,rolling-pridge,historical,,division:2026dal,transferred_score_red_win_probability,mean_bias,-11.690078482337436,280,lower
historical-uncontrolled-reference,rolling-pridge,historical,,division:2026dal,transferred_score_red_win_probability,relative_bias,-0.028673738765654135,280,lower
historical-uncontrolled-reference,rolling-pridge,historical,,division:2026gal,raw_pred_red_win_probability,alliance_score_rmse,170.3762340125757,280,lower
historical-uncontrolled-reference,rolling-pridge,historical,,division:2026gal,raw_pred_red_win_probability,mean_bias,-83.10267566022851,280,lower
historical-uncontrolled-reference,rolling-pridge,historical,,division:2026gal,raw_pred_red_win_probability,relative_bias,-0.1953534869564019,280,lower
historical-uncontrolled-reference,rolling-pridge,historical,,division:2026gal,transferred_platt_red_win_probability,alliance_score_rmse,170.3762340125757,280,lower
historical-uncontrolled-reference,rolling-pridge,historical,,division:2026gal,transferred_platt_red_win_probability,mean_bias,-83.10267566022851,280,lower
historical-uncontrolled-reference,rolling-pridge,historical,,division:2026gal,transferred_platt_red_win_probability,relative_bias,-0.1953534869564019,280,lower
historical-uncontrolled-reference,rolling-pridge,historical,,division:2026gal,transferred_score_red_win_probability,alliance_score_rmse,170.3762340125757,280,lower
historical-uncontrolled-reference,rolling-pridge,historical,,division:2026gal,transferred_score_red_win_probability,mean_bias,-83.10267566022851,280,lower
historical-uncontrolled-reference,rolling-pridge,historical,,division:2026gal,transferred_score_red_win_probability,relative_bias,-0.1953534869564019,280,lower
historical-uncontrolled-reference,rolling-pridge,historical,,division:2026hop,raw_pred_red_win_probability,alliance_score_rmse,152.63523502078712,280,lower
historical-uncontrolled-reference,rolling-pridge,historical,,division:2026hop,raw_pred_red_win_probability,mean_bias,-63.205799008889684,280,lower
historical-uncontrolled-reference,rolling-pridge,historical,,division:2026hop,raw_pred_red_win_probability,relative_bias,-0.13704639854486056,280,lower
historical-uncontrolled-reference,rolling-pridge,historical,,division:2026hop,transferred_platt_red_win_probability,alliance_score_rmse,152.63523502078712,280,lower
historical-uncontrolled-reference,rolling-pridge,historical,,division:2026hop,transferred_platt_red_win_probability,mean_bias,-63.205799008889684,280,lower
historical-uncontrolled-reference,rolling-pridge,historical,,division:2026hop,transferred_platt_red_win_probability,relative_bias,-0.13704639854486056,280,lower
historical-uncontrolled-reference,rolling-pridge,historical,,division:2026hop,transferred_score_red_win_probability,alliance_score_rmse,152.63523502078712,280,lower
historical-uncontrolled-reference,rolling-pridge,historical,,division:2026hop,transferred_score_red_win_probability,mean_bias,-63.205799008889684,280,lower
historical-uncontrolled-reference,rolling-pridge,historical,,division:2026hop,transferred_score_red_win_probability,relative_bias,-0.13704639854486056,280,lower
historical-uncontrolled-reference,rolling-pridge,historical,,division:2026joh,raw_pred_red_win_probability,alliance_score_rmse,136.96434577596486,280,lower
historical-uncontrolled-reference,rolling-pridge,historical,,division:2026joh,raw_pred_red_win_probability,mean_bias,-41.03774104186801,280,lower
historical-uncontrolled-reference,rolling-pridge,historical,,division:2026joh,raw_pred_red_win_probability,relative_bias,-0.09884359132664983,280,lower
historical-uncontrolled-reference,rolling-pridge,historical,,division:2026joh,transferred_platt_red_win_probability,alliance_score_rmse,136.96434577596486,280,lower
historical-uncontrolled-reference,rolling-pridge,historical,,division:2026joh,transferred_platt_red_win_probability,mean_bias,-41.03774104186801,280,lower
historical-uncontrolled-reference,rolling-pridge,historical,,division:2026joh,transferred_platt_red_win_probability,relative_bias,-0.09884359132664983,280,lower
historical-uncontrolled-reference,rolling-pridge,historical,,division:2026joh,transferred_score_red_win_probability,alliance_score_rmse,136.96434577596486,280,lower
historical-uncontrolled-reference,rolling-pridge,historical,,division:2026joh,transferred_score_red_win_probability,mean_bias,-41.03774104186801,280,lower
historical-uncontrolled-reference,rolling-pridge,historical,,division:2026joh,transferred_score_red_win_probability,relative_bias,-0.09884359132664983,280,lower
historical-uncontrolled-reference,rolling-pridge,historical,,division:2026mil,raw_pred_red_win_probability,alliance_score_rmse,145.2247234809244,278,lower
historical-uncontrolled-reference,rolling-pridge,historical,,division:2026mil,raw_pred_red_win_probability,mean_bias,-62.96081981097355,278,lower
historical-uncontrolled-reference,rolling-pridge,historical,,division:2026mil,raw_pred_red_win_probability,relative_bias,-0.15294037177528438,278,lower
historical-uncontrolled-reference,rolling-pridge,historical,,division:2026mil,transferred_platt_red_win_probability,alliance_score_rmse,145.2247234809244,278,lower
historical-uncontrolled-reference,rolling-pridge,historical,,division:2026mil,transferred_platt_red_win_probability,mean_bias,-62.96081981097355,278,lower
historical-uncontrolled-reference,rolling-pridge,historical,,division:2026mil,transferred_platt_red_win_probability,relative_bias,-0.15294037177528438,278,lower
historical-uncontrolled-reference,rolling-pridge,historical,,division:2026mil,transferred_score_red_win_probability,alliance_score_rmse,145.2247234809244,278,lower
historical-uncontrolled-reference,rolling-pridge,historical,,division:2026mil,transferred_score_red_win_probability,mean_bias,-62.96081981097355,278,lower
historical-uncontrolled-reference,rolling-pridge,historical,,division:2026mil,transferred_score_red_win_probability,relative_bias,-0.15294037177528438,278,lower
historical-uncontrolled-reference,rolling-pridge,historical,,division:2026new,raw_pred_red_win_probability,alliance_score_rmse,151.2471345142159,280,lower
historical-uncontrolled-reference,rolling-pridge,historical,,division:2026new,raw_pred_red_win_probability,mean_bias,-83.41076128776035,280,lower
historical-uncontrolled-reference,rolling-pridge,historical,,division:2026new,raw_pred_red_win_probability,relative_bias,-0.17649202488171828,280,lower
historical-uncontrolled-reference,rolling-pridge,historical,,division:2026new,transferred_platt_red_win_probability,alliance_score_rmse,151.2471345142159,280,lower
historical-uncontrolled-reference,rolling-pridge,historical,,division:2026new,transferred_platt_red_win_probability,mean_bias,-83.41076128776035,280,lower
historical-uncontrolled-reference,rolling-pridge,historical,,division:2026new,transferred_platt_red_win_probability,relative_bias,-0.17649202488171828,280,lower
historical-uncontrolled-reference,rolling-pridge,historical,,division:2026new,transferred_score_red_win_probability,alliance_score_rmse,151.2471345142159,280,lower
historical-uncontrolled-reference,rolling-pridge,historical,,division:2026new,transferred_score_red_win_probability,mean_bias,-83.41076128776035,280,lower
historical-uncontrolled-reference,rolling-pridge,historical,,division:2026new,transferred_score_red_win_probability,relative_bias,-0.17649202488171828,280,lower
historical-uncontrolled-reference,rolling-pridge,historical,,observation:high,raw_pred_red_win_probability,alliance_score_rmse,140.17599943923932,2134,lower
historical-uncontrolled-reference,rolling-pridge,historical,,observation:high,raw_pred_red_win_probability,mean_bias,-50.97493820858186,2134,lower
historical-uncontrolled-reference,rolling-pridge,historical,,observation:high,raw_pred_red_win_probability,relative_bias,-0.11679248243194514,2134,lower
historical-uncontrolled-reference,rolling-pridge,historical,,observation:high,transferred_platt_red_win_probability,alliance_score_rmse,140.17599943923932,2134,lower
historical-uncontrolled-reference,rolling-pridge,historical,,observation:high,transferred_platt_red_win_probability,mean_bias,-50.97493820858186,2134,lower
historical-uncontrolled-reference,rolling-pridge,historical,,observation:high,transferred_platt_red_win_probability,relative_bias,-0.11679248243194514,2134,lower
historical-uncontrolled-reference,rolling-pridge,historical,,observation:high,transferred_score_red_win_probability,alliance_score_rmse,140.17599943923932,2134,lower
historical-uncontrolled-reference,rolling-pridge,historical,,observation:high,transferred_score_red_win_probability,mean_bias,-50.97493820858186,2134,lower
historical-uncontrolled-reference,rolling-pridge,historical,,observation:high,transferred_score_red_win_probability,relative_bias,-0.11679248243194514,2134,lower
historical-uncontrolled-reference,rolling-pridge,historical,,observation:low,raw_pred_red_win_probability,alliance_score_rmse,175.8505263844709,4,lower
historical-uncontrolled-reference,rolling-pridge,historical,,observation:low,raw_pred_red_win_probability,mean_bias,-161.7443970507736,4,lower
historical-uncontrolled-reference,rolling-pridge,historical,,observation:low,raw_pred_red_win_probability,relative_bias,-0.43074406671311216,4,lower
historical-uncontrolled-reference,rolling-pridge,historical,,observation:low,transferred_platt_red_win_probability,alliance_score_rmse,175.8505263844709,4,lower
historical-uncontrolled-reference,rolling-pridge,historical,,observation:low,transferred_platt_red_win_probability,mean_bias,-161.7443970507736,4,lower
historical-uncontrolled-reference,rolling-pridge,historical,,observation:low,transferred_platt_red_win_probability,relative_bias,-0.43074406671311216,4,lower
historical-uncontrolled-reference,rolling-pridge,historical,,observation:low,transferred_score_red_win_probability,alliance_score_rmse,175.8505263844709,4,lower
historical-uncontrolled-reference,rolling-pridge,historical,,observation:low,transferred_score_red_win_probability,mean_bias,-161.7443970507736,4,lower
historical-uncontrolled-reference,rolling-pridge,historical,,observation:low,transferred_score_red_win_probability,relative_bias,-0.43074406671311216,4,lower
historical-uncontrolled-reference,rolling-pridge,historical,,observation:medium,raw_pred_red_win_probability,alliance_score_rmse,199.47493602763586,100,lower
historical-uncontrolled-reference,rolling-pridge,historical,,observation:medium,raw_pred_red_win_probability,mean_bias,-104.68845167536846,100,lower
historical-uncontrolled-reference,rolling-pridge,historical,,observation:medium,raw_pred_red_win_probability,relative_bias,-0.2719887027159482,100,lower
historical-uncontrolled-reference,rolling-pridge,historical,,observation:medium,transferred_platt_red_win_probability,alliance_score_rmse,199.47493602763586,100,lower
historical-uncontrolled-reference,rolling-pridge,historical,,observation:medium,transferred_platt_red_win_probability,mean_bias,-104.68845167536846,100,lower
historical-uncontrolled-reference,rolling-pridge,historical,,observation:medium,transferred_platt_red_win_probability,relative_bias,-0.2719887027159482,100,lower
historical-uncontrolled-reference,rolling-pridge,historical,,observation:medium,transferred_score_red_win_probability,alliance_score_rmse,199.47493602763586,100,lower
historical-uncontrolled-reference,rolling-pridge,historical,,observation:medium,transferred_score_red_win_probability,mean_bias,-104.68845167536846,100,lower
historical-uncontrolled-reference,rolling-pridge,historical,,observation:medium,transferred_score_red_win_probability,relative_bias,-0.2719887027159482,100,lower
historical-uncontrolled-reference,teammate-set,historical,,primary-clean,raw_pred_red_win_probability,alliance_score_rmse,137.00454732185815,2216,lower
historical-uncontrolled-reference,teammate-set,historical,,primary-clean,raw_pred_red_win_probability,mean_bias,-73.4870734366066,2216,lower
historical-uncontrolled-reference,teammate-set,historical,,primary-clean,raw_pred_red_win_probability,relative_bias,-0.16907137942634212,2216,lower
historical-uncontrolled-reference,teammate-set,historical,,primary-clean,transferred_platt_red_win_probability,alliance_score_rmse,137.00454732185815,2216,lower
historical-uncontrolled-reference,teammate-set,historical,,primary-clean,transferred_platt_red_win_probability,mean_bias,-73.4870734366066,2216,lower
historical-uncontrolled-reference,teammate-set,historical,,primary-clean,transferred_platt_red_win_probability,relative_bias,-0.16907137942634212,2216,lower
historical-uncontrolled-reference,teammate-set,historical,,primary-clean,transferred_score_red_win_probability,alliance_score_rmse,137.00454732185815,2216,lower
historical-uncontrolled-reference,teammate-set,historical,,primary-clean,transferred_score_red_win_probability,mean_bias,-73.4870734366066,2216,lower
historical-uncontrolled-reference,teammate-set,historical,,primary-clean,transferred_score_red_win_probability,relative_bias,-0.16907137942634212,2216,lower
historical-uncontrolled-reference,teammate-set,historical,,all-official,raw_pred_red_win_probability,alliance_score_rmse,137.07609677441485,2238,lower
historical-uncontrolled-reference,teammate-set,historical,,all-official,raw_pred_red_win_probability,mean_bias,-73.04890213413917,2238,lower
historical-uncontrolled-reference,teammate-set,historical,,all-official,raw_pred_red_win_probability,relative_bias,-0.16829811546337983,2238,lower
historical-uncontrolled-reference,teammate-set,historical,,all-official,transferred_platt_red_win_probability,alliance_score_rmse,137.07609677441485,2238,lower
historical-uncontrolled-reference,teammate-set,historical,,all-official,transferred_platt_red_win_probability,mean_bias,-73.04890213413917,2238,lower
historical-uncontrolled-reference,teammate-set,historical,,all-official,transferred_platt_red_win_probability,relative_bias,-0.16829811546337983,2238,lower
historical-uncontrolled-reference,teammate-set,historical,,all-official,transferred_score_red_win_probability,alliance_score_rmse,137.07609677441485,2238,lower
historical-uncontrolled-reference,teammate-set,historical,,all-official,transferred_score_red_win_probability,mean_bias,-73.04890213413917,2238,lower
historical-uncontrolled-reference,teammate-set,historical,,all-official,transferred_score_red_win_probability,relative_bias,-0.16829811546337983,2238,lower
historical-uncontrolled-reference,teammate-set,historical,,DQ-only,raw_pred_red_win_probability,alliance_score_rmse,144.10118098751138,22,lower
historical-uncontrolled-reference,teammate-set,historical,,DQ-only,raw_pred_red_win_probability,mean_bias,-28.91310184923918,22,lower
historical-uncontrolled-reference,teammate-set,historical,,DQ-only,raw_pred_red_win_probability,relative_bias,-0.07752446565304838,22,lower
historical-uncontrolled-reference,teammate-set,historical,,DQ-only,transferred_platt_red_win_probability,alliance_score_rmse,144.10118098751138,22,lower
historical-uncontrolled-reference,teammate-set,historical,,DQ-only,transferred_platt_red_win_probability,mean_bias,-28.91310184923918,22,lower
historical-uncontrolled-reference,teammate-set,historical,,DQ-only,transferred_platt_red_win_probability,relative_bias,-0.07752446565304838,22,lower
historical-uncontrolled-reference,teammate-set,historical,,DQ-only,transferred_score_red_win_probability,alliance_score_rmse,144.10118098751138,22,lower
historical-uncontrolled-reference,teammate-set,historical,,DQ-only,transferred_score_red_win_probability,mean_bias,-28.91310184923918,22,lower
historical-uncontrolled-reference,teammate-set,historical,,DQ-only,transferred_score_red_win_probability,relative_bias,-0.07752446565304838,22,lower
historical-uncontrolled-reference,teammate-set,historical,,surrogate-only,raw_pred_red_win_probability,alliance_score_rmse,110.59450590257835,12,lower
historical-uncontrolled-reference,teammate-set,historical,,surrogate-only,raw_pred_red_win_probability,mean_bias,-46.519286451592016,12,lower
historical-uncontrolled-reference,teammate-set,historical,,surrogate-only,raw_pred_red_win_probability,relative_bias,-0.12023076403599056,12,lower
historical-uncontrolled-reference,teammate-set,historical,,surrogate-only,transferred_platt_red_win_probability,alliance_score_rmse,110.59450590257835,12,lower
historical-uncontrolled-reference,teammate-set,historical,,surrogate-only,transferred_platt_red_win_probability,mean_bias,-46.519286451592016,12,lower
historical-uncontrolled-reference,teammate-set,historical,,surrogate-only,transferred_platt_red_win_probability,relative_bias,-0.12023076403599056,12,lower
historical-uncontrolled-reference,teammate-set,historical,,surrogate-only,transferred_score_red_win_probability,alliance_score_rmse,110.59450590257835,12,lower
historical-uncontrolled-reference,teammate-set,historical,,surrogate-only,transferred_score_red_win_probability,mean_bias,-46.519286451592016,12,lower
historical-uncontrolled-reference,teammate-set,historical,,surrogate-only,transferred_score_red_win_probability,relative_bias,-0.12023076403599056,12,lower
historical-uncontrolled-reference,teammate-set,historical,,division:2026arc,raw_pred_red_win_probability,alliance_score_rmse,140.20261315156858,282,lower
historical-uncontrolled-reference,teammate-set,historical,,division:2026arc,raw_pred_red_win_probability,mean_bias,-72.26032679693225,282,lower
historical-uncontrolled-reference,teammate-set,historical,,division:2026arc,raw_pred_red_win_probability,relative_bias,-0.1625563368066538,282,lower
historical-uncontrolled-reference,teammate-set,historical,,division:2026arc,transferred_platt_red_win_probability,alliance_score_rmse,140.20261315156858,282,lower
historical-uncontrolled-reference,teammate-set,historical,,division:2026arc,transferred_platt_red_win_probability,mean_bias,-72.26032679693225,282,lower
historical-uncontrolled-reference,teammate-set,historical,,division:2026arc,transferred_platt_red_win_probability,relative_bias,-0.1625563368066538,282,lower
historical-uncontrolled-reference,teammate-set,historical,,division:2026arc,transferred_score_red_win_probability,alliance_score_rmse,140.20261315156858,282,lower
historical-uncontrolled-reference,teammate-set,historical,,division:2026arc,transferred_score_red_win_probability,mean_bias,-72.26032679693225,282,lower
historical-uncontrolled-reference,teammate-set,historical,,division:2026arc,transferred_score_red_win_probability,relative_bias,-0.1625563368066538,282,lower
historical-uncontrolled-reference,teammate-set,historical,,division:2026cur,raw_pred_red_win_probability,alliance_score_rmse,131.21642384473034,278,lower
historical-uncontrolled-reference,teammate-set,historical,,division:2026cur,raw_pred_red_win_probability,mean_bias,-66.97014081464653,278,lower
historical-uncontrolled-reference,teammate-set,historical,,division:2026cur,raw_pred_red_win_probability,relative_bias,-0.15436025558378713,278,lower
historical-uncontrolled-reference,teammate-set,historical,,division:2026cur,transferred_platt_red_win_probability,alliance_score_rmse,131.21642384473034,278,lower
historical-uncontrolled-reference,teammate-set,historical,,division:2026cur,transferred_platt_red_win_probability,mean_bias,-66.97014081464653,278,lower
historical-uncontrolled-reference,teammate-set,historical,,division:2026cur,transferred_platt_red_win_probability,relative_bias,-0.15436025558378713,278,lower
historical-uncontrolled-reference,teammate-set,historical,,division:2026cur,transferred_score_red_win_probability,alliance_score_rmse,131.21642384473034,278,lower
historical-uncontrolled-reference,teammate-set,historical,,division:2026cur,transferred_score_red_win_probability,mean_bias,-66.97014081464653,278,lower
historical-uncontrolled-reference,teammate-set,historical,,division:2026cur,transferred_score_red_win_probability,relative_bias,-0.15436025558378713,278,lower
historical-uncontrolled-reference,teammate-set,historical,,division:2026dal,raw_pred_red_win_probability,alliance_score_rmse,124.16818062679981,280,lower
historical-uncontrolled-reference,teammate-set,historical,,division:2026dal,raw_pred_red_win_probability,mean_bias,-51.038260593186386,280,lower
historical-uncontrolled-reference,teammate-set,historical,,division:2026dal,raw_pred_red_win_probability,relative_bias,-0.12518801764364096,280,lower
historical-uncontrolled-reference,teammate-set,historical,,division:2026dal,transferred_platt_red_win_probability,alliance_score_rmse,124.16818062679981,280,lower
historical-uncontrolled-reference,teammate-set,historical,,division:2026dal,transferred_platt_red_win_probability,mean_bias,-51.038260593186386,280,lower
historical-uncontrolled-reference,teammate-set,historical,,division:2026dal,transferred_platt_red_win_probability,relative_bias,-0.12518801764364096,280,lower
historical-uncontrolled-reference,teammate-set,historical,,division:2026dal,transferred_score_red_win_probability,alliance_score_rmse,124.16818062679981,280,lower
historical-uncontrolled-reference,teammate-set,historical,,division:2026dal,transferred_score_red_win_probability,mean_bias,-51.038260593186386,280,lower
historical-uncontrolled-reference,teammate-set,historical,,division:2026dal,transferred_score_red_win_probability,relative_bias,-0.12518801764364096,280,lower
historical-uncontrolled-reference,teammate-set,historical,,division:2026gal,raw_pred_red_win_probability,alliance_score_rmse,151.43846965806966,280,lower
historical-uncontrolled-reference,teammate-set,historical,,division:2026gal,raw_pred_red_win_probability,mean_bias,-95.13916117335376,280,lower
historical-uncontrolled-reference,teammate-set,historical,,division:2026gal,raw_pred_red_win_probability,relative_bias,-0.22364823675847784,280,lower
historical-uncontrolled-reference,teammate-set,historical,,division:2026gal,transferred_platt_red_win_probability,alliance_score_rmse,151.43846965806966,280,lower
historical-uncontrolled-reference,teammate-set,historical,,division:2026gal,transferred_platt_red_win_probability,mean_bias,-95.13916117335376,280,lower
historical-uncontrolled-reference,teammate-set,historical,,division:2026gal,transferred_platt_red_win_probability,relative_bias,-0.22364823675847784,280,lower
historical-uncontrolled-reference,teammate-set,historical,,division:2026gal,transferred_score_red_win_probability,alliance_score_rmse,151.43846965806966,280,lower
historical-uncontrolled-reference,teammate-set,historical,,division:2026gal,transferred_score_red_win_probability,mean_bias,-95.13916117335376,280,lower
historical-uncontrolled-reference,teammate-set,historical,,division:2026gal,transferred_score_red_win_probability,relative_bias,-0.22364823675847784,280,lower
historical-uncontrolled-reference,teammate-set,historical,,division:2026hop,raw_pred_red_win_probability,alliance_score_rmse,148.6505852998969,280,lower
historical-uncontrolled-reference,teammate-set,historical,,division:2026hop,raw_pred_red_win_probability,mean_bias,-87.39945449944538,280,lower
historical-uncontrolled-reference,teammate-set,historical,,division:2026hop,raw_pred_red_win_probability,relative_bias,-0.18950445468223198,280,lower
historical-uncontrolled-reference,teammate-set,historical,,division:2026hop,transferred_platt_red_win_probability,alliance_score_rmse,148.6505852998969,280,lower
historical-uncontrolled-reference,teammate-set,historical,,division:2026hop,transferred_platt_red_win_probability,mean_bias,-87.39945449944538,280,lower
historical-uncontrolled-reference,teammate-set,historical,,division:2026hop,transferred_platt_red_win_probability,relative_bias,-0.18950445468223198,280,lower
historical-uncontrolled-reference,teammate-set,historical,,division:2026hop,transferred_score_red_win_probability,alliance_score_rmse,148.6505852998969,280,lower
historical-uncontrolled-reference,teammate-set,historical,,division:2026hop,transferred_score_red_win_probability,mean_bias,-87.39945449944538,280,lower
historical-uncontrolled-reference,teammate-set,historical,,division:2026hop,transferred_score_red_win_probability,relative_bias,-0.18950445468223198,280,lower
historical-uncontrolled-reference,teammate-set,historical,,division:2026joh,raw_pred_red_win_probability,alliance_score_rmse,126.17442817059309,280,lower
historical-uncontrolled-reference,teammate-set,historical,,division:2026joh,raw_pred_red_win_probability,mean_bias,-47.035234925605174,280,lower
historical-uncontrolled-reference,teammate-set,historical,,division:2026joh,raw_pred_red_win_probability,relative_bias,-0.11328916799285547,280,lower
historical-uncontrolled-reference,teammate-set,historical,,division:2026joh,transferred_platt_red_win_probability,alliance_score_rmse,126.17442817059309,280,lower
historical-uncontrolled-reference,teammate-set,historical,,division:2026joh,transferred_platt_red_win_probability,mean_bias,-47.035234925605174,280,lower
historical-uncontrolled-reference,teammate-set,historical,,division:2026joh,transferred_platt_red_win_probability,relative_bias,-0.11328916799285547,280,lower
historical-uncontrolled-reference,teammate-set,historical,,division:2026joh,transferred_score_red_win_probability,alliance_score_rmse,126.17442817059309,280,lower
historical-uncontrolled-reference,teammate-set,historical,,division:2026joh,transferred_score_red_win_probability,mean_bias,-47.035234925605174,280,lower
historical-uncontrolled-reference,teammate-set,historical,,division:2026joh,transferred_score_red_win_probability,relative_bias,-0.11328916799285547,280,lower
historical-uncontrolled-reference,teammate-set,historical,,division:2026mil,raw_pred_red_win_probability,alliance_score_rmse,120.68126436093996,278,lower
historical-uncontrolled-reference,teammate-set,historical,,division:2026mil,raw_pred_red_win_probability,mean_bias,-65.99938659456635,278,lower
historical-uncontrolled-reference,teammate-set,historical,,division:2026mil,raw_pred_red_win_probability,relative_bias,-0.16032146266549094,278,lower
historical-uncontrolled-reference,teammate-set,historical,,division:2026mil,transferred_platt_red_win_probability,alliance_score_rmse,120.68126436093996,278,lower
historical-uncontrolled-reference,teammate-set,historical,,division:2026mil,transferred_platt_red_win_probability,mean_bias,-65.99938659456635,278,lower
historical-uncontrolled-reference,teammate-set,historical,,division:2026mil,transferred_platt_red_win_probability,relative_bias,-0.16032146266549094,278,lower
historical-uncontrolled-reference,teammate-set,historical,,division:2026mil,transferred_score_red_win_probability,alliance_score_rmse,120.68126436093996,278,lower
historical-uncontrolled-reference,teammate-set,historical,,division:2026mil,transferred_score_red_win_probability,mean_bias,-65.99938659456635,278,lower
historical-uncontrolled-reference,teammate-set,historical,,division:2026mil,transferred_score_red_win_probability,relative_bias,-0.16032146266549094,278,lower
historical-uncontrolled-reference,teammate-set,historical,,division:2026new,raw_pred_red_win_probability,alliance_score_rmse,149.88136558066364,280,lower
historical-uncontrolled-reference,teammate-set,historical,,division:2026new,raw_pred_red_win_probability,mean_bias,-98.46111095022134,280,lower
historical-uncontrolled-reference,teammate-set,historical,,division:2026new,raw_pred_red_win_probability,relative_bias,-0.20833763624044596,280,lower
historical-uncontrolled-reference,teammate-set,historical,,division:2026new,transferred_platt_red_win_probability,alliance_score_rmse,149.88136558066364,280,lower
historical-uncontrolled-reference,teammate-set,historical,,division:2026new,transferred_platt_red_win_probability,mean_bias,-98.46111095022134,280,lower
historical-uncontrolled-reference,teammate-set,historical,,division:2026new,transferred_platt_red_win_probability,relative_bias,-0.20833763624044596,280,lower
historical-uncontrolled-reference,teammate-set,historical,,division:2026new,transferred_score_red_win_probability,alliance_score_rmse,149.88136558066364,280,lower
historical-uncontrolled-reference,teammate-set,historical,,division:2026new,transferred_score_red_win_probability,mean_bias,-98.46111095022134,280,lower
historical-uncontrolled-reference,teammate-set,historical,,division:2026new,transferred_score_red_win_probability,relative_bias,-0.20833763624044596,280,lower
historical-uncontrolled-reference,teammate-set,historical,,observation:high,raw_pred_red_win_probability,alliance_score_rmse,136.9493777645432,2134,lower
historical-uncontrolled-reference,teammate-set,historical,,observation:high,raw_pred_red_win_probability,mean_bias,-73.09497212992791,2134,lower
historical-uncontrolled-reference,teammate-set,historical,,observation:high,raw_pred_red_win_probability,relative_bias,-0.16747334177073886,2134,lower
historical-uncontrolled-reference,teammate-set,historical,,observation:high,transferred_platt_red_win_probability,alliance_score_rmse,136.9493777645432,2134,lower
historical-uncontrolled-reference,teammate-set,historical,,observation:high,transferred_platt_red_win_probability,mean_bias,-73.09497212992791,2134,lower
historical-uncontrolled-reference,teammate-set,historical,,observation:high,transferred_platt_red_win_probability,relative_bias,-0.16747334177073886,2134,lower
historical-uncontrolled-reference,teammate-set,historical,,observation:high,transferred_score_red_win_probability,alliance_score_rmse,136.9493777645432,2134,lower
historical-uncontrolled-reference,teammate-set,historical,,observation:high,transferred_score_red_win_probability,mean_bias,-73.09497212992791,2134,lower
historical-uncontrolled-reference,teammate-set,historical,,observation:high,transferred_score_red_win_probability,relative_bias,-0.16747334177073886,2134,lower
historical-uncontrolled-reference,teammate-set,historical,,observation:low,raw_pred_red_win_probability,alliance_score_rmse,121.94117260661544,4,lower
historical-uncontrolled-reference,teammate-set,historical,,observation:low,raw_pred_red_win_probability,mean_bias,-46.867136541862145,4,lower
historical-uncontrolled-reference,teammate-set,historical,,observation:low,raw_pred_red_win_probability,relative_bias,-0.12481261395968614,4,lower
historical-uncontrolled-reference,teammate-set,historical,,observation:low,transferred_platt_red_win_probability,alliance_score_rmse,121.94117260661544,4,lower
historical-uncontrolled-reference,teammate-set,historical,,observation:low,transferred_platt_red_win_probability,mean_bias,-46.867136541862145,4,lower
historical-uncontrolled-reference,teammate-set,historical,,observation:low,transferred_platt_red_win_probability,relative_bias,-0.12481261395968614,4,lower
historical-uncontrolled-reference,teammate-set,historical,,observation:low,transferred_score_red_win_probability,alliance_score_rmse,121.94117260661544,4,lower
historical-uncontrolled-reference,teammate-set,historical,,observation:low,transferred_score_red_win_probability,mean_bias,-46.867136541862145,4,lower
historical-uncontrolled-reference,teammate-set,historical,,observation:low,transferred_score_red_win_probability,relative_bias,-0.12481261395968614,4,lower
historical-uncontrolled-reference,teammate-set,historical,,observation:medium,raw_pred_red_win_probability,alliance_score_rmse,140.31279268018127,100,lower
historical-uncontrolled-reference,teammate-set,historical,,observation:medium,raw_pred_red_win_probability,mean_bias,-73.11303904769846,100,lower
historical-uncontrolled-reference,teammate-set,historical,,observation:medium,raw_pred_red_win_probability,relative_bias,-0.18995333605533507,100,lower
historical-uncontrolled-reference,teammate-set,historical,,observation:medium,transferred_platt_red_win_probability,alliance_score_rmse,140.31279268018127,100,lower
historical-uncontrolled-reference,teammate-set,historical,,observation:medium,transferred_platt_red_win_probability,mean_bias,-73.11303904769846,100,lower
historical-uncontrolled-reference,teammate-set,historical,,observation:medium,transferred_platt_red_win_probability,relative_bias,-0.18995333605533507,100,lower
historical-uncontrolled-reference,teammate-set,historical,,observation:medium,transferred_score_red_win_probability,alliance_score_rmse,140.31279268018127,100,lower
historical-uncontrolled-reference,teammate-set,historical,,observation:medium,transferred_score_red_win_probability,mean_bias,-73.11303904769846,100,lower
historical-uncontrolled-reference,teammate-set,historical,,observation:medium,transferred_score_red_win_probability,relative_bias,-0.18995333605533507,100,lower
official-total-core,additive,2026,100.0,primary-clean,raw_pred_red_win_probability,alliance_score_rmse,125.50320686008888,2216,lower
official-total-core,additive,2026,100.0,primary-clean,raw_pred_red_win_probability,mean_bias,-56.59415007833941,2216,lower
official-total-core,additive,2026,100.0,primary-clean,raw_pred_red_win_probability,relative_bias,-0.13020590661377296,2216,lower
official-total-core,additive,2026,100.0,primary-clean,transferred_platt_red_win_probability,alliance_score_rmse,125.50320686008888,2216,lower
official-total-core,additive,2026,100.0,primary-clean,transferred_platt_red_win_probability,mean_bias,-56.59415007833941,2216,lower
official-total-core,additive,2026,100.0,primary-clean,transferred_platt_red_win_probability,relative_bias,-0.13020590661377296,2216,lower
official-total-core,additive,2026,100.0,primary-clean,transferred_score_red_win_probability,alliance_score_rmse,125.50320686008888,2216,lower
official-total-core,additive,2026,100.0,primary-clean,transferred_score_red_win_probability,mean_bias,-56.59415007833941,2216,lower
official-total-core,additive,2026,100.0,primary-clean,transferred_score_red_win_probability,relative_bias,-0.13020590661377296,2216,lower
official-total-core,additive,2026,100.0,all-official,raw_pred_red_win_probability,alliance_score_rmse,125.80969455631111,2238,lower
official-total-core,additive,2026,100.0,all-official,raw_pred_red_win_probability,mean_bias,-56.245653311750054,2238,lower
official-total-core,additive,2026,100.0,all-official,raw_pred_red_win_probability,relative_bias,-0.12958493801853074,2238,lower
official-total-core,additive,2026,100.0,all-official,transferred_platt_red_win_probability,alliance_score_rmse,125.80969455631111,2238,lower
official-total-core,additive,2026,100.0,all-official,transferred_platt_red_win_probability,mean_bias,-56.245653311750054,2238,lower
official-total-core,additive,2026,100.0,all-official,transferred_platt_red_win_probability,relative_bias,-0.12958493801853074,2238,lower
official-total-core,additive,2026,100.0,all-official,transferred_score_red_win_probability,alliance_score_rmse,125.80969455631111,2238,lower
official-total-core,additive,2026,100.0,all-official,transferred_score_red_win_probability,mean_bias,-56.245653311750054,2238,lower
official-total-core,additive,2026,100.0,all-official,transferred_score_red_win_probability,relative_bias,-0.12958493801853074,2238,lower
official-total-core,additive,2026,100.0,DQ-only,raw_pred_red_win_probability,alliance_score_rmse,153.5790615433819,22,lower
official-total-core,additive,2026,100.0,DQ-only,raw_pred_red_win_probability,mean_bias,-21.142524458930975,22,lower
official-total-core,additive,2026,100.0,DQ-only,raw_pred_red_win_probability,relative_bias,-0.05668927947550048,22,lower
official-total-core,additive,2026,100.0,DQ-only,transferred_platt_red_win_probability,alliance_score_rmse,153.5790615433819,22,lower
official-total-core,additive,2026,100.0,DQ-only,transferred_platt_red_win_probability,mean_bias,-21.142524458930975,22,lower
official-total-core,additive,2026,100.0,DQ-only,transferred_platt_red_win_probability,relative_bias,-0.05668927947550048,22,lower
official-total-core,additive,2026,100.0,DQ-only,transferred_score_red_win_probability,alliance_score_rmse,153.5790615433819,22,lower
official-total-core,additive,2026,100.0,DQ-only,transferred_score_red_win_probability,mean_bias,-21.142524458930975,22,lower
official-total-core,additive,2026,100.0,DQ-only,transferred_score_red_win_probability,relative_bias,-0.05668927947550048,22,lower
official-total-core,additive,2026,100.0,surrogate-only,raw_pred_red_win_probability,alliance_score_rmse,89.88193400320891,12,lower
official-total-core,additive,2026,100.0,surrogate-only,raw_pred_red_win_probability,mean_bias,-42.615639533596315,12,lower
official-total-core,additive,2026,100.0,surrogate-only,raw_pred_red_win_probability,relative_bias,-0.11014164858995386,12,lower
official-total-core,additive,2026,100.0,surrogate-only,transferred_platt_red_win_probability,alliance_score_rmse,89.88193400320891,12,lower
official-total-core,additive,2026,100.0,surrogate-only,transferred_platt_red_win_probability,mean_bias,-42.615639533596315,12,lower
official-total-core,additive,2026,100.0,surrogate-only,transferred_platt_red_win_probability,relative_bias,-0.11014164858995386,12,lower
official-total-core,additive,2026,100.0,surrogate-only,transferred_score_red_win_probability,alliance_score_rmse,89.88193400320891,12,lower
official-total-core,additive,2026,100.0,surrogate-only,transferred_score_red_win_probability,mean_bias,-42.615639533596315,12,lower
official-total-core,additive,2026,100.0,surrogate-only,transferred_score_red_win_probability,relative_bias,-0.11014164858995386,12,lower
official-total-core,additive,2026,100.0,division:2026arc,raw_pred_red_win_probability,alliance_score_rmse,123.72941605181575,282,lower
official-total-core,additive,2026,100.0,division:2026arc,raw_pred_red_win_probability,mean_bias,-41.634735231156,282,lower
official-total-core,additive,2026,100.0,division:2026arc,raw_pred_red_win_probability,relative_bias,-0.09366121553963107,282,lower
official-total-core,additive,2026,100.0,division:2026arc,transferred_platt_red_win_probability,alliance_score_rmse,123.72941605181575,282,lower
official-total-core,additive,2026,100.0,division:2026arc,transferred_platt_red_win_probability,mean_bias,-41.634735231156,282,lower
official-total-core,additive,2026,100.0,division:2026arc,transferred_platt_red_win_probability,relative_bias,-0.09366121553963107,282,lower
official-total-core,additive,2026,100.0,division:2026arc,transferred_score_red_win_probability,alliance_score_rmse,123.72941605181575,282,lower
official-total-core,additive,2026,100.0,division:2026arc,transferred_score_red_win_probability,mean_bias,-41.634735231156,282,lower
official-total-core,additive,2026,100.0,division:2026arc,transferred_score_red_win_probability,relative_bias,-0.09366121553963107,282,lower
official-total-core,additive,2026,100.0,division:2026cur,raw_pred_red_win_probability,alliance_score_rmse,123.88545000825418,278,lower
official-total-core,additive,2026,100.0,division:2026cur,raw_pred_red_win_probability,mean_bias,-57.92021520053909,278,lower
official-total-core,additive,2026,100.0,division:2026cur,raw_pred_red_win_probability,relative_bias,-0.13350097689906365,278,lower
official-total-core,additive,2026,100.0,division:2026cur,transferred_platt_red_win_probability,alliance_score_rmse,123.88545000825418,278,lower
official-total-core,additive,2026,100.0,division:2026cur,transferred_platt_red_win_probability,mean_bias,-57.92021520053909,278,lower
official-total-core,additive,2026,100.0,division:2026cur,transferred_platt_red_win_probability,relative_bias,-0.13350097689906365,278,lower
official-total-core,additive,2026,100.0,division:2026cur,transferred_score_red_win_probability,alliance_score_rmse,123.88545000825418,278,lower
official-total-core,additive,2026,100.0,division:2026cur,transferred_score_red_win_probability,mean_bias,-57.92021520053909,278,lower
official-total-core,additive,2026,100.0,division:2026cur,transferred_score_red_win_probability,relative_bias,-0.13350097689906365,278,lower
official-total-core,additive,2026,100.0,division:2026dal,raw_pred_red_win_probability,alliance_score_rmse,105.08726267286256,280,lower
official-total-core,additive,2026,100.0,division:2026dal,raw_pred_red_win_probability,mean_bias,-31.167184191458006,280,lower
official-total-core,additive,2026,100.0,division:2026dal,raw_pred_red_win_probability,relative_bias,-0.07644770725167968,280,lower
official-total-core,additive,2026,100.0,division:2026dal,transferred_platt_red_win_probability,alliance_score_rmse,105.08726267286256,280,lower
official-total-core,additive,2026,100.0,division:2026dal,transferred_platt_red_win_probability,mean_bias,-31.167184191458006,280,lower
official-total-core,additive,2026,100.0,division:2026dal,transferred_platt_red_win_probability,relative_bias,-0.07644770725167968,280,lower
official-total-core,additive,2026,100.0,division:2026dal,transferred_score_red_win_probability,alliance_score_rmse,105.08726267286256,280,lower
official-total-core,additive,2026,100.0,division:2026dal,transferred_score_red_win_probability,mean_bias,-31.167184191458006,280,lower
official-total-core,additive,2026,100.0,division:2026dal,transferred_score_red_win_probability,relative_bias,-0.07644770725167968,280,lower
official-total-core,additive,2026,100.0,division:2026gal,raw_pred_red_win_probability,alliance_score_rmse,144.20925438542324,280,lower
official-total-core,additive,2026,100.0,division:2026gal,raw_pred_red_win_probability,mean_bias,-86.12645373056532,280,lower
official-total-core,additive,2026,100.0,division:2026gal,raw_pred_red_win_probability,relative_bias,-0.20246162860322128,280,lower
official-total-core,additive,2026,100.0,division:2026gal,transferred_platt_red_win_probability,alliance_score_rmse,144.20925438542324,280,lower
official-total-core,additive,2026,100.0,division:2026gal,transferred_platt_red_win_probability,mean_bias,-86.12645373056532,280,lower
official-total-core,additive,2026,100.0,division:2026gal,transferred_platt_red_win_probability,relative_bias,-0.20246162860322128,280,lower
official-total-core,additive,2026,100.0,division:2026gal,transferred_score_red_win_probability,alliance_score_rmse,144.20925438542324,280,lower
official-total-core,additive,2026,100.0,division:2026gal,transferred_score_red_win_probability,mean_bias,-86.12645373056532,280,lower
official-total-core,additive,2026,100.0,division:2026gal,transferred_score_red_win_probability,relative_bias,-0.20246162860322128,280,lower
official-total-core,additive,2026,100.0,division:2026hop,raw_pred_red_win_probability,alliance_score_rmse,134.6973535430911,280,lower
official-total-core,additive,2026,100.0,division:2026hop,raw_pred_red_win_probability,mean_bias,-69.87028960066117,280,lower
official-total-core,additive,2026,100.0,division:2026hop,raw_pred_red_win_probability,relative_bias,-0.1514967250664813,280,lower
official-total-core,additive,2026,100.0,division:2026hop,transferred_platt_red_win_probability,alliance_score_rmse,134.6973535430911,280,lower
official-total-core,additive,2026,100.0,division:2026hop,transferred_platt_red_win_probability,mean_bias,-69.87028960066117,280,lower
official-total-core,additive,2026,100.0,division:2026hop,transferred_platt_red_win_probability,relative_bias,-0.1514967250664813,280,lower
official-total-core,additive,2026,100.0,division:2026hop,transferred_score_red_win_probability,alliance_score_rmse,134.6973535430911,280,lower
official-total-core,additive,2026,100.0,division:2026hop,transferred_score_red_win_probability,mean_bias,-69.87028960066117,280,lower
official-total-core,additive,2026,100.0,division:2026hop,transferred_score_red_win_probability,relative_bias,-0.1514967250664813,280,lower
official-total-core,additive,2026,100.0,division:2026joh,raw_pred_red_win_probability,alliance_score_rmse,123.29148298746692,280,lower
official-total-core,additive,2026,100.0,division:2026joh,raw_pred_red_win_probability,mean_bias,-36.819064684075805,280,lower
official-total-core,additive,2026,100.0,division:2026joh,raw_pred_red_win_probability,relative_bias,-0.08868247837884925,280,lower
official-total-core,additive,2026,100.0,division:2026joh,transferred_platt_red_win_probability,alliance_score_rmse,123.29148298746692,280,lower
official-total-core,additive,2026,100.0,division:2026joh,transferred_platt_red_win_probability,mean_bias,-36.819064684075805,280,lower
official-total-core,additive,2026,100.0,division:2026joh,transferred_platt_red_win_probability,relative_bias,-0.08868247837884925,280,lower
official-total-core,additive,2026,100.0,division:2026joh,transferred_score_red_win_probability,alliance_score_rmse,123.29148298746692,280,lower
official-total-core,additive,2026,100.0,division:2026joh,transferred_score_red_win_probability,mean_bias,-36.819064684075805,280,lower
official-total-core,additive,2026,100.0,division:2026joh,transferred_score_red_win_probability,relative_bias,-0.08868247837884925,280,lower
official-total-core,additive,2026,100.0,division:2026mil,raw_pred_red_win_probability,alliance_score_rmse,111.13359151824729,278,lower
official-total-core,additive,2026,100.0,division:2026mil,raw_pred_red_win_probability,mean_bias,-52.41797248857475,278,lower
official-total-core,additive,2026,100.0,division:2026mil,raw_pred_red_win_probability,relative_bias,-0.1273303655222098,278,lower
official-total-core,additive,2026,100.0,division:2026mil,transferred_platt_red_win_probability,alliance_score_rmse,111.13359151824729,278,lower
official-total-core,additive,2026,100.0,division:2026mil,transferred_platt_red_win_probability,mean_bias,-52.41797248857475,278,lower
official-total-core,additive,2026,100.0,division:2026mil,transferred_platt_red_win_probability,relative_bias,-0.1273303655222098,278,lower
official-total-core,additive,2026,100.0,division:2026mil,transferred_score_red_win_probability,alliance_score_rmse,111.13359151824729,278,lower
official-total-core,additive,2026,100.0,division:2026mil,transferred_score_red_win_probability,mean_bias,-52.41797248857475,278,lower
official-total-core,additive,2026,100.0,division:2026mil,transferred_score_red_win_probability,relative_bias,-0.1273303655222098,278,lower
official-total-core,additive,2026,100.0,division:2026new,raw_pred_red_win_probability,alliance_score_rmse,135.67982307165886,280,lower
official-total-core,additive,2026,100.0,division:2026new,raw_pred_red_win_probability,mean_bias,-74.09829564658608,280,lower
official-total-core,additive,2026,100.0,division:2026new,raw_pred_red_win_probability,relative_bias,-0.15678742211491134,280,lower
official-total-core,additive,2026,100.0,division:2026new,transferred_platt_red_win_probability,alliance_score_rmse,135.67982307165886,280,lower
official-total-core,additive,2026,100.0,division:2026new,transferred_platt_red_win_probability,mean_bias,-74.09829564658608,280,lower
official-total-core,additive,2026,100.0,division:2026new,transferred_platt_red_win_probability,relative_bias,-0.15678742211491134,280,lower
official-total-core,additive,2026,100.0,division:2026new,transferred_score_red_win_probability,alliance_score_rmse,135.67982307165886,280,lower
official-total-core,additive,2026,100.0,division:2026new,transferred_score_red_win_probability,mean_bias,-74.09829564658608,280,lower
official-total-core,additive,2026,100.0,division:2026new,transferred_score_red_win_probability,relative_bias,-0.15678742211491134,280,lower
official-total-core,additive,2026,100.0,observation:high,raw_pred_red_win_probability,alliance_score_rmse,124.57784331112452,2134,lower
official-total-core,additive,2026,100.0,observation:high,raw_pred_red_win_probability,mean_bias,-54.740783032146695,2134,lower
official-total-core,additive,2026,100.0,observation:high,raw_pred_red_win_probability,relative_bias,-0.12542069034850875,2134,lower
official-total-core,additive,2026,100.0,observation:high,transferred_platt_red_win_probability,alliance_score_rmse,124.57784331112452,2134,lower
official-total-core,additive,2026,100.0,observation:high,transferred_platt_red_win_probability,mean_bias,-54.740783032146695,2134,lower
official-total-core,additive,2026,100.0,observation:high,transferred_platt_red_win_probability,relative_bias,-0.12542069034850875,2134,lower
official-total-core,additive,2026,100.0,observation:high,transferred_score_red_win_probability,alliance_score_rmse,124.57784331112452,2134,lower
official-total-core,additive,2026,100.0,observation:high,transferred_score_red_win_probability,mean_bias,-54.740783032146695,2134,lower
official-total-core,additive,2026,100.0,observation:high,transferred_score_red_win_probability,relative_bias,-0.12542069034850875,2134,lower
official-total-core,additive,2026,100.0,observation:low,raw_pred_red_win_probability,alliance_score_rmse,121.69787773990134,4,lower
official-total-core,additive,2026,100.0,observation:low,raw_pred_red_win_probability,mean_bias,-82.5958602158647,4,lower
official-total-core,additive,2026,100.0,observation:low,raw_pred_red_win_probability,relative_bias,-0.21996234411681678,4,lower
official-total-core,additive,2026,100.0,observation:low,transferred_platt_red_win_probability,alliance_score_rmse,121.69787773990134,4,lower
official-total-core,additive,2026,100.0,observation:low,transferred_platt_red_win_probability,mean_bias,-82.5958602158647,4,lower
official-total-core,additive,2026,100.0,observation:low,transferred_platt_red_win_probability,relative_bias,-0.21996234411681678,4,lower
official-total-core,additive,2026,100.0,observation:low,transferred_score_red_win_probability,alliance_score_rmse,121.69787773990134,4,lower
official-total-core,additive,2026,100.0,observation:low,transferred_score_red_win_probability,mean_bias,-82.5958602158647,4,lower
official-total-core,additive,2026,100.0,observation:low,transferred_score_red_win_probability,relative_bias,-0.21996234411681678,4,lower
official-total-core,additive,2026,100.0,observation:medium,raw_pred_red_win_probability,alliance_score_rmse,149.8362484537645,100,lower
official-total-core,additive,2026,100.0,observation:medium,raw_pred_red_win_probability,mean_bias,-87.30557680232116,100,lower
official-total-core,additive,2026,100.0,observation:medium,raw_pred_red_win_probability,relative_bias,-0.22682664796653979,100,lower
official-total-core,additive,2026,100.0,observation:medium,transferred_platt_red_win_probability,alliance_score_rmse,149.8362484537645,100,lower
official-total-core,additive,2026,100.0,observation:medium,transferred_platt_red_win_probability,mean_bias,-87.30557680232116,100,lower
official-total-core,additive,2026,100.0,observation:medium,transferred_platt_red_win_probability,relative_bias,-0.22682664796653979,100,lower
official-total-core,additive,2026,100.0,observation:medium,transferred_score_red_win_probability,alliance_score_rmse,149.8362484537645,100,lower
official-total-core,additive,2026,100.0,observation:medium,transferred_score_red_win_probability,mean_bias,-87.30557680232116,100,lower
official-total-core,additive,2026,100.0,observation:medium,transferred_score_red_win_probability,relative_bias,-0.22682664796653979,100,lower
official-total-core,full-match,2026,100.0,primary-clean,raw_pred_red_win_probability,alliance_score_rmse,143.6315825152905,2216,lower
official-total-core,full-match,2026,100.0,primary-clean,raw_pred_red_win_probability,mean_bias,-57.020592194576885,2216,lower
official-total-core,full-match,2026,100.0,primary-clean,raw_pred_red_win_probability,relative_bias,-0.13118702007313468,2216,lower
official-total-core,full-match,2026,100.0,primary-clean,transferred_platt_red_win_probability,alliance_score_rmse,143.6315825152905,2216,lower
official-total-core,full-match,2026,100.0,primary-clean,transferred_platt_red_win_probability,mean_bias,-57.020592194576885,2216,lower
official-total-core,full-match,2026,100.0,primary-clean,transferred_platt_red_win_probability,relative_bias,-0.13118702007313468,2216,lower
official-total-core,full-match,2026,100.0,primary-clean,transferred_score_red_win_probability,alliance_score_rmse,143.6315825152905,2216,lower
official-total-core,full-match,2026,100.0,primary-clean,transferred_score_red_win_probability,mean_bias,-57.020592194576885,2216,lower
official-total-core,full-match,2026,100.0,primary-clean,transferred_score_red_win_probability,relative_bias,-0.13118702007313468,2216,lower
official-total-core,full-match,2026,100.0,all-official,raw_pred_red_win_probability,alliance_score_rmse,143.9796143569272,2238,lower
official-total-core,full-match,2026,100.0,all-official,raw_pred_red_win_probability,mean_bias,-56.586148862668864,2238,lower
official-total-core,full-match,2026,100.0,all-official,raw_pred_red_win_probability,relative_bias,-0.13036940921343074,2238,lower
official-total-core,full-match,2026,100.0,all-official,transferred_platt_red_win_probability,alliance_score_rmse,143.9796143569272,2238,lower
official-total-core,full-match,2026,100.0,all-official,transferred_platt_red_win_probability,mean_bias,-56.586148862668864,2238,lower
official-total-core,full-match,2026,100.0,all-official,transferred_platt_red_win_probability,relative_bias,-0.13036940921343074,2238,lower
official-total-core,full-match,2026,100.0,all-official,transferred_score_red_win_probability,alliance_score_rmse,143.9796143569272,2238,lower
official-total-core,full-match,2026,100.0,all-official,transferred_score_red_win_probability,mean_bias,-56.586148862668864,2238,lower
official-total-core,full-match,2026,100.0,all-official,transferred_score_red_win_probability,relative_bias,-0.13036940921343074,2238,lower
official-total-core,full-match,2026,100.0,DQ-only,raw_pred_red_win_probability,alliance_score_rmse,175.53550422151062,22,lower
official-total-core,full-match,2026,100.0,DQ-only,raw_pred_red_win_probability,mean_bias,-12.825856885024677,22,lower
official-total-core,full-match,2026,100.0,DQ-only,raw_pred_red_win_probability,relative_bias,-0.034389866114630456,22,lower
official-total-core,full-match,2026,100.0,DQ-only,transferred_platt_red_win_probability,alliance_score_rmse,175.53550422151062,22,lower
official-total-core,full-match,2026,100.0,DQ-only,transferred_platt_red_win_probability,mean_bias,-12.825856885024677,22,lower
official-total-core,full-match,2026,100.0,DQ-only,transferred_platt_red_win_probability,relative_bias,-0.034389866114630456,22,lower
official-total-core,full-match,2026,100.0,DQ-only,transferred_score_red_win_probability,alliance_score_rmse,175.53550422151062,22,lower
official-total-core,full-match,2026,100.0,DQ-only,transferred_score_red_win_probability,mean_bias,-12.825856885024677,22,lower
official-total-core,full-match,2026,100.0,DQ-only,transferred_score_red_win_probability,relative_bias,-0.034389866114630456,22,lower
official-total-core,full-match,2026,100.0,surrogate-only,raw_pred_red_win_probability,alliance_score_rmse,102.60719749935193,12,lower
official-total-core,full-match,2026,100.0,surrogate-only,raw_pred_red_win_probability,mean_bias,-47.07334335600001,12,lower
official-total-core,full-match,2026,100.0,surrogate-only,raw_pred_red_win_probability,relative_bias,-0.12166274397415466,12,lower
official-total-core,full-match,2026,100.0,surrogate-only,transferred_platt_red_win_probability,alliance_score_rmse,102.60719749935193,12,lower
official-total-core,full-match,2026,100.0,surrogate-only,transferred_platt_red_win_probability,mean_bias,-47.07334335600001,12,lower
official-total-core,full-match,2026,100.0,surrogate-only,transferred_platt_red_win_probability,relative_bias,-0.12166274397415466,12,lower
official-total-core,full-match,2026,100.0,surrogate-only,transferred_score_red_win_probability,alliance_score_rmse,102.60719749935193,12,lower
official-total-core,full-match,2026,100.0,surrogate-only,transferred_score_red_win_probability,mean_bias,-47.07334335600001,12,lower
official-total-core,full-match,2026,100.0,surrogate-only,transferred_score_red_win_probability,relative_bias,-0.12166274397415466,12,lower
official-total-core,full-match,2026,100.0,division:2026arc,raw_pred_red_win_probability,alliance_score_rmse,144.9642935639662,282,lower
official-total-core,full-match,2026,100.0,division:2026arc,raw_pred_red_win_probability,mean_bias,-41.27818079509239,282,lower
official-total-core,full-match,2026,100.0,division:2026arc,raw_pred_red_win_probability,relative_bias,-0.09285911311956391,282,lower
official-total-core,full-match,2026,100.0,division:2026arc,transferred_platt_red_win_probability,alliance_score_rmse,144.9642935639662,282,lower
official-total-core,full-match,2026,100.0,division:2026arc,transferred_platt_red_win_probability,mean_bias,-41.27818079509239,282,lower
official-total-core,full-match,2026,100.0,division:2026arc,transferred_platt_red_win_probability,relative_bias,-0.09285911311956391,282,lower
official-total-core,full-match,2026,100.0,division:2026arc,transferred_score_red_win_probability,alliance_score_rmse,144.9642935639662,282,lower
official-total-core,full-match,2026,100.0,division:2026arc,transferred_score_red_win_probability,mean_bias,-41.27818079509239,282,lower
official-total-core,full-match,2026,100.0,division:2026arc,transferred_score_red_win_probability,relative_bias,-0.09285911311956391,282,lower
official-total-core,full-match,2026,100.0,division:2026cur,raw_pred_red_win_probability,alliance_score_rmse,137.6332885309584,278,lower
official-total-core,full-match,2026,100.0,division:2026cur,raw_pred_red_win_probability,mean_bias,-61.93512063976622,278,lower
official-total-core,full-match,2026,100.0,division:2026cur,raw_pred_red_win_probability,relative_bias,-0.14275497908877233,278,lower
official-total-core,full-match,2026,100.0,division:2026cur,transferred_platt_red_win_probability,alliance_score_rmse,137.6332885309584,278,lower
official-total-core,full-match,2026,100.0,division:2026cur,transferred_platt_red_win_probability,mean_bias,-61.93512063976622,278,lower
official-total-core,full-match,2026,100.0,division:2026cur,transferred_platt_red_win_probability,relative_bias,-0.14275497908877233,278,lower
official-total-core,full-match,2026,100.0,division:2026cur,transferred_score_red_win_probability,alliance_score_rmse,137.6332885309584,278,lower
official-total-core,full-match,2026,100.0,division:2026cur,transferred_score_red_win_probability,mean_bias,-61.93512063976622,278,lower
official-total-core,full-match,2026,100.0,division:2026cur,transferred_score_red_win_probability,relative_bias,-0.14275497908877233,278,lower
official-total-core,full-match,2026,100.0,division:2026dal,raw_pred_red_win_probability,alliance_score_rmse,130.92580672540518,280,lower
official-total-core,full-match,2026,100.0,division:2026dal,raw_pred_red_win_probability,mean_bias,-15.494191239364936,280,lower
official-total-core,full-match,2026,100.0,division:2026dal,raw_pred_red_win_probability,relative_bias,-0.03800456880198839,280,lower
official-total-core,full-match,2026,100.0,division:2026dal,transferred_platt_red_win_probability,alliance_score_rmse,130.92580672540518,280,lower
official-total-core,full-match,2026,100.0,division:2026dal,transferred_platt_red_win_probability,mean_bias,-15.494191239364936,280,lower
official-total-core,full-match,2026,100.0,division:2026dal,transferred_platt_red_win_probability,relative_bias,-0.03800456880198839,280,lower
official-total-core,full-match,2026,100.0,division:2026dal,transferred_score_red_win_probability,alliance_score_rmse,130.92580672540518,280,lower
official-total-core,full-match,2026,100.0,division:2026dal,transferred_score_red_win_probability,mean_bias,-15.494191239364936,280,lower
official-total-core,full-match,2026,100.0,division:2026dal,transferred_score_red_win_probability,relative_bias,-0.03800456880198839,280,lower
official-total-core,full-match,2026,100.0,division:2026gal,raw_pred_red_win_probability,alliance_score_rmse,147.6756653109587,280,lower
official-total-core,full-match,2026,100.0,division:2026gal,raw_pred_red_win_probability,mean_bias,-75.18145553604396,280,lower
official-total-core,full-match,2026,100.0,division:2026gal,raw_pred_red_win_probability,relative_bias,-0.176732690936121,280,lower
official-total-core,full-match,2026,100.0,division:2026gal,transferred_platt_red_win_probability,alliance_score_rmse,147.6756653109587,280,lower
official-total-core,full-match,2026,100.0,division:2026gal,transferred_platt_red_win_probability,mean_bias,-75.18145553604396,280,lower
official-total-core,full-match,2026,100.0,division:2026gal,transferred_platt_red_win_probability,relative_bias,-0.176732690936121,280,lower
official-total-core,full-match,2026,100.0,division:2026gal,transferred_score_red_win_probability,alliance_score_rmse,147.6756653109587,280,lower
official-total-core,full-match,2026,100.0,division:2026gal,transferred_score_red_win_probability,mean_bias,-75.18145553604396,280,lower
official-total-core,full-match,2026,100.0,division:2026gal,transferred_score_red_win_probability,relative_bias,-0.176732690936121,280,lower
official-total-core,full-match,2026,100.0,division:2026hop,raw_pred_red_win_probability,alliance_score_rmse,157.61591115019377,280,lower
official-total-core,full-match,2026,100.0,division:2026hop,raw_pred_red_win_probability,mean_bias,-80.5870600664055,280,lower
official-total-core,full-match,2026,100.0,division:2026hop,raw_pred_red_win_probability,relative_bias,-0.1747334346626312,280,lower
official-total-core,full-match,2026,100.0,division:2026hop,transferred_platt_red_win_probability,alliance_score_rmse,157.61591115019377,280,lower
official-total-core,full-match,2026,100.0,division:2026hop,transferred_platt_red_win_probability,mean_bias,-80.5870600664055,280,lower
official-total-core,full-match,2026,100.0,division:2026hop,transferred_platt_red_win_probability,relative_bias,-0.1747334346626312,280,lower
official-total-core,full-match,2026,100.0,division:2026hop,transferred_score_red_win_probability,alliance_score_rmse,157.61591115019377,280,lower
official-total-core,full-match,2026,100.0,division:2026hop,transferred_score_red_win_probability,mean_bias,-80.5870600664055,280,lower
official-total-core,full-match,2026,100.0,division:2026hop,transferred_score_red_win_probability,relative_bias,-0.1747334346626312,280,lower
official-total-core,full-match,2026,100.0,division:2026joh,raw_pred_red_win_probability,alliance_score_rmse,145.2324760984825,280,lower
official-total-core,full-match,2026,100.0,division:2026joh,raw_pred_red_win_probability,mean_bias,-59.6018131143206,280,lower
official-total-core,full-match,2026,100.0,division:2026joh,raw_pred_red_win_probability,relative_bias,-0.14355705524309478,280,lower
official-total-core,full-match,2026,100.0,division:2026joh,transferred_platt_red_win_probability,alliance_score_rmse,145.2324760984825,280,lower
official-total-core,full-match,2026,100.0,division:2026joh,transferred_platt_red_win_probability,mean_bias,-59.6018131143206,280,lower
official-total-core,full-match,2026,100.0,division:2026joh,transferred_platt_red_win_probability,relative_bias,-0.14355705524309478,280,lower
official-total-core,full-match,2026,100.0,division:2026joh,transferred_score_red_win_probability,alliance_score_rmse,145.2324760984825,280,lower
official-total-core,full-match,2026,100.0,division:2026joh,transferred_score_red_win_probability,mean_bias,-59.6018131143206,280,lower
official-total-core,full-match,2026,100.0,division:2026joh,transferred_score_red_win_probability,relative_bias,-0.14355705524309478,280,lower
official-total-core,full-match,2026,100.0,division:2026mil,raw_pred_red_win_probability,alliance_score_rmse,134.7354061511124,278,lower
official-total-core,full-match,2026,100.0,division:2026mil,raw_pred_red_win_probability,mean_bias,-47.83559665461074,278,lower
official-total-core,full-match,2026,100.0,division:2026mil,raw_pred_red_win_probability,relative_bias,-0.11619915303538661,278,lower
official-total-core,full-match,2026,100.0,division:2026mil,transferred_platt_red_win_probability,alliance_score_rmse,134.7354061511124,278,lower
official-total-core,full-match,2026,100.0,division:2026mil,transferred_platt_red_win_probability,mean_bias,-47.83559665461074,278,lower
official-total-core,full-match,2026,100.0,division:2026mil,transferred_platt_red_win_probability,relative_bias,-0.11619915303538661,278,lower
official-total-core,full-match,2026,100.0,division:2026mil,transferred_score_red_win_probability,alliance_score_rmse,134.7354061511124,278,lower
official-total-core,full-match,2026,100.0,division:2026mil,transferred_score_red_win_probability,mean_bias,-47.83559665461074,278,lower
official-total-core,full-match,2026,100.0,division:2026mil,transferred_score_red_win_probability,relative_bias,-0.11619915303538661,278,lower
official-total-core,full-match,2026,100.0,division:2026new,raw_pred_red_win_probability,alliance_score_rmse,151.03548741583685,280,lower
official-total-core,full-match,2026,100.0,division:2026new,raw_pred_red_win_probability,mean_bias,-70.86081848172239,280,lower
official-total-core,full-match,2026,100.0,division:2026new,raw_pred_red_win_probability,relative_bias,-0.1499371201692922,280,lower
official-total-core,full-match,2026,100.0,division:2026new,transferred_platt_red_win_probability,alliance_score_rmse,151.03548741583685,280,lower
official-total-core,full-match,2026,100.0,division:2026new,transferred_platt_red_win_probability,mean_bias,-70.86081848172239,280,lower
official-total-core,full-match,2026,100.0,division:2026new,transferred_platt_red_win_probability,relative_bias,-0.1499371201692922,280,lower
official-total-core,full-match,2026,100.0,division:2026new,transferred_score_red_win_probability,alliance_score_rmse,151.03548741583685,280,lower
official-total-core,full-match,2026,100.0,division:2026new,transferred_score_red_win_probability,mean_bias,-70.86081848172239,280,lower
official-total-core,full-match,2026,100.0,division:2026new,transferred_score_red_win_probability,relative_bias,-0.1499371201692922,280,lower
official-total-core,full-match,2026,100.0,observation:high,raw_pred_red_win_probability,alliance_score_rmse,142.38610108097163,2134,lower
official-total-core,full-match,2026,100.0,observation:high,raw_pred_red_win_probability,mean_bias,-56.001702736750154,2134,lower
official-total-core,full-match,2026,100.0,observation:high,raw_pred_red_win_probability,relative_bias,-0.12830967751795666,2134,lower
official-total-core,full-match,2026,100.0,observation:high,transferred_platt_red_win_probability,alliance_score_rmse,142.38610108097163,2134,lower
official-total-core,full-match,2026,100.0,observation:high,transferred_platt_red_win_probability,mean_bias,-56.001702736750154,2134,lower
official-total-core,full-match,2026,100.0,observation:high,transferred_platt_red_win_probability,relative_bias,-0.12830967751795666,2134,lower
official-total-core,full-match,2026,100.0,observation:high,transferred_score_red_win_probability,alliance_score_rmse,142.38610108097163,2134,lower
official-total-core,full-match,2026,100.0,observation:high,transferred_score_red_win_probability,mean_bias,-56.001702736750154,2134,lower
official-total-core,full-match,2026,100.0,observation:high,transferred_score_red_win_probability,relative_bias,-0.12830967751795666,2134,lower
official-total-core,full-match,2026,100.0,observation:low,raw_pred_red_win_probability,alliance_score_rmse,191.930783025064,4,lower
official-total-core,full-match,2026,100.0,observation:low,raw_pred_red_win_probability,mean_bias,18.356401848828924,4,lower
official-total-core,full-match,2026,100.0,observation:low,raw_pred_red_win_probability,relative_bias,0.048885224630702856,4,lower
official-total-core,full-match,2026,100.0,observation:low,transferred_platt_red_win_probability,alliance_score_rmse,191.930783025064,4,lower
official-total-core,full-match,2026,100.0,observation:low,transferred_platt_red_win_probability,mean_bias,18.356401848828924,4,lower
official-total-core,full-match,2026,100.0,observation:low,transferred_platt_red_win_probability,relative_bias,0.048885224630702856,4,lower
official-total-core,full-match,2026,100.0,observation:low,transferred_score_red_win_probability,alliance_score_rmse,191.930783025064,4,lower
official-total-core,full-match,2026,100.0,observation:low,transferred_score_red_win_probability,mean_bias,18.356401848828924,4,lower
official-total-core,full-match,2026,100.0,observation:low,transferred_score_red_win_probability,relative_bias,0.048885224630702856,4,lower
official-total-core,full-match,2026,100.0,observation:medium,raw_pred_red_win_probability,alliance_score_rmse,172.6958825072458,100,lower
official-total-core,full-match,2026,100.0,observation:medium,raw_pred_red_win_probability,mean_bias,-72.0559312182339,100,lower
official-total-core,full-match,2026,100.0,observation:medium,raw_pred_red_win_probability,relative_bias,-0.18720688807023617,100,lower
official-total-core,full-match,2026,100.0,observation:medium,transferred_platt_red_win_probability,alliance_score_rmse,172.6958825072458,100,lower
official-total-core,full-match,2026,100.0,observation:medium,transferred_platt_red_win_probability,mean_bias,-72.0559312182339,100,lower
official-total-core,full-match,2026,100.0,observation:medium,transferred_platt_red_win_probability,relative_bias,-0.18720688807023617,100,lower
official-total-core,full-match,2026,100.0,observation:medium,transferred_score_red_win_probability,alliance_score_rmse,172.6958825072458,100,lower
official-total-core,full-match,2026,100.0,observation:medium,transferred_score_red_win_probability,mean_bias,-72.0559312182339,100,lower
official-total-core,full-match,2026,100.0,observation:medium,transferred_score_red_win_probability,relative_bias,-0.18720688807023617,100,lower
official-total-core,teammate-set,2026,100.0,primary-clean,raw_pred_red_win_probability,alliance_score_rmse,143.52450430727527,2216,lower
official-total-core,teammate-set,2026,100.0,primary-clean,raw_pred_red_win_probability,mean_bias,-58.62268648800697,2216,lower
official-total-core,teammate-set,2026,100.0,primary-clean,raw_pred_red_win_probability,relative_bias,-0.1348729512103293,2216,lower
official-total-core,teammate-set,2026,100.0,primary-clean,transferred_platt_red_win_probability,alliance_score_rmse,143.52450430727527,2216,lower
official-total-core,teammate-set,2026,100.0,primary-clean,transferred_platt_red_win_probability,mean_bias,-58.62268648800697,2216,lower
official-total-core,teammate-set,2026,100.0,primary-clean,transferred_platt_red_win_probability,relative_bias,-0.1348729512103293,2216,lower
official-total-core,teammate-set,2026,100.0,primary-clean,transferred_score_red_win_probability,alliance_score_rmse,143.52450430727527,2216,lower
official-total-core,teammate-set,2026,100.0,primary-clean,transferred_score_red_win_probability,mean_bias,-58.62268648800697,2216,lower
official-total-core,teammate-set,2026,100.0,primary-clean,transferred_score_red_win_probability,relative_bias,-0.1348729512103293,2216,lower
official-total-core,teammate-set,2026,100.0,all-official,raw_pred_red_win_probability,alliance_score_rmse,143.87313274681307,2238,lower
official-total-core,teammate-set,2026,100.0,all-official,raw_pred_red_win_probability,mean_bias,-58.317413428555064,2238,lower
official-total-core,teammate-set,2026,100.0,all-official,raw_pred_red_win_probability,relative_bias,-0.1343580874179592,2238,lower
official-total-core,teammate-set,2026,100.0,all-official,transferred_platt_red_win_probability,alliance_score_rmse,143.87313274681307,2238,lower
official-total-core,teammate-set,2026,100.0,all-official,transferred_platt_red_win_probability,mean_bias,-58.317413428555064,2238,lower
official-total-core,teammate-set,2026,100.0,all-official,transferred_platt_red_win_probability,relative_bias,-0.1343580874179592,2238,lower
official-total-core,teammate-set,2026,100.0,all-official,transferred_score_red_win_probability,alliance_score_rmse,143.87313274681307,2238,lower
official-total-core,teammate-set,2026,100.0,all-official,transferred_score_red_win_probability,mean_bias,-58.317413428555064,2238,lower
official-total-core,teammate-set,2026,100.0,all-official,transferred_score_red_win_probability,relative_bias,-0.1343580874179592,2238,lower
official-total-core,teammate-set,2026,100.0,DQ-only,raw_pred_red_win_probability,alliance_score_rmse,175.47605643826822,22,lower
official-total-core,teammate-set,2026,100.0,DQ-only,raw_pred_red_win_probability,mean_bias,-27.568090712854325,22,lower
official-total-core,teammate-set,2026,100.0,DQ-only,raw_pred_red_win_probability,relative_bias,-0.07391809819412494,22,lower
official-total-core,teammate-set,2026,100.0,DQ-only,transferred_platt_red_win_probability,alliance_score_rmse,175.47605643826822,22,lower
official-total-core,teammate-set,2026,100.0,DQ-only,transferred_platt_red_win_probability,mean_bias,-27.568090712854325,22,lower
official-total-core,teammate-set,2026,100.0,DQ-only,transferred_platt_red_win_probability,relative_bias,-0.07391809819412494,22,lower
official-total-core,teammate-set,2026,100.0,DQ-only,transferred_score_red_win_probability,alliance_score_rmse,175.47605643826822,22,lower
official-total-core,teammate-set,2026,100.0,DQ-only,transferred_score_red_win_probability,mean_bias,-27.568090712854325,22,lower
official-total-core,teammate-set,2026,100.0,DQ-only,transferred_score_red_win_probability,relative_bias,-0.07391809819412494,22,lower
official-total-core,teammate-set,2026,100.0,surrogate-only,raw_pred_red_win_probability,alliance_score_rmse,122.61303039111338,12,lower
official-total-core,teammate-set,2026,100.0,surrogate-only,raw_pred_red_win_probability,mean_bias,-54.25674055436817,12,lower
official-total-core,teammate-set,2026,100.0,surrogate-only,raw_pred_red_win_probability,relative_bias,-0.14022849163308596,12,lower
official-total-core,teammate-set,2026,100.0,surrogate-only,transferred_platt_red_win_probability,alliance_score_rmse,122.61303039111338,12,lower
official-total-core,teammate-set,2026,100.0,surrogate-only,transferred_platt_red_win_probability,mean_bias,-54.25674055436817,12,lower
official-total-core,teammate-set,2026,100.0,surrogate-only,transferred_platt_red_win_probability,relative_bias,-0.14022849163308596,12,lower
official-total-core,teammate-set,2026,100.0,surrogate-only,transferred_score_red_win_probability,alliance_score_rmse,122.61303039111338,12,lower
official-total-core,teammate-set,2026,100.0,surrogate-only,transferred_score_red_win_probability,mean_bias,-54.25674055436817,12,lower
official-total-core,teammate-set,2026,100.0,surrogate-only,transferred_score_red_win_probability,relative_bias,-0.14022849163308596,12,lower
official-total-core,teammate-set,2026,100.0,division:2026arc,raw_pred_red_win_probability,alliance_score_rmse,139.8220683871282,282,lower
official-total-core,teammate-set,2026,100.0,division:2026arc,raw_pred_red_win_probability,mean_bias,-42.53613363239995,282,lower
official-total-core,teammate-set,2026,100.0,division:2026arc,raw_pred_red_win_probability,relative_bias,-0.09568899521631821,282,lower
official-total-core,teammate-set,2026,100.0,division:2026arc,transferred_platt_red_win_probability,alliance_score_rmse,139.8220683871282,282,lower
official-total-core,teammate-set,2026,100.0,division:2026arc,transferred_platt_red_win_probability,mean_bias,-42.53613363239995,282,lower
official-total-core,teammate-set,2026,100.0,division:2026arc,transferred_platt_red_win_probability,relative_bias,-0.09568899521631821,282,lower
official-total-core,teammate-set,2026,100.0,division:2026arc,transferred_score_red_win_probability,alliance_score_rmse,139.8220683871282,282,lower
official-total-core,teammate-set,2026,100.0,division:2026arc,transferred_score_red_win_probability,mean_bias,-42.53613363239995,282,lower
official-total-core,teammate-set,2026,100.0,division:2026arc,transferred_score_red_win_probability,relative_bias,-0.09568899521631821,282,lower
official-total-core,teammate-set,2026,100.0,division:2026cur,raw_pred_red_win_probability,alliance_score_rmse,141.3952327353823,278,lower
official-total-core,teammate-set,2026,100.0,division:2026cur,raw_pred_red_win_probability,mean_bias,-59.39753145970847,278,lower
official-total-core,teammate-set,2026,100.0,division:2026cur,raw_pred_red_win_probability,relative_bias,-0.13690606030742342,278,lower
official-total-core,teammate-set,2026,100.0,division:2026cur,transferred_platt_red_win_probability,alliance_score_rmse,141.3952327353823,278,lower
official-total-core,teammate-set,2026,100.0,division:2026cur,transferred_platt_red_win_probability,mean_bias,-59.39753145970847,278,lower
official-total-core,teammate-set,2026,100.0,division:2026cur,transferred_platt_red_win_probability,relative_bias,-0.13690606030742342,278,lower
official-total-core,teammate-set,2026,100.0,division:2026cur,transferred_score_red_win_probability,alliance_score_rmse,141.3952327353823,278,lower
official-total-core,teammate-set,2026,100.0,division:2026cur,transferred_score_red_win_probability,mean_bias,-59.39753145970847,278,lower
official-total-core,teammate-set,2026,100.0,division:2026cur,transferred_score_red_win_probability,relative_bias,-0.13690606030742342,278,lower
official-total-core,teammate-set,2026,100.0,division:2026dal,raw_pred_red_win_probability,alliance_score_rmse,128.0418662990431,280,lower
official-total-core,teammate-set,2026,100.0,division:2026dal,raw_pred_red_win_probability,mean_bias,-25.240497224387166,280,lower
official-total-core,teammate-set,2026,100.0,division:2026dal,raw_pred_red_win_probability,relative_bias,-0.061910570131825486,280,lower
official-total-core,teammate-set,2026,100.0,division:2026dal,transferred_platt_red_win_probability,alliance_score_rmse,128.0418662990431,280,lower
official-total-core,teammate-set,2026,100.0,division:2026dal,transferred_platt_red_win_probability,mean_bias,-25.240497224387166,280,lower
official-total-core,teammate-set,2026,100.0,division:2026dal,transferred_platt_red_win_probability,relative_bias,-0.061910570131825486,280,lower
official-total-core,teammate-set,2026,100.0,division:2026dal,transferred_score_red_win_probability,alliance_score_rmse,128.0418662990431,280,lower
official-total-core,teammate-set,2026,100.0,division:2026dal,transferred_score_red_win_probability,mean_bias,-25.240497224387166,280,lower
official-total-core,teammate-set,2026,100.0,division:2026dal,transferred_score_red_win_probability,relative_bias,-0.061910570131825486,280,lower
official-total-core,teammate-set,2026,100.0,division:2026gal,raw_pred_red_win_probability,alliance_score_rmse,155.5752128681051,280,lower
official-total-core,teammate-set,2026,100.0,division:2026gal,raw_pred_red_win_probability,mean_bias,-74.24619667154415,280,lower
official-total-core,teammate-set,2026,100.0,division:2026gal,raw_pred_red_win_probability,relative_bias,-0.174534132599276,280,lower
official-total-core,teammate-set,2026,100.0,division:2026gal,transferred_platt_red_win_probability,alliance_score_rmse,155.5752128681051,280,lower
official-total-core,teammate-set,2026,100.0,division:2026gal,transferred_platt_red_win_probability,mean_bias,-74.24619667154415,280,lower
official-total-core,teammate-set,2026,100.0,division:2026gal,transferred_platt_red_win_probability,relative_bias,-0.174534132599276,280,lower
official-total-core,teammate-set,2026,100.0,division:2026gal,transferred_score_red_win_probability,alliance_score_rmse,155.5752128681051,280,lower
official-total-core,teammate-set,2026,100.0,division:2026gal,transferred_score_red_win_probability,mean_bias,-74.24619667154415,280,lower
official-total-core,teammate-set,2026,100.0,division:2026gal,transferred_score_red_win_probability,relative_bias,-0.174534132599276,280,lower
official-total-core,teammate-set,2026,100.0,division:2026hop,raw_pred_red_win_probability,alliance_score_rmse,159.3387926957466,280,lower
official-total-core,teammate-set,2026,100.0,division:2026hop,raw_pred_red_win_probability,mean_bias,-78.6758011731761,280,lower
official-total-core,teammate-set,2026,100.0,division:2026hop,raw_pred_red_win_probability,relative_bias,-0.17058933472067672,280,lower
official-total-core,teammate-set,2026,100.0,division:2026hop,transferred_platt_red_win_probability,alliance_score_rmse,159.3387926957466,280,lower
official-total-core,teammate-set,2026,100.0,division:2026hop,transferred_platt_red_win_probability,mean_bias,-78.6758011731761,280,lower
official-total-core,teammate-set,2026,100.0,division:2026hop,transferred_platt_red_win_probability,relative_bias,-0.17058933472067672,280,lower
official-total-core,teammate-set,2026,100.0,division:2026hop,transferred_score_red_win_probability,alliance_score_rmse,159.3387926957466,280,lower
official-total-core,teammate-set,2026,100.0,division:2026hop,transferred_score_red_win_probability,mean_bias,-78.6758011731761,280,lower
official-total-core,teammate-set,2026,100.0,division:2026hop,transferred_score_red_win_probability,relative_bias,-0.17058933472067672,280,lower
official-total-core,teammate-set,2026,100.0,division:2026joh,raw_pred_red_win_probability,alliance_score_rmse,146.4998931903832,280,lower
official-total-core,teammate-set,2026,100.0,division:2026joh,raw_pred_red_win_probability,mean_bias,-61.581515455647576,280,lower
official-total-core,teammate-set,2026,100.0,division:2026joh,raw_pred_red_win_probability,relative_bias,-0.14832537055983933,280,lower
official-total-core,teammate-set,2026,100.0,division:2026joh,transferred_platt_red_win_probability,alliance_score_rmse,146.4998931903832,280,lower
official-total-core,teammate-set,2026,100.0,division:2026joh,transferred_platt_red_win_probability,mean_bias,-61.581515455647576,280,lower
official-total-core,teammate-set,2026,100.0,division:2026joh,transferred_platt_red_win_probability,relative_bias,-0.14832537055983933,280,lower
official-total-core,teammate-set,2026,100.0,division:2026joh,transferred_score_red_win_probability,alliance_score_rmse,146.4998931903832,280,lower
official-total-core,teammate-set,2026,100.0,division:2026joh,transferred_score_red_win_probability,mean_bias,-61.581515455647576,280,lower
official-total-core,teammate-set,2026,100.0,division:2026joh,transferred_score_red_win_probability,relative_bias,-0.14832537055983933,280,lower
official-total-core,teammate-set,2026,100.0,division:2026mil,raw_pred_red_win_probability,alliance_score_rmse,134.5371813640948,278,lower
official-total-core,teammate-set,2026,100.0,division:2026mil,raw_pred_red_win_probability,mean_bias,-56.17492207881206,278,lower
official-total-core,teammate-set,2026,100.0,division:2026mil,raw_pred_red_win_probability,relative_bias,-0.13645650569632092,278,lower
official-total-core,teammate-set,2026,100.0,division:2026mil,transferred_platt_red_win_probability,alliance_score_rmse,134.5371813640948,278,lower
official-total-core,teammate-set,2026,100.0,division:2026mil,transferred_platt_red_win_probability,mean_bias,-56.17492207881206,278,lower
official-total-core,teammate-set,2026,100.0,division:2026mil,transferred_platt_red_win_probability,relative_bias,-0.13645650569632092,278,lower
official-total-core,teammate-set,2026,100.0,division:2026mil,transferred_score_red_win_probability,alliance_score_rmse,134.5371813640948,278,lower
official-total-core,teammate-set,2026,100.0,division:2026mil,transferred_score_red_win_probability,mean_bias,-56.17492207881206,278,lower
official-total-core,teammate-set,2026,100.0,division:2026mil,transferred_score_red_win_probability,relative_bias,-0.13645650569632092,278,lower
official-total-core,teammate-set,2026,100.0,division:2026new,raw_pred_red_win_probability,alliance_score_rmse,143.13598066132195,280,lower
official-total-core,teammate-set,2026,100.0,division:2026new,raw_pred_red_win_probability,mean_bias,-68.79184477903338,280,lower
official-total-core,teammate-set,2026,100.0,division:2026new,raw_pred_red_win_probability,relative_bias,-0.1455592994591461,280,lower
official-total-core,teammate-set,2026,100.0,division:2026new,transferred_platt_red_win_probability,alliance_score_rmse,143.13598066132195,280,lower
official-total-core,teammate-set,2026,100.0,division:2026new,transferred_platt_red_win_probability,mean_bias,-68.79184477903338,280,lower
official-total-core,teammate-set,2026,100.0,division:2026new,transferred_platt_red_win_probability,relative_bias,-0.1455592994591461,280,lower
official-total-core,teammate-set,2026,100.0,division:2026new,transferred_score_red_win_probability,alliance_score_rmse,143.13598066132195,280,lower
official-total-core,teammate-set,2026,100.0,division:2026new,transferred_score_red_win_probability,mean_bias,-68.79184477903338,280,lower
official-total-core,teammate-set,2026,100.0,division:2026new,transferred_score_red_win_probability,relative_bias,-0.1455592994591461,280,lower
official-total-core,teammate-set,2026,100.0,observation:high,raw_pred_red_win_probability,alliance_score_rmse,143.09883903238648,2134,lower
official-total-core,teammate-set,2026,100.0,observation:high,raw_pred_red_win_probability,mean_bias,-57.916059525867105,2134,lower
official-total-core,teammate-set,2026,100.0,observation:high,raw_pred_red_win_probability,relative_bias,-0.13269580312239682,2134,lower
official-total-core,teammate-set,2026,100.0,observation:high,transferred_platt_red_win_probability,alliance_score_rmse,143.09883903238648,2134,lower
official-total-core,teammate-set,2026,100.0,observation:high,transferred_platt_red_win_probability,mean_bias,-57.916059525867105,2134,lower
official-total-core,teammate-set,2026,100.0,observation:high,transferred_platt_red_win_probability,relative_bias,-0.13269580312239682,2134,lower
official-total-core,teammate-set,2026,100.0,observation:high,transferred_score_red_win_probability,alliance_score_rmse,143.09883903238648,2134,lower
official-total-core,teammate-set,2026,100.0,observation:high,transferred_score_red_win_probability,mean_bias,-57.916059525867105,2134,lower
official-total-core,teammate-set,2026,100.0,observation:high,transferred_score_red_win_probability,relative_bias,-0.13269580312239682,2134,lower
official-total-core,teammate-set,2026,100.0,observation:low,raw_pred_red_win_probability,alliance_score_rmse,112.17007378336382,4,lower
official-total-core,teammate-set,2026,100.0,observation:low,raw_pred_red_win_probability,mean_bias,49.65208009823134,4,lower
official-total-core,teammate-set,2026,100.0,observation:low,raw_pred_red_win_probability,relative_bias,0.13222924127358546,4,lower
official-total-core,teammate-set,2026,100.0,observation:low,transferred_platt_red_win_probability,alliance_score_rmse,112.17007378336382,4,lower
official-total-core,teammate-set,2026,100.0,observation:low,transferred_platt_red_win_probability,mean_bias,49.65208009823134,4,lower
official-total-core,teammate-set,2026,100.0,observation:low,transferred_platt_red_win_probability,relative_bias,0.13222924127358546,4,lower
official-total-core,teammate-set,2026,100.0,observation:low,transferred_score_red_win_probability,alliance_score_rmse,112.17007378336382,4,lower
official-total-core,teammate-set,2026,100.0,observation:low,transferred_score_red_win_probability,mean_bias,49.65208009823134,4,lower
official-total-core,teammate-set,2026,100.0,observation:low,transferred_score_red_win_probability,relative_bias,0.13222924127358546,4,lower
official-total-core,teammate-set,2026,100.0,observation:medium,raw_pred_red_win_probability,alliance_score_rmse,160.51770343657753,100,lower
official-total-core,teammate-set,2026,100.0,observation:medium,raw_pred_red_win_probability,mean_bias,-71.20108545298763,100,lower
official-total-core,teammate-set,2026,100.0,observation:medium,raw_pred_red_win_probability,relative_bias,-0.18498593258765297,100,lower
official-total-core,teammate-set,2026,100.0,observation:medium,transferred_platt_red_win_probability,alliance_score_rmse,160.51770343657753,100,lower
official-total-core,teammate-set,2026,100.0,observation:medium,transferred_platt_red_win_probability,mean_bias,-71.20108545298763,100,lower
official-total-core,teammate-set,2026,100.0,observation:medium,transferred_platt_red_win_probability,relative_bias,-0.18498593258765297,100,lower
official-total-core,teammate-set,2026,100.0,observation:medium,transferred_score_red_win_probability,alliance_score_rmse,160.51770343657753,100,lower
official-total-core,teammate-set,2026,100.0,observation:medium,transferred_score_red_win_probability,mean_bias,-71.20108545298763,100,lower
official-total-core,teammate-set,2026,100.0,observation:medium,transferred_score_red_win_probability,relative_bias,-0.18498593258765297,100,lower
phase-core,additive,2026,100.0,primary-clean,raw_pred_red_win_probability,alliance_score_rmse,129.06880571763853,2216,lower
phase-core,additive,2026,100.0,primary-clean,raw_pred_red_win_probability,mean_bias,-60.906312592264214,2216,lower
phase-core,additive,2026,100.0,primary-clean,raw_pred_red_win_probability,relative_bias,-0.14012687952023595,2216,lower
phase-core,additive,2026,100.0,primary-clean,transferred_platt_red_win_probability,alliance_score_rmse,129.06880571763853,2216,lower
phase-core,additive,2026,100.0,primary-clean,transferred_platt_red_win_probability,mean_bias,-60.906312592264214,2216,lower
phase-core,additive,2026,100.0,primary-clean,transferred_platt_red_win_probability,relative_bias,-0.14012687952023595,2216,lower
phase-core,additive,2026,100.0,primary-clean,transferred_score_red_win_probability,alliance_score_rmse,129.06880571763853,2216,lower
phase-core,additive,2026,100.0,primary-clean,transferred_score_red_win_probability,mean_bias,-60.906312592264214,2216,lower
phase-core,additive,2026,100.0,primary-clean,transferred_score_red_win_probability,relative_bias,-0.14012687952023595,2216,lower
phase-core,additive,2026,100.0,all-official,raw_pred_red_win_probability,alliance_score_rmse,129.34589837583678,2238,lower
phase-core,additive,2026,100.0,all-official,raw_pred_red_win_probability,mean_bias,-60.529490053792095,2238,lower
phase-core,additive,2026,100.0,all-official,raw_pred_red_win_probability,relative_bias,-0.1394545134614931,2238,lower
phase-core,additive,2026,100.0,all-official,transferred_platt_red_win_probability,alliance_score_rmse,129.34589837583678,2238,lower
phase-core,additive,2026,100.0,all-official,transferred_platt_red_win_probability,mean_bias,-60.529490053792095,2238,lower
phase-core,additive,2026,100.0,all-official,transferred_platt_red_win_probability,relative_bias,-0.1394545134614931,2238,lower
phase-core,additive,2026,100.0,all-official,transferred_score_red_win_probability,alliance_score_rmse,129.34589837583678,2238,lower
phase-core,additive,2026,100.0,all-official,transferred_score_red_win_probability,mean_bias,-60.529490053792095,2238,lower
phase-core,additive,2026,100.0,all-official,transferred_score_red_win_probability,relative_bias,-0.1394545134614931,2238,lower
phase-core,additive,2026,100.0,DQ-only,raw_pred_red_win_probability,alliance_score_rmse,154.73499728527983,22,lower
phase-core,additive,2026,100.0,DQ-only,raw_pred_red_win_probability,mean_bias,-22.573183451327598,22,lower
phase-core,additive,2026,100.0,DQ-only,raw_pred_red_win_probability,relative_bias,-0.06052529383658832,22,lower
phase-core,additive,2026,100.0,DQ-only,transferred_platt_red_win_probability,alliance_score_rmse,154.73499728527983,22,lower
phase-core,additive,2026,100.0,DQ-only,transferred_platt_red_win_probability,mean_bias,-22.573183451327598,22,lower
phase-core,additive,2026,100.0,DQ-only,transferred_platt_red_win_probability,relative_bias,-0.06052529383658832,22,lower
phase-core,additive,2026,100.0,DQ-only,transferred_score_red_win_probability,alliance_score_rmse,154.73499728527983,22,lower
phase-core,additive,2026,100.0,DQ-only,transferred_score_red_win_probability,mean_bias,-22.573183451327598,22,lower
phase-core,additive,2026,100.0,DQ-only,transferred_score_red_win_probability,relative_bias,-0.06052529383658832,22,lower
phase-core,additive,2026,100.0,surrogate-only,raw_pred_red_win_probability,alliance_score_rmse,92.8343578540587,12,lower
phase-core,additive,2026,100.0,surrogate-only,raw_pred_red_win_probability,mean_bias,-45.40957408238398,12,lower
phase-core,additive,2026,100.0,surrogate-only,raw_pred_red_win_probability,relative_bias,-0.11736267262300404,12,lower
phase-core,additive,2026,100.0,surrogate-only,transferred_platt_red_win_probability,alliance_score_rmse,92.8343578540587,12,lower
phase-core,additive,2026,100.0,surrogate-only,transferred_platt_red_win_probability,mean_bias,-45.40957408238398,12,lower
phase-core,additive,2026,100.0,surrogate-only,transferred_platt_red_win_probability,relative_bias,-0.11736267262300404,12,lower
phase-core,additive,2026,100.0,surrogate-only,transferred_score_red_win_probability,alliance_score_rmse,92.8343578540587,12,lower
phase-core,additive,2026,100.0,surrogate-only,transferred_score_red_win_probability,mean_bias,-45.40957408238398,12,lower
phase-core,additive,2026,100.0,surrogate-only,transferred_score_red_win_probability,relative_bias,-0.11736267262300404,12,lower
phase-core,additive,2026,100.0,division:2026arc,raw_pred_red_win_probability,alliance_score_rmse,124.01686188170954,282,lower
phase-core,additive,2026,100.0,division:2026arc,raw_pred_red_win_probability,mean_bias,-43.88442584836858,282,lower
phase-core,additive,2026,100.0,division:2026arc,raw_pred_red_win_probability,relative_bias,-0.09872210416126821,282,lower
phase-core,additive,2026,100.0,division:2026arc,transferred_platt_red_win_probability,alliance_score_rmse,124.01686188170954,282,lower
phase-core,additive,2026,100.0,division:2026arc,transferred_platt_red_win_probability,mean_bias,-43.88442584836858,282,lower
phase-core,additive,2026,100.0,division:2026arc,transferred_platt_red_win_probability,relative_bias,-0.09872210416126821,282,lower
phase-core,additive,2026,100.0,division:2026arc,transferred_score_red_win_probability,alliance_score_rmse,124.01686188170954,282,lower
phase-core,additive,2026,100.0,division:2026arc,transferred_score_red_win_probability,mean_bias,-43.88442584836858,282,lower
phase-core,additive,2026,100.0,division:2026arc,transferred_score_red_win_probability,relative_bias,-0.09872210416126821,282,lower
phase-core,additive,2026,100.0,division:2026cur,raw_pred_red_win_probability,alliance_score_rmse,124.64993548099473,278,lower
phase-core,additive,2026,100.0,division:2026cur,raw_pred_red_win_probability,mean_bias,-60.724229741875085,278,lower
phase-core,additive,2026,100.0,division:2026cur,raw_pred_red_win_probability,relative_bias,-0.13996398259079754,278,lower
phase-core,additive,2026,100.0,division:2026cur,transferred_platt_red_win_probability,alliance_score_rmse,124.64993548099473,278,lower
phase-core,additive,2026,100.0,division:2026cur,transferred_platt_red_win_probability,mean_bias,-60.724229741875085,278,lower
phase-core,additive,2026,100.0,division:2026cur,transferred_platt_red_win_probability,relative_bias,-0.13996398259079754,278,lower
phase-core,additive,2026,100.0,division:2026cur,transferred_score_red_win_probability,alliance_score_rmse,124.64993548099473,278,lower
phase-core,additive,2026,100.0,division:2026cur,transferred_score_red_win_probability,mean_bias,-60.724229741875085,278,lower
phase-core,additive,2026,100.0,division:2026cur,transferred_score_red_win_probability,relative_bias,-0.13996398259079754,278,lower
phase-core,additive,2026,100.0,division:2026dal,raw_pred_red_win_probability,alliance_score_rmse,107.38536890877921,280,lower
phase-core,additive,2026,100.0,division:2026dal,raw_pred_red_win_probability,mean_bias,-35.65647905457054,280,lower
phase-core,additive,2026,100.0,division:2026dal,raw_pred_red_win_probability,relative_bias,-0.08745917037755796,280,lower
phase-core,additive,2026,100.0,division:2026dal,transferred_platt_red_win_probability,alliance_score_rmse,107.38536890877921,280,lower
phase-core,additive,2026,100.0,division:2026dal,transferred_platt_red_win_probability,mean_bias,-35.65647905457054,280,lower
phase-core,additive,2026,100.0,division:2026dal,transferred_platt_red_win_probability,relative_bias,-0.08745917037755796,280,lower
phase-core,additive,2026,100.0,division:2026dal,transferred_score_red_win_probability,alliance_score_rmse,107.38536890877921,280,lower
phase-core,additive,2026,100.0,division:2026dal,transferred_score_red_win_probability,mean_bias,-35.65647905457054,280,lower
phase-core,additive,2026,100.0,division:2026dal,transferred_score_red_win_probability,relative_bias,-0.08745917037755796,280,lower
phase-core,additive,2026,100.0,division:2026gal,raw_pred_red_win_probability,alliance_score_rmse,157.8835261923662,280,lower
phase-core,additive,2026,100.0,division:2026gal,raw_pred_red_win_probability,mean_bias,-95.13810341125092,280,lower
phase-core,additive,2026,100.0,division:2026gal,raw_pred_red_win_probability,relative_bias,-0.22364575022584196,280,lower
phase-core,additive,2026,100.0,division:2026gal,transferred_platt_red_win_probability,alliance_score_rmse,157.8835261923662,280,lower
phase-core,additive,2026,100.0,division:2026gal,transferred_platt_red_win_probability,mean_bias,-95.13810341125092,280,lower
phase-core,additive,2026,100.0,division:2026gal,transferred_platt_red_win_probability,relative_bias,-0.22364575022584196,280,lower
phase-core,additive,2026,100.0,division:2026gal,transferred_score_red_win_probability,alliance_score_rmse,157.8835261923662,280,lower
phase-core,additive,2026,100.0,division:2026gal,transferred_score_red_win_probability,mean_bias,-95.13810341125092,280,lower
phase-core,additive,2026,100.0,division:2026gal,transferred_score_red_win_probability,relative_bias,-0.22364575022584196,280,lower
phase-core,additive,2026,100.0,division:2026hop,raw_pred_red_win_probability,alliance_score_rmse,136.15763327304433,280,lower
phase-core,additive,2026,100.0,division:2026hop,raw_pred_red_win_probability,mean_bias,-73.35118505845865,280,lower
phase-core,additive,2026,100.0,division:2026hop,raw_pred_red_win_probability,relative_bias,-0.1590442000400231,280,lower
phase-core,additive,2026,100.0,division:2026hop,transferred_platt_red_win_probability,alliance_score_rmse,136.15763327304433,280,lower
phase-core,additive,2026,100.0,division:2026hop,transferred_platt_red_win_probability,mean_bias,-73.35118505845865,280,lower
phase-core,additive,2026,100.0,division:2026hop,transferred_platt_red_win_probability,relative_bias,-0.1590442000400231,280,lower
phase-core,additive,2026,100.0,division:2026hop,transferred_score_red_win_probability,alliance_score_rmse,136.15763327304433,280,lower
phase-core,additive,2026,100.0,division:2026hop,transferred_score_red_win_probability,mean_bias,-73.35118505845865,280,lower
phase-core,additive,2026,100.0,division:2026hop,transferred_score_red_win_probability,relative_bias,-0.1590442000400231,280,lower
phase-core,additive,2026,100.0,division:2026joh,raw_pred_red_win_probability,alliance_score_rmse,123.70130072784222,280,lower
phase-core,additive,2026,100.0,division:2026joh,raw_pred_red_win_probability,mean_bias,-38.310495649269704,280,lower
phase-core,additive,2026,100.0,division:2026joh,raw_pred_red_win_probability,relative_bias,-0.09227474220899369,280,lower
phase-core,additive,2026,100.0,division:2026joh,transferred_platt_red_win_probability,alliance_score_rmse,123.70130072784222,280,lower
phase-core,additive,2026,100.0,division:2026joh,transferred_platt_red_win_probability,mean_bias,-38.310495649269704,280,lower
phase-core,additive,2026,100.0,division:2026joh,transferred_platt_red_win_probability,relative_bias,-0.09227474220899369,280,lower
phase-core,additive,2026,100.0,division:2026joh,transferred_score_red_win_probability,alliance_score_rmse,123.70130072784222,280,lower
phase-core,additive,2026,100.0,division:2026joh,transferred_score_red_win_probability,mean_bias,-38.310495649269704,280,lower
phase-core,additive,2026,100.0,division:2026joh,transferred_score_red_win_probability,relative_bias,-0.09227474220899369,280,lower
phase-core,additive,2026,100.0,division:2026mil,raw_pred_red_win_probability,alliance_score_rmse,114.61770874339523,278,lower
phase-core,additive,2026,100.0,division:2026mil,raw_pred_red_win_probability,mean_bias,-57.46420867319887,278,lower
phase-core,additive,2026,100.0,division:2026mil,raw_pred_red_win_probability,relative_bias,-0.13958835772211112,278,lower
phase-core,additive,2026,100.0,division:2026mil,transferred_platt_red_win_probability,alliance_score_rmse,114.61770874339523,278,lower
phase-core,additive,2026,100.0,division:2026mil,transferred_platt_red_win_probability,mean_bias,-57.46420867319887,278,lower
phase-core,additive,2026,100.0,division:2026mil,transferred_platt_red_win_probability,relative_bias,-0.13958835772211112,278,lower
phase-core,additive,2026,100.0,division:2026mil,transferred_score_red_win_probability,alliance_score_rmse,114.61770874339523,278,lower
phase-core,additive,2026,100.0,division:2026mil,transferred_score_red_win_probability,mean_bias,-57.46420867319887,278,lower
phase-core,additive,2026,100.0,division:2026mil,transferred_score_red_win_probability,relative_bias,-0.13958835772211112,278,lower
phase-core,additive,2026,100.0,division:2026new,raw_pred_red_win_probability,alliance_score_rmse,139.51202374099967,280,lower
phase-core,additive,2026,100.0,division:2026new,raw_pred_red_win_probability,mean_bias,-79.80518243986516,280,lower
phase-core,additive,2026,100.0,division:2026new,raw_pred_red_win_probability,relative_bias,-0.16886284248473307,280,lower
phase-core,additive,2026,100.0,division:2026new,transferred_platt_red_win_probability,alliance_score_rmse,139.51202374099967,280,lower
phase-core,additive,2026,100.0,division:2026new,transferred_platt_red_win_probability,mean_bias,-79.80518243986516,280,lower
phase-core,additive,2026,100.0,division:2026new,transferred_platt_red_win_probability,relative_bias,-0.16886284248473307,280,lower
phase-core,additive,2026,100.0,division:2026new,transferred_score_red_win_probability,alliance_score_rmse,139.51202374099967,280,lower
phase-core,additive,2026,100.0,division:2026new,transferred_score_red_win_probability,mean_bias,-79.80518243986516,280,lower
phase-core,additive,2026,100.0,division:2026new,transferred_score_red_win_probability,relative_bias,-0.16886284248473307,280,lower
phase-core,additive,2026,100.0,observation:high,raw_pred_red_win_probability,alliance_score_rmse,127.45449826269316,2134,lower
phase-core,additive,2026,100.0,observation:high,raw_pred_red_win_probability,mean_bias,-58.62676419159533,2134,lower
phase-core,additive,2026,100.0,observation:high,raw_pred_red_win_probability,relative_bias,-0.13432415158349198,2134,lower
phase-core,additive,2026,100.0,observation:high,transferred_platt_red_win_probability,alliance_score_rmse,127.45449826269316,2134,lower
phase-core,additive,2026,100.0,observation:high,transferred_platt_red_win_probability,mean_bias,-58.62676419159533,2134,lower
phase-core,additive,2026,100.0,observation:high,transferred_platt_red_win_probability,relative_bias,-0.13432415158349198,2134,lower
phase-core,additive,2026,100.0,observation:high,transferred_score_red_win_probability,alliance_score_rmse,127.45449826269316,2134,lower
phase-core,additive,2026,100.0,observation:high,transferred_score_red_win_probability,mean_bias,-58.62676419159533,2134,lower
phase-core,additive,2026,100.0,observation:high,transferred_score_red_win_probability,relative_bias,-0.13432415158349198,2134,lower
phase-core,additive,2026,100.0,observation:low,raw_pred_red_win_probability,alliance_score_rmse,135.66971881618008,4,lower
phase-core,additive,2026,100.0,observation:low,raw_pred_red_win_probability,mean_bias,-104.03118382969414,4,lower
phase-core,additive,2026,100.0,observation:low,raw_pred_red_win_probability,relative_bias,-0.2770470940870683,4,lower
phase-core,additive,2026,100.0,observation:low,transferred_platt_red_win_probability,alliance_score_rmse,135.66971881618008,4,lower
phase-core,additive,2026,100.0,observation:low,transferred_platt_red_win_probability,mean_bias,-104.03118382969414,4,lower
phase-core,additive,2026,100.0,observation:low,transferred_platt_red_win_probability,relative_bias,-0.2770470940870683,4,lower
phase-core,additive,2026,100.0,observation:low,transferred_score_red_win_probability,alliance_score_rmse,135.66971881618008,4,lower
phase-core,additive,2026,100.0,observation:low,transferred_score_red_win_probability,mean_bias,-104.03118382969414,4,lower
phase-core,additive,2026,100.0,observation:low,transferred_score_red_win_probability,relative_bias,-0.2770470940870683,4,lower
phase-core,additive,2026,100.0,observation:medium,raw_pred_red_win_probability,alliance_score_rmse,164.40324037477444,100,lower
phase-core,additive,2026,100.0,observation:medium,raw_pred_red_win_probability,mean_bias,-99.39359220203492,100,lower
phase-core,additive,2026,100.0,observation:medium,raw_pred_red_win_probability,relative_bias,-0.25823224786187304,100,lower
phase-core,additive,2026,100.0,observation:medium,transferred_platt_red_win_probability,alliance_score_rmse,164.40324037477444,100,lower
phase-core,additive,2026,100.0,observation:medium,transferred_platt_red_win_probability,mean_bias,-99.39359220203492,100,lower
phase-core,additive,2026,100.0,observation:medium,transferred_platt_red_win_probability,relative_bias,-0.25823224786187304,100,lower
phase-core,additive,2026,100.0,observation:medium,transferred_score_red_win_probability,alliance_score_rmse,164.40324037477444,100,lower
phase-core,additive,2026,100.0,observation:medium,transferred_score_red_win_probability,mean_bias,-99.39359220203492,100,lower
phase-core,additive,2026,100.0,observation:medium,transferred_score_red_win_probability,relative_bias,-0.25823224786187304,100,lower
phase-core,full-match,2026,100.0,primary-clean,raw_pred_red_win_probability,alliance_score_rmse,144.70006019644367,2216,lower
phase-core,full-match,2026,100.0,primary-clean,raw_pred_red_win_probability,mean_bias,-66.95516777929846,2216,lower
phase-core,full-match,2026,100.0,primary-clean,raw_pred_red_win_probability,relative_bias,-0.15404345345081005,2216,lower
phase-core,full-match,2026,100.0,primary-clean,transferred_platt_red_win_probability,alliance_score_rmse,144.70006019644367,2216,lower
phase-core,full-match,2026,100.0,primary-clean,transferred_platt_red_win_probability,mean_bias,-66.95516777929846,2216,lower
phase-core,full-match,2026,100.0,primary-clean,transferred_platt_red_win_probability,relative_bias,-0.15404345345081005,2216,lower
phase-core,full-match,2026,100.0,primary-clean,transferred_score_red_win_probability,alliance_score_rmse,144.70006019644367,2216,lower
phase-core,full-match,2026,100.0,primary-clean,transferred_score_red_win_probability,mean_bias,-66.95516777929846,2216,lower
phase-core,full-match,2026,100.0,primary-clean,transferred_score_red_win_probability,relative_bias,-0.15404345345081005,2216,lower
phase-core,full-match,2026,100.0,all-official,raw_pred_red_win_probability,alliance_score_rmse,145.12570694449525,2238,lower
phase-core,full-match,2026,100.0,all-official,raw_pred_red_win_probability,mean_bias,-66.7577299482901,2238,lower
phase-core,full-match,2026,100.0,all-official,raw_pred_red_win_probability,relative_bias,-0.15380381928641912,2238,lower
phase-core,full-match,2026,100.0,all-official,transferred_platt_red_win_probability,alliance_score_rmse,145.12570694449525,2238,lower
phase-core,full-match,2026,100.0,all-official,transferred_platt_red_win_probability,mean_bias,-66.7577299482901,2238,lower
phase-core,full-match,2026,100.0,all-official,transferred_platt_red_win_probability,relative_bias,-0.15380381928641912,2238,lower
phase-core,full-match,2026,100.0,all-official,transferred_score_red_win_probability,alliance_score_rmse,145.12570694449525,2238,lower
phase-core,full-match,2026,100.0,all-official,transferred_score_red_win_probability,mean_bias,-66.7577299482901,2238,lower
phase-core,full-match,2026,100.0,all-official,transferred_score_red_win_probability,relative_bias,-0.15380381928641912,2238,lower
phase-core,full-match,2026,100.0,DQ-only,raw_pred_red_win_probability,alliance_score_rmse,182.9959813153917,22,lower
phase-core,full-match,2026,100.0,DQ-only,raw_pred_red_win_probability,mean_bias,-46.870355697630586,22,lower
phase-core,full-match,2026,100.0,DQ-only,raw_pred_red_win_probability,relative_bias,-0.1256731048565354,22,lower
phase-core,full-match,2026,100.0,DQ-only,transferred_platt_red_win_probability,alliance_score_rmse,182.9959813153917,22,lower
phase-core,full-match,2026,100.0,DQ-only,transferred_platt_red_win_probability,mean_bias,-46.870355697630586,22,lower
phase-core,full-match,2026,100.0,DQ-only,transferred_platt_red_win_probability,relative_bias,-0.1256731048565354,22,lower
phase-core,full-match,2026,100.0,DQ-only,transferred_score_red_win_probability,alliance_score_rmse,182.9959813153917,22,lower
phase-core,full-match,2026,100.0,DQ-only,transferred_score_red_win_probability,mean_bias,-46.870355697630586,22,lower
phase-core,full-match,2026,100.0,DQ-only,transferred_score_red_win_probability,relative_bias,-0.1256731048565354,22,lower
phase-core,full-match,2026,100.0,surrogate-only,raw_pred_red_win_probability,alliance_score_rmse,120.09335731718278,12,lower
phase-core,full-match,2026,100.0,surrogate-only,raw_pred_red_win_probability,mean_bias,-67.53400127498362,12,lower
phase-core,full-match,2026,100.0,surrogate-only,raw_pred_red_win_probability,relative_bias,-0.17454404809386248,12,lower
phase-core,full-match,2026,100.0,surrogate-only,transferred_platt_red_win_probability,alliance_score_rmse,120.09335731718278,12,lower
phase-core,full-match,2026,100.0,surrogate-only,transferred_platt_red_win_probability,mean_bias,-67.53400127498362,12,lower
phase-core,full-match,2026,100.0,surrogate-only,transferred_platt_red_win_probability,relative_bias,-0.17454404809386248,12,lower
phase-core,full-match,2026,100.0,surrogate-only,transferred_score_red_win_probability,alliance_score_rmse,120.09335731718278,12,lower
phase-core,full-match,2026,100.0,surrogate-only,transferred_score_red_win_probability,mean_bias,-67.53400127498362,12,lower
phase-core,full-match,2026,100.0,surrogate-only,transferred_score_red_win_probability,relative_bias,-0.17454404809386248,12,lower
phase-core,full-match,2026,100.0,division:2026arc,raw_pred_red_win_probability,alliance_score_rmse,140.2337732085228,282,lower
phase-core,full-match,2026,100.0,division:2026arc,raw_pred_red_win_probability,mean_bias,-57.4609805636467,282,lower
phase-core,full-match,2026,100.0,division:2026arc,raw_pred_red_win_probability,relative_bias,-0.1292638287672578,282,lower
phase-core,full-match,2026,100.0,division:2026arc,transferred_platt_red_win_probability,alliance_score_rmse,140.2337732085228,282,lower
phase-core,full-match,2026,100.0,division:2026arc,transferred_platt_red_win_probability,mean_bias,-57.4609805636467,282,lower
phase-core,full-match,2026,100.0,division:2026arc,transferred_platt_red_win_probability,relative_bias,-0.1292638287672578,282,lower
phase-core,full-match,2026,100.0,division:2026arc,transferred_score_red_win_probability,alliance_score_rmse,140.2337732085228,282,lower
phase-core,full-match,2026,100.0,division:2026arc,transferred_score_red_win_probability,mean_bias,-57.4609805636467,282,lower
phase-core,full-match,2026,100.0,division:2026arc,transferred_score_red_win_probability,relative_bias,-0.1292638287672578,282,lower
phase-core,full-match,2026,100.0,division:2026cur,raw_pred_red_win_probability,alliance_score_rmse,140.288835739498,278,lower
phase-core,full-match,2026,100.0,division:2026cur,raw_pred_red_win_probability,mean_bias,-70.98393180116669,278,lower
phase-core,full-match,2026,100.0,division:2026cur,raw_pred_red_win_probability,relative_bias,-0.16361168905850446,278,lower
phase-core,full-match,2026,100.0,division:2026cur,transferred_platt_red_win_probability,alliance_score_rmse,140.288835739498,278,lower
phase-core,full-match,2026,100.0,division:2026cur,transferred_platt_red_win_probability,mean_bias,-70.98393180116669,278,lower
phase-core,full-match,2026,100.0,division:2026cur,transferred_platt_red_win_probability,relative_bias,-0.16361168905850446,278,lower
phase-core,full-match,2026,100.0,division:2026cur,transferred_score_red_win_probability,alliance_score_rmse,140.288835739498,278,lower
phase-core,full-match,2026,100.0,division:2026cur,transferred_score_red_win_probability,mean_bias,-70.98393180116669,278,lower
phase-core,full-match,2026,100.0,division:2026cur,transferred_score_red_win_probability,relative_bias,-0.16361168905850446,278,lower
phase-core,full-match,2026,100.0,division:2026dal,raw_pred_red_win_probability,alliance_score_rmse,123.4373853202222,280,lower
phase-core,full-match,2026,100.0,division:2026dal,raw_pred_red_win_probability,mean_bias,-27.708266889548838,280,lower
phase-core,full-match,2026,100.0,division:2026dal,raw_pred_red_win_probability,relative_bias,-0.0679635819075431,280,lower
phase-core,full-match,2026,100.0,division:2026dal,transferred_platt_red_win_probability,alliance_score_rmse,123.4373853202222,280,lower
phase-core,full-match,2026,100.0,division:2026dal,transferred_platt_red_win_probability,mean_bias,-27.708266889548838,280,lower
phase-core,full-match,2026,100.0,division:2026dal,transferred_platt_red_win_probability,relative_bias,-0.0679635819075431,280,lower
phase-core,full-match,2026,100.0,division:2026dal,transferred_score_red_win_probability,alliance_score_rmse,123.4373853202222,280,lower
phase-core,full-match,2026,100.0,division:2026dal,transferred_score_red_win_probability,mean_bias,-27.708266889548838,280,lower
phase-core,full-match,2026,100.0,division:2026dal,transferred_score_red_win_probability,relative_bias,-0.0679635819075431,280,lower
phase-core,full-match,2026,100.0,division:2026gal,raw_pred_red_win_probability,alliance_score_rmse,147.44623496609572,280,lower
phase-core,full-match,2026,100.0,division:2026gal,raw_pred_red_win_probability,mean_bias,-75.3807528623175,280,lower
phase-core,full-match,2026,100.0,division:2026gal,raw_pred_red_win_probability,relative_bias,-0.17720118881924338,280,lower
phase-core,full-match,2026,100.0,division:2026gal,transferred_platt_red_win_probability,alliance_score_rmse,147.44623496609572,280,lower
phase-core,full-match,2026,100.0,division:2026gal,transferred_platt_red_win_probability,mean_bias,-75.3807528623175,280,lower
phase-core,full-match,2026,100.0,division:2026gal,transferred_platt_red_win_probability,relative_bias,-0.17720118881924338,280,lower
phase-core,full-match,2026,100.0,division:2026gal,transferred_score_red_win_probability,alliance_score_rmse,147.44623496609572,280,lower
phase-core,full-match,2026,100.0,division:2026gal,transferred_score_red_win_probability,mean_bias,-75.3807528623175,280,lower
phase-core,full-match,2026,100.0,division:2026gal,transferred_score_red_win_probability,relative_bias,-0.17720118881924338,280,lower
phase-core,full-match,2026,100.0,division:2026hop,raw_pred_red_win_probability,alliance_score_rmse,165.92658790169597,280,lower
phase-core,full-match,2026,100.0,division:2026hop,raw_pred_red_win_probability,mean_bias,-106.99168023311283,280,lower
phase-core,full-match,2026,100.0,division:2026hop,raw_pred_red_win_probability,relative_bias,-0.23198542982027934,280,lower
phase-core,full-match,2026,100.0,division:2026hop,transferred_platt_red_win_probability,alliance_score_rmse,165.92658790169597,280,lower
phase-core,full-match,2026,100.0,division:2026hop,transferred_platt_red_win_probability,mean_bias,-106.99168023311283,280,lower
phase-core,full-match,2026,100.0,division:2026hop,transferred_platt_red_win_probability,relative_bias,-0.23198542982027934,280,lower
phase-core,full-match,2026,100.0,division:2026hop,transferred_score_red_win_probability,alliance_score_rmse,165.92658790169597,280,lower
phase-core,full-match,2026,100.0,division:2026hop,transferred_score_red_win_probability,mean_bias,-106.99168023311283,280,lower
phase-core,full-match,2026,100.0,division:2026hop,transferred_score_red_win_probability,relative_bias,-0.23198542982027934,280,lower
phase-core,full-match,2026,100.0,division:2026joh,raw_pred_red_win_probability,alliance_score_rmse,145.45807731930822,280,lower
phase-core,full-match,2026,100.0,division:2026joh,raw_pred_red_win_probability,mean_bias,-54.388687902392704,280,lower
phase-core,full-match,2026,100.0,division:2026joh,raw_pred_red_win_probability,relative_bias,-0.13100071064662328,280,lower
phase-core,full-match,2026,100.0,division:2026joh,transferred_platt_red_win_probability,alliance_score_rmse,145.45807731930822,280,lower
phase-core,full-match,2026,100.0,division:2026joh,transferred_platt_red_win_probability,mean_bias,-54.388687902392704,280,lower
phase-core,full-match,2026,100.0,division:2026joh,transferred_platt_red_win_probability,relative_bias,-0.13100071064662328,280,lower
phase-core,full-match,2026,100.0,division:2026joh,transferred_score_red_win_probability,alliance_score_rmse,145.45807731930822,280,lower
phase-core,full-match,2026,100.0,division:2026joh,transferred_score_red_win_probability,mean_bias,-54.388687902392704,280,lower
phase-core,full-match,2026,100.0,division:2026joh,transferred_score_red_win_probability,relative_bias,-0.13100071064662328,280,lower
phase-core,full-match,2026,100.0,division:2026mil,raw_pred_red_win_probability,alliance_score_rmse,136.13385613000284,278,lower
phase-core,full-match,2026,100.0,division:2026mil,raw_pred_red_win_probability,mean_bias,-57.86340019524429,278,lower
phase-core,full-match,2026,100.0,division:2026mil,raw_pred_red_win_probability,relative_bias,-0.14055804807834324,278,lower
phase-core,full-match,2026,100.0,division:2026mil,transferred_platt_red_win_probability,alliance_score_rmse,136.13385613000284,278,lower
phase-core,full-match,2026,100.0,division:2026mil,transferred_platt_red_win_probability,mean_bias,-57.86340019524429,278,lower
phase-core,full-match,2026,100.0,division:2026mil,transferred_platt_red_win_probability,relative_bias,-0.14055804807834324,278,lower
phase-core,full-match,2026,100.0,division:2026mil,transferred_score_red_win_probability,alliance_score_rmse,136.13385613000284,278,lower
phase-core,full-match,2026,100.0,division:2026mil,transferred_score_red_win_probability,mean_bias,-57.86340019524429,278,lower
phase-core,full-match,2026,100.0,division:2026mil,transferred_score_red_win_probability,relative_bias,-0.14055804807834324,278,lower
phase-core,full-match,2026,100.0,division:2026new,raw_pred_red_win_probability,alliance_score_rmse,157.88619877219054,280,lower
phase-core,full-match,2026,100.0,division:2026new,raw_pred_red_win_probability,mean_bias,-83.31720072092327,280,lower
phase-core,full-match,2026,100.0,division:2026new,raw_pred_red_win_probability,relative_bias,-0.17629405649448354,280,lower
phase-core,full-match,2026,100.0,division:2026new,transferred_platt_red_win_probability,alliance_score_rmse,157.88619877219054,280,lower
phase-core,full-match,2026,100.0,division:2026new,transferred_platt_red_win_probability,mean_bias,-83.31720072092327,280,lower
phase-core,full-match,2026,100.0,division:2026new,transferred_platt_red_win_probability,relative_bias,-0.17629405649448354,280,lower
phase-core,full-match,2026,100.0,division:2026new,transferred_score_red_win_probability,alliance_score_rmse,157.88619877219054,280,lower
phase-core,full-match,2026,100.0,division:2026new,transferred_score_red_win_probability,mean_bias,-83.31720072092327,280,lower
phase-core,full-match,2026,100.0,division:2026new,transferred_score_red_win_probability,relative_bias,-0.17629405649448354,280,lower
phase-core,full-match,2026,100.0,observation:high,raw_pred_red_win_probability,alliance_score_rmse,143.91532233061932,2134,lower
phase-core,full-match,2026,100.0,observation:high,raw_pred_red_win_probability,mean_bias,-66.29281939813013,2134,lower
phase-core,full-match,2026,100.0,observation:high,raw_pred_red_win_probability,relative_bias,-0.15188842237020583,2134,lower
phase-core,full-match,2026,100.0,observation:high,transferred_platt_red_win_probability,alliance_score_rmse,143.91532233061932,2134,lower
phase-core,full-match,2026,100.0,observation:high,transferred_platt_red_win_probability,mean_bias,-66.29281939813013,2134,lower
phase-core,full-match,2026,100.0,observation:high,transferred_platt_red_win_probability,relative_bias,-0.15188842237020583,2134,lower
phase-core,full-match,2026,100.0,observation:high,transferred_score_red_win_probability,alliance_score_rmse,143.91532233061932,2134,lower
phase-core,full-match,2026,100.0,observation:high,transferred_score_red_win_probability,mean_bias,-66.29281939813013,2134,lower
phase-core,full-match,2026,100.0,observation:high,transferred_score_red_win_probability,relative_bias,-0.15188842237020583,2134,lower
phase-core,full-match,2026,100.0,observation:low,raw_pred_red_win_probability,alliance_score_rmse,198.94464646233982,4,lower
phase-core,full-match,2026,100.0,observation:low,raw_pred_red_win_probability,mean_bias,-14.373694665431316,4,lower
phase-core,full-match,2026,100.0,observation:low,raw_pred_red_win_probability,relative_bias,-0.03827881402245357,4,lower
phase-core,full-match,2026,100.0,observation:low,transferred_platt_red_win_probability,alliance_score_rmse,198.94464646233982,4,lower
phase-core,full-match,2026,100.0,observation:low,transferred_platt_red_win_probability,mean_bias,-14.373694665431316,4,lower
phase-core,full-match,2026,100.0,observation:low,transferred_platt_red_win_probability,relative_bias,-0.03827881402245357,4,lower
phase-core,full-match,2026,100.0,observation:low,transferred_score_red_win_probability,alliance_score_rmse,198.94464646233982,4,lower
phase-core,full-match,2026,100.0,observation:low,transferred_score_red_win_probability,mean_bias,-14.373694665431316,4,lower
phase-core,full-match,2026,100.0,observation:low,transferred_score_red_win_probability,relative_bias,-0.03827881402245357,4,lower
phase-core,full-match,2026,100.0,observation:medium,raw_pred_red_win_probability,alliance_score_rmse,166.69309265352072,100,lower
phase-core,full-match,2026,100.0,observation:medium,raw_pred_red_win_probability,mean_bias,-78.77428250001846,100,lower
phase-core,full-match,2026,100.0,observation:medium,raw_pred_red_win_probability,relative_bias,-0.2046616848532566,100,lower
phase-core,full-match,2026,100.0,observation:medium,transferred_platt_red_win_probability,alliance_score_rmse,166.69309265352072,100,lower
phase-core,full-match,2026,100.0,observation:medium,transferred_platt_red_win_probability,mean_bias,-78.77428250001846,100,lower
phase-core,full-match,2026,100.0,observation:medium,transferred_platt_red_win_probability,relative_bias,-0.2046616848532566,100,lower
phase-core,full-match,2026,100.0,observation:medium,transferred_score_red_win_probability,alliance_score_rmse,166.69309265352072,100,lower
phase-core,full-match,2026,100.0,observation:medium,transferred_score_red_win_probability,mean_bias,-78.77428250001846,100,lower
phase-core,full-match,2026,100.0,observation:medium,transferred_score_red_win_probability,relative_bias,-0.2046616848532566,100,lower
phase-core,teammate-set,2026,100.0,primary-clean,raw_pred_red_win_probability,alliance_score_rmse,139.102923258836,2216,lower
phase-core,teammate-set,2026,100.0,primary-clean,raw_pred_red_win_probability,mean_bias,-63.90099572381399,2216,lower
phase-core,teammate-set,2026,100.0,primary-clean,raw_pred_red_win_probability,relative_bias,-0.14701673353561853,2216,lower
phase-core,teammate-set,2026,100.0,primary-clean,transferred_platt_red_win_probability,alliance_score_rmse,139.102923258836,2216,lower
phase-core,teammate-set,2026,100.0,primary-clean,transferred_platt_red_win_probability,mean_bias,-63.90099572381399,2216,lower
phase-core,teammate-set,2026,100.0,primary-clean,transferred_platt_red_win_probability,relative_bias,-0.14701673353561853,2216,lower
phase-core,teammate-set,2026,100.0,primary-clean,transferred_score_red_win_probability,alliance_score_rmse,139.102923258836,2216,lower
phase-core,teammate-set,2026,100.0,primary-clean,transferred_score_red_win_probability,mean_bias,-63.90099572381399,2216,lower
phase-core,teammate-set,2026,100.0,primary-clean,transferred_score_red_win_probability,relative_bias,-0.14701673353561853,2216,lower
phase-core,teammate-set,2026,100.0,all-official,raw_pred_red_win_probability,alliance_score_rmse,139.64109902327982,2238,lower
phase-core,teammate-set,2026,100.0,all-official,raw_pred_red_win_probability,mean_bias,-63.62434081849523,2238,lower
phase-core,teammate-set,2026,100.0,all-official,raw_pred_red_win_probability,relative_bias,-0.14658477190649327,2238,lower
phase-core,teammate-set,2026,100.0,all-official,transferred_platt_red_win_probability,alliance_score_rmse,139.64109902327982,2238,lower
phase-core,teammate-set,2026,100.0,all-official,transferred_platt_red_win_probability,mean_bias,-63.62434081849523,2238,lower
phase-core,teammate-set,2026,100.0,all-official,transferred_platt_red_win_probability,relative_bias,-0.14658477190649327,2238,lower
phase-core,teammate-set,2026,100.0,all-official,transferred_score_red_win_probability,alliance_score_rmse,139.64109902327982,2238,lower
phase-core,teammate-set,2026,100.0,all-official,transferred_score_red_win_probability,mean_bias,-63.62434081849523,2238,lower
phase-core,teammate-set,2026,100.0,all-official,transferred_score_red_win_probability,relative_bias,-0.14658477190649327,2238,lower
phase-core,teammate-set,2026,100.0,DQ-only,raw_pred_red_win_probability,alliance_score_rmse,186.03780483897134,22,lower
phase-core,teammate-set,2026,100.0,DQ-only,raw_pred_red_win_probability,mean_bias,-35.75764671911333,22,lower
phase-core,teammate-set,2026,100.0,DQ-only,raw_pred_red_win_probability,relative_bias,-0.09587668833887791,22,lower
phase-core,teammate-set,2026,100.0,DQ-only,transferred_platt_red_win_probability,alliance_score_rmse,186.03780483897134,22,lower
phase-core,teammate-set,2026,100.0,DQ-only,transferred_platt_red_win_probability,mean_bias,-35.75764671911333,22,lower
phase-core,teammate-set,2026,100.0,DQ-only,transferred_platt_red_win_probability,relative_bias,-0.09587668833887791,22,lower
phase-core,teammate-set,2026,100.0,DQ-only,transferred_score_red_win_probability,alliance_score_rmse,186.03780483897134,22,lower
phase-core,teammate-set,2026,100.0,DQ-only,transferred_score_red_win_probability,mean_bias,-35.75764671911333,22,lower
phase-core,teammate-set,2026,100.0,DQ-only,transferred_score_red_win_probability,relative_bias,-0.09587668833887791,22,lower
phase-core,teammate-set,2026,100.0,surrogate-only,raw_pred_red_win_probability,alliance_score_rmse,105.5621735529396,12,lower
phase-core,teammate-set,2026,100.0,surrogate-only,raw_pred_red_win_probability,mean_bias,-30.26735122917449,12,lower
phase-core,teammate-set,2026,100.0,surrogate-only,raw_pred_red_win_probability,relative_bias,-0.07822705465218477,12,lower
phase-core,teammate-set,2026,100.0,surrogate-only,transferred_platt_red_win_probability,alliance_score_rmse,105.5621735529396,12,lower
phase-core,teammate-set,2026,100.0,surrogate-only,transferred_platt_red_win_probability,mean_bias,-30.26735122917449,12,lower
phase-core,teammate-set,2026,100.0,surrogate-only,transferred_platt_red_win_probability,relative_bias,-0.07822705465218477,12,lower
phase-core,teammate-set,2026,100.0,surrogate-only,transferred_score_red_win_probability,alliance_score_rmse,105.5621735529396,12,lower
phase-core,teammate-set,2026,100.0,surrogate-only,transferred_score_red_win_probability,mean_bias,-30.26735122917449,12,lower
phase-core,teammate-set,2026,100.0,surrogate-only,transferred_score_red_win_probability,relative_bias,-0.07822705465218477,12,lower
phase-core,teammate-set,2026,100.0,division:2026arc,raw_pred_red_win_probability,alliance_score_rmse,135.44883860280365,282,lower
phase-core,teammate-set,2026,100.0,division:2026arc,raw_pred_red_win_probability,mean_bias,-51.10974037099312,282,lower
phase-core,teammate-set,2026,100.0,division:2026arc,raw_pred_red_win_probability,relative_bias,-0.11497612228070503,282,lower
phase-core,teammate-set,2026,100.0,division:2026arc,transferred_platt_red_win_probability,alliance_score_rmse,135.44883860280365,282,lower
phase-core,teammate-set,2026,100.0,division:2026arc,transferred_platt_red_win_probability,mean_bias,-51.10974037099312,282,lower
phase-core,teammate-set,2026,100.0,division:2026arc,transferred_platt_red_win_probability,relative_bias,-0.11497612228070503,282,lower
phase-core,teammate-set,2026,100.0,division:2026arc,transferred_score_red_win_probability,alliance_score_rmse,135.44883860280365,282,lower
phase-core,teammate-set,2026,100.0,division:2026arc,transferred_score_red_win_probability,mean_bias,-51.10974037099312,282,lower
phase-core,teammate-set,2026,100.0,division:2026arc,transferred_score_red_win_probability,relative_bias,-0.11497612228070503,282,lower
phase-core,teammate-set,2026,100.0,division:2026cur,raw_pred_red_win_probability,alliance_score_rmse,132.29054968224412,278,lower
phase-core,teammate-set,2026,100.0,division:2026cur,raw_pred_red_win_probability,mean_bias,-61.154574179409,278,lower
phase-core,teammate-set,2026,100.0,division:2026cur,raw_pred_red_win_probability,relative_bias,-0.1409558884843606,278,lower
phase-core,teammate-set,2026,100.0,division:2026cur,transferred_platt_red_win_probability,alliance_score_rmse,132.29054968224412,278,lower
phase-core,teammate-set,2026,100.0,division:2026cur,transferred_platt_red_win_probability,mean_bias,-61.154574179409,278,lower
phase-core,teammate-set,2026,100.0,division:2026cur,transferred_platt_red_win_probability,relative_bias,-0.1409558884843606,278,lower
phase-core,teammate-set,2026,100.0,division:2026cur,transferred_score_red_win_probability,alliance_score_rmse,132.29054968224412,278,lower
phase-core,teammate-set,2026,100.0,division:2026cur,transferred_score_red_win_probability,mean_bias,-61.154574179409,278,lower
phase-core,teammate-set,2026,100.0,division:2026cur,transferred_score_red_win_probability,relative_bias,-0.1409558884843606,278,lower
phase-core,teammate-set,2026,100.0,division:2026dal,raw_pred_red_win_probability,alliance_score_rmse,129.43375533043215,280,lower
phase-core,teammate-set,2026,100.0,division:2026dal,raw_pred_red_win_probability,mean_bias,-32.28061293045113,280,lower
phase-core,teammate-set,2026,100.0,division:2026dal,raw_pred_red_win_probability,relative_bias,-0.07917875519496746,280,lower
phase-core,teammate-set,2026,100.0,division:2026dal,transferred_platt_red_win_probability,alliance_score_rmse,129.43375533043215,280,lower
phase-core,teammate-set,2026,100.0,division:2026dal,transferred_platt_red_win_probability,mean_bias,-32.28061293045113,280,lower
phase-core,teammate-set,2026,100.0,division:2026dal,transferred_platt_red_win_probability,relative_bias,-0.07917875519496746,280,lower
phase-core,teammate-set,2026,100.0,division:2026dal,transferred_score_red_win_probability,alliance_score_rmse,129.43375533043215,280,lower
phase-core,teammate-set,2026,100.0,division:2026dal,transferred_score_red_win_probability,mean_bias,-32.28061293045113,280,lower
phase-core,teammate-set,2026,100.0,division:2026dal,transferred_score_red_win_probability,relative_bias,-0.07917875519496746,280,lower
phase-core,teammate-set,2026,100.0,division:2026gal,raw_pred_red_win_probability,alliance_score_rmse,146.83806371841604,280,lower
phase-core,teammate-set,2026,100.0,division:2026gal,raw_pred_red_win_probability,mean_bias,-79.92002669560672,280,lower
phase-core,teammate-set,2026,100.0,division:2026gal,raw_pred_red_win_probability,relative_bias,-0.1878718797992619,280,lower
phase-core,teammate-set,2026,100.0,division:2026gal,transferred_platt_red_win_probability,alliance_score_rmse,146.83806371841604,280,lower
phase-core,teammate-set,2026,100.0,division:2026gal,transferred_platt_red_win_probability,mean_bias,-79.92002669560672,280,lower
phase-core,teammate-set,2026,100.0,division:2026gal,transferred_platt_red_win_probability,relative_bias,-0.1878718797992619,280,lower
phase-core,teammate-set,2026,100.0,division:2026gal,transferred_score_red_win_probability,alliance_score_rmse,146.83806371841604,280,lower
phase-core,teammate-set,2026,100.0,division:2026gal,transferred_score_red_win_probability,mean_bias,-79.92002669560672,280,lower
phase-core,teammate-set,2026,100.0,division:2026gal,transferred_score_red_win_probability,relative_bias,-0.1878718797992619,280,lower
phase-core,teammate-set,2026,100.0,division:2026hop,raw_pred_red_win_probability,alliance_score_rmse,159.80649380786292,280,lower
phase-core,teammate-set,2026,100.0,division:2026hop,raw_pred_red_win_probability,mean_bias,-94.42350038258026,280,lower
phase-core,teammate-set,2026,100.0,division:2026hop,raw_pred_red_win_probability,relative_bias,-0.20473438938113672,280,lower
phase-core,teammate-set,2026,100.0,division:2026hop,transferred_platt_red_win_probability,alliance_score_rmse,159.80649380786292,280,lower
phase-core,teammate-set,2026,100.0,division:2026hop,transferred_platt_red_win_probability,mean_bias,-94.42350038258026,280,lower
phase-core,teammate-set,2026,100.0,division:2026hop,transferred_platt_red_win_probability,relative_bias,-0.20473438938113672,280,lower
phase-core,teammate-set,2026,100.0,division:2026hop,transferred_score_red_win_probability,alliance_score_rmse,159.80649380786292,280,lower
phase-core,teammate-set,2026,100.0,division:2026hop,transferred_score_red_win_probability,mean_bias,-94.42350038258026,280,lower
phase-core,teammate-set,2026,100.0,division:2026hop,transferred_score_red_win_probability,relative_bias,-0.20473438938113672,280,lower
phase-core,teammate-set,2026,100.0,division:2026joh,raw_pred_red_win_probability,alliance_score_rmse,137.31256529244908,280,lower
phase-core,teammate-set,2026,100.0,division:2026joh,raw_pred_red_win_probability,mean_bias,-54.89843360202267,280,lower
phase-core,teammate-set,2026,100.0,division:2026joh,raw_pred_red_win_probability,relative_bias,-0.13222848523497932,280,lower
phase-core,teammate-set,2026,100.0,division:2026joh,transferred_platt_red_win_probability,alliance_score_rmse,137.31256529244908,280,lower
phase-core,teammate-set,2026,100.0,division:2026joh,transferred_platt_red_win_probability,mean_bias,-54.89843360202267,280,lower
phase-core,teammate-set,2026,100.0,division:2026joh,transferred_platt_red_win_probability,relative_bias,-0.13222848523497932,280,lower
phase-core,teammate-set,2026,100.0,division:2026joh,transferred_score_red_win_probability,alliance_score_rmse,137.31256529244908,280,lower
phase-core,teammate-set,2026,100.0,division:2026joh,transferred_score_red_win_probability,mean_bias,-54.89843360202267,280,lower
phase-core,teammate-set,2026,100.0,division:2026joh,transferred_score_red_win_probability,relative_bias,-0.13222848523497932,280,lower
phase-core,teammate-set,2026,100.0,division:2026mil,raw_pred_red_win_probability,alliance_score_rmse,126.96893363968411,278,lower
phase-core,teammate-set,2026,100.0,division:2026mil,raw_pred_red_win_probability,mean_bias,-60.779736309145726,278,lower
phase-core,teammate-set,2026,100.0,division:2026mil,raw_pred_red_win_probability,relative_bias,-0.14764222409163008,278,lower
phase-core,teammate-set,2026,100.0,division:2026mil,transferred_platt_red_win_probability,alliance_score_rmse,126.96893363968411,278,lower
phase-core,teammate-set,2026,100.0,division:2026mil,transferred_platt_red_win_probability,mean_bias,-60.779736309145726,278,lower
phase-core,teammate-set,2026,100.0,division:2026mil,transferred_platt_red_win_probability,relative_bias,-0.14764222409163008,278,lower
phase-core,teammate-set,2026,100.0,division:2026mil,transferred_score_red_win_probability,alliance_score_rmse,126.96893363968411,278,lower
phase-core,teammate-set,2026,100.0,division:2026mil,transferred_score_red_win_probability,mean_bias,-60.779736309145726,278,lower
phase-core,teammate-set,2026,100.0,division:2026mil,transferred_score_red_win_probability,relative_bias,-0.14764222409163008,278,lower
phase-core,teammate-set,2026,100.0,division:2026new,raw_pred_red_win_probability,alliance_score_rmse,145.91525767411045,280,lower
phase-core,teammate-set,2026,100.0,division:2026new,raw_pred_red_win_probability,mean_bias,-74.47953228703221,280,lower
phase-core,teammate-set,2026,100.0,division:2026new,raw_pred_red_win_probability,relative_bias,-0.15759409532580929,280,lower
phase-core,teammate-set,2026,100.0,division:2026new,transferred_platt_red_win_probability,alliance_score_rmse,145.91525767411045,280,lower
phase-core,teammate-set,2026,100.0,division:2026new,transferred_platt_red_win_probability,mean_bias,-74.47953228703221,280,lower
phase-core,teammate-set,2026,100.0,division:2026new,transferred_platt_red_win_probability,relative_bias,-0.15759409532580929,280,lower
phase-core,teammate-set,2026,100.0,division:2026new,transferred_score_red_win_probability,alliance_score_rmse,145.91525767411045,280,lower
phase-core,teammate-set,2026,100.0,division:2026new,transferred_score_red_win_probability,mean_bias,-74.47953228703221,280,lower
phase-core,teammate-set,2026,100.0,division:2026new,transferred_score_red_win_probability,relative_bias,-0.15759409532580929,280,lower
phase-core,teammate-set,2026,100.0,observation:high,raw_pred_red_win_probability,alliance_score_rmse,139.02891217463085,2134,lower
phase-core,teammate-set,2026,100.0,observation:high,raw_pred_red_win_probability,mean_bias,-62.94775487395801,2134,lower
phase-core,teammate-set,2026,100.0,observation:high,raw_pred_red_win_probability,relative_bias,-0.14422429557765343,2134,lower
phase-core,teammate-set,2026,100.0,observation:high,transferred_platt_red_win_probability,alliance_score_rmse,139.02891217463085,2134,lower
phase-core,teammate-set,2026,100.0,observation:high,transferred_platt_red_win_probability,mean_bias,-62.94775487395801,2134,lower
phase-core,teammate-set,2026,100.0,observation:high,transferred_platt_red_win_probability,relative_bias,-0.14422429557765343,2134,lower
phase-core,teammate-set,2026,100.0,observation:high,transferred_score_red_win_probability,alliance_score_rmse,139.02891217463085,2134,lower
phase-core,teammate-set,2026,100.0,observation:high,transferred_score_red_win_probability,mean_bias,-62.94775487395801,2134,lower
phase-core,teammate-set,2026,100.0,observation:high,transferred_score_red_win_probability,relative_bias,-0.14422429557765343,2134,lower
phase-core,teammate-set,2026,100.0,observation:low,raw_pred_red_win_probability,alliance_score_rmse,169.10763171608238,4,lower
phase-core,teammate-set,2026,100.0,observation:low,raw_pred_red_win_probability,mean_bias,-2.0893117663390512,4,lower
phase-core,teammate-set,2026,100.0,observation:low,raw_pred_red_win_probability,relative_bias,-0.005564079271209191,4,lower
phase-core,teammate-set,2026,100.0,observation:low,transferred_platt_red_win_probability,alliance_score_rmse,169.10763171608238,4,lower
phase-core,teammate-set,2026,100.0,observation:low,transferred_platt_red_win_probability,mean_bias,-2.0893117663390512,4,lower
phase-core,teammate-set,2026,100.0,observation:low,transferred_platt_red_win_probability,relative_bias,-0.005564079271209191,4,lower
phase-core,teammate-set,2026,100.0,observation:low,transferred_score_red_win_probability,alliance_score_rmse,169.10763171608238,4,lower
phase-core,teammate-set,2026,100.0,observation:low,transferred_score_red_win_probability,mean_bias,-2.0893117663390512,4,lower
phase-core,teammate-set,2026,100.0,observation:low,transferred_score_red_win_probability,relative_bias,-0.005564079271209191,4,lower
phase-core,teammate-set,2026,100.0,observation:medium,raw_pred_red_win_probability,alliance_score_rmse,150.9181571198893,100,lower
phase-core,teammate-set,2026,100.0,observation:medium,raw_pred_red_win_probability,mean_bias,-80.5240860370056,100,lower
phase-core,teammate-set,2026,100.0,observation:medium,raw_pred_red_win_probability,relative_bias,-0.2092078099168761,100,lower
phase-core,teammate-set,2026,100.0,observation:medium,transferred_platt_red_win_probability,alliance_score_rmse,150.9181571198893,100,lower
phase-core,teammate-set,2026,100.0,observation:medium,transferred_platt_red_win_probability,mean_bias,-80.5240860370056,100,lower
phase-core,teammate-set,2026,100.0,observation:medium,transferred_platt_red_win_probability,relative_bias,-0.2092078099168761,100,lower
phase-core,teammate-set,2026,100.0,observation:medium,transferred_score_red_win_probability,alliance_score_rmse,150.9181571198893,100,lower
phase-core,teammate-set,2026,100.0,observation:medium,transferred_score_red_win_probability,mean_bias,-80.5240860370056,100,lower
phase-core,teammate-set,2026,100.0,observation:medium,transferred_score_red_win_probability,relative_bias,-0.2092078099168761,100,lower
