architecture,max_grad_norm,epoch,learning_rate_group_0,learning_rate_group_1,train_total_loss,validation_total_loss,validation_continuous_loss,validation_win_loss,validation_score_differential_rmse,validation_score_rmse,validation_winner_accuracy,validation_winner_brier,validation_winner_ece,validation_winner_log_loss,clipping_fraction,preclip_gradient_norm_max,preclip_gradient_norm_mean,epoch_seconds,samples_per_second,z_base_update_norm_mean,is_key_epoch,is_best_validation_score_rmse,is_best_validation_score_differential_rmse,is_best_validation_winner_brier,is_best_validation_winner_log_loss
additive,2.5,1,0.0009984740754589438,0.0009984740754589438,6.943879127502441,7.516894817352295,1.0815751552581787,0.6497713327407837,129.83372497558594,95.62923431396484,0.5254674553871155,0.2498462051153183,0.03764861449599266,0.6929137706756592,0.0,1.8705073595046997,1.8390100002288818,2.318169116973877,2198.718017578125,0.03104580007493496,True,False,False,False,False
additive,2.5,2,0.0009939057053998113,0.0009939057053998113,6.72876501083374,7.326956272125244,1.0415420532226562,0.640048086643219,127.20380401611328,93.69145202636719,0.5609284043312073,0.2447548359632492,0.027124609798192978,0.6824924349784851,0.0,1.8819103240966797,1.8337305784225464,1.9999349117279053,2548.5830078125,0.05750960111618042,False,False,False,False,False
additive,2.5,3,0.0009863231098279357,0.0009863231098279357,6.524407863616943,7.1537556648254395,1.0074795484542847,0.6306993365287781,124.88667297363281,92.03480529785156,0.5934880971908569,0.23986533284187317,0.03518315404653549,0.6724676489830017,0.0,1.8615140914916992,1.8332903385162354,2.4007198810577393,2123.11328125,0.08312870562076569,False,False,False,False,False
additive,2.5,4,0.0009757729712873697,0.0009757729712873697,6.321775436401367,6.990121364593506,0.9774249196052551,0.6222291588783264,122.7702865600586,90.55982208251953,0.6173436641693115,0.23545712232589722,0.050512999296188354,0.6633802652359009,0.0,1.879879355430603,1.8444006443023682,2.1524972915649414,2367.947265625,0.10811678320169449,False,False,False,False,False
additive,2.5,5,0.0009623203659430146,0.0009623203659430146,6.113892078399658,6.833519458770752,0.9501229524612427,0.6140485405921936,120.74681854248047,89.18879699707031,0.6270148158073425,0.23123513162136078,0.05376170575618744,0.6545965671539307,0.0,1.9017480611801147,1.8653647899627686,1.9465886354446411,2618.427001953125,0.13290265202522278,True,False,False,False,False
additive,2.5,6,0.0009460482397116721,0.0009460482397116721,5.900803565979004,6.681270599365234,0.9246516227722168,0.6061527132987976,118.83114624023438,87.87884521484375,0.6444229483604431,0.22720305621623993,0.06464578956365585,0.6461108326911926,0.0,1.9256035089492798,1.8900744915008545,1.8819425106048584,2708.371826171875,0.1574569046497345,True,False,False,False,False
additive,2.5,7,0.000927056884393096,0.000927056884393096,5.680203437805176,6.533302307128906,0.9009119868278503,0.5988212823867798,116.99266815185547,86.62669372558594,0.6563507318496704,0.22351901233196259,0.06969708204269409,0.6382279396057129,0.0,1.950091004371643,1.91352379322052,1.9604651927947998,2599.89306640625,0.18179446458816528,False,False,False,False,False
additive,2.5,8,0.0009054634138010442,0.0009054634138010442,5.453401565551758,6.387049674987793,0.8786206841468811,0.5918869376182556,115.20650482177734,85.4188003540039,0.662153422832489,0.22008442878723145,0.06699911504983902,0.6307678818702698,0.0,1.9660801887512207,1.9334992170333862,1.9583444595336914,2602.708740234375,0.20569908618927002,False,False,False,False,False
additive,2.5,9,0.0008814009488560259,0.0008814009488560259,5.222313404083252,6.244697570800781,0.8581002354621887,0.5853509306907654,113.58082580566406,84.29671478271484,0.6666666865348816,0.21690671145915985,0.06323714554309845,0.623727560043335,0.0,1.9796297550201416,1.9575690031051636,1.926798701286316,2645.320556640625,0.22903145849704742,True,False,False,False,False
additive,2.5,10,0.0008550178608857095,0.0008550178608857095,4.989203929901123,6.106870174407959,0.8395503163337708,0.5792205929756165,112.0745849609375,83.26038360595703,0.6686009168624878,0.21397870779037476,0.05693429335951805,0.6171184778213501,0.0,2.0047707557678223,1.9830929040908813,1.9736747741699219,2582.492431640625,0.2516564428806305,True,False,False,False,False
additive,2.5,11,0.0008264767820946872,0.0008264767820946872,4.759049892425537,5.974184513092041,0.8227384686470032,0.5739125609397888,110.74835968017578,82.31229400634766,0.6695680022239685,0.21149352192878723,0.050304967910051346,0.6113900542259216,0.0,2.0335466861724854,2.0037448406219482,1.8508764505386353,2753.830322265625,0.273308128118515,False,False,False,False,False
additive,2.5,12,0.0007959536742419004,0.0007959536742419004,4.532667636871338,5.849078178405762,0.8088985085487366,0.5693193674087524,109.6233139038086,81.53092193603516,0.6724693775177002,0.20938372611999512,0.046120669692754745,0.6064328551292419,0.0,2.0513150691986084,2.0262629985809326,1.8862452507019043,2702.193603515625,0.2939082086086273,False,False,False,False,False
additive,2.5,13,0.0007636367809027433,0.0007636367809027433,4.312557220458984,5.728369235992432,0.7963061928749084,0.5653150677680969,108.61962127685547,80.81586456298828,0.6753707528114319,0.20757706463336945,0.043241698294878006,0.6021053194999695,0.0,2.078749895095825,2.0502922534942627,1.5601904392242432,3266.908935546875,0.31319740414619446,False,False,False,False,False
additive,2.5,14,0.0007297252886928618,0.0007297252886928618,4.098839282989502,5.613838195800781,0.7855855822563171,0.5616089105606079,107.73566436767578,80.20849609375,0.6814957857131958,0.2059185653924942,0.04236411303281784,0.5980955958366394,0.0,2.098626136779785,2.065969228744507,2.0923492908477783,2436.017578125,0.33135318756103516,True,False,False,False,False
additive,2.5,15,0.000694428279530257,0.000694428279530257,3.8948709964752197,5.505201816558838,0.7763514518737793,0.5585747957229614,107.00495147705078,79.67887115478516,0.6824629306793213,0.20458528399467468,0.03764974698424339,0.5948103070259094,0.0,2.100951671600342,2.079155683517456,2.419901132583618,2106.284423828125,0.34821218252182007,True,False,False,False,False
additive,2.5,16,0.0006579633918590844,0.0006579633918590844,3.7010891437530518,5.4047698974609375,0.7689272165298462,0.5560203194618225,106.38963317871094,79.24697875976562,0.6843971610069275,0.20348156988620758,0.03399094566702843,0.5920409560203552,0.0,2.1319127082824707,2.095287799835205,2.030038356781006,2510.7900390625,0.36391109228134155,False,False,False,False,False
additive,2.5,17,0.0006205554818734527,0.0006205554818734527,3.5176949501037598,5.311446189880371,0.7627281546592712,0.5538737773895264,105.88383483886719,78.8952865600586,0.6860090494155884,0.2025613933801651,0.030656462535262108,0.5897114276885986,0.0,2.139519453048706,2.11024808883667,1.9302500486373901,2640.590576171875,0.37836936116218567,False,False,False,False,False
additive,2.5,18,0.0005824350519105792,0.0005824350519105792,3.346184492111206,5.22500467300415,0.757217526435852,0.5520400404930115,105.4529037475586,78.5789566040039,0.6882656216621399,0.20177945494651794,0.028093645349144936,0.5877156853675842,0.0,2.137718439102173,2.122339963912964,1.7827682495117188,2859.036865234375,0.39175817370414734,False,False,False,False,False
additive,2.5,19,0.0005438372609205544,0.0005438372609205544,3.186522960662842,5.144065856933594,0.7523905038833618,0.5505369305610657,105.07661437988281,78.28925323486328,0.6882656216621399,0.20114628970623016,0.026411842554807663,0.5860781669616699,0.0,2.167947769165039,2.134457588195801,1.6155610084533691,3154.941162109375,0.40401649475097656,False,False,False,False,False
additive,2.5,20,0.0005050000036135316,0.0005050000036135316,3.0382676124572754,5.0684123039245605,0.7480055689811707,0.5492290258407593,104.72866821289062,78.03289794921875,0.6879432797431946,0.20059235394001007,0.024829870089888573,0.5846524238586426,0.0,2.1902265548706055,2.150498628616333,1.9209868907928467,2653.32373046875,0.4152638912200928,True,False,False,False,False
additive,2.5,21,0.0004661627463065088,0.0004661627463065088,2.902414083480835,5.0025248527526855,0.7450839281082153,0.5482288002967834,104.4953384399414,77.87274169921875,0.6901998519897461,0.20016492903232574,0.02346036210656166,0.5835597515106201,0.0,2.186084270477295,2.1575491428375244,1.7582006454467773,2898.986328125,0.42533162236213684,False,False,False,False,False
additive,2.5,22,0.0004275649262126535,0.0004275649262126535,2.7787728309631348,4.941370964050293,0.7427042722702026,0.5475064516067505,104.29727172851562,77.73172760009766,0.6905222535133362,0.19985881447792053,0.021843569353222847,0.5827649831771851,0.0,2.200991153717041,2.163158416748047,1.785473346710205,2854.705078125,0.43448102474212646,False,False,False,False,False
additive,2.5,23,0.00038944455445744097,0.00038944455445744097,2.6664085388183594,4.886552810668945,0.7404666543006897,0.5468716025352478,104.11650848388672,77.60145568847656,0.6927788257598877,0.19959178566932678,0.02076558582484722,0.5820673704147339,0.0,2.1950843334198,2.1737372875213623,1.743509292602539,2923.414306640625,0.44271165132522583,False,False,False,False,False
additive,2.5,24,0.00035203658626414835,0.00035203658626414835,2.565211772918701,4.837380886077881,0.7386770248413086,0.5463250279426575,103.96602630615234,77.49533081054688,0.6947131156921387,0.19934885203838348,0.019913973286747932,0.5814659595489502,0.0,2.2040059566497803,2.182802200317383,1.844875454902649,2762.7880859375,0.45003971457481384,False,False,False,False,False
additive,2.5,25,0.00031557169859297574,0.00031557169859297574,2.47503662109375,4.794318199157715,0.7371506690979004,0.5459316968917847,103.83272552490234,77.40680694580078,0.6953578591346741,0.1991777867078781,0.017167242243885994,0.5810293555259705,0.0,2.22816801071167,2.1866378784179688,2.122708320617676,2401.177734375,0.45657289028167725,True,False,False,False,False
additive,2.5,26,0.0002802746894303709,0.0002802746894303709,2.3952815532684326,4.756458759307861,0.7361307740211487,0.5455906391143799,103.74592590332031,77.35630798339844,0.6963249444961548,0.19902518391609192,0.016457751393318176,0.5806506276130676,0.0,2.2267799377441406,2.1968491077423096,1.925183653831482,2647.539794921875,0.46234938502311707,False,False,False,False,False
additive,2.5,27,0.0002463631972204894,0.0002463631972204894,2.3254284858703613,4.72336483001709,0.7352856397628784,0.5453625917434692,103.6573715209961,77.30555725097656,0.6966473460197449,0.1989206224679947,0.015652207657694817,0.5803945660591125,0.0,2.2393462657928467,2.20297908782959,2.039551019668579,2499.079345703125,0.46737033128738403,False,False,False,False,False
additive,2.5,28,0.00021404630388133228,0.00021404630388133228,2.264847993850708,4.694739818572998,0.7344564199447632,0.5450977683067322,103.57793426513672,77.26366424560547,0.6966473460197449,0.19880026578903198,0.01589393988251686,0.5801010131835938,0.0,2.2869582176208496,2.206880807876587,4.687216281890869,1087.42578125,0.471701979637146,False,False,False,False,False
additive,2.5,29,0.00018352321058046073,0.00018352321058046073,2.21301007270813,4.670410633087158,0.7339549660682678,0.5449610352516174,103.53240203857422,77.23606872558594,0.6969696879386902,0.19873765110969543,0.015293758362531662,0.579949140548706,0.0,2.232863664627075,2.2085623741149902,2.2854537963867188,2230.191650390625,0.4753756523132324,False,False,False,False,False
additive,2.5,30,0.00015498214634135365,0.00015498214634135365,2.169008255004883,4.649667739868164,0.7333980202674866,0.5447760820388794,103.4751205444336,77.20344543457031,0.6963249444961548,0.19864724576473236,0.014612783677875996,0.5797436833381653,0.0,2.2346737384796143,2.2137348651885986,2.0836453437805176,2446.193603515625,0.478493869304657,True,False,False,False,False
additive,2.5,31,0.00012859904381912202,0.00012859904381912202,2.1325864791870117,4.632387638092041,0.7329775094985962,0.5446847677230835,103.44158172607422,77.17993927001953,0.6960026025772095,0.19860213994979858,0.012759057804942131,0.5796407461166382,0.0,2.252105236053467,2.219390630722046,2.027719020843506,2513.661865234375,0.4810875952243805,False,False,False,False,False
additive,2.5,32,0.00010453658615006134,0.00010453658615006134,2.1028497219085693,4.618736267089844,0.7327176928520203,0.5445860028266907,103.4085464477539,77.16476440429688,0.6963249444961548,0.19855602085590363,0.012189294211566448,0.5795308351516724,0.0,2.2448229789733887,2.217526435852051,2.001455068588257,2546.647216796875,0.4832126200199127,False,False,False,False,False
additive,2.5,33,8.29431155580096e-05,8.29431155580096e-05,2.0790398120880127,4.607514381408691,0.7324510812759399,0.5445297956466675,103.38433837890625,77.14944458007812,0.6960026025772095,0.1985277533531189,0.013493306934833527,0.5794662833213806,0.0,2.2663416862487793,2.2221550941467285,2.099069833755493,2428.21826171875,0.4848954975605011,False,False,False,False,False
additive,2.5,34,6.395176751539111e-05,6.395176751539111e-05,2.060457229614258,4.598667144775391,0.7322064638137817,0.5444876551628113,103.36698150634766,77.13581848144531,0.6953578591346741,0.1985052525997162,0.013539107516407967,0.5794178247451782,0.0,2.2600772380828857,2.222836494445801,2.2916829586029053,2224.129638671875,0.4862027168273926,False,False,False,False,False
additive,2.5,35,4.7679630370112136e-05,4.7679630370112136e-05,2.046473503112793,4.592172145843506,0.7320652008056641,0.5444526672363281,103.35456085205078,77.1276626586914,0.6953578591346741,0.19848747551441193,0.01358718704432249,0.5793783068656921,0.0,2.2600526809692383,2.2208969593048096,2.107959508895874,2417.97802734375,0.48719099164009094,True,False,False,False,False
additive,2.5,36,3.422702502575703e-05,3.422702502575703e-05,2.036236047744751,4.587403297424316,0.7319557666778564,0.5444202423095703,103.34410095214844,77.12162017822266,0.695035457611084,0.1984712928533554,0.014356335625052452,0.5793420076370239,0.0,2.268249988555908,2.2267825603485107,1.7111045122146606,2978.77783203125,0.4879108965396881,False,False,False,False,False
additive,2.5,37,2.367689012316987e-05,2.367689012316987e-05,2.0290515422821045,4.5840983390808105,0.7318999767303467,0.5444076061248779,103.33875274658203,77.1190185546875,0.695035457611084,0.19846417009830475,0.015111037530004978,0.5793273448944092,0.0,2.2582833766937256,2.226532220840454,1.6991355419158936,2999.7607421875,0.4884152412414551,False,False,False,False,False
additive,2.5,38,1.609427090443205e-05,1.609427090443205e-05,2.0241503715515137,4.581728935241699,0.7318295240402222,0.5443951487541199,103.33322143554688,77.11449432373047,0.695035457611084,0.19845782220363617,0.015140627510845661,0.579313337802887,0.0,2.240663528442383,2.2236874103546143,2.0998425483703613,2427.324951171875,0.48875924944877625,False,False,False,False,False
additive,2.5,39,1.1525919944688212e-05,1.1525919944688212e-05,2.020785093307495,4.580140113830566,0.731796383857727,0.5443880558013916,103.33026123046875,77.11248779296875,0.695035457611084,0.19845405220985413,0.015613136813044548,0.579305112361908,0.0,2.2522573471069336,2.224799156188965,1.8385953903198242,2772.224853515625,0.4889954626560211,False,False,False,False,False
additive,2.5,40,9.999999747378752e-06,9.999999747378752e-06,2.0182037353515625,4.578938007354736,0.731762707233429,0.5443801879882812,103.3277816772461,77.11050415039062,0.695035457611084,0.1984499841928482,0.015629729256033897,0.5792962908744812,0.0,2.250751495361328,2.222912311553955,1.8396002054214478,2770.710693359375,0.48917606472969055,True,True,True,True,True
full-match,2.5,1,0.0009984740754589438,0.0009984740754589438,6.123037338256836,6.740458965301514,0.9937615394592285,0.6279003024101257,123.53813171386719,92.7834243774414,0.6302385330200195,0.23822320997714996,0.09469432383775711,0.6694427728652954,1.0,6.477024078369141,4.591771602630615,3.3392553329467773,1526.38818359375,0.032723650336265564,True,False,False,False,False
full-match,2.5,2,0.0009939057053998113,0.0009939057053998113,5.037234783172607,5.667313575744629,0.9392974972724915,0.5934981107711792,116.95284271240234,89.8338623046875,0.7121211886405945,0.22024482488632202,0.14978966116905212,0.6325934529304504,1.0,3.2778544425964355,2.880934715270996,3.5136590003967285,1450.62451171875,0.05992237851023674,False,False,False,False,False
full-match,2.5,3,0.0009863231098279357,0.0009863231098279357,4.245062828063965,4.925703048706055,0.8224946856498718,0.5404367446899414,107.849365234375,82.6485824584961,0.722759485244751,0.19464729726314545,0.08481273055076599,0.5756060481071472,1.0,2.6943509578704834,2.6048455238342285,3.633108377456665,1402.930908203125,0.08543296158313751,False,False,False,False,False
full-match,2.5,4,0.0009757729712873697,0.0009757729712873697,3.6156980991363525,4.444187641143799,0.7910651564598083,0.509811282157898,104.0412826538086,80.1066665649414,0.7282398343086243,0.18200722336769104,0.023623324930667877,0.542628824710846,1.0,3.6170780658721924,2.9337310791015625,3.569838285446167,1427.7957763671875,0.1092444583773613,False,False,False,False,False
full-match,2.5,5,0.0009623203659430146,0.0009623203659430146,3.0840518474578857,4.0368452072143555,0.7211005091667175,0.4983980655670166,101.04293823242188,75.81449127197266,0.7337201833724976,0.17757822573184967,0.01601279526948929,0.530317485332489,1.0,4.545738697052002,3.194546699523926,3.3738887310028076,1510.7196044921875,0.13057304918766022,True,False,False,False,False
full-match,2.5,6,0.0009460482397116721,0.0009460482397116721,2.64933443069458,3.835575819015503,0.7522700428962708,0.49775266647338867,98.26072692871094,78.2887191772461,0.7401676177978516,0.17710357904434204,0.023028617724776268,0.5294358730316162,1.0,3.9528958797454834,3.169269323348999,3.3372280597686768,1527.3154296875,0.1487082988023758,True,False,False,True,True
full-match,2.5,7,0.000927056884393096,0.000927056884393096,2.342967987060547,3.6479344367980957,0.7390941381454468,0.5037655830383301,97.87254333496094,77.50481414794922,0.740812361240387,0.17855124175548553,0.04636119678616524,0.5356525778770447,1.0,6.620227813720703,4.1133880615234375,2.8425300121307373,1793.120849609375,0.16228069365024567,False,False,False,False,False
full-match,2.5,8,0.0009054634138010442,0.0009054634138010442,2.0913586616516113,3.4899673461914062,0.7094990015029907,0.518716037273407,98.20487213134766,75.76837921142578,0.7346872687339783,0.18206997215747833,0.06717988848686218,0.551399290561676,1.0,4.603821277618408,3.702136278152466,2.9587883949279785,1722.66455078125,0.1734141856431961,False,False,False,False,False
full-match,2.5,9,0.0008814009488560259,0.0008814009488560259,1.8721096515655518,3.337489604949951,0.6888291835784912,0.5335570573806763,97.92557525634766,74.35372161865234,0.7359768152236938,0.18529734015464783,0.08202964812517166,0.5670686364173889,1.0,5.1138787269592285,3.465148687362671,2.9762086868286133,1712.58154296875,0.18388383090496063,True,False,False,False,False
full-match,2.5,10,0.0008550178608857095,0.0008550178608857095,1.7022992372512817,3.37052583694458,0.7632918953895569,0.5521703362464905,97.71028137207031,79.30757904052734,0.7362991571426392,0.1885790377855301,0.09807402640581131,0.5867377519607544,1.0,8.955434799194336,4.326225280761719,3.0167760848999023,1689.552001953125,0.19271279871463776,True,False,True,False,False
full-match,2.5,11,0.0008264767820946872,0.0008264767820946872,1.5584948062896729,3.184659481048584,0.6749908328056335,0.5735700726509094,98.41596221923828,73.46710205078125,0.7366215586662292,0.19284571707248688,0.11520641297101974,0.6094868183135986,1.0,8.85051441192627,5.501070022583008,2.9283080101013184,1740.5955810546875,0.19899095594882965,False,True,False,False,False
full-match,2.5,12,0.0007959536742419004,0.0007959536742419004,1.421688437461853,3.1690657138824463,0.7075093984603882,0.5814037322998047,97.9886474609375,76.14109802246094,0.7298517227172852,0.19472752511501312,0.11656530201435089,0.6178420186042786,1.0,8.249361038208008,4.281526565551758,2.8744935989379883,1773.1820068359375,0.20511001348495483,False,False,False,False,False
full-match,2.5,13,0.0007636367809027433,0.0007636367809027433,1.2833516597747803,3.1491498947143555,0.7255005836486816,0.5971587300300598,97.89326477050781,77.07630157470703,0.7292069792747498,0.19723981618881226,0.1237136721611023,0.6345458626747131,1.0,5.213312149047852,3.718867301940918,3.2613348960876465,1562.85693359375,0.211555615067482,False,False,False,False,False
full-match,2.5,14,0.0007297252886928618,0.0007297252886928618,1.1472984552383423,2.998978853225708,0.6763345003128052,0.6144576668739319,97.99917602539062,73.77452850341797,0.7263056039810181,0.19947396218776703,0.13529522716999054,0.6529876589775085,1.0,5.077981948852539,3.7021100521087646,3.2522757053375244,1567.2103271484375,0.21740944683551788,True,False,False,False,False
full-match,2.5,15,0.000694428279530257,0.000694428279530257,1.012969732284546,3.0329411029815674,0.7071124911308289,0.6433984041213989,98.24073791503906,75.77909088134766,0.7272727489471436,0.20270510017871857,0.1469031125307083,0.6836423277854919,1.0,5.669637203216553,3.807119369506836,3.0456490516662598,1673.534912109375,0.22272063791751862,True,False,False,False,False
full-match,2.5,16,0.0006579633918590844,0.0006579633918590844,0.8917328119277954,2.9644932746887207,0.6989074349403381,0.6485509276390076,97.90101623535156,75.2098388671875,0.7295293211936951,0.20277108252048492,0.14648638665676117,0.6891692280769348,1.0,5.4674859046936035,3.6538407802581787,3.3351051807403564,1528.28759765625,0.22762514650821686,False,False,False,False,False
full-match,2.5,17,0.0006205554818734527,0.0006205554818734527,0.7772277593612671,2.9072682857513428,0.6834387183189392,0.6717491745948792,98.43678283691406,73.75306701660156,0.7272727489471436,0.20597301423549652,0.1554102748632431,0.7138271927833557,1.0,5.357233047485352,3.533294916152954,2.9613308906555176,1721.185546875,0.23220352828502655,False,False,False,False,False
full-match,2.5,18,0.0005824350519105792,0.0005824350519105792,0.6700401902198792,2.947841167449951,0.7197604775428772,0.684017539024353,98.17753601074219,76.23155212402344,0.7282398343086243,0.2066703587770462,0.15771602094173431,0.7268140316009521,1.0,4.8691277503967285,3.817378282546997,2.834855318069458,1797.975341796875,0.23621439933776855,False,False,False,False,False
full-match,2.5,19,0.0005438372609205544,0.0005438372609205544,0.5720646977424622,2.9164907932281494,0.7127151489257812,0.6998500227928162,98.43372344970703,76.04148864746094,0.7288845777511597,0.20860163867473602,0.16089895367622375,0.7438468933105469,1.0,6.557350158691406,4.431411266326904,3.0213165283203125,1687.0128173828125,0.23962339758872986,False,False,False,False,False
full-match,2.5,20,0.0005050000036135316,0.0005050000036135316,0.4906524121761322,2.8397645950317383,0.6895269751548767,0.7044762372970581,97.89339447021484,74.51078033447266,0.7314635515213013,0.2081882208585739,0.1606781929731369,0.7486568093299866,1.0,5.323338031768799,4.1427764892578125,3.0779480934143066,1655.9732666015625,0.24247410893440247,True,False,False,False,False
full-match,2.5,21,0.0004661627463065088,0.0004661627463065088,0.40473708510398865,2.8577358722686768,0.7054144144058228,0.7196624875068665,98.18277740478516,75.45498657226562,0.727917492389679,0.2105957269668579,0.16623780131340027,0.7648224234580994,1.0,4.320609092712402,3.633714199066162,3.302555799484253,1543.35009765625,0.24526852369308472,False,False,False,False,False
full-match,2.5,22,0.0004275649262126535,0.0004275649262126535,0.3247567415237427,2.853440761566162,0.7060933709144592,0.7355874180793762,98.63141632080078,75.65804290771484,0.7259832620620728,0.21311087906360626,0.1701265424489975,0.7818297147750854,1.0,5.852026462554932,3.834857702255249,3.407860517501831,1495.6597900390625,0.24780495464801788,False,False,False,False,False
full-match,2.5,23,0.00038944455445744097,0.00038944455445744097,0.2567526400089264,2.8241631984710693,0.6991822123527527,0.7456008195877075,98.70264434814453,74.49079895019531,0.7266280055046082,0.2138914316892624,0.1714128851890564,0.7924898862838745,1.0,5.952590465545654,3.7848868370056152,3.094552755355835,1647.0877685546875,0.2501431405544281,False,False,False,False,False
full-match,2.5,24,0.00035203658626414835,0.00035203658626414835,0.1873011738061905,2.9072391986846924,0.7261343002319336,0.7759876847267151,99.20068359375,76.94580841064453,0.7256608605384827,0.21665319800376892,0.17930077016353607,0.8247620463371277,1.0,5.28068733215332,3.7707059383392334,2.9024481773376465,1756.1036376953125,0.25211453437805176,False,False,False,False,False
full-match,2.5,25,0.00031557169859297574,0.00031557169859297574,0.1292818933725357,2.83156681060791,0.7017640471458435,0.7771452069282532,98.91462707519531,75.2567367553711,0.7253385186195374,0.21723690629005432,0.1792227327823639,0.8260210752487183,1.0,4.764732837677002,3.7356324195861816,3.3606925010681152,1516.651611328125,0.2538517415523529,True,False,False,False,False
full-match,2.5,26,0.0002802746894303709,0.0002802746894303709,0.07920056581497192,2.856677293777466,0.7119975090026855,0.7910558581352234,99.09439086914062,75.55066680908203,0.727917492389679,0.2172200232744217,0.18046970665454865,0.8407832384109497,1.0,7.546914100646973,4.160356521606445,3.1206226348876953,1633.327880859375,0.2553514838218689,False,False,False,False,False
full-match,2.5,27,0.0002463631972204894,0.0002463631972204894,0.038377854973077774,2.8356552124023438,0.7000532746315002,0.8023789525032043,99.25428771972656,75.03182983398438,0.7282398343086243,0.2188950926065445,0.18139983713626862,0.8528841733932495,1.0,5.138622283935547,3.9572694301605225,2.9505693912506104,1727.463134765625,0.2566141188144684,False,False,False,False,False
full-match,2.5,28,0.00021404630388133228,0.00021404630388133228,-0.0006805066368542612,2.849977731704712,0.7138713598251343,0.8027822375297546,99.03653717041016,76.03450012207031,0.7282398343086243,0.21901381015777588,0.18095898628234863,0.8533124327659607,1.0,5.428928375244141,3.681307077407837,2.992443799972534,1703.2901611328125,0.2576625347137451,False,False,False,False,False
full-match,2.5,29,0.00018352321058046073,0.00018352321058046073,-0.03433743491768837,2.857074022293091,0.7157361507415771,0.8118916153907776,99.17849731445312,75.9611587524414,0.7272727489471436,0.2196080982685089,0.18348893523216248,0.8629313111305237,1.0,4.720685958862305,3.7327001094818115,2.8769965171813965,1771.6392822265625,0.258593887090683,False,False,False,False,False
full-match,2.5,30,0.00015498214634135365,0.00015498214634135365,-0.06332273036241531,2.8617966175079346,0.7168977856636047,0.8200805187225342,99.17578125,76.17340850830078,0.7275950908660889,0.220686674118042,0.1843874752521515,0.8716155886650085,1.0,4.882939338684082,3.525526523590088,2.897139549255371,1759.321533203125,0.2593841552734375,True,False,False,False,False
full-match,2.5,31,0.00012859904381912202,0.00012859904381912202,-0.08746752887964249,2.884711503982544,0.7211818695068359,0.833016574382782,99.4574966430664,76.4603271484375,0.7266280055046082,0.22193944454193115,0.1874946802854538,0.8854223489761353,1.0,6.658893585205078,3.775989532470703,2.940080165863037,1733.626220703125,0.2600439190864563,False,False,False,False,False
full-match,2.5,32,0.00010453658615006134,0.00010453658615006134,-0.10638352483510971,2.8442015647888184,0.7054527401924133,0.833591639995575,99.4435806274414,75.34171295166016,0.7272727489471436,0.22151100635528564,0.18715684115886688,0.8860001564025879,1.0,4.62877893447876,3.618711471557617,2.8816018104553223,1768.807861328125,0.2605612576007843,False,False,False,False,False
full-match,2.5,33,8.29431155580096e-05,8.29431155580096e-05,-0.12040486186742783,2.835559844970703,0.7007127404212952,0.8374379873275757,99.5994873046875,75.03729248046875,0.7272727489471436,0.22182214260101318,0.18776431679725647,0.8900896310806274,1.0,4.851191520690918,3.564276695251465,2.9779555797576904,1711.576904296875,0.26096856594085693,False,False,False,False,False
full-match,2.5,34,6.395176751539111e-05,6.395176751539111e-05,-0.1347983032464981,2.848933696746826,0.7142609357833862,0.8316588997840881,99.2454605102539,75.7981948852539,0.727917492389679,0.221433624625206,0.18620070815086365,0.8839443325996399,1.0,4.34062385559082,3.5523431301116943,2.9860873222351074,1706.9158935546875,0.26127880811691284,False,False,False,False,False
full-match,2.5,35,4.7679630370112136e-05,4.7679630370112136e-05,-0.1437099725008011,2.839597702026367,0.7078322172164917,0.8351775407791138,99.46781158447266,75.50609588623047,0.7272727489471436,0.22177094221115112,0.18725888431072235,0.8876822590827942,1.0,4.666132926940918,3.545210838317871,3.2952723503112793,1546.7613525390625,0.2615242302417755,True,False,False,False,False
full-match,2.5,36,3.422702502575703e-05,3.422702502575703e-05,-0.1515445113182068,2.856449604034424,0.7174287438392639,0.8357052206993103,99.35972595214844,76.0645980834961,0.7282398343086243,0.22178640961647034,0.18632909655570984,0.8882413506507874,1.0,5.057560920715332,3.597064733505249,2.988783597946167,1705.3760986328125,0.2616942524909973,False,False,False,False,False
full-match,2.5,37,2.367689012316987e-05,2.367689012316987e-05,-0.15638530254364014,2.8546273708343506,0.7145528197288513,0.8386797904968262,99.50204467773438,75.92391967773438,0.727917492389679,0.22197939455509186,0.18706394731998444,0.8914052844047546,1.0,5.111141681671143,3.6638553142547607,3.180802345275879,1602.4259033203125,0.2618143558502197,False,False,False,False,False
full-match,2.5,38,1.609427090443205e-05,1.609427090443205e-05,-0.15984848141670227,2.858637571334839,0.7169545292854309,0.8394132256507874,99.48418426513672,76.0437240600586,0.7285622358322144,0.22192725539207458,0.1866001933813095,0.8921787738800049,1.0,4.765669822692871,3.6524128913879395,3.0235722064971924,1685.7542724609375,0.26189520955085754,False,False,False,False,False
full-match,2.5,39,1.1525919944688212e-05,1.1525919944688212e-05,-0.16208098828792572,2.8559601306915283,0.7161804437637329,0.8390992283821106,99.46546936035156,75.99370574951172,0.7288845777511597,0.22197990119457245,0.1861320286989212,0.8918482065200806,1.0,4.364786624908447,3.428640842437744,2.892259359359741,1762.2901611328125,0.2619497776031494,False,False,False,False,False
full-match,2.5,40,9.999999747378752e-06,9.999999747378752e-06,-0.16382953524589539,2.8532142639160156,0.714501142501831,0.8397709727287292,99.48960876464844,75.89398193359375,0.727917492389679,0.2220689207315445,0.18718095123767853,0.8925660252571106,1.0,4.1815104484558105,3.4777400493621826,3.002262592315674,1697.7196044921875,0.2619936764240265,True,False,False,False,False
teammate-set,2.5,1,0.0009984740754589438,0.0009984740754589438,6.196860313415527,6.832570552825928,0.9019052982330322,0.6251506209373474,118.1600570678711,87.5492172241211,0.6257253289222717,0.236814484000206,0.0868007093667984,0.6665446162223816,1.0,5.870759010314941,4.696260929107666,3.121098518371582,1633.078857421875,0.03209146112203598,True,False,False,False,False
teammate-set,2.5,2,0.0009939057053998113,0.0009939057053998113,5.118027210235596,5.792391300201416,0.8290399312973022,0.6021767258644104,112.63325500488281,83.7967758178711,0.7034171223640442,0.2247333526611328,0.1540336310863495,0.6419323682785034,1.0,3.3825185298919678,2.9625048637390137,3.408492088317871,1495.3826904296875,0.059114571660757065,False,False,False,False,False
teammate-set,2.5,3,0.0009863231098279357,0.0009863231098279357,4.286728382110596,5.05192232131958,0.7661555409431458,0.5722700357437134,106.66635131835938,79.66500091552734,0.7188910245895386,0.20951581001281738,0.13869652152061462,0.6098431944847107,1.0,2.774235725402832,2.633007526397705,3.0397584438323975,1676.7779541015625,0.08593956381082535,False,False,False,False,False
teammate-set,2.5,4,0.0009757729712873697,0.0009757729712873697,3.5963985919952393,4.489447116851807,0.7239110469818115,0.5364397168159485,101.30549621582031,76.83267211914062,0.7304964661598206,0.19256316125392914,0.10818688571453094,0.5713891983032227,1.0,3.2750144004821777,2.828078031539917,2.643801689147949,1927.905517578125,0.11067067086696625,False,False,False,False,False
teammate-set,2.5,5,0.0009623203659430146,0.0009623203659430146,3.0608794689178467,4.069714069366455,0.6976742148399353,0.5115606784820557,99.88111877441406,74.9037094116211,0.7369439005851746,0.18215684592723846,0.07373148947954178,0.5446631908416748,1.0,3.3169498443603516,2.8350305557250977,2.940885305404663,1733.151611328125,0.1314995437860489,True,False,False,False,False
teammate-set,2.5,6,0.0009460482397116721,0.0009460482397116721,2.669131278991699,3.8083157539367676,0.7024292945861816,0.5008643269538879,98.9273452758789,75.62609100341797,0.7417795062065125,0.17839741706848145,0.051521290093660355,0.5330392122268677,1.0,4.664502143859863,3.086033582687378,3.403693437576294,1497.490966796875,0.1476556807756424,True,False,False,False,False
teammate-set,2.5,7,0.000927056884393096,0.000927056884393096,2.3837921619415283,3.5934042930603027,0.6972953677177429,0.49553635716438293,98.46880340576172,75.34564208984375,0.7395228743553162,0.17651957273483276,0.033797722309827805,0.5272025465965271,1.0,4.52930212020874,3.1633243560791016,2.502805709838867,2036.514404296875,0.16009877622127533,False,False,False,False,False
teammate-set,2.5,8,0.0009054634138010442,0.0009054634138010442,2.150911569595337,3.466655969619751,0.7071313858032227,0.49405258893966675,97.97920227050781,76.35743713378906,0.744036078453064,0.1759493201971054,0.022808104753494263,0.5254979729652405,1.0,5.099189758300781,3.31082820892334,2.593808889389038,1965.0638427734375,0.17045047879219055,False,False,False,True,True
teammate-set,2.5,9,0.0008814009488560259,0.0008814009488560259,1.9509663581848145,3.303734540939331,0.6858447194099426,0.49542737007141113,97.93734741210938,74.50901794433594,0.7395228743553162,0.17631857097148895,0.030489370226860046,0.5268967747688293,1.0,5.247522354125977,3.3642418384552,2.366539716720581,2153.777587890625,0.1793440878391266,True,False,False,False,False
teammate-set,2.5,10,0.0008550178608857095,0.0008550178608857095,1.7977421283721924,3.2620675563812256,0.7219078540802002,0.4978944659233093,97.56183624267578,76.64923095703125,0.744036078453064,0.1766173094511032,0.03636576235294342,0.5294369459152222,1.0,8.026712417602539,4.660314559936523,2.8489603996276855,1789.0736083984375,0.18688613176345825,True,False,False,False,False
teammate-set,2.5,11,0.0008264767820946872,0.0008264767820946872,1.653542399406433,3.0974159240722656,0.667488694190979,0.5036822557449341,97.99081420898438,73.43468475341797,0.7388781309127808,0.17835742235183716,0.04700281843543053,0.53566575050354,1.0,7.048490047454834,4.352840423583984,2.9982259273529053,1700.0052490234375,0.19298328459262848,False,False,False,False,False
teammate-set,2.5,12,0.0007959536742419004,0.0007959536742419004,1.5109565258026123,3.0722575187683105,0.6968117952346802,0.5088093280792236,97.77299499511719,75.66936492919922,0.7392005324363708,0.17924439907073975,0.049122098833322525,0.5410845875740051,1.0,6.737414836883545,4.044307231903076,2.5997908115386963,1960.542236328125,0.19939614832401276,False,False,False,False,False
teammate-set,2.5,13,0.0007636367809027433,0.0007636367809027433,1.3768597841262817,3.0113213062286377,0.6954205632209778,0.5197451114654541,98.07463836669922,75.52706146240234,0.7362991571426392,0.18190021812915802,0.0634448230266571,0.5526833534240723,1.0,6.291801452636719,4.090108394622803,2.551453113555908,1997.6851806640625,0.205169677734375,False,False,False,False,False
teammate-set,2.5,14,0.0007297252886928618,0.0007297252886928618,1.253983736038208,2.9261162281036377,0.6790145635604858,0.527260422706604,97.8359603881836,74.3435287475586,0.7369439005851746,0.182820126414299,0.07209622859954834,0.5606687664985657,1.0,5.912187099456787,3.8159382343292236,2.4649057388305664,2067.827392578125,0.2103382647037506,True,False,False,False,False
teammate-set,2.5,15,0.000694428279530257,0.000694428279530257,1.1396316289901733,2.8343966007232666,0.6591247320175171,0.5312432646751404,97.60768127441406,72.8180160522461,0.7366215586662292,0.18325640261173248,0.07625893503427505,0.5648834109306335,1.0,5.885416507720947,3.9671199321746826,2.535728693008423,2010.0731201171875,0.21539442241191864,True,True,False,False,False
teammate-set,2.5,16,0.0006579633918590844,0.0006579633918590844,1.016908884048462,2.8721325397491455,0.7108964323997498,0.5418586134910583,97.5495376586914,76.00543212890625,0.7350096702575684,0.18496599793434143,0.08605144172906876,0.5761520266532898,1.0,3.992891788482666,3.352961778640747,4.005600929260254,1272.46826171875,0.2202935516834259,False,False,False,False,False
teammate-set,2.5,17,0.0006205554818734527,0.0006205554818734527,0.9020931124687195,2.7515103816986084,0.668896496295929,0.5517427921295166,97.52638244628906,73.48937225341797,0.7369439005851746,0.18646177649497986,0.09543643891811371,0.58664470911026,1.0,4.829395294189453,3.462111234664917,3.2638962268829346,1561.6304931640625,0.22504369914531708,False,False,False,False,False
teammate-set,2.5,18,0.0005824350519105792,0.0005824350519105792,0.8013094663619995,2.78940486907959,0.7114280462265015,0.5612468123435974,97.4720230102539,75.87232208251953,0.7366215586662292,0.18757259845733643,0.09750405699014664,0.596741259098053,1.0,4.6256513595581055,3.6539101600646973,2.940776824951172,1733.215576171875,0.22917188704013824,False,False,False,False,False
teammate-set,2.5,19,0.0005438372609205544,0.0005438372609205544,0.707857072353363,2.679307460784912,0.6704742312431335,0.5698391199111938,97.61283111572266,73.508544921875,0.7353320717811584,0.18934108316898346,0.10534339398145676,0.6059327125549316,1.0,4.792696475982666,3.84381103515625,2.962094306945801,1720.7420654296875,0.23266257345676422,False,False,False,False,False
teammate-set,2.5,20,0.0005050000036135316,0.0005050000036135316,0.6256803274154663,2.6409389972686768,0.6610171794891357,0.5778219103813171,97.39500427246094,73.12486267089844,0.7350096702575684,0.18990953266620636,0.10876317322254181,0.6144039630889893,1.0,4.888852119445801,3.7590653896331787,2.5282862186431885,2015.990234375,0.23580467700958252,True,False,True,False,False
teammate-set,2.5,21,0.0004661627463065088,0.0004661627463065088,0.5482774376869202,2.6749582290649414,0.6921574473381042,0.5893141627311707,97.63253021240234,74.84285736083984,0.7369439005851746,0.19148817658424377,0.1122850626707077,0.6266173124313354,1.0,6.030325412750244,3.8002591133117676,2.565833568572998,1986.489013671875,0.23861344158649445,False,False,False,False,False
teammate-set,2.5,22,0.0004275649262126535,0.0004275649262126535,0.47625792026519775,2.6729393005371094,0.6959632635116577,0.6036586761474609,97.86456298828125,75.51160430908203,0.7379110455513,0.19343389570713043,0.11818188428878784,0.6418863534927368,1.0,5.142848491668701,3.7258262634277344,3.2856838703155518,1551.2752685546875,0.24100752174854279,False,False,False,False,False
teammate-set,2.5,23,0.00038944455445744097,0.00038944455445744097,0.41283923387527466,2.6247060298919678,0.6852145791053772,0.6067713499069214,97.76725006103516,74.41934967041016,0.7369439005851746,0.19379767775535583,0.11957791447639465,0.6451907753944397,1.0,5.224368095397949,3.7529759407043457,2.8362531661987305,1797.0892333984375,0.24324637651443481,False,False,False,False,False
teammate-set,2.5,24,0.00035203658626414835,0.00035203658626414835,0.35490748286247253,2.6346781253814697,0.6952795386314392,0.6199337840080261,97.80209350585938,75.19261169433594,0.7404900193214417,0.1946820765733719,0.12258771061897278,0.6591599583625793,1.0,5.35585880279541,3.778346538543701,2.6404380798339844,1930.3614501953125,0.24517884850502014,False,False,False,False,False
teammate-set,2.5,25,0.00031557169859297574,0.00031557169859297574,0.3041084110736847,2.579256534576416,0.6798715591430664,0.6215874552726746,97.8150634765625,74.26395416259766,0.73758864402771,0.1958889663219452,0.12278181314468384,0.6609020233154297,1.0,5.380662441253662,3.891848087310791,2.5166780948638916,2025.2889404296875,0.24686796963214874,True,False,False,False,False
teammate-set,2.5,26,0.0002802746894303709,0.0002802746894303709,0.262175589799881,2.563544273376465,0.6767977476119995,0.6269342303276062,97.70064544677734,73.5418472290039,0.7398452758789062,0.19603943824768066,0.12549223005771637,0.6665446162223816,1.0,7.248052597045898,4.138355255126953,2.9334776401519775,1737.528076171875,0.24829207360744476,False,False,False,False,False
teammate-set,2.5,27,0.0002463631972204894,0.0002463631972204894,0.22203196585178375,2.561434268951416,0.6795151233673096,0.6342167258262634,97.73174285888672,74.05536651611328,0.7404900193214417,0.19678550958633423,0.12751233577728271,0.6742908954620361,1.0,6.59293794631958,4.171253681182861,3.4632954597473145,1471.7197265625,0.24947454035282135,False,False,False,False,False
teammate-set,2.5,28,0.00021404630388133228,0.00021404630388133228,0.18725842237472534,2.5669243335723877,0.6888798475265503,0.6373448371887207,97.68167877197266,74.69025421142578,0.7401676177978516,0.1971905678510666,0.12739171087741852,0.677595853805542,1.0,6.892773628234863,3.8489532470703125,3.053572654724121,1669.1923828125,0.2504933774471283,False,False,False,False,False
teammate-set,2.5,29,0.00018352321058046073,0.00018352321058046073,0.15538187325000763,2.5708413124084473,0.6916522979736328,0.643144428730011,97.7188720703125,74.89602661132812,0.7424242496490479,0.19760139286518097,0.12911100685596466,0.6837368607521057,1.0,5.5515031814575195,3.625425100326538,3.8407363891601562,1327.0892333984375,0.25146403908729553,False,False,False,False,False
teammate-set,2.5,30,0.00015498214634135365,0.00015498214634135365,0.1287737637758255,2.572406530380249,0.6957820653915405,0.6478781700134277,97.79947662353516,75.33928680419922,0.740812361240387,0.19825473427772522,0.1306915134191513,0.6887888312339783,1.0,4.597501754760742,3.593801498413086,2.9296600818634033,1739.792236328125,0.25225868821144104,True,False,False,False,False
teammate-set,2.5,31,0.00012859904381912202,0.00012859904381912202,0.10617823153734207,2.5869524478912354,0.7013015151023865,0.6558398604393005,97.90296173095703,75.63662719726562,0.7398452758789062,0.19914370775222778,0.1365242898464203,0.6972676515579224,1.0,6.21547269821167,3.683126926422119,3.67230486869812,1387.9566650390625,0.2528872489929199,False,False,False,False,False
teammate-set,2.5,32,0.00010453658615006134,0.00010453658615006134,0.08704528957605362,2.5465309619903564,0.6866322159767151,0.6555522680282593,97.77513885498047,74.56018829345703,0.7404900193214417,0.19903559982776642,0.13384194672107697,0.6969524621963501,1.0,3.9685750007629395,3.363513946533203,4.552925109863281,1119.5,0.25342172384262085,False,False,False,False,False
teammate-set,2.5,33,8.29431155580096e-05,8.29431155580096e-05,0.07326042652130127,2.5264840126037598,0.6802401542663574,0.6562045812606812,97.76577758789062,74.32189178466797,0.7417795062065125,0.19896630942821503,0.1310267597436905,0.6976431608200073,1.0,4.808254241943359,3.545154094696045,3.2029035091400146,1591.3685302734375,0.25382962822914124,False,False,False,False,False
teammate-set,2.5,34,6.395176751539111e-05,6.395176751539111e-05,0.06044895201921463,2.5575811862945557,0.6952323913574219,0.6581211686134338,97.76319885253906,74.95977020263672,0.7398452758789062,0.19923414289951324,0.13290861248970032,0.6996809840202332,1.0,4.759101867675781,3.6084680557250977,3.3124077320098877,1538.759765625,0.25413191318511963,False,False,False,False,False
teammate-set,2.5,35,4.7679630370112136e-05,4.7679630370112136e-05,0.051685597747564316,2.5366663932800293,0.6862662434577942,0.6592776775360107,97.80109405517578,74.64360046386719,0.7398452758789062,0.19943293929100037,0.13280907273292542,0.7008966207504272,1.0,4.363226890563965,3.5486059188842773,3.8167953491210938,1335.4134521484375,0.254359632730484,True,False,False,False,False
teammate-set,2.5,36,3.422702502575703e-05,3.422702502575703e-05,0.04468671604990959,2.5541186332702637,0.6950703859329224,0.6604608297348022,97.76677703857422,75.07908630371094,0.7404900193214417,0.1994282603263855,0.13337746262550354,0.7021511793136597,1.0,3.998964786529541,3.4140405654907227,2.8148343563079834,1810.7637939453125,0.2545294761657715,False,False,False,False,False
teammate-set,2.5,37,2.367689012316987e-05,2.367689012316987e-05,0.03998957574367523,2.548898220062256,0.6927498579025269,0.661751389503479,97.81119537353516,74.98922729492188,0.7395228743553162,0.19963328540325165,0.1331920325756073,0.703528881072998,1.0,5.637948036193848,3.7826547622680664,2.8866500854492188,1765.7144775390625,0.254643976688385,False,False,False,False,False
teammate-set,2.5,38,1.609427090443205e-05,1.609427090443205e-05,0.036930423229932785,2.55106520652771,0.6938887238502502,0.6624196767807007,97.78719329833984,74.9959487915039,0.7398452758789062,0.19958347082138062,0.13430041074752808,0.7042346596717834,1.0,5.461818695068359,3.6473588943481445,3.164005994796753,1610.9324951171875,0.2547203600406647,False,False,False,False,False
teammate-set,2.5,39,1.1525919944688212e-05,1.1525919944688212e-05,0.03482652083039284,2.542336940765381,0.6907417178153992,0.6620833873748779,97.80541229248047,74.80855560302734,0.7392005324363708,0.19966523349285126,0.13423113524913788,0.7038805484771729,1.0,4.192412853240967,3.423936367034912,2.97761607170105,1711.7720947265625,0.25477319955825806,False,False,False,False,False
teammate-set,2.5,40,9.999999747378752e-06,9.999999747378752e-06,0.03311751037836075,2.543931722640991,0.6916221976280212,0.6622757911682129,97.80265808105469,74.89039611816406,0.7395228743553162,0.1996910572052002,0.13401173055171967,0.7040850520133972,1.0,4.73983097076416,3.5352253913879395,2.940716505050659,1733.2510986328125,0.2548154294490814,True,False,False,False,False
additive,5.0,1,0.0009984740754589438,0.0009984740754589438,7.106616020202637,7.7905378341674805,1.2841978073120117,0.6439194679260254,138.56448364257812,108.7767333984375,0.5406189560890198,0.24681586027145386,0.028463467955589294,0.6867098808288574,0.0,1.9067968130111694,1.8484106063842773,1.7208915948867798,2961.836669921875,0.031744975596666336,True,False,False,False,False
additive,5.0,2,0.0009939057053998113,0.0009939057053998113,6.893954277038574,7.587732791900635,1.232153296470642,0.6355394124984741,135.6846466064453,106.3664321899414,0.5747904777526855,0.24240276217460632,0.029016276821494102,0.6777323484420776,0.0,1.8810746669769287,1.8477224111557007,1.7931300401687622,2842.515625,0.05921274423599243,False,False,False,False,False
additive,5.0,3,0.0009863231098279357,0.0009863231098279357,6.6975178718566895,7.406113147735596,1.187587022781372,0.6279424428939819,133.20831298828125,104.25337219238281,0.5973565578460693,0.23843678832054138,0.03737662360072136,0.6695907115936279,0.0,1.887593150138855,1.8531054258346558,1.8888938426971436,2698.404541015625,0.08534601330757141,False,False,False,False,False
additive,5.0,4,0.0009757729712873697,0.0009757729712873697,6.506351470947266,7.236785411834717,1.1490329504013062,0.6214593052864075,131.05250549316406,102.37055969238281,0.6096066832542419,0.2350856363773346,0.04137203097343445,0.6626411080360413,0.0,1.8967525959014893,1.8651959896087646,1.700818419456482,2996.792724609375,0.1109718605875969,False,False,False,False,False
additive,5.0,5,0.0009623203659430146,0.0009623203659430146,6.312314987182617,7.076909065246582,1.11485755443573,0.6154295206069946,129.0495147705078,100.65281677246094,0.6221792101860046,0.23200376331806183,0.04635673388838768,0.65617436170578,0.0,1.9109901189804077,1.8856499195098877,1.7639741897583008,2889.498046875,0.13618913292884827,True,False,False,False,False
additive,5.0,6,0.0009460482397116721,0.0009460482397116721,6.113368511199951,6.922290325164795,1.0837725400924683,0.609713077545166,127.27348327636719,99.05219268798828,0.6305609345436096,0.22911180555820465,0.04765498265624046,0.6500365138053894,0.0,1.9431099891662598,1.9079999923706055,1.6212586164474487,3143.853759765625,0.16111981868743896,True,False,False,False,False
additive,5.0,7,0.000927056884393096,0.000927056884393096,5.904791355133057,6.771833419799805,1.0548045635223389,0.6045832633972168,125.52857971191406,97.51657104492188,0.6337846517562866,0.22655726969242096,0.042891863733530045,0.6445264220237732,0.0,1.9655848741531372,1.9311593770980835,1.7497235536575317,2913.031494140625,0.1860063374042511,False,False,False,False,False
additive,5.0,8,0.0009054634138010442,0.0009054634138010442,5.6860857009887695,6.622110366821289,1.0271025896072388,0.5998035669326782,123.76557922363281,96.00648498535156,0.6421663165092468,0.22420759499073029,0.044252730906009674,0.6393885016441345,0.0,1.9878368377685547,1.9493532180786133,1.8982959985733032,2685.03955078125,0.21070848405361176,False,False,False,False,False
additive,5.0,9,0.0008814009488560259,0.0008814009488560259,5.457715034484863,6.47573709487915,1.001387357711792,0.5953385829925537,122.15433502197266,94.58566284179688,0.6411992311477661,0.22204527258872986,0.0365498922765255,0.6345802545547485,0.0,2.0003480911254883,1.9723471403121948,1.7755786180496216,2870.613525390625,0.23506245017051697,True,False,False,False,False
additive,5.0,10,0.0008550178608857095,0.0008550178608857095,5.220510005950928,6.331642150878906,0.9770839214324951,0.5911529064178467,120.52862548828125,93.19981384277344,0.6434558629989624,0.22004850208759308,0.03676096722483635,0.6300665736198425,0.0,2.019592761993408,1.996342658996582,1.7742418050765991,2872.7763671875,0.25905218720436096,True,False,False,False,False
additive,5.0,11,0.0008264767820946872,0.0008264767820946872,4.979438781738281,6.190595626831055,0.9540396332740784,0.5875112414360046,119.02832794189453,91.86334228515625,0.6463571786880493,0.21833465993404388,0.03245861828327179,0.6261333227157593,0.0,2.030564546585083,2.0141408443450928,1.8184447288513184,2802.94482421875,0.28228315711021423,False,False,False,False,False
additive,5.0,12,0.0007959536742419004,0.0007959536742419004,4.735296726226807,6.0547919273376465,0.9333983063697815,0.5841876268386841,117.61458587646484,90.63782501220703,0.6502256393432617,0.21678438782691956,0.03103492595255375,0.6225441098213196,0.0,2.046602725982666,2.0335640907287598,1.805184006690979,2823.534912109375,0.3046945333480835,False,False,False,False,False
additive,5.0,13,0.0007636367809027433,0.0007636367809027433,4.493359088897705,5.922354221343994,0.9141110181808472,0.5811994075775146,116.29913330078125,89.47606658935547,0.6515151262283325,0.21540424227714539,0.024186406284570694,0.6193116903305054,0.0,2.076456069946289,2.0563437938690186,1.712937355041504,2975.590576171875,0.32611849904060364,False,False,False,False,False
additive,5.0,14,0.0007297252886928618,0.0007297252886928618,4.255593776702881,5.796072959899902,0.8968985676765442,0.5785310864448547,115.0594711303711,88.42198944091797,0.6563507318496704,0.21418508887290955,0.02581440657377243,0.6164190173149109,0.0,2.105473279953003,2.0735907554626465,1.7924665212631226,2843.56787109375,0.3464686870574951,True,False,False,False,False
additive,5.0,15,0.000694428279530257,0.000694428279530257,4.026552200317383,5.675362586975098,0.8814637660980225,0.5761857032775879,113.95305633544922,87.45696258544922,0.6586073637008667,0.21312248706817627,0.026202073320746422,0.6138755679130554,0.0,2.1094419956207275,2.0870745182037354,1.7848360538482666,2855.724365234375,0.3656414747238159,True,False,False,False,False
additive,5.0,16,0.0006579633918590844,0.0006579633918590844,3.8084678649902344,5.563541412353516,0.8685489296913147,0.5741341710090637,112.93737030029297,86.62802124023438,0.6608639359474182,0.2121991366147995,0.02693593129515648,0.6116461753845215,0.0,2.138145923614502,2.1037542819976807,1.7158148288726807,2970.600341796875,0.38357850909233093,False,False,False,False,False
additive,5.0,17,0.0006205554818734527,0.0006205554818734527,3.6033623218536377,5.458927154541016,0.8569492101669312,0.5723972916603088,112.04852294921875,85.8896713256836,0.6618310809135437,0.2114272564649582,0.025370260700583458,0.609757125377655,0.0,2.145469903945923,2.119110584259033,1.6942139863967896,3008.474609375,0.4002308249473572,False,False,False,False,False
additive,5.0,18,0.0005824350519105792,0.0005824350519105792,3.4124093055725098,5.363225936889648,0.847068190574646,0.5709976553916931,111.26899719238281,85.25049591064453,0.6618310809135437,0.21080641448497772,0.025492878630757332,0.6082271933555603,0.0,2.1538383960723877,2.1322174072265625,1.7985633611679077,2833.928466796875,0.4155183434486389,False,False,False,False,False
additive,5.0,19,0.0005438372609205544,0.0005438372609205544,3.235933542251587,5.273969650268555,0.8383293747901917,0.5698950290679932,110.57917785644531,84.66781616210938,0.6637653112411499,0.21032045781612396,0.02586224116384983,0.6070183515548706,0.0,2.1809208393096924,2.1454813480377197,1.7331842184066772,2940.829833984375,0.4295031428337097,False,False,False,False,False
additive,5.0,20,0.0005050000036135316,0.0005050000036135316,3.07334303855896,5.1915283203125,0.8306329846382141,0.5688568353652954,109.9464340209961,84.16262817382812,0.6660219430923462,0.2098597288131714,0.01884937845170498,0.6058799028396606,0.0,2.195192575454712,2.161283254623413,1.7782444953918457,2866.31005859375,0.442254900932312,True,False,False,False,False
additive,5.0,21,0.0004661627463065088,0.0004661627463065088,2.925811290740967,5.119390487670898,0.8245668411254883,0.5680864453315735,109.44688415527344,83.7638168334961,0.6644100546836853,0.2095160186290741,0.016500618308782578,0.6050334572792053,0.0,2.199538469314575,2.1701669692993164,1.7955130338668823,2838.742919921875,0.45364251732826233,False,False,False,False,False
additive,5.0,22,0.0004275649262126535,0.0004275649262126535,2.7925894260406494,5.052944660186768,0.8197957277297974,0.5674140453338623,109.01606750488281,83.4377212524414,0.66408771276474,0.20921115577220917,0.01618071272969246,0.6042914390563965,0.0,2.2212777137756348,2.176206111907959,1.5293182134628296,3332.857666015625,0.46388697624206543,False,False,False,False,False
additive,5.0,23,0.00038944455445744097,0.00038944455445744097,2.6724867820739746,4.99398136138916,0.8156093955039978,0.5668527483940125,108.63873291015625,83.15647888183594,0.6647324562072754,0.20895643532276154,0.01592213474214077,0.6036715507507324,0.0,2.2156577110290527,2.186417579650879,1.8164706230163574,2805.990966796875,0.4730226397514343,False,False,False,False,False
additive,5.0,24,0.00035203658626414835,0.00035203658626414835,2.5651586055755615,4.940925121307373,0.811789333820343,0.5663812160491943,108.2960205078125,82.89521026611328,0.6666666865348816,0.20873524248600006,0.017050892114639282,0.6031494736671448,0.0,2.218928337097168,2.1949455738067627,1.801316261291504,2829.597412109375,0.48115283250808716,False,False,False,False,False
additive,5.0,25,0.00031557169859297574,0.00031557169859297574,2.4701449871063232,4.89484167098999,0.8086163997650146,0.566047728061676,108.01032257080078,82.68164825439453,0.6660219430923462,0.20857802033424377,0.01575241982936859,0.602776050567627,0.0,2.2410471439361572,2.200345277786255,1.7627066373825073,2891.575927734375,0.4883517622947693,True,False,False,False,False
additive,5.0,26,0.0002802746894303709,0.0002802746894303709,2.386603593826294,4.854301452636719,0.806160569190979,0.5658020377159119,107.77779388427734,82.52174377441406,0.6666666865348816,0.2084575742483139,0.016782822087407112,0.6024987101554871,0.0,2.243133783340454,2.209705114364624,1.7520476579666138,2909.16748046875,0.494658499956131,False,False,False,False,False
additive,5.0,27,0.0002463631972204894,0.0002463631972204894,2.313673734664917,4.819055080413818,0.804244339466095,0.5656411051750183,107.57453155517578,82.38369750976562,0.6660219430923462,0.2083747684955597,0.018042024224996567,0.602314829826355,0.0,2.2594614028930664,2.2173640727996826,1.6334450244903564,3120.39892578125,0.5001569390296936,False,False,False,False,False
additive,5.0,28,0.00021404630388133228,0.00021404630388133228,2.2507483959198,4.788748264312744,0.8024705052375793,0.5654341578483582,107.40184783935547,82.26587677001953,0.6666666865348816,0.20827312767505646,0.017702922224998474,0.6020835041999817,0.0,2.3078696727752686,2.221029281616211,1.8999593257904053,2682.68896484375,0.5048736333847046,False,False,False,False,False
additive,5.0,29,0.00018352321058046073,0.00018352321058046073,2.197052001953125,4.762852668762207,0.8011235594749451,0.5653350353240967,107.27247619628906,82.17337799072266,0.6679561734199524,0.20821942389011383,0.019095905125141144,0.6019710302352905,0.0,2.242217779159546,2.2225677967071533,1.8709356784820557,2724.30517578125,0.5088865756988525,False,False,False,False,False
additive,5.0,30,0.00015498214634135365,0.00015498214634135365,2.15159273147583,4.740930080413818,0.7998706102371216,0.5652005076408386,107.14478302001953,82.08888244628906,0.6695680022239685,0.2081465870141983,0.019593197852373123,0.6018199324607849,0.0,2.245790958404541,2.226468563079834,1.8316062688827515,2782.80322265625,0.5122681260108948,True,False,False,False,False
additive,5.0,31,0.00012859904381912202,0.00012859904381912202,2.1140618324279785,4.722811698913574,0.7989768385887146,0.5651461482048035,107.05672454833984,82.02713775634766,0.6695680022239685,0.20811350643634796,0.020184295251965523,0.6017563939094543,0.0,2.2643747329711914,2.2303431034088135,1.8114222288131714,2813.811279296875,0.5150499939918518,False,False,False,False,False
additive,5.0,32,0.00010453658615006134,0.00010453658615006134,2.0834708213806152,4.708369731903076,0.7982926964759827,0.5650606155395508,106.97544860839844,81.97775268554688,0.6698904037475586,0.2080696076154709,0.02215360850095749,0.6016605496406555,0.0,2.256878137588501,2.2293825149536133,1.5309182405471802,3329.37451171875,0.5173265933990479,False,False,False,False,False
additive,5.0,33,8.29431155580096e-05,8.29431155580096e-05,2.0590808391571045,4.696576118469238,0.7977203726768494,0.5650343894958496,106.9144515991211,81.93861389160156,0.6702127456665039,0.2080521434545517,0.02182338759303093,0.6016284227371216,0.0,2.285489797592163,2.23386549949646,1.775688648223877,2870.435791015625,0.5191361308097839,False,False,False,False,False
additive,5.0,34,6.395176751539111e-05,6.395176751539111e-05,2.040003538131714,4.687174320220947,0.7971670031547546,0.5650144219398499,106.86646270751953,81.90287017822266,0.6695680022239685,0.20803789794445038,0.021966420114040375,0.6016039252281189,0.0,2.269155502319336,2.2348623275756836,1.790085792541504,2847.349609375,0.5205448269844055,False,False,False,False,False
additive,5.0,35,4.7679630370112136e-05,4.7679630370112136e-05,2.025672435760498,4.680361747741699,0.7968423962593079,0.5649888515472412,106.83180236816406,81.87955474853516,0.6702127456665039,0.20802272856235504,0.021710602566599846,0.6015744805335999,0.0,2.279876708984375,2.2350902557373047,1.7451491355895996,2920.667236328125,0.5216027498245239,True,False,False,False,False
additive,5.0,36,3.422702502575703e-05,3.422702502575703e-05,2.0151917934417725,4.675360202789307,0.7965999245643616,0.5649738907814026,106.80609130859375,81.86309814453125,0.6702127456665039,0.2080129235982895,0.023059319704771042,0.6015568971633911,0.0,2.289776086807251,2.240290403366089,1.7200932502746582,2963.21142578125,0.5223740339279175,False,False,False,False,False
additive,5.0,37,2.367689012316987e-05,2.367689012316987e-05,2.0078330039978027,4.671840667724609,0.7964374423027039,0.564964771270752,106.78870391845703,81.85246276855469,0.6702127456665039,0.20800651609897614,0.02282865159213543,0.6015459895133972,0.0,2.273585796356201,2.2385878562927246,1.9674063920974731,2590.720458984375,0.522914469242096,False,False,False,False,False
additive,5.0,38,1.609427090443205e-05,1.609427090443205e-05,2.0028188228607178,4.669367790222168,0.7963052988052368,0.5649566650390625,106.7760238647461,81.84312438964844,0.6702127456665039,0.208001509308815,0.022375838831067085,0.6015366315841675,0.0,2.2564027309417725,2.2367451190948486,1.7593717575073242,2897.056884765625,0.5232833027839661,False,False,False,False,False
additive,5.0,39,1.1525919944688212e-05,1.1525919944688212e-05,1.999373435974121,4.667683124542236,0.796219527721405,0.5649523735046387,106.76802825927734,81.83699035644531,0.6698904037475586,0.20799866318702698,0.022220654413104057,0.6015315055847168,0.0,2.257462739944458,2.236377239227295,1.9509931802749634,2612.515625,0.5235360860824585,False,False,False,False,False
additive,5.0,40,9.999999747378752e-06,9.999999747378752e-06,1.996730089187622,4.66641902923584,0.7961511611938477,0.5649466514587402,106.76168060302734,81.83228302001953,0.6698904037475586,0.20799529552459717,0.022578278556466103,0.6015249490737915,0.0,2.2620010375976562,2.235731840133667,1.8428988456726074,2765.75146484375,0.5237292647361755,True,True,True,True,True
full-match,5.0,1,0.0009984740754589438,0.0009984740754589438,6.151086807250977,6.767064094543457,0.9950280785560608,0.628851592540741,123.64388275146484,92.798828125,0.6257253289222717,0.23872777819633484,0.09052599221467972,0.6704609990119934,0.30000001192092896,6.477024078369141,4.599356651306152,2.8742706775665283,1773.3194580078125,0.03223179280757904,True,False,False,False,False
full-match,5.0,2,0.0009939057053998113,0.0009939057053998113,5.14881706237793,5.776655197143555,0.9538562297821045,0.5985986590385437,118.57960510253906,90.73456573486328,0.701482892036438,0.22286225855350494,0.14410006999969482,0.6380631923675537,0.0,3.3116018772125244,2.9275856018066406,3.1994097232818604,1593.1063232421875,0.055880650877952576,False,False,False,False,False
full-match,5.0,3,0.0009863231098279357,0.0009863231098279357,4.437369346618652,5.0895795822143555,0.8527000546455383,0.5556954145431519,109.90459442138672,84.42124938964844,0.7208252549171448,0.20163019001483917,0.1078205481171608,0.5920150279998779,0.0,2.688004732131958,2.600127696990967,3.395855188369751,1500.9473876953125,0.07685687392950058,False,False,False,False,False
full-match,5.0,4,0.0009757729712873697,0.0009757729712873697,3.8235068321228027,4.604807376861572,0.8211804628372192,0.5191273093223572,105.46371459960938,82.6977310180664,0.7237266302108765,0.18564237654209137,0.04325488954782486,0.5526695847511292,0.0,3.160799741744995,2.7837278842926025,3.051961898803711,1670.0732421875,0.09839009493589401,False,False,False,False,False
full-match,5.0,5,0.0009623203659430146,0.0009623203659430146,3.2705702781677246,4.143868923187256,0.7345532774925232,0.5021486282348633,102.57176208496094,76.82230377197266,0.7327530384063721,0.1789885312318802,0.017565272748470306,0.5344078540802002,0.0,4.16609525680542,3.0406320095062256,3.078672409057617,1655.583740234375,0.11999627202749252,True,False,False,False,False
full-match,5.0,6,0.0009460482397116721,0.0009460482397116721,2.7756218910217285,3.8869800567626953,0.752336323261261,0.4968373775482178,98.73330688476562,78.2691879272461,0.7382333874702454,0.17688947916030884,0.017337778583168983,0.5285513401031494,0.0,3.8681957721710205,3.100100517272949,2.792715072631836,1825.105712890625,0.13998928666114807,True,False,False,True,True
full-match,5.0,7,0.000927056884393096,0.000927056884393096,2.3967907428741455,3.6231417655944824,0.7158725261688232,0.5007971525192261,97.98893737792969,75.91399383544922,0.7395228743553162,0.17776021361351013,0.040948253124952316,0.5325820446014404,0.20000000298023224,5.771832466125488,3.81520414352417,2.835080862045288,1797.8323974609375,0.15635721385478973,False,False,False,False,False
full-match,5.0,8,0.0009054634138010442,0.0009054634138010442,2.1014597415924072,3.4397826194763184,0.6920968890190125,0.5150792002677917,98.27957153320312,74.4911117553711,0.7356544137001038,0.18124133348464966,0.06091371178627014,0.5476022958755493,0.10000000149011612,5.8028154373168945,3.6330130100250244,2.829441785812378,1801.415283203125,0.16985857486724854,False,False,False,False,False
full-match,5.0,9,0.0008814009488560259,0.0008814009488560259,1.86266028881073,3.3046531677246094,0.6873281002044678,0.530566930770874,98.00250244140625,74.11473083496094,0.7356544137001038,0.18464908003807068,0.0789632573723793,0.5639302134513855,0.10000000149011612,6.156210422515869,3.6086418628692627,2.759702205657959,1846.9383544921875,0.18120719492435455,True,False,False,False,False
full-match,5.0,10,0.0008550178608857095,0.0008550178608857095,1.654564619064331,3.257479667663574,0.7185447216033936,0.5512339472770691,98.12894439697266,76.09297180175781,0.7369439005851746,0.18851737678050995,0.09520379453897476,0.5857774615287781,0.30000001192092896,7.073311805725098,4.086299419403076,2.8056082725524902,1816.7183837890625,0.19112806022167206,True,False,False,False,False
full-match,5.0,11,0.0008264767820946872,0.0008264767820946872,1.4750391244888306,3.1520743370056152,0.7046964764595032,0.567112386226654,97.94274139404297,75.0943603515625,0.734364926815033,0.19176085293293,0.10661254078149796,0.6026350855827332,0.05000000074505806,6.057119369506836,3.7740964889526367,3.1446144580841064,1620.866455078125,0.19962672889232635,False,False,False,False,False
full-match,5.0,12,0.0007959536742419004,0.0007959536742419004,1.3115241527557373,3.0562872886657715,0.6884209513664246,0.5888923406600952,98.3373031616211,74.74008178710938,0.7298517227172852,0.19594162702560425,0.1198996901512146,0.6258069276809692,0.15000000596046448,5.989680767059326,4.000910758972168,2.776855230331421,1835.5296630859375,0.20732484757900238,False,False,False,False,False
full-match,5.0,13,0.0007636367809027433,0.0007636367809027433,1.1661033630371094,3.068934202194214,0.7302767038345337,0.6018485426902771,97.91403198242188,77.45716857910156,0.7288845777511597,0.19779518246650696,0.12539957463741302,0.6395364999771118,0.0,4.553055763244629,3.5959067344665527,3.2460198402404785,1570.230712890625,0.2140665501356125,False,False,False,False,False
full-match,5.0,14,0.0007297252886928618,0.0007297252886928618,1.0164860486984253,2.9250693321228027,0.6864873766899109,0.6196212768554688,97.87215423583984,74.46737670898438,0.7253385186195374,0.19985635578632355,0.13752639293670654,0.6584560871124268,0.05000000074505806,5.354118347167969,3.538923740386963,3.012023448944092,1692.2178955078125,0.2201983630657196,True,False,True,False,False
full-match,5.0,15,0.000694428279530257,0.000694428279530257,0.8800823092460632,2.936659574508667,0.702388346195221,0.6505645513534546,98.4275131225586,75.50569152832031,0.7272727489471436,0.2034561038017273,0.1485081911087036,0.6912664771080017,0.15000000596046448,6.457377910614014,4.080102920532227,2.71462345123291,1877.6083984375,0.2256983369588852,True,False,False,False,False
full-match,5.0,16,0.0006579633918590844,0.0006579633918590844,0.7548545598983765,2.8777811527252197,0.700866162776947,0.656381368637085,97.9694595336914,75.28657531738281,0.7282398343086243,0.2034490704536438,0.1491757184267044,0.697481095790863,0.0,4.775392055511475,3.5759270191192627,2.9272396564483643,1741.2308349609375,0.23066283762454987,False,False,False,False,False
full-match,5.0,17,0.0006205554818734527,0.0006205554818734527,0.637468695640564,2.828456401824951,0.6838918328285217,0.6843312382698059,98.70674896240234,73.9182357788086,0.7285622358322144,0.2070254236459732,0.15675504505634308,0.7271748185157776,0.05000000074505806,5.377273082733154,3.5731775760650635,2.8367574214935303,1796.769775390625,0.23526550829410553,False,False,False,False,False
full-match,5.0,18,0.0005824350519105792,0.0005824350519105792,0.5249927043914795,2.8585269451141357,0.719281017780304,0.6924615502357483,98.31619262695312,76.17022705078125,0.7285622358322144,0.2073928415775299,0.15919926762580872,0.7357743382453918,0.0,4.871233940124512,3.81076979637146,2.8702094554901123,1775.82861328125,0.23937955498695374,False,False,False,False,False
full-match,5.0,19,0.0005438372609205544,0.0005438372609205544,0.4179794490337372,2.7830286026000977,0.6854562759399414,0.7144984006881714,99.0083236694336,74.1212387084961,0.7282398343086243,0.20988836884498596,0.16454485058784485,0.7593779563903809,0.15000000596046448,6.033672332763672,4.230135917663574,2.812089681625366,1812.5311279296875,0.2431037276983261,False,False,False,False,False
full-match,5.0,20,0.0005050000036135316,0.0005050000036135316,0.32629817724227905,2.7293291091918945,0.6771817803382874,0.718639075756073,98.21110534667969,73.59255981445312,0.7298517227172852,0.20939309895038605,0.16470053791999817,0.7636747360229492,0.15000000596046448,6.06205415725708,4.092006206512451,2.7823145389556885,1831.927978515625,0.24631205201148987,True,True,False,False,False
full-match,5.0,21,0.0004661627463065088,0.0004661627463065088,0.23319707810878754,2.7601873874664307,0.6990962624549866,0.7341281175613403,98.39019775390625,74.98979187011719,0.7263056039810181,0.2116902619600296,0.1703089475631714,0.7801719307899475,0.05000000074505806,5.596970081329346,4.025986671447754,2.913996696472168,1749.1441650390625,0.24919143319129944,False,False,False,False,False
full-match,5.0,22,0.0004275649262126535,0.0004275649262126535,0.15192849934101105,2.7687039375305176,0.7059810161590576,0.7499797344207764,98.78809356689453,75.6156234741211,0.7256608605384827,0.21413086354732513,0.1728438138961792,0.7970870137214661,0.10000000149011612,5.978554725646973,3.838831663131714,2.896240234375,1759.8677978515625,0.2517600953578949,False,False,False,False,False
full-match,5.0,23,0.00038944455445744097,0.00038944455445744097,0.08584485948085785,2.7352986335754395,0.6994877457618713,0.7555444836616516,98.80619812011719,74.56045532226562,0.7269503474235535,0.21462295949459076,0.1722288876771927,0.8030304312705994,0.05000000074505806,5.889406681060791,3.8205184936523438,3.116530656814575,1635.472412109375,0.2540551424026489,False,False,False,False,False
full-match,5.0,24,0.00035203658626414835,0.00035203658626414835,0.01332638505846262,2.818598985671997,0.7252625226974487,0.7874019742012024,99.2288589477539,76.8510513305664,0.7282398343086243,0.2171214073896408,0.17807266116142273,0.8368721008300781,0.05000000074505806,5.380902290344238,3.7697315216064453,3.020714044570923,1687.349365234375,0.25603604316711426,False,False,False,False,False
full-match,5.0,25,0.00031557169859297574,0.00031557169859297574,-0.0450817309319973,2.756404161453247,0.7044398188591003,0.7916356921195984,99.02574157714844,75.46215057373047,0.724693775177002,0.2179371416568756,0.1820117086172104,0.8414095640182495,0.0,4.933482646942139,3.7723612785339355,3.087698459625244,1650.7440185546875,0.2577506899833679,True,False,False,False,False
full-match,5.0,26,0.0002802746894303709,0.0002802746894303709,-0.09611053019762039,2.7642810344696045,0.7045696377754211,0.8067840337753296,99.38780212402344,75.10319519042969,0.7272727489471436,0.21821075677871704,0.1829725056886673,0.857501208782196,0.15000000596046448,7.049018383026123,4.080658435821533,3.135101795196533,1625.7845458984375,0.2592548727989197,False,False,False,False,False
full-match,5.0,27,0.0002463631972204894,0.0002463631972204894,-0.14087912440299988,2.7721567153930664,0.7088515162467957,0.8157068490982056,99.32933807373047,75.62086486816406,0.7266280055046082,0.21956218779087067,0.18432891368865967,0.8670335412025452,0.05000000074505806,5.518005847930908,3.903951406478882,3.088256359100342,1650.4459228515625,0.26051971316337585,False,False,False,False,False
full-match,5.0,28,0.00021404630388133228,0.00021404630388133228,-0.17904704809188843,2.762777090072632,0.7109549045562744,0.8168913125991821,99.24223327636719,75.81574249267578,0.7259832620620728,0.21975401043891907,0.1847846955060959,0.8682880997657776,0.05000000074505806,5.082971572875977,3.721991777420044,2.9482243061065674,1728.837158203125,0.2615698575973511,False,False,False,False,False
full-match,5.0,29,0.00018352321058046073,0.00018352321058046073,-0.21237684786319733,2.777869939804077,0.7166052460670471,0.8257373571395874,99.32981872558594,76.0332260131836,0.7272727489471436,0.2203214466571808,0.1849592626094818,0.8776361346244812,0.0,4.610696792602539,3.7270190715789795,2.8216989040374756,1806.358642578125,0.26247841119766235,False,False,False,False,False
full-match,5.0,30,0.00015498214634135365,0.00015498214634135365,-0.24079746007919312,2.783754825592041,0.7173337340354919,0.8347676396369934,99.30379486083984,76.13052368164062,0.7259832620620728,0.22140119969844818,0.1876022219657898,0.8872109651565552,0.0,4.915793418884277,3.541059970855713,2.9408323764801025,1733.182861328125,0.2632327973842621,True,False,False,False,False
full-match,5.0,31,0.00012859904381912202,0.00012859904381912202,-0.26440712809562683,2.8067057132720947,0.7211405634880066,0.84767746925354,99.60611724853516,76.42928314208984,0.7266280055046082,0.22278477251529694,0.18888123333454132,0.9009961485862732,0.05000000074505806,6.703360080718994,3.787587881088257,2.900951623916626,1757.0096435546875,0.26387688517570496,False,False,False,False,False
full-match,5.0,32,0.00010453658615006134,0.00010453658615006134,-0.2833269536495209,2.771040678024292,0.7070001363754272,0.8488783240318298,99.6150131225586,75.445556640625,0.7275950908660889,0.22231830656528473,0.188264399766922,0.9022417664527893,0.0,4.67726469039917,3.622230052947998,2.7922861576080322,1825.385986328125,0.264390230178833,False,False,False,False,False
full-match,5.0,33,8.29431155580096e-05,8.29431155580096e-05,-0.2974260747432709,2.7609806060791016,0.7025126218795776,0.8517624735832214,99.7242431640625,75.11799621582031,0.7269503474235535,0.22250407934188843,0.18936043977737427,0.9053011536598206,0.0,4.727468490600586,3.5484302043914795,3.2718496322631836,1557.83447265625,0.26478567719459534,False,False,False,False,False
full-match,5.0,34,6.395176751539111e-05,6.395176751539111e-05,-0.3111598491668701,2.7751500606536865,0.715634286403656,0.8464401960372925,99.39246368408203,75.90055847167969,0.7275950908660889,0.22212082147598267,0.1879480481147766,0.8996426463127136,0.0,4.18594217300415,3.5148401260375977,2.816985607147217,1809.380859375,0.2650814354419708,False,False,False,False,False
full-match,5.0,35,4.7679630370112136e-05,4.7679630370112136e-05,-0.3196558952331543,2.762648344039917,0.7083129286766052,0.8492989540100098,99.5959701538086,75.50519561767578,0.727917492389679,0.22240085899829865,0.18789765238761902,0.9026788473129272,0.0,4.5777201652526855,3.5257627964019775,2.913390636444092,1749.5079345703125,0.26531314849853516,True,False,False,False,False
full-match,5.0,36,3.422702502575703e-05,3.422702502575703e-05,-0.3272053599357605,2.781360387802124,0.7185583114624023,0.8495957255363464,99.48868560791016,76.13500213623047,0.7272727489471436,0.2224031239748001,0.1885511428117752,0.902995765209198,0.05000000074505806,5.063200950622559,3.6049022674560547,2.9364402294158936,1735.775146484375,0.2654748260974884,False,False,False,False,False
full-match,5.0,37,2.367689012316987e-05,2.367689012316987e-05,-0.3319666087627411,2.777557611465454,0.7146443128585815,0.8528419137001038,99.65472412109375,75.90721893310547,0.7275950908660889,0.2225988358259201,0.18865178525447845,0.9064480066299438,0.05000000074505806,5.0298686027526855,3.6569700241088867,2.7198593616485596,1873.993896484375,0.2655903100967407,False,False,False,False,False
full-match,5.0,38,1.609427090443205e-05,1.609427090443205e-05,-0.3354584574699402,2.784817695617676,0.7184187173843384,0.8536257147789001,99.62537384033203,76.11770629882812,0.727917492389679,0.22254924476146698,0.18850229680538177,0.9072767496109009,0.0,4.737421989440918,3.6492977142333984,2.7613115310668945,1845.862060546875,0.2656685709953308,False,False,False,False,False
full-match,5.0,39,1.1525919944688212e-05,1.1525919944688212e-05,-0.3376150131225586,2.7813189029693604,0.7172059416770935,0.853363573551178,99.61357116699219,76.03642272949219,0.7275950908660889,0.2226182520389557,0.18869785964488983,0.9070010185241699,0.0,4.42744255065918,3.4291131496429443,2.9246180057525635,1742.791748046875,0.2657192647457123,False,False,False,False,False
full-match,5.0,40,9.999999747378752e-06,9.999999747378752e-06,-0.3392806947231293,2.778423547744751,0.7155026197433472,0.8539591431617737,99.63483428955078,75.93673706054688,0.7275950908660889,0.2227029800415039,0.18875721096992493,0.9076376557350159,0.0,4.147632598876953,3.478940725326538,2.869825601577759,1776.066162109375,0.2657594680786133,True,False,False,False,False
teammate-set,5.0,1,0.0009984740754589438,0.0009984740754589438,6.215868949890137,6.851715564727783,0.9036359190940857,0.6257069706916809,118.2594985961914,87.61383819580078,0.6225016117095947,0.23710963129997253,0.08348836749792099,0.667140007019043,0.4000000059604645,5.870759010314941,4.702730655670166,2.674367904663086,1905.870849609375,0.03177322447299957,True,False,False,False,False
teammate-set,5.0,2,0.0009939057053998113,0.0009939057053998113,5.22534704208374,5.894581317901611,0.8400130271911621,0.604841947555542,113.41449737548828,84.49250030517578,0.6966473460197449,0.22612494230270386,0.1495516449213028,0.6447832584381104,0.0,3.4100401401519775,3.0089378356933594,2.4886462688446045,2048.101318359375,0.05539213493466377,False,False,False,False,False
teammate-set,5.0,3,0.0009863231098279357,0.0009863231098279357,4.485020160675049,5.214725494384766,0.7839236855506897,0.5824381709098816,108.58995819091797,80.89325714111328,0.7147002220153809,0.21460342407226562,0.14555589854717255,0.6207491755485535,0.0,2.8518338203430176,2.663247585296631,2.718578577041626,1874.8768310546875,0.07724816352128983,False,False,False,False,False
teammate-set,5.0,4,0.0009757729712873697,0.0009757729712873697,3.8362481594085693,4.704791069030762,0.7660661339759827,0.5511489510536194,102.94510650634766,79.53813934326172,0.7269503474235535,0.19932742416858673,0.12272476404905319,0.587150514125824,0.0,3.0252275466918945,2.7434451580047607,2.7291746139526367,1867.59765625,0.09921535849571228,False,False,False,False,False
teammate-set,5.0,5,0.0009623203659430146,0.0009623203659430146,3.269355535507202,4.229442119598389,0.7140827178955078,0.5237092971801758,100.49219512939453,75.89224243164062,0.7314635515213013,0.18700666725635529,0.0903930589556694,0.5577153563499451,0.0,3.3026437759399414,2.863111734390259,2.7002060413360596,1887.6337890625,0.11995503306388855,True,False,False,False,False
teammate-set,5.0,6,0.0009460482397116721,0.0009460482397116721,2.831817865371704,3.9267354011535645,0.7154372930526733,0.5070805549621582,99.02938079833984,76.38482666015625,0.7414571046829224,0.18047086894512177,0.07019724696874619,0.5397776961326599,0.0,4.103720664978027,3.2073264122009277,2.629262685775757,1938.566162109375,0.13759848475456238,True,False,False,False,False
teammate-set,5.0,7,0.000927056884393096,0.000927056884393096,2.4960269927978516,3.655963897705078,0.696021318435669,0.4980146884918213,98.63233947753906,75.15129089355469,0.7417795062065125,0.17722390592098236,0.048052702099084854,0.5299485325813293,0.0,4.696259498596191,3.208902597427368,2.8318190574645996,1799.9031982421875,0.15195651352405548,False,False,False,False,False
teammate-set,5.0,8,0.0009054634138010442,0.0009054634138010442,2.2296528816223145,3.502281427383423,0.7089644074440002,0.4939296841621399,98.21649169921875,76.27920532226562,0.7427465915679932,0.1759040802717209,0.032351303845644,0.5254586338996887,0.0,4.698645114898682,3.2947020530700684,2.592655897140503,1965.9376220703125,0.16373464465141296,False,False,False,False,False
teammate-set,5.0,9,0.0008814009488560259,0.0008814009488560259,2.0028250217437744,3.3234894275665283,0.6905245184898376,0.4931964576244354,98.08867645263672,74.82075500488281,0.7379110455513,0.17559391260147095,0.022433970123529434,0.5245789289474487,0.0,3.8892505168914795,3.12253999710083,2.846226215362549,1790.7923583984375,0.1738899201154709,True,False,False,True,True
teammate-set,5.0,10,0.0008550178608857095,0.0008550178608857095,1.8179874420166016,3.246004343032837,0.7169361710548401,0.49536561965942383,97.79173278808594,76.24057006835938,0.740812361240387,0.1760360598564148,0.02863178960978985,0.5267909169197083,0.25,7.371194362640381,4.18156623840332,2.957547187805176,1723.387451171875,0.18282261490821838,True,False,False,False,False
teammate-set,5.0,11,0.0008264767820946872,0.0008264767820946872,1.6338400840759277,3.1088714599609375,0.6944993734359741,0.5008882284164429,98.01042175292969,75.37043762207031,0.7372663021087646,0.17769625782966614,0.03493155911564827,0.532661497592926,0.15000000596046448,5.579367160797119,3.681753635406494,2.648794651031494,1924.271484375,0.1907947063446045,False,False,False,False,False
teammate-set,5.0,12,0.0007959536742419004,0.0007959536742419004,1.473209023475647,2.969850540161133,0.6688405871391296,0.5050593018531799,98.06070709228516,73.74864959716797,0.7350096702575684,0.17862951755523682,0.04712146520614624,0.5371170043945312,0.05000000074505806,5.681180000305176,3.74172043800354,2.7882237434387207,1828.0455322265625,0.19827686250209808,False,False,False,False,False
teammate-set,5.0,13,0.0007636367809027433,0.0007636367809027433,1.325972557067871,3.0174598693847656,0.7334149479866028,0.5161927938461304,98.09126281738281,77.99059295654297,0.7346872687339783,0.18105974793434143,0.05442481115460396,0.5488751530647278,0.05000000074505806,5.395833969116211,3.447152853012085,2.578345537185669,1976.84912109375,0.20504383742809296,False,False,False,False,False
teammate-set,5.0,14,0.0007297252886928618,0.0007297252886928618,1.1695654392242432,2.842315912246704,0.675804078578949,0.5229359269142151,97.89116668701172,74.07738494873047,0.7385557889938354,0.18190348148345947,0.07013782858848572,0.5560881495475769,0.05000000074505806,5.280483245849609,3.487715721130371,2.478980302810669,2056.08740234375,0.2110743224620819,True,False,False,False,False
teammate-set,5.0,15,0.000694428279530257,0.000694428279530257,1.0401928424835205,2.7656123638153076,0.6658284068107605,0.527973473072052,97.68370819091797,73.31135559082031,0.7362991571426392,0.18250776827335358,0.07330608367919922,0.561429500579834,0.20000000298023224,6.185591220855713,4.121594429016113,2.628035545349121,1939.471435546875,0.21658627688884735,True,False,False,False,False
teammate-set,5.0,16,0.0006579633918590844,0.0006579633918590844,0.9149801135063171,2.778846502304077,0.7055124640464783,0.5384432673454285,97.71234130859375,75.70598602294922,0.7362991571426392,0.18436692655086517,0.08375747501850128,0.5725609064102173,0.0,4.908812522888184,3.341651201248169,2.656144380569458,1918.9468994140625,0.22162075340747833,False,False,False,False,False
teammate-set,5.0,17,0.0006205554818734527,0.0006205554818734527,0.8006733655929565,2.6625611782073975,0.669050395488739,0.5465012192726135,97.64976501464844,73.41645050048828,0.7356544137001038,0.18556536734104156,0.08983207494020462,0.5811089277267456,0.05000000074505806,5.220796585083008,3.4087235927581787,2.665220260620117,1912.412353515625,0.2263597548007965,False,False,False,False,False
teammate-set,5.0,18,0.0005824350519105792,0.0005824350519105792,0.6965435147285461,2.6988492012023926,0.7089464068412781,0.5571456551551819,97.62342071533203,75.70123291015625,0.7362991571426392,0.18693208694458008,0.0948496013879776,0.5924075245857239,0.0,4.9142537117004395,3.757326602935791,2.850043296813965,1788.393798828125,0.2305852174758911,False,False,False,False,False
teammate-set,5.0,19,0.0005438372609205544,0.0005438372609205544,0.6003066897392273,2.5681135654449463,0.6604515910148621,0.5654267072677612,97.8005599975586,72.83706665039062,0.7353320717811584,0.18878427147865295,0.10269267112016678,0.6012918949127197,0.05000000074505806,5.031632900238037,3.997889518737793,2.598273992538452,1961.6868896484375,0.23432941734790802,False,True,False,False,False
teammate-set,5.0,20,0.0005050000036135316,0.0005050000036135316,0.5061880350112915,2.5514066219329834,0.6647292375564575,0.573406994342804,97.43831634521484,73.36148071289062,0.7356544137001038,0.1890229433774948,0.1062149852514267,0.6097545027732849,0.10000000149011612,5.314088344573975,3.989593267440796,2.5751378536224365,1979.3115234375,0.23765701055526733,True,False,True,False,False
teammate-set,5.0,21,0.0004661627463065088,0.0004661627463065088,0.4255363643169403,2.5958409309387207,0.6995436549186707,0.5864548087120056,97.74744415283203,75.37970733642578,0.7379110455513,0.19096751511096954,0.10979791730642319,0.6236348152160645,0.10000000149011612,6.018036842346191,3.8446850776672363,3.0741140842437744,1658.03857421875,0.24063213169574738,False,False,False,False,False
teammate-set,5.0,22,0.0004275649262126535,0.0004275649262126535,0.34937554597854614,2.586202383041382,0.7005581259727478,0.6001874804496765,97.95047760009766,75.78111267089844,0.73758864402771,0.19281049072742462,0.11413122713565826,0.6382480263710022,0.15000000596046448,5.663658142089844,3.917858362197876,2.9409255981445312,1733.1278076171875,0.2431207150220871,False,False,False,False,False
teammate-set,5.0,23,0.00038944455445744097,0.00038944455445744097,0.2820603847503662,2.537930727005005,0.6905002593994141,0.6030634045600891,97.79118347167969,74.78916931152344,0.7379110455513,0.19316253066062927,0.1168990284204483,0.641300618648529,0.0,4.997293472290039,3.7730584144592285,2.802133560180664,1818.9710693359375,0.24543194472789764,False,False,False,False,False
teammate-set,5.0,24,0.00035203658626414835,0.00035203658626414835,0.22042353451251984,2.540405035018921,0.6982043981552124,0.6159000396728516,97.79051971435547,75.33931732177734,0.7392005324363708,0.19402264058589935,0.12047979980707169,0.6549173593521118,0.15000000596046448,5.637786865234375,3.7876169681549072,2.9358878135681152,1736.101806640625,0.24742944538593292,False,False,False,False,False
teammate-set,5.0,25,0.00031557169859297574,0.00031557169859297574,0.1659223437309265,2.489396810531616,0.6848293542861938,0.6188377141952515,97.84196472167969,74.54510498046875,0.7382333874702454,0.1953747719526291,0.12201377004384995,0.6580440402030945,0.10000000149011612,5.57051944732666,3.9789891242980957,2.3522210121154785,2166.88818359375,0.24916593730449677,True,False,False,False,False
teammate-set,5.0,26,0.0002802746894303709,0.0002802746894303709,0.12302592396736145,2.4463226795196533,0.6684119701385498,0.6249196529388428,97.85259246826172,73.06360626220703,0.7398452758789062,0.19571636617183685,0.12396436929702759,0.6644660830497742,0.20000000298023224,6.727222919464111,4.1451616287231445,2.6485540866851807,1924.4461669921875,0.250669002532959,False,False,False,False,False
teammate-set,5.0,27,0.0002463631972204894,0.0002463631972204894,0.0766129419207573,2.481893539428711,0.6885968446731567,0.6330918073654175,97.81513977050781,74.70890808105469,0.7404900193214417,0.19641093909740448,0.12726518511772156,0.6731654405593872,0.20000000298023224,7.325469493865967,4.204216480255127,2.612926721572876,1950.6861572265625,0.251900851726532,False,False,False,False,False
teammate-set,5.0,28,0.00021404630388133228,0.00021404630388133228,0.04045318067073822,2.4584295749664307,0.6853848695755005,0.6355745792388916,97.78823852539062,74.45731353759766,0.7392005324363708,0.19685515761375427,0.12704752385616302,0.6757795214653015,0.10000000149011612,6.284277439117432,3.7946550846099854,2.899794816970825,1757.7105712890625,0.2529628276824951,False,False,False,False,False
teammate-set,5.0,29,0.00018352321058046073,0.00018352321058046073,0.008345556445419788,2.4772629737854004,0.6946197152137756,0.6415166854858398,97.78897857666016,75.09298706054688,0.7414571046829224,0.19717098772525787,0.130269855260849,0.6820741891860962,0.05000000074505806,5.328022480010986,3.6217918395996094,2.802049398422241,1819.0257568359375,0.25390899181365967,False,False,False,False,False
teammate-set,5.0,30,0.00015498214634135365,0.00015498214634135365,-0.018976587802171707,2.4739632606506348,0.696046769618988,0.6468706130981445,97.90447235107422,75.36617279052734,0.7401676177978516,0.19796206057071686,0.1302601397037506,0.68779456615448,0.0,4.792295455932617,3.6788744926452637,2.5165843963623047,2025.3642578125,0.2546790540218353,True,False,False,False,False
teammate-set,5.0,31,0.00012859904381912202,0.00012859904381912202,-0.042184628546237946,2.481137752532959,0.698688268661499,0.6539589166641235,98.01287841796875,75.49231719970703,0.741134762763977,0.19880300760269165,0.13185511529445648,0.6953400373458862,0.05000000074505806,6.338956356048584,3.7251381874084473,2.607450485229492,1954.7830810546875,0.2553149461746216,False,False,False,False,False
teammate-set,5.0,32,0.00010453658615006134,0.00010453658615006134,-0.0606965571641922,2.446634292602539,0.6861457824707031,0.6541074514389038,97.88251495361328,74.55695343017578,0.740812361240387,0.19866766035556793,0.13263016939163208,0.6954827904701233,0.0,3.9072439670562744,3.355255365371704,2.6566712856292725,1918.566162109375,0.2558278441429138,False,False,False,False,False
teammate-set,5.0,33,8.29431155580096e-05,8.29431155580096e-05,-0.07471863180398941,2.42862606048584,0.6819534301757812,0.6540472507476807,97.88284301757812,74.38450622558594,0.7404900193214417,0.19862045347690582,0.13169202208518982,0.6954197883605957,0.0,4.869417190551758,3.5586466789245605,2.6168875694274902,1947.733642578125,0.2562255263328552,False,False,False,False,False
teammate-set,5.0,34,6.395176751539111e-05,6.395176751539111e-05,-0.08745206892490387,2.458299160003662,0.6952338814735413,0.6566339135169983,97.87379455566406,75.00275421142578,0.7398452758789062,0.19887858629226685,0.1335548609495163,0.6981676816940308,0.0,4.539283752441406,3.5524704456329346,2.7032289505004883,1885.52294921875,0.25652363896369934,False,False,False,False,False
teammate-set,5.0,35,4.7679630370112136e-05,4.7679630370112136e-05,-0.09611546248197556,2.435225486755371,0.6858128309249878,0.6571581959724426,97.90069580078125,74.59427642822266,0.7401676177978516,0.19898708164691925,0.1344039887189865,0.698710024356842,0.0,4.26868200302124,3.5296080112457275,2.514216184616089,2027.27197265625,0.2567428946495056,True,False,False,False,False
teammate-set,5.0,36,3.422702502575703e-05,3.422702502575703e-05,-0.10297715663909912,2.455291509628296,0.6954131126403809,0.6585493087768555,97.87208557128906,75.12874603271484,0.7414571046829224,0.19900766015052795,0.1337040513753891,0.7001899480819702,0.0,4.058409214019775,3.410543918609619,2.474374771118164,2059.914306640625,0.2569062113761902,False,False,False,False,False
teammate-set,5.0,37,2.367689012316987e-05,2.367689012316987e-05,-0.1077319011092186,2.44809627532959,0.6920772790908813,0.6598613262176514,97.92294311523438,74.95523834228516,0.740812361240387,0.1992080807685852,0.13393592834472656,0.7015904188156128,0.05000000074505806,5.547122955322266,3.7763113975524902,2.587682008743286,1969.716552734375,0.25701984763145447,False,False,False,False,False
teammate-set,5.0,38,1.609427090443205e-05,1.609427090443205e-05,-0.1108393445611,2.453524112701416,0.6947274804115295,0.6605924963951111,97.89200592041016,75.07129669189453,0.7401676177978516,0.19913296401500702,0.13431480526924133,0.7023630142211914,0.10000000149011612,5.37460470199585,3.6368765830993652,2.637502431869507,1932.510009765625,0.2570964992046356,False,False,False,False,False
teammate-set,5.0,39,1.1525919944688212e-05,1.1525919944688212e-05,-0.11294887959957123,2.4421377182006836,0.6905621290206909,0.6601399183273315,97.91378021240234,74.8076400756836,0.7404900193214417,0.19922012090682983,0.1340731382369995,0.7018844485282898,0.0,4.104506015777588,3.4183435440063477,2.72613263130188,1869.681640625,0.2571476697921753,False,False,False,False,False
teammate-set,5.0,40,9.999999747378752e-06,9.999999747378752e-06,-0.11464536190032959,2.4433505535125732,0.6912730932235718,0.6603341698646545,97.9125747680664,74.87480926513672,0.7404900193214417,0.19925110042095184,0.13410931825637817,0.7020914554595947,0.0,4.662191867828369,3.5287463665008545,2.9867515563964844,1706.5362548828125,0.257188618183136,True,False,False,False,False
additive,10.0,1,0.0009984740754589438,0.0009984740754589438,7.106616020202637,7.7905378341674805,1.2841978073120117,0.6439194679260254,138.56448364257812,108.7767333984375,0.5406189560890198,0.24681586027145386,0.028463467955589294,0.6867098808288574,0.0,1.9067968130111694,1.8484106063842773,1.6329227685928345,3121.396728515625,0.031744975596666336,True,False,False,False,False
additive,10.0,2,0.0009939057053998113,0.0009939057053998113,6.893954277038574,7.587732791900635,1.232153296470642,0.6355394124984741,135.6846466064453,106.3664321899414,0.5747904777526855,0.24240276217460632,0.029016276821494102,0.6777323484420776,0.0,1.8810746669769287,1.8477224111557007,1.8434168100357056,2764.974365234375,0.05921274423599243,False,False,False,False,False
additive,10.0,3,0.0009863231098279357,0.0009863231098279357,6.6975178718566895,7.406113147735596,1.187587022781372,0.6279424428939819,133.20831298828125,104.25337219238281,0.5973565578460693,0.23843678832054138,0.03737662360072136,0.6695907115936279,0.0,1.887593150138855,1.8531054258346558,1.5607701539993286,3265.6953125,0.08534601330757141,False,False,False,False,False
additive,10.0,4,0.0009757729712873697,0.0009757729712873697,6.506351470947266,7.236785411834717,1.1490329504013062,0.6214593052864075,131.05250549316406,102.37055969238281,0.6096066832542419,0.2350856363773346,0.04137203097343445,0.6626411080360413,0.0,1.8967525959014893,1.8651959896087646,1.8046836853027344,2824.317626953125,0.1109718605875969,False,False,False,False,False
additive,10.0,5,0.0009623203659430146,0.0009623203659430146,6.312314987182617,7.076909065246582,1.11485755443573,0.6154295206069946,129.0495147705078,100.65281677246094,0.6221792101860046,0.23200376331806183,0.04635673388838768,0.65617436170578,0.0,1.9109901189804077,1.8856499195098877,1.7011055946350098,2996.28662109375,0.13618913292884827,True,False,False,False,False
additive,10.0,6,0.0009460482397116721,0.0009460482397116721,6.113368511199951,6.922290325164795,1.0837725400924683,0.609713077545166,127.27348327636719,99.05219268798828,0.6305609345436096,0.22911180555820465,0.04765498265624046,0.6500365138053894,0.0,1.9431099891662598,1.9079999923706055,1.8040157556533813,2825.36328125,0.16111981868743896,True,False,False,False,False
additive,10.0,7,0.000927056884393096,0.000927056884393096,5.904791355133057,6.771833419799805,1.0548045635223389,0.6045832633972168,125.52857971191406,97.51657104492188,0.6337846517562866,0.22655726969242096,0.042891863733530045,0.6445264220237732,0.0,1.9655848741531372,1.9311593770980835,1.6122620105743408,3161.396728515625,0.1860063374042511,False,False,False,False,False
additive,10.0,8,0.0009054634138010442,0.0009054634138010442,5.6860857009887695,6.622110366821289,1.0271025896072388,0.5998035669326782,123.76557922363281,96.00648498535156,0.6421663165092468,0.22420759499073029,0.044252730906009674,0.6393885016441345,0.0,1.9878368377685547,1.9493532180786133,1.874556064605713,2719.043701171875,0.21070848405361176,False,False,False,False,False
additive,10.0,9,0.0008814009488560259,0.0008814009488560259,5.457715034484863,6.47573709487915,1.001387357711792,0.5953385829925537,122.15433502197266,94.58566284179688,0.6411992311477661,0.22204527258872986,0.0365498922765255,0.6345802545547485,0.0,2.0003480911254883,1.9723471403121948,2.112116575241089,2413.21923828125,0.23506245017051697,True,False,False,False,False
additive,10.0,10,0.0008550178608857095,0.0008550178608857095,5.220510005950928,6.331642150878906,0.9770839214324951,0.5911529064178467,120.52862548828125,93.19981384277344,0.6434558629989624,0.22004850208759308,0.03676096722483635,0.6300665736198425,0.0,2.019592761993408,1.996342658996582,1.8908206224441528,2695.655029296875,0.25905218720436096,True,False,False,False,False
additive,10.0,11,0.0008264767820946872,0.0008264767820946872,4.979438781738281,6.190595626831055,0.9540396332740784,0.5875112414360046,119.02832794189453,91.86334228515625,0.6463571786880493,0.21833465993404388,0.03245861828327179,0.6261333227157593,0.0,2.030564546585083,2.0141408443450928,1.8306103944778442,2784.317138671875,0.28228315711021423,False,False,False,False,False
additive,10.0,12,0.0007959536742419004,0.0007959536742419004,4.735296726226807,6.0547919273376465,0.9333983063697815,0.5841876268386841,117.61458587646484,90.63782501220703,0.6502256393432617,0.21678438782691956,0.03103492595255375,0.6225441098213196,0.0,2.046602725982666,2.0335640907287598,1.6394389867782593,3108.990234375,0.3046945333480835,False,False,False,False,False
additive,10.0,13,0.0007636367809027433,0.0007636367809027433,4.493359088897705,5.922354221343994,0.9141110181808472,0.5811994075775146,116.29913330078125,89.47606658935547,0.6515151262283325,0.21540424227714539,0.024186406284570694,0.6193116903305054,0.0,2.076456069946289,2.0563437938690186,1.730716586112976,2945.02294921875,0.32611849904060364,False,False,False,False,False
additive,10.0,14,0.0007297252886928618,0.0007297252886928618,4.255593776702881,5.796072959899902,0.8968985676765442,0.5785310864448547,115.0594711303711,88.42198944091797,0.6563507318496704,0.21418508887290955,0.02581440657377243,0.6164190173149109,0.0,2.105473279953003,2.0735907554626465,1.64000403881073,3107.919189453125,0.3464686870574951,True,False,False,False,False
additive,10.0,15,0.000694428279530257,0.000694428279530257,4.026552200317383,5.675362586975098,0.8814637660980225,0.5761857032775879,113.95305633544922,87.45696258544922,0.6586073637008667,0.21312248706817627,0.026202073320746422,0.6138755679130554,0.0,2.1094419956207275,2.0870745182037354,1.841055989265442,2768.519775390625,0.3656414747238159,True,False,False,False,False
additive,10.0,16,0.0006579633918590844,0.0006579633918590844,3.8084678649902344,5.563541412353516,0.8685489296913147,0.5741341710090637,112.93737030029297,86.62802124023438,0.6608639359474182,0.2121991366147995,0.02693593129515648,0.6116461753845215,0.0,2.138145923614502,2.1037542819976807,1.7258882522583008,2953.261962890625,0.38357850909233093,False,False,False,False,False
additive,10.0,17,0.0006205554818734527,0.0006205554818734527,3.6033623218536377,5.458927154541016,0.8569492101669312,0.5723972916603088,112.04852294921875,85.8896713256836,0.6618310809135437,0.2114272564649582,0.025370260700583458,0.609757125377655,0.0,2.145469903945923,2.119110584259033,1.7108827829360962,2979.163818359375,0.4002308249473572,False,False,False,False,False
additive,10.0,18,0.0005824350519105792,0.0005824350519105792,3.4124093055725098,5.363225936889648,0.847068190574646,0.5709976553916931,111.26899719238281,85.25049591064453,0.6618310809135437,0.21080641448497772,0.025492878630757332,0.6082271933555603,0.0,2.1538383960723877,2.1322174072265625,1.7041974067687988,2990.8505859375,0.4155183434486389,False,False,False,False,False
additive,10.0,19,0.0005438372609205544,0.0005438372609205544,3.235933542251587,5.273969650268555,0.8383293747901917,0.5698950290679932,110.57917785644531,84.66781616210938,0.6637653112411499,0.21032045781612396,0.02586224116384983,0.6070183515548706,0.0,2.1809208393096924,2.1454813480377197,1.697465181350708,3002.71240234375,0.4295031428337097,False,False,False,False,False
additive,10.0,20,0.0005050000036135316,0.0005050000036135316,3.07334303855896,5.1915283203125,0.8306329846382141,0.5688568353652954,109.9464340209961,84.16262817382812,0.6660219430923462,0.2098597288131714,0.01884937845170498,0.6058799028396606,0.0,2.195192575454712,2.161283254623413,1.887730360031128,2700.06787109375,0.442254900932312,True,False,False,False,False
additive,10.0,21,0.0004661627463065088,0.0004661627463065088,2.925811290740967,5.119390487670898,0.8245668411254883,0.5680864453315735,109.44688415527344,83.7638168334961,0.6644100546836853,0.2095160186290741,0.016500618308782578,0.6050334572792053,0.0,2.199538469314575,2.1701669692993164,1.821506381034851,2798.2333984375,0.45364251732826233,False,False,False,False,False
additive,10.0,22,0.0004275649262126535,0.0004275649262126535,2.7925894260406494,5.052944660186768,0.8197957277297974,0.5674140453338623,109.01606750488281,83.4377212524414,0.66408771276474,0.20921115577220917,0.01618071272969246,0.6042914390563965,0.0,2.2212777137756348,2.176206111907959,1.7887392044067383,2849.4931640625,0.46388697624206543,False,False,False,False,False
additive,10.0,23,0.00038944455445744097,0.00038944455445744097,2.6724867820739746,4.99398136138916,0.8156093955039978,0.5668527483940125,108.63873291015625,83.15647888183594,0.6647324562072754,0.20895643532276154,0.01592213474214077,0.6036715507507324,0.0,2.2156577110290527,2.186417579650879,1.5758517980575562,3234.441162109375,0.4730226397514343,False,False,False,False,False
additive,10.0,24,0.00035203658626414835,0.00035203658626414835,2.5651586055755615,4.940925121307373,0.811789333820343,0.5663812160491943,108.2960205078125,82.89521026611328,0.6666666865348816,0.20873524248600006,0.017050892114639282,0.6031494736671448,0.0,2.218928337097168,2.1949455738067627,1.8091228008270264,2817.387451171875,0.48115283250808716,False,False,False,False,False
additive,10.0,25,0.00031557169859297574,0.00031557169859297574,2.4701449871063232,4.89484167098999,0.8086163997650146,0.566047728061676,108.01032257080078,82.68164825439453,0.6660219430923462,0.20857802033424377,0.01575241982936859,0.602776050567627,0.0,2.2410471439361572,2.200345277786255,1.9013372659683228,2680.744873046875,0.4883517622947693,True,False,False,False,False
additive,10.0,26,0.0002802746894303709,0.0002802746894303709,2.386603593826294,4.854301452636719,0.806160569190979,0.5658020377159119,107.77779388427734,82.52174377441406,0.6666666865348816,0.2084575742483139,0.016782822087407112,0.6024987101554871,0.0,2.243133783340454,2.209705114364624,1.8727598190307617,2721.65185546875,0.494658499956131,False,False,False,False,False
additive,10.0,27,0.0002463631972204894,0.0002463631972204894,2.313673734664917,4.819055080413818,0.804244339466095,0.5656411051750183,107.57453155517578,82.38369750976562,0.6660219430923462,0.2083747684955597,0.018042024224996567,0.602314829826355,0.0,2.2594614028930664,2.2173640727996826,1.9130818843841553,2664.287353515625,0.5001569390296936,False,False,False,False,False
additive,10.0,28,0.00021404630388133228,0.00021404630388133228,2.2507483959198,4.788748264312744,0.8024705052375793,0.5654341578483582,107.40184783935547,82.26587677001953,0.6666666865348816,0.20827312767505646,0.017702922224998474,0.6020835041999817,0.0,2.3078696727752686,2.221029281616211,1.7029772996902466,2992.993408203125,0.5048736333847046,False,False,False,False,False
additive,10.0,29,0.00018352321058046073,0.00018352321058046073,2.197052001953125,4.762852668762207,0.8011235594749451,0.5653350353240967,107.27247619628906,82.17337799072266,0.6679561734199524,0.20821942389011383,0.019095905125141144,0.6019710302352905,0.0,2.242217779159546,2.2225677967071533,1.6569076776504517,3076.21240234375,0.5088865756988525,False,False,False,False,False
additive,10.0,30,0.00015498214634135365,0.00015498214634135365,2.15159273147583,4.740930080413818,0.7998706102371216,0.5652005076408386,107.14478302001953,82.08888244628906,0.6695680022239685,0.2081465870141983,0.019593197852373123,0.6018199324607849,0.0,2.245790958404541,2.226468563079834,1.7730927467346191,2874.63818359375,0.5122681260108948,True,False,False,False,False
additive,10.0,31,0.00012859904381912202,0.00012859904381912202,2.1140618324279785,4.722811698913574,0.7989768385887146,0.5651461482048035,107.05672454833984,82.02713775634766,0.6695680022239685,0.20811350643634796,0.020184295251965523,0.6017563939094543,0.0,2.2643747329711914,2.2303431034088135,1.7860580682754517,2853.7705078125,0.5150499939918518,False,False,False,False,False
additive,10.0,32,0.00010453658615006134,0.00010453658615006134,2.0834708213806152,4.708369731903076,0.7982926964759827,0.5650606155395508,106.97544860839844,81.97775268554688,0.6698904037475586,0.2080696076154709,0.02215360850095749,0.6016605496406555,0.0,2.256878137588501,2.2293825149536133,1.7803962230682373,2862.845947265625,0.5173265933990479,False,False,False,False,False
additive,10.0,33,8.29431155580096e-05,8.29431155580096e-05,2.0590808391571045,4.696576118469238,0.7977203726768494,0.5650343894958496,106.9144515991211,81.93861389160156,0.6702127456665039,0.2080521434545517,0.02182338759303093,0.6016284227371216,0.0,2.285489797592163,2.23386549949646,1.7804534435272217,2862.75390625,0.5191361308097839,False,False,False,False,False
additive,10.0,34,6.395176751539111e-05,6.395176751539111e-05,2.040003538131714,4.687174320220947,0.7971670031547546,0.5650144219398499,106.86646270751953,81.90287017822266,0.6695680022239685,0.20803789794445038,0.021966420114040375,0.6016039252281189,0.0,2.269155502319336,2.2348623275756836,1.5532586574554443,3281.488037109375,0.5205448269844055,False,False,False,False,False
additive,10.0,35,4.7679630370112136e-05,4.7679630370112136e-05,2.025672435760498,4.680361747741699,0.7968423962593079,0.5649888515472412,106.83180236816406,81.87955474853516,0.6702127456665039,0.20802272856235504,0.021710602566599846,0.6015744805335999,0.0,2.279876708984375,2.2350902557373047,1.7444517612457275,2921.834716796875,0.5216027498245239,True,False,False,False,False
additive,10.0,36,3.422702502575703e-05,3.422702502575703e-05,2.0151917934417725,4.675360202789307,0.7965999245643616,0.5649738907814026,106.80609130859375,81.86309814453125,0.6702127456665039,0.2080129235982895,0.023059319704771042,0.6015568971633911,0.0,2.289776086807251,2.240290403366089,1.9441337585449219,2621.733154296875,0.5223740339279175,False,False,False,False,False
additive,10.0,37,2.367689012316987e-05,2.367689012316987e-05,2.0078330039978027,4.671840667724609,0.7964374423027039,0.564964771270752,106.78870391845703,81.85246276855469,0.6702127456665039,0.20800651609897614,0.02282865159213543,0.6015459895133972,0.0,2.273585796356201,2.2385878562927246,1.6882156133651733,3019.1640625,0.522914469242096,False,False,False,False,False
additive,10.0,38,1.609427090443205e-05,1.609427090443205e-05,2.0028188228607178,4.669367790222168,0.7963052988052368,0.5649566650390625,106.7760238647461,81.84312438964844,0.6702127456665039,0.208001509308815,0.022375838831067085,0.6015366315841675,0.0,2.2564027309417725,2.2367451190948486,1.764195442199707,2889.1357421875,0.5232833027839661,False,False,False,False,False
additive,10.0,39,1.1525919944688212e-05,1.1525919944688212e-05,1.999373435974121,4.667683124542236,0.796219527721405,0.5649523735046387,106.76802825927734,81.83699035644531,0.6698904037475586,0.20799866318702698,0.022220654413104057,0.6015315055847168,0.0,2.257462739944458,2.236377239227295,1.7282077074050903,2949.29833984375,0.5235360860824585,False,False,False,False,False
additive,10.0,40,9.999999747378752e-06,9.999999747378752e-06,1.996730089187622,4.66641902923584,0.7961511611938477,0.5649466514587402,106.76168060302734,81.83228302001953,0.6698904037475586,0.20799529552459717,0.022578278556466103,0.6015249490737915,0.0,2.2620010375976562,2.235731840133667,1.6736578941345215,3045.42529296875,0.5237292647361755,True,True,True,True,True
full-match,10.0,1,0.0009984740754589438,0.0009984740754589438,6.175865650177002,6.790994644165039,0.9963451623916626,0.6296852827072144,123.73393249511719,92.7953872680664,0.6189554929733276,0.23917080461978912,0.08381067961454391,0.6713531613349915,0.0,6.477024078369141,4.616218090057373,3.0272982120513916,1683.6795654296875,0.031789422035217285,True,False,False,False,False
full-match,10.0,2,0.0009939057053998113,0.0009939057053998113,5.181473731994629,5.809065341949463,0.9587141871452332,0.6006442904472351,119.12239837646484,91.02442169189453,0.6998710632324219,0.2239168882369995,0.14457397162914276,0.6402557492256165,0.0,3.3418617248535156,2.951420545578003,3.1226370334625244,1632.2742919921875,0.05469052866101265,False,False,False,False,False
full-match,10.0,3,0.0009863231098279357,0.0009863231098279357,4.477406024932861,5.124944686889648,0.8623024821281433,0.5601235032081604,110.61927795410156,85.00996398925781,0.7217923998832703,0.2037193775177002,0.11565915495157242,0.5967719554901123,0.0,2.695280075073242,2.601987361907959,3.2736318111419678,1556.986328125,0.07504045218229294,False,False,False,False,False
full-match,10.0,4,0.0009757729712873697,0.0009757729712873697,3.8698925971984863,4.638663291931152,0.8283186554908752,0.5220440030097961,105.87850189208984,83.28388977050781,0.7243713736534119,0.1868065595626831,0.05091323330998421,0.5558093786239624,0.0,3.064809560775757,2.763730049133301,2.898972272872925,1758.209228515625,0.09598878771066666,False,False,False,False,False
full-match,10.0,5,0.0009623203659430146,0.0009623203659430146,3.3199665546417236,4.175694465637207,0.7412715554237366,0.5034964084625244,102.96173858642578,77.3017349243164,0.7295293211936951,0.17950402200222015,0.020251674577593803,0.535865306854248,0.0,3.671527862548828,3.040290355682373,3.2106430530548096,1587.532470703125,0.1173071339726448,True,False,False,False,False
full-match,10.0,6,0.0009460482397116721,0.0009460482397116721,2.830573558807373,3.9316329956054688,0.7734469175338745,0.49659064412117004,98.87056732177734,79.72750091552734,0.73758864402771,0.1768198311328888,0.01803325116634369,0.5283095240592957,0.0,4.722091197967529,3.3099496364593506,3.1132867336273193,1637.176513671875,0.1374015063047409,True,False,False,True,True
full-match,10.0,7,0.000927056884393096,0.000927056884393096,2.4408156871795654,3.6810128688812256,0.7465384602546692,0.4992518424987793,97.89666748046875,78.0068588256836,0.7404900193214417,0.17732298374176025,0.03595718741416931,0.5309633612632751,0.0,6.436271667480469,3.9619414806365967,3.4541618824005127,1475.6112060546875,0.1542486697435379,False,False,False,False,False
full-match,10.0,8,0.0009054634138010442,0.0009054634138010442,2.129145622253418,3.4724936485290527,0.7101410627365112,0.5119044184684753,97.98318481445312,75.78005981445312,0.7362991571426392,0.18031683564186096,0.056330785155296326,0.5442419052124023,0.0,4.660006999969482,3.5547430515289307,3.0827596187591553,1653.3887939453125,0.16815587878227234,False,False,False,False,False
full-match,10.0,9,0.0008814009488560259,0.0008814009488560259,1.8826453685760498,3.318204402923584,0.6965165734291077,0.5261587500572205,97.82414245605469,74.73213195800781,0.7362991571426392,0.18356096744537354,0.07406894862651825,0.5592617988586426,0.0,4.532815456390381,3.2339346408843994,2.9933319091796875,1702.7847900390625,0.17988155782222748,True,False,True,False,False
full-match,10.0,10,0.0008550178608857095,0.0008550178608857095,1.6705743074417114,3.2551324367523193,0.7172166109085083,0.5478110313415527,98.06007385253906,75.9941177368164,0.7388781309127808,0.1878141611814499,0.09311752021312714,0.5821444392204285,0.0,7.684919357299805,4.245911121368408,2.955662488937378,1724.486572265625,0.1900484263896942,True,False,False,False,False
full-match,10.0,11,0.0008264767820946872,0.0008264767820946872,1.4858319759368896,3.146723508834839,0.7027937173843384,0.5649285912513733,97.97212219238281,75.0365982055664,0.7337201833724976,0.1913258582353592,0.10333414375782013,0.6003209948539734,0.0,6.649529933929443,3.882948875427246,3.0504283905029297,1670.912841796875,0.19886283576488495,False,False,False,False,False
full-match,10.0,12,0.0007959536742419004,0.0007959536742419004,1.3205318450927734,3.0578060150146484,0.6921857595443726,0.5856241583824158,98.2961654663086,74.97032165527344,0.7304964661598206,0.1953410655260086,0.11759624630212784,0.6223325133323669,0.0,6.291537284851074,4.026478290557861,3.2049710750579834,1590.3419189453125,0.2067260891199112,False,False,False,False,False
full-match,10.0,13,0.0007636367809027433,0.0007636367809027433,1.1779011487960815,3.0691468715667725,0.7354201078414917,0.5974854230880737,97.88568115234375,77.69591522216797,0.7301740646362305,0.19700852036476135,0.12194395810365677,0.6349002718925476,0.0,5.218271255493164,3.73833966255188,3.026144027709961,1684.3216552734375,0.21355511248111725,False,False,False,False,False
full-match,10.0,14,0.0007297252886928618,0.0007297252886928618,1.028874158859253,2.907649040222168,0.6791819334030151,0.6166598796844482,98.00199127197266,73.90806579589844,0.7259832620620728,0.19944608211517334,0.1355724185705185,0.6553152799606323,0.0,5.589265823364258,3.6349987983703613,3.041020154953003,1676.082275390625,0.2197258621454239,True,False,False,False,False
full-match,10.0,15,0.000694428279530257,0.000694428279530257,0.8911350965499878,2.936382293701172,0.707438051700592,0.6434376239776611,98.29568481445312,75.8648910522461,0.7275950908660889,0.20252583920955658,0.1452631801366806,0.6837108731269836,0.0,5.659665584564209,3.788853645324707,2.925880193710327,1742.0399169921875,0.2252843677997589,True,False,False,False,False
full-match,10.0,16,0.0006579633918590844,0.0006579633918590844,0.7659915089607239,2.864102602005005,0.6996800899505615,0.6499725580215454,97.96268463134766,75.1383056640625,0.7282398343086243,0.2025122493505478,0.14702238142490387,0.6906946301460266,0.0,4.8918046951293945,3.5812087059020996,2.985790967941284,1707.0853271484375,0.23029057681560516,False,False,False,False,False
full-match,10.0,17,0.0006205554818734527,0.0006205554818734527,0.6496835350990295,2.8168985843658447,0.682488739490509,0.6797261238098145,98.71256256103516,73.86094665527344,0.7292069792747498,0.2064405381679535,0.15467561781406403,0.722305178642273,0.0,5.139709949493408,3.5443546772003174,3.0372278690338135,1678.175048828125,0.2349269837141037,False,False,False,False,False
full-match,10.0,18,0.0005824350519105792,0.0005824350519105792,0.5368553996086121,2.8455677032470703,0.7180233001708984,0.6872678399085999,98.29487609863281,76.01750183105469,0.7295293211936951,0.2067045420408249,0.15789499878883362,0.7302824854850769,0.0,4.643364906311035,3.8012502193450928,3.145285129547119,1620.5208740234375,0.23906391859054565,False,False,False,False,False
full-match,10.0,19,0.0005438372609205544,0.0005438372609205544,0.42829060554504395,2.782489776611328,0.6897266507148743,0.7102659940719604,98.9884262084961,74.45233154296875,0.7301740646362305,0.2093445211648941,0.16126078367233276,0.7548944354057312,0.0,5.863630294799805,4.208526134490967,2.9916470050811768,1703.7437744140625,0.24284003674983978,False,False,False,False,False
full-match,10.0,20,0.0005050000036135316,0.0005050000036135316,0.33740144968032837,2.7171318531036377,0.6781640648841858,0.7125863432884216,98.20325469970703,73.64055633544922,0.731141209602356,0.20877069234848022,0.16171540319919586,0.7572609186172485,0.0,6.1005024909973145,4.0625715255737305,2.9653942584991455,1718.8270263671875,0.24612067639827728,True,True,False,False,False
full-match,10.0,21,0.0004661627463065088,0.0004661627463065088,0.24358302354812622,2.7442169189453125,0.6971579790115356,0.7295159101486206,98.3864974975586,74.84467315673828,0.727917492389679,0.2111053168773651,0.16757960617542267,0.7752869725227356,0.0,5.398477077484131,3.954514980316162,2.8841238021850586,1767.26123046875,0.2490360289812088,False,False,False,False,False
full-match,10.0,22,0.0004275649262126535,0.0004275649262126535,0.16154932975769043,2.7545039653778076,0.7049251794815063,0.7455251216888428,98.795166015625,75.54251098632812,0.7269503474235535,0.21357716619968414,0.17041048407554626,0.7923640012741089,0.0,5.669272422790527,3.7507479190826416,3.3533108234405518,1519.9903564453125,0.25162678956985474,False,False,False,False,False
full-match,10.0,23,0.00038944455445744097,0.00038944455445744097,0.09527011960744858,2.7214322090148926,0.6989916563034058,0.7504016757011414,98.79692077636719,74.54598236083984,0.7263056039810181,0.21398182213306427,0.1716391146183014,0.7975842952728271,0.0,5.80631160736084,3.787653923034668,3.1077046394348145,1640.1173095703125,0.2539489269256592,False,False,False,False,False
full-match,10.0,24,0.00035203658626414835,0.00035203658626414835,0.022229226306080818,2.805506944656372,0.724809467792511,0.7830795645713806,99.2513656616211,76.80054473876953,0.7288845777511597,0.21666590869426727,0.17638161778450012,0.8322945237159729,0.0,5.266851902008057,3.7243101596832275,3.0412323474884033,1675.96533203125,0.255952924489975,False,False,False,False,False
full-match,10.0,25,0.00031557169859297574,0.00031557169859297574,-0.03543788567185402,2.7405221462249756,0.7027736902236938,0.7869241237640381,99.06700134277344,75.35366821289062,0.7263056039810181,0.21744775772094727,0.17929258942604065,0.836422860622406,0.0,4.9180908203125,3.7496731281280518,2.9104115962982178,1751.298583984375,0.25767457485198975,True,False,False,False,False
full-match,10.0,26,0.0002802746894303709,0.0002802746894303709,-0.08655621856451035,2.7463572025299072,0.7019739151000977,0.8020377159118652,99.45819854736328,74.94102478027344,0.7272727489471436,0.21778343617916107,0.1818651407957077,0.8524786233901978,0.0,7.0913310050964355,4.033294677734375,3.079524517059326,1655.125732421875,0.25919875502586365,False,False,False,False,False
full-match,10.0,27,0.0002463631972204894,0.0002463631972204894,-0.1325560063123703,2.7564210891723633,0.708029568195343,0.8104681372642517,99.36241912841797,75.6043930053711,0.727917492389679,0.21909649670124054,0.18185529112815857,0.861483097076416,0.0,5.9111504554748535,3.9951956272125244,2.88232684135437,1768.3629150390625,0.2604901194572449,False,False,False,False,False
full-match,10.0,28,0.00021404630388133228,0.00021404630388133228,-0.17088532447814941,2.752145528793335,0.7126412391662598,0.811493992805481,99.21822357177734,75.92689514160156,0.7263056039810181,0.21918129920959473,0.18335594236850739,0.8625701069831848,0.0,5.163579940795898,3.6920197010040283,2.9904820919036865,1704.4073486328125,0.2615460157394409,False,False,False,False,False
full-match,10.0,29,0.00018352321058046073,0.00018352321058046073,-0.2041117548942566,2.7651827335357666,0.7170373797416687,0.8207360506057739,99.34446716308594,76.05464935302734,0.7266280055046082,0.2198716402053833,0.18450893461704254,0.8723454475402832,0.0,4.593285083770752,3.6913323402404785,3.0627975463867188,1664.1649169921875,0.2624611556529999,False,False,False,False,False
full-match,10.0,30,0.00015498214634135365,0.00015498214634135365,-0.23249757289886475,2.7726991176605225,0.7183886170387268,0.8299722075462341,99.33077239990234,76.20156860351562,0.7269503474235535,0.22095954418182373,0.1856023669242859,0.8821404576301575,0.0,4.833446979522705,3.5226728916168213,3.3490211963653564,1521.937255859375,0.26322394609451294,True,False,False,False,False
full-match,10.0,31,0.00012859904381912202,0.00012859904381912202,-0.25620919466018677,2.790884256362915,0.7200038433074951,0.8427261114120483,99.62901306152344,76.35635375976562,0.7275950908660889,0.22235119342803955,0.1868802309036255,0.8957581520080566,0.0,6.551315784454346,3.7582943439483643,3.3241398334503174,1533.3289794921875,0.26387298107147217,False,False,False,False,False
full-match,10.0,32,0.00010453658615006134,0.00010453658615006134,-0.27515777945518494,2.7579028606414795,0.7072754502296448,0.8437954783439636,99.61375427246094,75.46554565429688,0.727917492389679,0.22186531126499176,0.18693991005420685,0.8968623280525208,0.0,4.64180850982666,3.59871244430542,3.0776305198669434,1656.1441650390625,0.264386385679245,False,False,False,False,False
full-match,10.0,33,8.29431155580096e-05,8.29431155580096e-05,-0.28937914967536926,2.7485592365264893,0.7030388712882996,0.846693754196167,99.72293090820312,75.15431213378906,0.7269503474235535,0.2220565676689148,0.1883392632007599,0.8999388813972473,0.0,4.6745991706848145,3.5389318466186523,3.0833170413970947,1653.08984375,0.2647818922996521,False,False,False,False,False
full-match,10.0,34,6.395176751539111e-05,6.395176751539111e-05,-0.30292269587516785,2.7633302211761475,0.7162982821464539,0.8416364192962646,99.40242767333984,75.95691680908203,0.7282398343086243,0.22168509662151337,0.18631663918495178,0.8945619463920593,0.0,4.1529059410095215,3.4961130619049072,3.078585386276245,1655.6304931640625,0.26507821679115295,False,False,False,False,False
full-match,10.0,35,4.7679630370112136e-05,4.7679630370112136e-05,-0.3114451467990875,2.749864339828491,0.708561360836029,0.8444245457649231,99.60138702392578,75.52379608154297,0.7272727489471436,0.22197358310222626,0.18756046891212463,0.8975233435630798,0.0,4.514657497406006,3.5075387954711914,3.08260178565979,1653.473388671875,0.26531022787094116,True,False,False,False,False
full-match,10.0,36,3.422702502575703e-05,3.422702502575703e-05,-0.3189191222190857,2.7693119049072266,0.7190576195716858,0.8448542356491089,99.49974822998047,76.18054962158203,0.7269503474235535,0.22198395431041718,0.18791505694389343,0.8979811668395996,0.0,5.073134899139404,3.5891079902648926,3.18376088142395,1600.936767578125,0.2654723823070526,False,False,False,False,False
full-match,10.0,37,2.367689012316987e-05,2.367689012316987e-05,-0.3236975073814392,2.7645599842071533,0.7147588133811951,0.8480351567268372,99.66088104248047,75.91877746582031,0.7272727489471436,0.22217054665088654,0.1880194991827011,0.9013635516166687,0.0,4.993780136108398,3.639793634414673,3.054603099822998,1668.6292724609375,0.2655883729457855,False,False,False,False,False
full-match,10.0,38,1.609427090443205e-05,1.609427090443205e-05,-0.32717907428741455,2.7716925144195557,0.7183966636657715,0.848912239074707,99.64127349853516,76.12602996826172,0.7269503474235535,0.22213751077651978,0.1885330080986023,0.9022921323776245,0.0,4.712766647338867,3.631849765777588,3.1838219165802,1600.9061279296875,0.2656676173210144,False,False,False,False,False
full-match,10.0,39,1.1525919944688212e-05,1.1525919944688212e-05,-0.3293357789516449,2.7689645290374756,0.7175744771957397,0.8486332297325134,99.62361907958984,76.06826782226562,0.7272727489471436,0.22219718992710114,0.18808495998382568,0.9019982218742371,0.0,4.4019951820373535,3.4147961139678955,3.0101137161254883,1693.29150390625,0.2657187581062317,False,False,False,False,False
full-match,10.0,40,9.999999747378752e-06,9.999999747378752e-06,-0.3310023844242096,2.765866756439209,0.7157658338546753,0.8492427468299866,99.64523315429688,75.95972442626953,0.7269503474235535,0.22228413820266724,0.18846528232097626,0.9026497602462769,0.0,4.103592395782471,3.4666268825531006,3.0045268535614014,1696.440185546875,0.2657594084739685,True,False,False,False,False
teammate-set,10.0,1,0.0009984740754589438,0.0009984740754589438,6.230353832244873,6.8666486740112305,0.9053434729576111,0.6260660886764526,118.36469268798828,87.68663787841797,0.6192778944969177,0.23730050027370453,0.08012969046831131,0.6675243973731995,0.0,5.870759010314941,4.7145915031433105,2.753398895263672,1851.1666259765625,0.03151952102780342,True,False,False,False,False
teammate-set,10.0,2,0.0009939057053998113,0.0009939057053998113,5.246414661407471,5.915350437164307,0.8427304625511169,0.6052683591842651,113.59590911865234,84.65650939941406,0.6963249444961548,0.22634826600551605,0.14958985149860382,0.64523845911026,0.0,3.4299211502075195,3.0281474590301514,2.832288980484009,1799.6044921875,0.0546308271586895,False,False,False,False,False
teammate-set,10.0,3,0.0009863231098279357,0.0009863231098279357,4.5100321769714355,5.23572301864624,0.7867582440376282,0.5835629105567932,108.85237884521484,81.07451629638672,0.7147002220153809,0.21517343819141388,0.1467546969652176,0.6219543218612671,0.0,2.863936424255371,2.6695644855499268,2.530189037322998,2014.4739990234375,0.07604663819074631,False,False,False,False,False
teammate-set,10.0,4,0.0009757729712873697,0.0009757729712873697,3.8656153678894043,4.726614475250244,0.7685384154319763,0.5530163645744324,103.21456909179688,79.69295501708984,0.7263056039810181,0.20020893216133118,0.12425093352794647,0.5891525149345398,0.0,3.0183234214782715,2.741335868835449,2.456305742263794,2075.0673828125,0.09767919778823853,False,False,False,False,False
teammate-set,10.0,5,0.0009623203659430146,0.0009623203659430146,3.297545909881592,4.257843494415283,0.7218104600906372,0.5254344940185547,100.56143951416016,76.37744903564453,0.7298517227172852,0.1877436339855194,0.09151467680931091,0.5595601201057434,0.0,3.186628580093384,2.8473732471466064,2.414220094680786,2111.24072265625,0.11832486838102341,True,False,False,False,False
teammate-set,10.0,6,0.0009460482397116721,0.0009460482397116721,2.85379695892334,3.927365779876709,0.7072861194610596,0.5083268284797668,99.13191986083984,75.84527587890625,0.7404900193214417,0.1809050589799881,0.0722433552145958,0.5411298871040344,0.0,4.162051200866699,3.24908185005188,2.836674451828003,1796.822265625,0.13606004416942596,True,False,False,False,False
teammate-set,10.0,7,0.000927056884393096,0.000927056884393096,2.514897108078003,3.6593410968780518,0.6916124820709229,0.4986666142940521,98.70556640625,74.85430145263672,0.7417795062065125,0.17743028700351715,0.04901710897684097,0.5306634306907654,0.0,4.111566066741943,3.0853676795959473,2.6154208183288574,1948.825927734375,0.15053901076316833,False,False,False,False,False
teammate-set,10.0,8,0.0009054634138010442,0.0009054634138010442,2.2452001571655273,3.5106120109558105,0.7095285654067993,0.4941926896572113,98.27857971191406,76.29949188232422,0.7427465915679932,0.17599549889564514,0.03393518179655075,0.5257484316825867,0.0,4.583865642547607,3.2128846645355225,2.626804828643799,1940.380126953125,0.16240648925304413,False,False,False,False,False
teammate-set,10.0,9,0.0008814009488560259,0.0008814009488560259,2.016822338104248,3.328014612197876,0.6898888349533081,0.4930630028247833,98.12569427490234,74.77058410644531,0.7382333874702454,0.17555812001228333,0.022679828107357025,0.5244508385658264,0.0,3.823155641555786,3.1137914657592773,2.5650506019592285,1987.0953369140625,0.1726226657629013,True,False,False,True,True
teammate-set,10.0,10,0.0008550178608857095,0.0008550178608857095,1.8199689388275146,3.1907858848571777,0.6838012337684631,0.4949847161769867,98.03214263916016,74.17063903808594,0.7404900193214417,0.17604877054691315,0.02484978921711445,0.5264217257499695,0.0,6.359116554260254,4.119477272033691,2.5059709548950195,2033.9422607421875,0.1817721128463745,True,False,False,False,False
teammate-set,10.0,11,0.0008264767820946872,0.0008264767820946872,1.6377955675125122,3.101392984390259,0.6907904744148254,0.5005760192871094,98.10376739501953,75.12752532958984,0.7353320717811584,0.17769092321395874,0.0333513468503952,0.5323395133018494,0.0,6.144106388092041,3.5672268867492676,2.4482603073120117,2081.886474609375,0.18999651074409485,False,False,False,False,False
teammate-set,10.0,12,0.0007959536742419004,0.0007959536742419004,1.476173996925354,2.972437858581543,0.6717170476913452,0.5043864250183105,98.06021881103516,73.94561004638672,0.7350096702575684,0.1784854531288147,0.045983877032995224,0.5363966822624207,0.0,6.205160617828369,3.8605406284332275,2.510335683822632,2030.40576171875,0.1975005567073822,False,False,False,False,False
teammate-set,10.0,13,0.0007636367809027433,0.0007636367809027433,1.3320415019989014,3.0186448097229004,0.7358040809631348,0.5148356556892395,98.02275085449219,78.16771697998047,0.734364926815033,0.18069641292095184,0.053408678621053696,0.5474252104759216,0.0,5.7093377113342285,3.526951789855957,2.4630215167999268,2069.409423828125,0.20424839854240417,False,False,False,False,False
teammate-set,10.0,14,0.0007297252886928618,0.0007297252886928618,1.175095796585083,2.8357067108154297,0.6736753582954407,0.5219478011131287,97.93616485595703,73.93304443359375,0.7382333874702454,0.18181392550468445,0.06913158297538757,0.5550389289855957,0.0,5.492666244506836,3.5524704456329346,2.9016242027282715,1756.6024169921875,0.21027608215808868,True,False,False,False,False
teammate-set,10.0,15,0.000694428279530257,0.000694428279530257,1.0437241792678833,2.7681891918182373,0.6688756346702576,0.5267677307128906,97.68601989746094,73.52201843261719,0.7356544137001038,0.1823458969593048,0.07249683886766434,0.560145378112793,0.0,6.153249740600586,4.106110095977783,2.5258052349090576,2017.9703369140625,0.21580582857131958,True,False,False,False,False
teammate-set,10.0,16,0.0006579633918590844,0.0006579633918590844,0.9189011454582214,2.775376081466675,0.7056640386581421,0.5368723273277283,97.72140502929688,75.76914978027344,0.7366215586662292,0.18412475287914276,0.08269837498664856,0.5708891153335571,0.0,4.843142032623291,3.320585250854492,2.4462974071502686,2083.556884765625,0.2208651453256607,False,False,False,False,False
teammate-set,10.0,17,0.0006205554818734527,0.0006205554818734527,0.8058544993400574,2.6550469398498535,0.6675017476081848,0.5445170402526855,97.6318588256836,73.31317901611328,0.7353320717811584,0.1852419227361679,0.08890771865844727,0.5789984464645386,0.0,5.097387790679932,3.39158034324646,3.2191171646118164,1583.3533935546875,0.2255905270576477,False,False,False,False,False
teammate-set,10.0,18,0.0005824350519105792,0.0005824350519105792,0.7017409205436707,2.6924374103546143,0.7082095146179199,0.5548064708709717,97.61480712890625,75.59458923339844,0.7353320717811584,0.18657594919204712,0.09441014379262924,0.5899168848991394,0.0,4.814600467681885,3.71364426612854,2.581731081008911,1974.2568359375,0.22979578375816345,False,False,False,False,False
teammate-set,10.0,19,0.0005438372609205544,0.0005438372609205544,0.6044487953186035,2.568999767303467,0.6630478501319885,0.5632757544517517,97.77497863769531,72.9964599609375,0.7356544137001038,0.18844987452030182,0.1014438271522522,0.5990039706230164,0.0,5.07177209854126,3.950002431869507,2.477431297302246,2057.373046875,0.23353339731693268,False,True,False,False,False
teammate-set,10.0,20,0.0005050000036135316,0.0005050000036135316,0.5123178958892822,2.5435032844543457,0.6632155776023865,0.570938229560852,97.44485473632812,73.28240966796875,0.7353320717811584,0.18871916830539703,0.10545572638511658,0.607140839099884,0.0,5.525708198547363,4.004136562347412,2.621173620223999,1944.5487060546875,0.23686790466308594,True,False,True,False,False
teammate-set,10.0,21,0.0004661627463065088,0.0004661627463065088,0.4303986430168152,2.5872323513031006,0.6978952884674072,0.5835450887680054,97.73368072509766,75.30908966064453,0.7372663021087646,0.19053444266319275,0.10964304953813553,0.62053382396698,0.0,6.110462665557861,3.8720524311065674,2.4257495403289795,2101.206298828125,0.23985187709331512,False,False,False,False,False
teammate-set,10.0,22,0.0004275649262126535,0.0004275649262126535,0.35431596636772156,2.5786020755767822,0.7002467513084412,0.5964933037757874,97.90328979492188,75.76619720458984,0.7379110455513,0.19229450821876526,0.11249294877052307,0.6343168616294861,0.0,5.687742233276367,3.8972768783569336,2.460021734237671,2071.932861328125,0.24237552285194397,False,False,False,False,False
teammate-set,10.0,23,0.00038944455445744097,0.00038944455445744097,0.2870735824108124,2.5284297466278076,0.6888768672943115,0.5997645258903503,97.77831268310547,74.68839263916016,0.7379110455513,0.19276928901672363,0.11523915827274323,0.6377851963043213,0.0,4.9515533447265625,3.737975597381592,2.5202736854553223,2022.3994140625,0.24468912184238434,False,False,False,False,False
teammate-set,10.0,24,0.00035203658626414835,0.00035203658626414835,0.2253948301076889,2.5364797115325928,0.6996451020240784,0.6126857399940491,97.81211853027344,75.43702697753906,0.7388781309127808,0.19373849034309387,0.11886557936668396,0.651512622833252,0.0,5.608382701873779,3.793417453765869,2.8434159755706787,1792.5621337890625,0.24671027064323425,False,False,False,False,False
teammate-set,10.0,25,0.00031557169859297574,0.00031557169859297574,0.17075733840465546,2.483414649963379,0.6852694153785706,0.6153738498687744,97.82814025878906,74.6080322265625,0.7372663021087646,0.19497285783290863,0.12063461542129517,0.6543718576431274,0.0,5.608354568481445,4.002657890319824,2.5242996215820312,2019.1739501953125,0.24845965206623077,True,False,False,False,False
teammate-set,10.0,26,0.0002802746894303709,0.0002802746894303709,0.12799037992954254,2.4347786903381348,0.6662835478782654,0.6218484044075012,97.87688446044922,73.00436401367188,0.7388781309127808,0.1954391896724701,0.12383271008729935,0.6612111926078796,0.0,6.730458736419678,4.078949928283691,2.5055551528930664,2034.27978515625,0.2499944120645523,False,False,False,False,False
teammate-set,10.0,27,0.0002463631972204894,0.0002463631972204894,0.07945650070905685,2.4846277236938477,0.6931455135345459,0.6303187012672424,97.78604125976562,75.06596374511719,0.7388781309127808,0.19602470099925995,0.12532125413417816,0.670224666595459,0.0,7.412001609802246,4.180030345916748,2.3889856338500977,2133.54150390625,0.25128284096717834,False,False,False,False,False
teammate-set,10.0,28,0.00021404630388133228,0.00021404630388133228,0.0429067499935627,2.446427583694458,0.683295488357544,0.6325079798698425,97.7931900024414,74.32354736328125,0.7388781309127808,0.19661124050617218,0.12564651668071747,0.6725318431854248,0.0,5.83955192565918,3.799384117126465,3.038618326187134,1677.4071044921875,0.25235503911972046,False,False,False,False,False
teammate-set,10.0,29,0.00018352321058046073,0.00018352321058046073,0.010777401737868786,2.4705562591552734,0.6950598955154419,0.6385192275047302,97.7885513305664,75.12358093261719,0.7398452758789062,0.19692076742649078,0.12806269526481628,0.6789001226425171,0.0,5.327798366546631,3.6346020698547363,2.581470489501953,1974.4560546875,0.2532985806465149,False,False,False,False,False
teammate-set,10.0,30,0.00015498214634135365,0.00015498214634135365,-0.01627187803387642,2.469139814376831,0.6972754001617432,0.6437439322471619,97.89517974853516,75.45842742919922,0.7404900193214417,0.1976528763771057,0.12909331917762756,0.6844838261604309,0.0,4.860844612121582,3.7312982082366943,2.7076714038848877,1882.4293212890625,0.2540659010410309,True,False,False,False,False
teammate-set,10.0,31,0.00012859904381912202,0.00012859904381912202,-0.03963025286793709,2.469698429107666,0.6969870328903198,0.6506592035293579,98.02058410644531,75.40008544921875,0.7401676177978516,0.19852404296398163,0.130646213889122,0.69184410572052,0.0,6.4062395095825195,3.75162935256958,2.4684572219848633,2064.8525390625,0.2547057271003723,False,False,False,False,False
teammate-set,10.0,32,0.00010453658615006134,0.00010453658615006134,-0.058027710765600204,2.4385199546813965,0.686053991317749,0.6508238911628723,97.88995361328125,74.58384704589844,0.7392005324363708,0.19837474822998047,0.131177619099617,0.692002534866333,0.0,3.863304853439331,3.3488881587982178,2.571887731552124,1981.812744140625,0.255222886800766,False,False,False,False,False
teammate-set,10.0,33,8.29431155580096e-05,8.29431155580096e-05,-0.07202643901109695,2.4205756187438965,0.6819524168968201,0.6506054997444153,97.86857604980469,74.38284301757812,0.7398452758789062,0.19828811287879944,0.13090912997722626,0.6917699575424194,0.0,4.810788631439209,3.543267250061035,2.2558164596557617,2259.4921875,0.2556178569793701,False,False,False,False,False
teammate-set,10.0,34,6.395176751539111e-05,6.395176751539111e-05,-0.0846424400806427,2.449648380279541,0.6947997808456421,0.6533775329589844,97.8763656616211,75.00090026855469,0.7401676177978516,0.19858473539352417,0.13240231573581696,0.694718599319458,0.0,4.481503009796143,3.5328502655029297,2.5753161907196045,1979.17431640625,0.2559169828891754,False,False,False,False,False
teammate-set,10.0,35,4.7679630370112136e-05,4.7679630370112136e-05,-0.09319968521595001,2.4263672828674316,0.685418963432312,0.6537851095199585,97.90016174316406,74.5707015991211,0.7395228743553162,0.19869351387023926,0.1327027678489685,0.6951386332511902,0.0,4.27031135559082,3.513054370880127,2.5517075061798096,1997.4859619140625,0.25613924860954285,True,False,False,False,False
teammate-set,10.0,36,3.422702502575703e-05,3.422702502575703e-05,-0.10004579275846481,2.4472157955169678,0.6953131556510925,0.6552255153656006,97.87202453613281,75.1413345336914,0.7404900193214417,0.19872207939624786,0.13316749036312103,0.6966714262962341,0.0,4.115194320678711,3.4122304916381836,2.631974697113037,1936.56884765625,0.25630345940589905,False,False,False,False,False
teammate-set,10.0,37,2.367689012316987e-05,2.367689012316987e-05,-0.1047794446349144,2.4393162727355957,0.6916902661323547,0.6564717292785645,97.92012786865234,74.94428253173828,0.7404900193214417,0.19891834259033203,0.1330012083053589,0.6980010867118835,0.0,5.52171516418457,3.7684972286224365,2.465646505355835,2067.206298828125,0.2564181983470917,False,False,False,False,False
teammate-set,10.0,38,1.609427090443205e-05,1.609427090443205e-05,-0.10789173096418381,2.445081949234009,0.694498598575592,0.6571959257125854,97.88726806640625,75.06769561767578,0.7398452758789062,0.19883380830287933,0.1332688182592392,0.6987663507461548,0.0,5.432302474975586,3.6344306468963623,2.475367784500122,2059.087890625,0.2564960718154907,False,False,False,False,False
teammate-set,10.0,39,1.1525919944688212e-05,1.1525919944688212e-05,-0.11001680046319962,2.434049129486084,0.6904562711715698,0.6567941904067993,97.90899658203125,74.81400299072266,0.7401676177978516,0.19892407953739166,0.13355059921741486,0.6983416676521301,0.0,4.114862442016602,3.414602518081665,2.7068421840667725,1883.005859375,0.25654736161231995,False,False,False,False,False
teammate-set,10.0,40,9.999999747378752e-06,9.999999747378752e-06,-0.11169593036174774,2.4347939491271973,0.6909653544425964,0.6569803953170776,97.9099349975586,74.8695297241211,0.7401676177978516,0.19896060228347778,0.1337069422006607,0.6985403299331665,0.0,4.650757312774658,3.5234432220458984,2.8990893363952637,1758.1383056640625,0.2565884590148926,True,False,False,False,False
